id,date,sales,forecast
FOODS_1_218_TX_2_validation,2016-03-28,4,11.065142051316203
FOODS_1_218_TX_2_validation,2016-03-29,6,12.072061709006864
FOODS_1_218_TX_2_validation,2016-03-30,15,14.252978040498878
FOODS_1_218_TX_2_validation,2016-03-31,20,12.624946962603119
FOODS_1_218_TX_2_validation,2016-04-01,31,13.836536472608628
FOODS_1_218_TX_2_validation,2016-04-02,19,14.245017967973396
FOODS_1_218_TX_2_validation,2016-04-03,16,14.054763914518027
FOODS_1_218_TX_2_validation,2016-04-04,10,11.503804416955695
FOODS_1_218_TX_2_validation,2016-04-05,4,12.792085111127559
FOODS_1_218_TX_2_validation,2016-04-06,9,14.9081838472352
FOODS_1_218_TX_2_validation,2016-04-07,8,13.294522838020058
FOODS_1_218_TX_2_validation,2016-04-08,16,13.434453064359486
FOODS_1_218_TX_2_validation,2016-04-09,22,14.851207243871567
FOODS_1_218_TX_2_validation,2016-04-10,14,13.63270363885741
FOODS_1_218_TX_2_validation,2016-04-11,11,12.17063447556287
FOODS_1_218_TX_2_validation,2016-04-12,10,12.916859709643855
FOODS_1_218_TX_2_validation,2016-04-13,8,14.977880246348779
FOODS_1_218_TX_2_validation,2016-04-14,3,12.883941256554362
FOODS_1_218_TX_2_validation,2016-04-15,18,14.047372275871975
FOODS_1_218_TX_2_validation,2016-04-16,19,14.400241047519481
FOODS_1_218_TX_2_validation,2016-04-17,17,13.719651079238801
FOODS_1_218_TX_2_validation,2016-04-18,13,11.787384802760382
FOODS_1_218_TX_2_validation,2016-04-19,13,12.514583150568503
FOODS_1_218_TX_2_validation,2016-04-20,11,14.52322702097119
FOODS_1_218_TX_2_validation,2016-04-21,16,12.989603508729354
FOODS_1_218_TX_2_validation,2016-04-22,9,13.616290969860032
FOODS_1_218_TX_2_validation,2016-04-23,17,14.467374627349411
FOODS_1_218_TX_2_validation,2016-04-24,14,13.804055761765646
FOODS_2_197_CA_1_validation,2016-03-28,26,11.695306366720727
FOODS_2_197_CA_1_validation,2016-03-29,12,10.047462506780601
FOODS_2_197_CA_1_validation,2016-03-30,12,9.706749392705408
FOODS_2_197_CA_1_validation,2016-03-31,9,8.090464004073274
FOODS_2_197_CA_1_validation,2016-04-01,9,16.233930252222116
FOODS_2_197_CA_1_validation,2016-04-02,23,21.092787479648287
FOODS_2_197_CA_1_validation,2016-04-03,25,23.67757626457608
FOODS_2_197_CA_1_validation,2016-04-04,28,19.54504447463893
FOODS_2_197_CA_1_validation,2016-04-05,12,16.986991267439755
FOODS_2_197_CA_1_validation,2016-04-06,23,15.783211060265149
FOODS_2_197_CA_1_validation,2016-04-07,12,13.780807378906232
FOODS_2_197_CA_1_validation,2016-04-08,35,16.50318182783907
FOODS_2_197_CA_1_validation,2016-04-09,37,21.157121678214374
FOODS_2_197_CA_1_validation,2016-04-10,23,23.6255745690087
FOODS_2_197_CA_1_validation,2016-04-11,20,14.376726349981734
FOODS_2_197_CA_1_validation,2016-04-12,40,11.825735691623242
FOODS_2_197_CA_1_validation,2016-04-13,7,10.622555820003292
FOODS_2_197_CA_1_validation,2016-04-14,9,8.637838855375431
FOODS_2_197_CA_1_validation,2016-04-15,9,11.319105672697338
FOODS_2_197_CA_1_validation,2016-04-16,22,15.908508992166691
FOODS_2_197_CA_1_validation,2016-04-17,24,18.3425723033653
FOODS_2_197_CA_1_validation,2016-04-18,21,14.27172783968074
FOODS_2_197_CA_1_validation,2016-04-19,22,11.753878384564018
FOODS_2_197_CA_1_validation,2016-04-20,25,10.566230154343224
FOODS_2_197_CA_1_validation,2016-04-21,11,8.607519243031222
FOODS_2_197_CA_1_validation,2016-04-22,11,11.253112808282012
FOODS_2_197_CA_1_validation,2016-04-23,19,15.78163155462025
FOODS_2_197_CA_1_validation,2016-04-24,33,18.183360614541147
FOODS_2_197_CA_3_validation,2016-03-28,9,9.953230941463342
FOODS_2_197_CA_3_validation,2016-03-29,7,9.431618106252612
FOODS_2_197_CA_3_validation,2016-03-30,7,10.87294633102821
FOODS_2_197_CA_3_validation,2016-03-31,10,9.881884146642644
FOODS_2_197_CA_3_validation,2016-04-01,14,16.225669700656283
FOODS_2_197_CA_3_validation,2016-04-02,14,17.09754772410755
FOODS_2_197_CA_3_validation,2016-04-03,18,16.16575890176673
FOODS_2_197_CA_3_validation,2016-04-04,10,16.414449876174633
FOODS_2_197_CA_3_validation,2016-04-05,13,16.362277628601724
FOODS_2_197_CA_3_validation,2016-04-06,9,16.541029562977307
FOODS_2_197_CA_3_validation,2016-04-07,13,16.42702386102333
FOODS_2_197_CA_3_validation,2016-04-08,7,16.45068305647494
FOODS_2_197_CA_3_validation,2016-04-09,14,16.556667636749214
FOODS_2_197_CA_3_validation,2016-04-10,18,16.446617888787273
FOODS_2_197_CA_3_validation,2016-04-11,12,10.307605472381743
FOODS_2_197_CA_3_validation,2016-04-12,8,10.301900407605515
FOODS_2_197_CA_3_validation,2016-04-13,11,10.323590917008511
FOODS_2_197_CA_3_validation,2016-04-14,7,10.310202120296145
FOODS_2_197_CA_3_validation,2016-04-15,6,10.31317530297092
FOODS_2_197_CA_3_validation,2016-04-16,17,10.325928702905463
FOODS_2_197_CA_3_validation,2016-04-17,14,10.312850224546239
FOODS_2_197_CA_3_validation,2016-04-18,8,10.31653407358651
FOODS_2_197_CA_3_validation,2016-04-19,3,10.315880052194231
FOODS_2_197_CA_3_validation,2016-04-20,3,10.318488169728015
FOODS_2_197_CA_3_validation,2016-04-21,8,10.31690101149263
FOODS_2_197_CA_3_validation,2016-04-22,5,10.317263739264225
FOODS_2_197_CA_3_validation,2016-04-23,19,10.318791760307597
FOODS_2_197_CA_3_validation,2016-04-24,9,10.317233244763049
FOODS_2_276_CA_3_validation,2016-03-28,8,8.60597249322579
FOODS_2_276_CA_3_validation,2016-03-29,11,8.43440364671585
FOODS_2_276_CA_3_validation,2016-03-30,9,7.892142495280672
FOODS_2_276_CA_3_validation,2016-03-31,10,6.926099791153374
FOODS_2_276_CA_3_validation,2016-04-01,7,10.303144655996386
FOODS_2_276_CA_3_validation,2016-04-02,8,11.498494308650404
FOODS_2_276_CA_3_validation,2016-04-03,14,12.601546234748549
FOODS_2_276_CA_3_validation,2016-04-04,12,11.677192543591767
FOODS_2_276_CA_3_validation,2016-04-05,16,11.453445067259047
FOODS_2_276_CA_3_validation,2016-04-06,8,11.213191404653267
FOODS_2_276_CA_3_validation,2016-04-07,5,10.423002594831344
FOODS_2_276_CA_3_validation,2016-04-08,6,9.906211147404953
FOODS_2_276_CA_3_validation,2016-04-09,15,11.150065260899414
FOODS_2_276_CA_3_validation,2016-04-10,15,12.281615709072543
FOODS_2_276_CA_3_validation,2016-04-11,10,7.39712444130782
FOODS_2_276_CA_3_validation,2016-04-12,12,7.211567932707093
FOODS_2_276_CA_3_validation,2016-04-13,4,7.001037693251864
FOODS_2_276_CA_3_validation,2016-04-14,7,6.250203500621303
FOODS_2_276_CA_3_validation,2016-04-15,8,5.759998952934092
FOODS_2_276_CA_3_validation,2016-04-16,8,6.975301089946688
FOODS_2_276_CA_3_validation,2016-04-17,6,8.079084360637927
FOODS_2_276_CA_3_validation,2016-04-18,7,7.254441894012928
FOODS_2_276_CA_3_validation,2016-04-19,9,7.076625277690468
FOODS_2_276_CA_3_validation,2016-04-20,7,6.873599282027242
FOODS_2_276_CA_3_validation,2016-04-21,9,6.145425969436687
FOODS_2_276_CA_3_validation,2016-04-22,5,5.669717642769191
FOODS_2_276_CA_3_validation,2016-04-23,7,6.849073442950223
FOODS_2_276_CA_3_validation,2016-04-24,3,7.919912303512676
FOODS_2_360_CA_3_validation,2016-03-28,18,12.657145612322426
FOODS_2_360_CA_3_validation,2016-03-29,15,12.122686906895348
FOODS_2_360_CA_3_validation,2016-03-30,11,10.406635942217234
FOODS_2_360_CA_3_validation,2016-03-31,14,9.786645158196446
FOODS_2_360_CA_3_validation,2016-04-01,14,20.073216627145804
FOODS_2_360_CA_3_validation,2016-04-02,27,19.82836020773615
FOODS_2_360_CA_3_validation,2016-04-03,7,19.92029325334895
FOODS_2_360_CA_3_validation,2016-04-04,19,19.021244576066884
FOODS_2_360_CA_3_validation,2016-04-05,14,19.383979836351813
FOODS_2_360_CA_3_validation,2016-04-06,42,18.449908758773155
FOODS_2_360_CA_3_validation,2016-04-07,17,18.346184360018523
FOODS_2_360_CA_3_validation,2016-04-08,6,19.124949903360783
FOODS_2_360_CA_3_validation,2016-04-09,25,19.15129030730517
FOODS_2_360_CA_3_validation,2016-04-10,26,19.417740936415555
FOODS_2_360_CA_3_validation,2016-04-11,32,8.93508011031714
FOODS_2_360_CA_3_validation,2016-04-12,25,9.363510344302599
FOODS_2_360_CA_3_validation,2016-04-13,31,8.58833472530173
FOODS_2_360_CA_3_validation,2016-04-14,14,8.547813360232393
FOODS_2_360_CA_3_validation,2016-04-15,16,9.29437645024252
FOODS_2_360_CA_3_validation,2016-04-16,17,9.347346831535885
FOODS_2_360_CA_3_validation,2016-04-17,22,9.610651017983653
FOODS_2_360_CA_3_validation,2016-04-18,17,9.007488658248304
FOODS_2_360_CA_3_validation,2016-04-19,11,9.408059347822777
FOODS_2_360_CA_3_validation,2016-04-20,21,8.712758692186437
FOODS_2_360_CA_3_validation,2016-04-21,15,8.682236721846122
FOODS_2_360_CA_3_validation,2016-04-22,16,9.364691778419195
FOODS_2_360_CA_3_validation,2016-04-23,4,9.416181123626046
FOODS_2_360_CA_3_validation,2016-04-24,31,9.65774625183883
FOODS_2_360_TX_3_validation,2016-03-28,12,9.067785444337842
FOODS_2_360_TX_3_validation,2016-03-29,1,7.850784804942243
FOODS_2_360_TX_3_validation,2016-03-30,19,7.481745943797889
FOODS_2_360_TX_3_validation,2016-03-31,25,8.147215626077937
FOODS_2_360_TX_3_validation,2016-04-01,0,13.95380900162579
FOODS_2_360_TX_3_validation,2016-04-02,0,6.303206213867693
FOODS_2_360_TX_3_validation,2016-04-03,26,13.76242389889175
FOODS_2_360_TX_3_validation,2016-04-04,0,8.085978331426466
FOODS_2_360_TX_3_validation,2016-04-05,0,13.700846882907962
FOODS_2_360_TX_3_validation,2016-04-06,17,13.430490425659917
FOODS_2_360_TX_3_validation,2016-04-07,19,14.123392667472626
FOODS_2_360_TX_3_validation,2016-04-08,4,6.698831900301442
FOODS_2_360_TX_3_validation,2016-04-09,16,12.506871193387576
FOODS_2_360_TX_3_validation,2016-04-10,18,6.621763756946703
FOODS_2_360_TX_3_validation,2016-04-11,48,14.272470482894606
FOODS_2_360_TX_3_validation,2016-04-12,24,13.318010269101677
FOODS_2_360_TX_3_validation,2016-04-13,23,13.098486354994238
FOODS_2_360_TX_3_validation,2016-04-14,20,7.107351658228658
FOODS_2_360_TX_3_validation,2016-04-15,27,13.100658630448137
FOODS_2_360_TX_3_validation,2016-04-16,26,5.640961243340773
FOODS_2_360_TX_3_validation,2016-04-17,9,6.401763637572049
FOODS_2_360_TX_3_validation,2016-04-18,13,7.339598501304755
FOODS_2_360_TX_3_validation,2016-04-19,20,6.460400526525218
FOODS_2_360_TX_3_validation,2016-04-20,36,6.269380377895977
FOODS_2_360_TX_3_validation,2016-04-21,9,6.92243916018707
FOODS_2_360_TX_3_validation,2016-04-22,25,6.296665470557484
FOODS_2_360_TX_3_validation,2016-04-23,18,5.567841746640763
FOODS_2_360_TX_3_validation,2016-04-24,11,6.291473295122601
FOODS_2_360_WI_2_validation,2016-03-28,32,33.55781714539275
FOODS_2_360_WI_2_validation,2016-03-29,24,30.565717141006683
FOODS_2_360_WI_2_validation,2016-03-30,28,30.30009517217742
FOODS_2_360_WI_2_validation,2016-03-31,30,28.80006076507183
FOODS_2_360_WI_2_validation,2016-04-01,54,26.296246932653908
FOODS_2_360_WI_2_validation,2016-04-02,106,39.01651768618946
FOODS_2_360_WI_2_validation,2016-04-03,70,38.85564608041662
FOODS_2_360_WI_2_validation,2016-04-04,76,27.04454131710712
FOODS_2_360_WI_2_validation,2016-04-05,101,38.34983185423926
FOODS_2_360_WI_2_validation,2016-04-06,86,38.214288484197795
FOODS_2_360_WI_2_validation,2016-04-07,70,26.63006450023592
FOODS_2_360_WI_2_validation,2016-04-08,95,38.02380208158101
FOODS_2_360_WI_2_validation,2016-04-09,169,37.957831649140054
FOODS_2_360_WI_2_validation,2016-04-10,79,26.428334125394446
FOODS_2_360_WI_2_validation,2016-04-11,122,37.86511984515506
FOODS_2_360_WI_2_validation,2016-04-12,123,37.83301131815654
FOODS_2_360_WI_2_validation,2016-04-13,40,26.330149757832267
FOODS_2_360_WI_2_validation,2016-04-14,84,37.78788747477416
FOODS_2_360_WI_2_validation,2016-04-15,73,37.77225990545457
FOODS_2_360_WI_2_validation,2016-04-16,51,26.282362358234362
FOODS_2_360_WI_2_validation,2016-04-17,35,26.27269282593675
FOODS_2_360_WI_2_validation,2016-04-18,42,26.26508671797515
FOODS_2_360_WI_2_validation,2016-04-19,43,26.259103711088894
FOODS_2_360_WI_2_validation,2016-04-20,34,26.254397444548673
FOODS_2_360_WI_2_validation,2016-04-21,68,26.250695469075687
FOODS_2_360_WI_2_validation,2016-04-22,51,26.24778347454978
FOODS_2_360_WI_2_validation,2016-04-23,46,26.245492883436796
FOODS_2_360_WI_2_validation,2016-04-24,30,26.24369109170944
FOODS_3_007_WI_2_validation,2016-03-28,0,0.0
FOODS_3_007_WI_2_validation,2016-03-29,0,0.0
FOODS_3_007_WI_2_validation,2016-03-30,0,0.0
FOODS_3_007_WI_2_validation,2016-03-31,0,0.0
FOODS_3_007_WI_2_validation,2016-04-01,0,0.0
FOODS_3_007_WI_2_validation,2016-04-02,0,12.910968478471041
FOODS_3_007_WI_2_validation,2016-04-03,0,12.910770949078369
FOODS_3_007_WI_2_validation,2016-04-04,0,0.0
FOODS_3_007_WI_2_validation,2016-04-05,4,12.819384012399288
FOODS_3_007_WI_2_validation,2016-04-06,75,12.813023625025311
FOODS_3_007_WI_2_validation,2016-04-07,128,0.0
FOODS_3_007_WI_2_validation,2016-04-08,87,12.810732862625507
FOODS_3_007_WI_2_validation,2016-04-09,85,12.810747548139226
FOODS_3_007_WI_2_validation,2016-04-10,89,0.0
FOODS_3_007_WI_2_validation,2016-04-11,12,12.805990948528514
FOODS_3_007_WI_2_validation,2016-04-12,1,12.80449510930163
FOODS_3_007_WI_2_validation,2016-04-13,3,0.0
FOODS_3_007_WI_2_validation,2016-04-14,43,12.803983132261445
FOODS_3_007_WI_2_validation,2016-04-15,121,12.804023240001092
FOODS_3_007_WI_2_validation,2016-04-16,5,0.0
FOODS_3_007_WI_2_validation,2016-04-17,0,0.0
FOODS_3_007_WI_2_validation,2016-04-18,42,0.0
FOODS_3_007_WI_2_validation,2016-04-19,39,0.0
FOODS_3_007_WI_2_validation,2016-04-20,6,0.0
FOODS_3_007_WI_2_validation,2016-04-21,16,0.0
FOODS_3_007_WI_2_validation,2016-04-22,24,0.0
FOODS_3_007_WI_2_validation,2016-04-23,58,0.0
FOODS_3_007_WI_2_validation,2016-04-24,42,0.0
FOODS_3_030_TX_2_validation,2016-03-28,22,25.52621152350664
FOODS_3_030_TX_2_validation,2016-03-29,5,22.166871399478904
FOODS_3_030_TX_2_validation,2016-03-30,12,20.42909814386297
FOODS_3_030_TX_2_validation,2016-03-31,17,22.41643050216298
FOODS_3_030_TX_2_validation,2016-04-01,19,21.856932819221637
FOODS_3_030_TX_2_validation,2016-04-02,20,21.354161249766236
FOODS_3_030_TX_2_validation,2016-04-03,29,24.065558331920855
FOODS_3_030_TX_2_validation,2016-04-04,27,21.315195031219844
FOODS_3_030_TX_2_validation,2016-04-05,20,21.723142325252994
FOODS_3_030_TX_2_validation,2016-04-06,16,21.427385657202123
FOODS_3_030_TX_2_validation,2016-04-07,14,21.751184636077202
FOODS_3_030_TX_2_validation,2016-04-08,23,20.51349929399609
FOODS_3_030_TX_2_validation,2016-04-09,20,21.572940577803006
FOODS_3_030_TX_2_validation,2016-04-10,36,20.87665854648577
FOODS_3_030_TX_2_validation,2016-04-11,18,21.56586211626065
FOODS_3_030_TX_2_validation,2016-04-12,15,21.471119452306727
FOODS_3_030_TX_2_validation,2016-04-13,14,21.422258920001
FOODS_3_030_TX_2_validation,2016-04-14,26,20.494299331598388
FOODS_3_030_TX_2_validation,2016-04-15,13,21.43336702369825
FOODS_3_030_TX_2_validation,2016-04-16,19,20.46486519249802
FOODS_3_030_TX_2_validation,2016-04-17,21,20.5119184241211
FOODS_3_030_TX_2_validation,2016-04-18,16,20.463693566059966
FOODS_3_030_TX_2_validation,2016-04-19,12,20.448055810907867
FOODS_3_030_TX_2_validation,2016-04-20,11,20.439991155736116
FOODS_3_030_TX_2_validation,2016-04-21,20,20.44880821505812
FOODS_3_030_TX_2_validation,2016-04-22,12,20.441824381694143
FOODS_3_030_TX_2_validation,2016-04-23,33,20.443950040535967
FOODS_3_030_TX_2_validation,2016-04-24,24,20.45171615312392
FOODS_3_030_TX_3_validation,2016-03-28,16,31.31757585288836
FOODS_3_030_TX_3_validation,2016-03-29,20,28.76407149836481
FOODS_3_030_TX_3_validation,2016-03-30,30,27.201801311662603
FOODS_3_030_TX_3_validation,2016-03-31,11,24.86844293624092
FOODS_3_030_TX_3_validation,2016-04-01,24,28.20206015814556
FOODS_3_030_TX_3_validation,2016-04-02,18,27.610175311211165
FOODS_3_030_TX_3_validation,2016-04-03,22,28.737933234815117
FOODS_3_030_TX_3_validation,2016-04-04,14,25.636252811807488
FOODS_3_030_TX_3_validation,2016-04-05,18,27.726239501000094
FOODS_3_030_TX_3_validation,2016-04-06,18,27.455647899642972
FOODS_3_030_TX_3_validation,2016-04-07,19,27.278725423793222
FOODS_3_030_TX_3_validation,2016-04-08,21,24.651036071389647
FOODS_3_030_TX_3_validation,2016-04-09,18,27.088398265788754
FOODS_3_030_TX_3_validation,2016-04-10,23,24.526994604139325
FOODS_3_030_TX_3_validation,2016-04-11,16,27.0075629814252
FOODS_3_030_TX_3_validation,2016-04-12,4,26.986777874857946
FOODS_3_030_TX_3_validation,2016-04-13,17,26.97323248585958
FOODS_3_030_TX_3_validation,2016-04-14,20,24.451942426390474
FOODS_3_030_TX_3_validation,2016-04-15,17,26.95865245564162
FOODS_3_030_TX_3_validation,2016-04-16,27,24.442440807930765
FOODS_3_030_TX_3_validation,2016-04-17,27,24.439997669253025
FOODS_3_030_TX_3_validation,2016-04-18,16,24.438405507155462
FOODS_3_030_TX_3_validation,2016-04-19,21,24.437367915565545
FOODS_3_030_TX_3_validation,2016-04-20,15,24.436691730452797
FOODS_3_030_TX_3_validation,2016-04-21,24,24.43625106929946
FOODS_3_030_TX_3_validation,2016-04-22,20,24.4359638960855
FOODS_3_030_TX_3_validation,2016-04-23,24,24.435776748990296
FOODS_3_030_TX_3_validation,2016-04-24,17,24.435654787631993
FOODS_3_080_CA_1_validation,2016-03-28,16,17.1837117761952
FOODS_3_080_CA_1_validation,2016-03-29,27,21.03506980002986
FOODS_3_080_CA_1_validation,2016-03-30,7,16.56879117355424
FOODS_3_080_CA_1_validation,2016-03-31,13,23.268209113267666
FOODS_3_080_CA_1_validation,2016-04-01,28,19.786604992116498
FOODS_3_080_CA_1_validation,2016-04-02,31,20.624032234580678
FOODS_3_080_CA_1_validation,2016-04-03,20,18.94917774965232
FOODS_3_080_CA_1_validation,2016-04-04,21,18.721317084213375
FOODS_3_080_CA_1_validation,2016-04-05,17,19.79639446076076
FOODS_3_080_CA_1_validation,2016-04-06,26,18.5496666626787
FOODS_3_080_CA_1_validation,2016-04-07,11,20.419758359801786
FOODS_3_080_CA_1_validation,2016-04-08,14,19.173030561719727
FOODS_3_080_CA_1_validation,2016-04-09,21,19.406792023860113
FOODS_3_080_CA_1_validation,2016-04-10,12,18.93926909957934
FOODS_3_080_CA_1_validation,2016-04-11,19,17.89098901801336
FOODS_3_080_CA_1_validation,2016-04-12,17,18.191088712305927
FOODS_3_080_CA_1_validation,2016-04-13,17,17.843074104955495
FOODS_3_080_CA_1_validation,2016-04-14,10,18.36509601598114
FOODS_3_080_CA_1_validation,2016-04-15,16,18.01708140863071
FOODS_3_080_CA_1_validation,2016-04-16,23,18.082334147508917
FOODS_3_080_CA_1_validation,2016-04-17,23,17.951828669752505
FOODS_3_080_CA_1_validation,2016-04-18,15,17.934073655646742
FOODS_3_080_CA_1_validation,2016-04-19,12,18.017844208798664
FOODS_3_080_CA_1_validation,2016-04-20,30,17.920698571141756
FOODS_3_080_CA_1_validation,2016-04-21,13,18.066417027627118
FOODS_3_080_CA_1_validation,2016-04-22,10,17.96927138997021
FOODS_3_080_CA_1_validation,2016-04-23,25,17.98748619703088
FOODS_3_080_CA_1_validation,2016-04-24,25,17.951056582909537
FOODS_3_080_TX_2_validation,2016-03-28,9,16.03093135539104
FOODS_3_080_TX_2_validation,2016-03-29,24,16.154656120985273
FOODS_3_080_TX_2_validation,2016-03-30,12,16.614042380030547
FOODS_3_080_TX_2_validation,2016-03-31,15,16.61137099096452
FOODS_3_080_TX_2_validation,2016-04-01,22,17.63468214927759
FOODS_3_080_TX_2_validation,2016-04-02,10,16.053277525054508
FOODS_3_080_TX_2_validation,2016-04-03,14,16.509096644537088
FOODS_3_080_TX_2_validation,2016-04-04,17,16.43527447499537
FOODS_3_080_TX_2_validation,2016-04-05,8,16.912239981851585
FOODS_3_080_TX_2_validation,2016-04-06,19,16.98864653633896
FOODS_3_080_TX_2_validation,2016-04-07,14,16.997097852800255
FOODS_3_080_TX_2_validation,2016-04-08,21,16.654500146063477
FOODS_3_080_TX_2_validation,2016-04-09,12,16.891776317810606
FOODS_3_080_TX_2_validation,2016-04-10,25,16.444037950320997
FOODS_3_080_TX_2_validation,2016-04-11,14,16.962847469873868
FOODS_3_080_TX_2_validation,2016-04-12,12,16.963315654706335
FOODS_3_080_TX_2_validation,2016-04-13,16,16.983039461388806
FOODS_3_080_TX_2_validation,2016-04-14,12,16.53650328167243
FOODS_3_080_TX_2_validation,2016-04-15,22,17.003081178252966
FOODS_3_080_TX_2_validation,2016-04-16,20,16.517121794058063
FOODS_3_080_TX_2_validation,2016-04-17,21,16.5201136834505
FOODS_3_080_TX_2_validation,2016-04-18,15,16.530760866051686
FOODS_3_080_TX_2_validation,2016-04-19,16,16.53410088931049
FOODS_3_080_TX_2_validation,2016-04-20,8,16.534810505848892
FOODS_3_080_TX_2_validation,2016-04-21,23,16.53692494011814
FOODS_3_080_TX_2_validation,2016-04-22,12,16.53879110034135
FOODS_3_080_TX_2_validation,2016-04-23,18,16.53308614178947
FOODS_3_080_TX_2_validation,2016-04-24,16,16.531514370172733
FOODS_3_090_CA_1_validation,2016-03-28,25,78.96432198854993
FOODS_3_090_CA_1_validation,2016-03-29,47,66.53566265829278
FOODS_3_090_CA_1_validation,2016-03-30,23,57.93826737161092
FOODS_3_090_CA_1_validation,2016-03-31,21,61.35717001789262
FOODS_3_090_CA_1_validation,2016-04-01,72,62.43329643735436
FOODS_3_090_CA_1_validation,2016-04-02,58,74.74712597516053
FOODS_3_090_CA_1_validation,2016-04-03,54,76.83171924007276
FOODS_3_090_CA_1_validation,2016-04-04,42,67.41587427264861
FOODS_3_090_CA_1_validation,2016-04-05,29,63.18355579072647
FOODS_3_090_CA_1_validation,2016-04-06,53,61.05612177798401
FOODS_3_090_CA_1_validation,2016-04-07,39,61.622459248583475
FOODS_3_090_CA_1_validation,2016-04-08,42,62.471914474531204
FOODS_3_090_CA_1_validation,2016-04-09,83,65.73003839678094
FOODS_3_090_CA_1_validation,2016-04-10,83,66.69934153120077
FOODS_3_090_CA_1_validation,2016-04-11,48,64.05305340505276
FOODS_3_090_CA_1_validation,2016-04-12,26,63.11643807391896
FOODS_3_090_CA_1_validation,2016-04-13,41,62.19080881177549
FOODS_3_090_CA_1_validation,2016-04-14,44,62.637280498034734
FOODS_3_090_CA_1_validation,2016-04-15,47,62.62544933223249
FOODS_3_090_CA_1_validation,2016-04-16,82,63.83599339934065
FOODS_3_090_CA_1_validation,2016-04-17,83,63.889473482947864
FOODS_3_090_CA_1_validation,2016-04-18,30,63.18697139811896
FOODS_3_090_CA_1_validation,2016-04-19,45,62.703539131180555
FOODS_3_090_CA_1_validation,2016-04-20,29,62.62442259667807
FOODS_3_090_CA_1_validation,2016-04-21,53,62.57327295857996
FOODS_3_090_CA_1_validation,2016-04-22,87,62.742191123723785
FOODS_3_090_CA_1_validation,2016-04-23,95,62.93768400473859
FOODS_3_090_CA_1_validation,2016-04-24,42,63.10633571867028
FOODS_3_090_CA_2_validation,2016-03-28,50,60.351560649172725
FOODS_3_090_CA_2_validation,2016-03-29,18,56.22904693557651
FOODS_3_090_CA_2_validation,2016-03-30,30,57.255183070786074
FOODS_3_090_CA_2_validation,2016-03-31,32,53.13995052834641
FOODS_3_090_CA_2_validation,2016-04-01,53,67.06202783119625
FOODS_3_090_CA_2_validation,2016-04-02,59,72.72525353404569
FOODS_3_090_CA_2_validation,2016-04-03,53,62.14667967594284
FOODS_3_090_CA_2_validation,2016-04-04,19,58.11458423018255
FOODS_3_090_CA_2_validation,2016-04-05,21,57.20980048576214
FOODS_3_090_CA_2_validation,2016-04-06,29,57.38077201568602
FOODS_3_090_CA_2_validation,2016-04-07,41,56.47030354192283
FOODS_3_090_CA_2_validation,2016-04-08,70,59.866285829366085
FOODS_3_090_CA_2_validation,2016-04-09,82,61.253130593512005
FOODS_3_090_CA_2_validation,2016-04-10,62,58.71091478332873
FOODS_3_090_CA_2_validation,2016-04-11,27,58.50720404921192
FOODS_3_090_CA_2_validation,2016-04-12,34,58.256327745498055
FOODS_3_090_CA_2_validation,2016-04-13,37,58.330438863487466
FOODS_3_090_CA_2_validation,2016-04-14,49,58.085041457259614
FOODS_3_090_CA_2_validation,2016-04-15,70,58.91407783351318
FOODS_3_090_CA_2_validation,2016-04-16,79,59.216403220239904
FOODS_3_090_CA_2_validation,2016-04-17,62,58.63902568786128
FOODS_3_090_CA_2_validation,2016-04-18,65,58.40379982279803
FOODS_3_090_CA_2_validation,2016-04-19,29,58.36304675131134
FOODS_3_090_CA_2_validation,2016-04-20,40,58.36385218037909
FOODS_3_090_CA_2_validation,2016-04-21,24,58.321025755807625
FOODS_3_090_CA_2_validation,2016-04-22,91,58.50303270057964
FOODS_3_090_CA_2_validation,2016-04-23,73,58.586713260662364
FOODS_3_090_CA_2_validation,2016-04-24,60,58.439303754234636
FOODS_3_090_CA_3_validation,2016-03-28,61,157.70612853116805
FOODS_3_090_CA_3_validation,2016-03-29,62,156.1596868652666
FOODS_3_090_CA_3_validation,2016-03-30,71,164.22401297198445
FOODS_3_090_CA_3_validation,2016-03-31,130,166.92021903273704
FOODS_3_090_CA_3_validation,2016-04-01,156,185.7547268435568
FOODS_3_090_CA_3_validation,2016-04-02,133,208.02574164142027
FOODS_3_090_CA_3_validation,2016-04-03,114,186.71325483881674
FOODS_3_090_CA_3_validation,2016-04-04,80,159.93947645385612
FOODS_3_090_CA_3_validation,2016-04-05,75,158.4101356435601
FOODS_3_090_CA_3_validation,2016-04-06,113,166.38528484865472
FOODS_3_090_CA_3_validation,2016-04-07,81,169.05167573335243
FOODS_3_090_CA_3_validation,2016-04-08,107,190.362111126891
FOODS_3_090_CA_3_validation,2016-04-09,160,212.3868486699167
FOODS_3_090_CA_3_validation,2016-04-10,124,191.31003953135993
FOODS_3_090_CA_3_validation,2016-04-11,107,167.54654846506315
FOODS_3_090_CA_3_validation,2016-04-12,84,166.03411940575333
FOODS_3_090_CA_3_validation,2016-04-13,88,173.9210778449139
FOODS_3_090_CA_3_validation,2016-04-14,90,176.55798325562813
FOODS_3_090_CA_3_validation,2016-04-15,129,197.6327636700042
FOODS_3_090_CA_3_validation,2016-04-16,160,219.4139473404359
FOODS_3_090_CA_3_validation,2016-04-17,204,198.5702096960385
FOODS_3_090_CA_3_validation,2016-04-18,86,172.38529671173183
FOODS_3_090_CA_3_validation,2016-04-19,100,170.88959238994494
FOODS_3_090_CA_3_validation,2016-04-20,88,178.68933529397853
FOODS_3_090_CA_3_validation,2016-04-21,77,181.29708128687045
FOODS_3_090_CA_3_validation,2016-04-22,141,202.1388126411175
FOODS_3_090_CA_3_validation,2016-04-23,139,223.67913570550328
FOODS_3_090_CA_3_validation,2016-04-24,130,203.0658922049162
FOODS_3_090_CA_4_validation,2016-03-28,19,57.01722393423299
FOODS_3_090_CA_4_validation,2016-03-29,20,45.00384560809263
FOODS_3_090_CA_4_validation,2016-03-30,18,41.579774871178124
FOODS_3_090_CA_4_validation,2016-03-31,20,41.347607127423274
FOODS_3_090_CA_4_validation,2016-04-01,52,38.48054341380715
FOODS_3_090_CA_4_validation,2016-04-02,34,46.09248684911462
FOODS_3_090_CA_4_validation,2016-04-03,30,52.16124747287885
FOODS_3_090_CA_4_validation,2016-04-04,19,45.16626095061593
FOODS_3_090_CA_4_validation,2016-04-05,16,41.93090330014764
FOODS_3_090_CA_4_validation,2016-04-06,22,40.99743761155386
FOODS_3_090_CA_4_validation,2016-04-07,31,40.92258931325136
FOODS_3_090_CA_4_validation,2016-04-08,30,39.892748455187245
FOODS_3_090_CA_4_validation,2016-04-09,32,41.90125529623258
FOODS_3_090_CA_4_validation,2016-04-10,32,43.50355126763854
FOODS_3_090_CA_4_validation,2016-04-11,23,40.648426324787955
FOODS_3_090_CA_4_validation,2016-04-12,26,39.793147972516266
FOODS_3_090_CA_4_validation,2016-04-13,17,39.546325559888366
FOODS_3_090_CA_4_validation,2016-04-14,17,39.526476632095765
FOODS_3_090_CA_4_validation,2016-04-15,48,39.25430159774416
FOODS_3_090_CA_4_validation,2016-04-16,32,39.78504708723455
FOODS_3_090_CA_4_validation,2016-04-17,36,40.208456908801615
FOODS_3_090_CA_4_validation,2016-04-18,30,39.71980700329398
FOODS_3_090_CA_4_validation,2016-04-19,19,39.49379251351644
FOODS_3_090_CA_4_validation,2016-04-20,35,39.42856732064937
FOODS_3_090_CA_4_validation,2016-04-21,31,39.42332175164993
FOODS_3_090_CA_4_validation,2016-04-22,15,39.35139755894082
FOODS_3_090_CA_4_validation,2016-04-23,24,39.491650425581184
FOODS_3_090_CA_4_validation,2016-04-24,18,39.60353918639058
FOODS_3_090_TX_1_validation,2016-03-28,36,82.82948832621308
FOODS_3_090_TX_1_validation,2016-03-29,35,73.06706345392489
FOODS_3_090_TX_1_validation,2016-03-30,43,67.22966007536215
FOODS_3_090_TX_1_validation,2016-03-31,57,65.45136557915164
FOODS_3_090_TX_1_validation,2016-04-01,44,69.47660338051685
FOODS_3_090_TX_1_validation,2016-04-02,81,66.42844944594265
FOODS_3_090_TX_1_validation,2016-04-03,67,74.21820854025039
FOODS_3_090_TX_1_validation,2016-04-04,56,68.26193221912087
FOODS_3_090_TX_1_validation,2016-04-05,50,68.59576340753267
FOODS_3_090_TX_1_validation,2016-04-06,43,67.77455122018847
FOODS_3_090_TX_1_validation,2016-04-07,42,67.52116142307061
FOODS_3_090_TX_1_validation,2016-04-08,59,66.11404417933238
FOODS_3_090_TX_1_validation,2016-04-09,64,67.64855503540342
FOODS_3_090_TX_1_validation,2016-04-10,79,66.7606623780075
FOODS_3_090_TX_1_validation,2016-04-11,55,67.89839210413544
FOODS_3_090_TX_1_validation,2016-04-12,35,67.70849773478295
FOODS_3_090_TX_1_validation,2016-04-13,35,67.59591490118389
FOODS_3_090_TX_1_validation,2016-04-14,36,65.84251053406354
FOODS_3_090_TX_1_validation,2016-04-15,60,67.60382390130133
FOODS_3_090_TX_1_validation,2016-04-16,68,65.8599364493311
FOODS_3_090_TX_1_validation,2016-04-17,69,65.97373817174169
FOODS_3_090_TX_1_validation,2016-04-18,48,65.89415616017304
FOODS_3_090_TX_1_validation,2016-04-19,34,65.86814192290078
FOODS_3_090_TX_1_validation,2016-04-20,49,65.85271894432366
FOODS_3_090_TX_1_validation,2016-04-21,39,65.84795834068787
FOODS_3_090_TX_1_validation,2016-04-22,59,65.85380216803969
FOODS_3_090_TX_1_validation,2016-04-23,45,65.85034540203439
FOODS_3_090_TX_1_validation,2016-04-24,58,65.86593500095191
FOODS_3_090_TX_2_validation,2016-03-28,48,100.21356682806788
FOODS_3_090_TX_2_validation,2016-03-29,23,88.59900401898888
FOODS_3_090_TX_2_validation,2016-03-30,45,86.0591526584666
FOODS_3_090_TX_2_validation,2016-03-31,60,76.82212247905483
FOODS_3_090_TX_2_validation,2016-04-01,48,82.1784475722466
FOODS_3_090_TX_2_validation,2016-04-02,101,87.70251529078789
FOODS_3_090_TX_2_validation,2016-04-03,107,94.08778019978433
FOODS_3_090_TX_2_validation,2016-04-04,61,71.03852908219403
FOODS_3_090_TX_2_validation,2016-04-05,50,67.68425870167515
FOODS_3_090_TX_2_validation,2016-04-06,31,71.82496194361019
FOODS_3_090_TX_2_validation,2016-04-07,49,67.6290169129695
FOODS_3_090_TX_2_validation,2016-04-08,86,74.33732280016544
FOODS_3_090_TX_2_validation,2016-04-09,102,82.61646746999159
FOODS_3_090_TX_2_validation,2016-04-10,69,88.72927136633996
FOODS_3_090_TX_2_validation,2016-04-11,53,69.98763662236996
FOODS_3_090_TX_2_validation,2016-04-12,48,67.11318362865225
FOODS_3_090_TX_2_validation,2016-04-13,34,71.38414706756365
FOODS_3_090_TX_2_validation,2016-04-14,40,67.32052502753264
FOODS_3_090_TX_2_validation,2016-04-15,68,74.82765737072363
FOODS_3_090_TX_2_validation,2016-04-16,124,81.36174551504502
FOODS_3_090_TX_2_validation,2016-04-17,86,87.5911534949006
FOODS_3_090_TX_2_validation,2016-04-18,43,70.09814718860525
FOODS_3_090_TX_2_validation,2016-04-19,61,67.5469311462719
FOODS_3_090_TX_2_validation,2016-04-20,46,71.46867134642
FOODS_3_090_TX_2_validation,2016-04-21,35,68.35956513200597
FOODS_3_090_TX_2_validation,2016-04-22,54,74.64602268210952
FOODS_3_090_TX_2_validation,2016-04-23,83,81.14900019019976
FOODS_3_090_TX_2_validation,2016-04-24,73,86.81738807727828
FOODS_3_090_TX_3_validation,2016-03-28,42,73.63690143304264
FOODS_3_090_TX_3_validation,2016-03-29,10,66.83386824849693
FOODS_3_090_TX_3_validation,2016-03-30,50,65.74441365325586
FOODS_3_090_TX_3_validation,2016-03-31,68,64.56033933375755
FOODS_3_090_TX_3_validation,2016-04-01,59,75.17209780781573
FOODS_3_090_TX_3_validation,2016-04-02,74,73.45605482707649
FOODS_3_090_TX_3_validation,2016-04-03,74,77.28059009576607
FOODS_3_090_TX_3_validation,2016-04-04,41,70.11629402312336
FOODS_3_090_TX_3_validation,2016-04-05,45,72.12304576034707
FOODS_3_090_TX_3_validation,2016-04-06,61,71.93609151300515
FOODS_3_090_TX_3_validation,2016-04-07,45,71.73375826180325
FOODS_3_090_TX_3_validation,2016-04-08,56,69.83240058520151
FOODS_3_090_TX_3_validation,2016-04-09,97,73.25064704064599
FOODS_3_090_TX_3_validation,2016-04-10,85,70.19191822276272
FOODS_3_090_TX_3_validation,2016-04-11,74,72.6810616482358
FOODS_3_090_TX_3_validation,2016-04-12,43,72.48263018788072
FOODS_3_090_TX_3_validation,2016-04-13,48,72.45074630995555
FOODS_3_090_TX_3_validation,2016-04-14,48,69.24595255051831
FOODS_3_090_TX_3_validation,2016-04-15,84,72.63264343747564
FOODS_3_090_TX_3_validation,2016-04-16,75,69.50464272765574
FOODS_3_090_TX_3_validation,2016-04-17,83,69.52366795757533
FOODS_3_090_TX_3_validation,2016-04-18,81,69.40750559279464
FOODS_3_090_TX_3_validation,2016-04-19,46,69.373665080368
FOODS_3_090_TX_3_validation,2016-04-20,53,69.36822760180964
FOODS_3_090_TX_3_validation,2016-04-21,43,69.3623429190361
FOODS_3_090_TX_3_validation,2016-04-22,70,69.39924834689938
FOODS_3_090_TX_3_validation,2016-04-23,102,69.40645995479814
FOODS_3_090_TX_3_validation,2016-04-24,66,69.40970451846022
FOODS_3_090_WI_3_validation,2016-03-28,7,108.34386103913893
FOODS_3_090_WI_3_validation,2016-03-29,63,90.4048509743736
FOODS_3_090_WI_3_validation,2016-03-30,70,82.09215545280605
FOODS_3_090_WI_3_validation,2016-03-31,64,87.14614605847684
FOODS_3_090_WI_3_validation,2016-04-01,101,102.86649330392437
FOODS_3_090_WI_3_validation,2016-04-02,119,114.49098238580801
FOODS_3_090_WI_3_validation,2016-04-03,110,118.95769042117209
FOODS_3_090_WI_3_validation,2016-04-04,71,99.2766282616395
FOODS_3_090_WI_3_validation,2016-04-05,46,96.5775623138278
FOODS_3_090_WI_3_validation,2016-04-06,43,94.08874806588169
FOODS_3_090_WI_3_validation,2016-04-07,43,91.25904690242237
FOODS_3_090_WI_3_validation,2016-04-08,107,101.23178194894949
FOODS_3_090_WI_3_validation,2016-04-09,131,103.50499183225166
FOODS_3_090_WI_3_validation,2016-04-10,108,101.1782651081424
FOODS_3_090_WI_3_validation,2016-04-11,50,99.68704321123894
FOODS_3_090_WI_3_validation,2016-04-12,52,97.5226306581976
FOODS_3_090_WI_3_validation,2016-04-13,52,92.30060293280155
FOODS_3_090_WI_3_validation,2016-04-14,68,97.09670117776183
FOODS_3_090_WI_3_validation,2016-04-15,102,98.96380210484791
FOODS_3_090_WI_3_validation,2016-04-16,146,95.73277730135273
FOODS_3_090_WI_3_validation,2016-04-17,112,96.2481372945255
FOODS_3_090_WI_3_validation,2016-04-18,70,94.390994419959
FOODS_3_090_WI_3_validation,2016-04-19,61,93.54207088205378
FOODS_3_090_WI_3_validation,2016-04-20,60,93.25761896795177
FOODS_3_090_WI_3_validation,2016-04-21,70,93.40351954747945
FOODS_3_090_WI_3_validation,2016-04-22,70,94.12007340280512
FOODS_3_090_WI_3_validation,2016-04-23,171,94.38336432435692
FOODS_3_090_WI_3_validation,2016-04-24,91,94.61546696110922
FOODS_3_099_TX_2_validation,2016-03-28,13,22.861349334901277
FOODS_3_099_TX_2_validation,2016-03-29,18,21.038704625660966
FOODS_3_099_TX_2_validation,2016-03-30,8,20.262323310408366
FOODS_3_099_TX_2_validation,2016-03-31,17,19.03755975637129
FOODS_3_099_TX_2_validation,2016-04-01,9,24.089512679242326
FOODS_3_099_TX_2_validation,2016-04-02,12,19.67056180361424
FOODS_3_099_TX_2_validation,2016-04-03,25,24.304675113802656
FOODS_3_099_TX_2_validation,2016-04-04,15,20.468836096382176
FOODS_3_099_TX_2_validation,2016-04-05,10,23.186367107947596
FOODS_3_099_TX_2_validation,2016-04-06,15,23.038165482679013
FOODS_3_099_TX_2_validation,2016-04-07,10,22.81278413363753
FOODS_3_099_TX_2_validation,2016-04-08,12,20.108177594540653
FOODS_3_099_TX_2_validation,2016-04-09,23,22.923332341923313
FOODS_3_099_TX_2_validation,2016-04-10,23,20.14501541236165
FOODS_3_099_TX_2_validation,2016-04-11,15,23.066292879805708
FOODS_3_099_TX_2_validation,2016-04-12,20,23.00404512353214
FOODS_3_099_TX_2_validation,2016-04-13,10,22.97719414377796
FOODS_3_099_TX_2_validation,2016-04-14,13,19.875077531022185
FOODS_3_099_TX_2_validation,2016-04-15,10,23.00081124898003
FOODS_3_099_TX_2_validation,2016-04-16,16,19.8949741121407
FOODS_3_099_TX_2_validation,2016-04-17,21,19.946040371645715
FOODS_3_099_TX_2_validation,2016-04-18,15,19.920754239519656
FOODS_3_099_TX_2_validation,2016-04-19,14,19.909519925539545
FOODS_3_099_TX_2_validation,2016-04-20,13,19.90467362429729
FOODS_3_099_TX_2_validation,2016-04-21,9,19.8973245028772
FOODS_3_099_TX_2_validation,2016-04-22,17,19.908933666537823
FOODS_3_099_TX_2_validation,2016-04-23,19,19.900913817098825
FOODS_3_099_TX_2_validation,2016-04-24,17,19.9101277121077
FOODS_3_120_CA_1_validation,2016-03-28,34,50.70077140732498
FOODS_3_120_CA_1_validation,2016-03-29,62,42.01504507763609
FOODS_3_120_CA_1_validation,2016-03-30,21,46.27560060927174
FOODS_3_120_CA_1_validation,2016-03-31,29,43.30793975336831
FOODS_3_120_CA_1_validation,2016-04-01,44,43.87655761986064
FOODS_3_120_CA_1_validation,2016-04-02,109,55.62081802907414
FOODS_3_120_CA_1_validation,2016-04-03,126,61.40269762405912
FOODS_3_120_CA_1_validation,2016-04-04,24,49.89100829624264
FOODS_3_120_CA_1_validation,2016-04-05,0,45.701094168077624
FOODS_3_120_CA_1_validation,2016-04-06,0,48.211336588095065
FOODS_3_120_CA_1_validation,2016-04-07,0,47.45103400727516
FOODS_3_120_CA_1_validation,2016-04-08,58,43.84804834543113
FOODS_3_120_CA_1_validation,2016-04-09,55,57.28402944713589
FOODS_3_120_CA_1_validation,2016-04-10,0,61.254895842101355
FOODS_3_120_CA_1_validation,2016-04-11,2,49.26016286959126
FOODS_3_120_CA_1_validation,2016-04-12,0,43.572456690005005
FOODS_3_120_CA_1_validation,2016-04-13,0,47.51732527300419
FOODS_3_120_CA_1_validation,2016-04-14,38,45.38010349488373
FOODS_3_120_CA_1_validation,2016-04-15,60,43.13466264190081
FOODS_3_120_CA_1_validation,2016-04-16,52,55.15735952754842
FOODS_3_120_CA_1_validation,2016-04-17,56,60.24781259462683
FOODS_3_120_CA_1_validation,2016-04-18,6,49.547136137558454
FOODS_3_120_CA_1_validation,2016-04-19,43,44.97949934828572
FOODS_3_120_CA_1_validation,2016-04-20,48,47.88423428843652
FOODS_3_120_CA_1_validation,2016-04-21,47,46.70951061064397
FOODS_3_120_CA_1_validation,2016-04-22,39,43.60964316587731
FOODS_3_120_CA_1_validation,2016-04-23,59,56.3115190669183
FOODS_3_120_CA_1_validation,2016-04-24,59,60.54654800554476
FOODS_3_120_CA_3_validation,2016-03-28,46,69.96649832480566
FOODS_3_120_CA_3_validation,2016-03-29,58,59.01052445149267
FOODS_3_120_CA_3_validation,2016-03-30,56,55.800581889109694
FOODS_3_120_CA_3_validation,2016-03-31,36,52.16961850994665
FOODS_3_120_CA_3_validation,2016-04-01,56,50.9490907210437
FOODS_3_120_CA_3_validation,2016-04-02,61,63.679332637726745
FOODS_3_120_CA_3_validation,2016-04-03,59,64.29606857169121
FOODS_3_120_CA_3_validation,2016-04-04,71,63.566494585798004
FOODS_3_120_CA_3_validation,2016-04-05,73,53.96834721025328
FOODS_3_120_CA_3_validation,2016-04-06,63,51.68134962810263
FOODS_3_120_CA_3_validation,2016-04-07,43,48.88641638807373
FOODS_3_120_CA_3_validation,2016-04-08,47,46.41077722919582
FOODS_3_120_CA_3_validation,2016-04-09,61,59.142701251998126
FOODS_3_120_CA_3_validation,2016-04-10,84,60.185708029223846
FOODS_3_120_CA_3_validation,2016-04-11,57,57.894566872485974
FOODS_3_120_CA_3_validation,2016-04-12,86,49.02761228335186
FOODS_3_120_CA_3_validation,2016-04-13,89,47.129773544846636
FOODS_3_120_CA_3_validation,2016-04-14,142,44.7058919876268
FOODS_3_120_CA_3_validation,2016-04-15,46,42.55464761813431
FOODS_3_120_CA_3_validation,2016-04-16,66,54.963131364434844
FOODS_3_120_CA_3_validation,2016-04-17,72,56.13277092053729
FOODS_3_120_CA_3_validation,2016-04-18,77,55.98456762663451
FOODS_3_120_CA_3_validation,2016-04-19,71,47.60614353129076
FOODS_3_120_CA_3_validation,2016-04-20,69,45.89672008345513
FOODS_3_120_CA_3_validation,2016-04-21,66,43.66820540797157
FOODS_3_120_CA_3_validation,2016-04-22,43,41.688691924129024
FOODS_3_120_CA_3_validation,2016-04-23,81,53.665768005189975
FOODS_3_120_CA_3_validation,2016-04-24,98,54.85169718213612
FOODS_3_120_WI_3_validation,2016-03-28,2,43.83912630580977
FOODS_3_120_WI_3_validation,2016-03-29,17,34.71144466972135
FOODS_3_120_WI_3_validation,2016-03-30,19,27.07634712231519
FOODS_3_120_WI_3_validation,2016-03-31,27,32.342741958766126
FOODS_3_120_WI_3_validation,2016-04-01,18,31.464028737839726
FOODS_3_120_WI_3_validation,2016-04-02,56,45.5509641994491
FOODS_3_120_WI_3_validation,2016-04-03,51,46.529451905125676
FOODS_3_120_WI_3_validation,2016-04-04,29,43.202712825002294
FOODS_3_120_WI_3_validation,2016-04-05,44,41.031055993909646
FOODS_3_120_WI_3_validation,2016-04-06,24,31.316199129113244
FOODS_3_120_WI_3_validation,2016-04-07,27,34.077419879385786
FOODS_3_120_WI_3_validation,2016-04-08,20,35.90688772957453
FOODS_3_120_WI_3_validation,2016-04-09,44,46.949423583122794
FOODS_3_120_WI_3_validation,2016-04-10,54,42.398239036239346
FOODS_3_120_WI_3_validation,2016-04-11,54,48.72519006130461
FOODS_3_120_WI_3_validation,2016-04-12,42,41.42756929661051
FOODS_3_120_WI_3_validation,2016-04-13,20,28.29178619041878
FOODS_3_120_WI_3_validation,2016-04-14,35,38.928581935897164
FOODS_3_120_WI_3_validation,2016-04-15,38,37.04735021048376
FOODS_3_120_WI_3_validation,2016-04-16,56,43.14102160677374
FOODS_3_120_WI_3_validation,2016-04-17,30,43.33320261633678
FOODS_3_120_WI_3_validation,2016-04-18,43,44.9528866818715
FOODS_3_120_WI_3_validation,2016-04-19,25,38.064314844107074
FOODS_3_120_WI_3_validation,2016-04-20,33,29.08293330629223
FOODS_3_120_WI_3_validation,2016-04-21,22,35.55951071245607
FOODS_3_120_WI_3_validation,2016-04-22,29,33.49958677800429
FOODS_3_120_WI_3_validation,2016-04-23,39,43.95040862665431
FOODS_3_120_WI_3_validation,2016-04-24,55,43.98956057683121
FOODS_3_202_CA_3_validation,2016-03-28,19,35.879415041268444
FOODS_3_202_CA_3_validation,2016-03-29,13,30.810625205849714
FOODS_3_202_CA_3_validation,2016-03-30,19,29.740298654423924
FOODS_3_202_CA_3_validation,2016-03-31,11,24.652580031813095
FOODS_3_202_CA_3_validation,2016-04-01,15,27.706689668288387
FOODS_3_202_CA_3_validation,2016-04-02,26,26.175056937071865
FOODS_3_202_CA_3_validation,2016-04-03,39,31.758125331330742
FOODS_3_202_CA_3_validation,2016-04-04,29,28.054555193973652
FOODS_3_202_CA_3_validation,2016-04-05,19,26.69058854553929
FOODS_3_202_CA_3_validation,2016-04-06,24,26.29098332830268
FOODS_3_202_CA_3_validation,2016-04-07,28,25.06395223638382
FOODS_3_202_CA_3_validation,2016-04-08,23,25.475390225476467
FOODS_3_202_CA_3_validation,2016-04-09,34,25.091613496430828
FOODS_3_202_CA_3_validation,2016-04-10,30,26.288449751660558
FOODS_3_202_CA_3_validation,2016-04-11,19,24.594568193455007
FOODS_3_202_CA_3_validation,2016-04-12,22,24.281193376450798
FOODS_3_202_CA_3_validation,2016-04-13,16,24.18447181436431
FOODS_3_202_CA_3_validation,2016-04-14,23,23.908809218926873
FOODS_3_202_CA_3_validation,2016-04-15,29,23.995449830505233
FOODS_3_202_CA_3_validation,2016-04-16,36,23.908524850759303
FOODS_3_202_CA_3_validation,2016-04-17,58,24.170054690013412
FOODS_3_202_CA_3_validation,2016-04-18,37,23.9853701391362
FOODS_3_202_CA_3_validation,2016-04-19,18,23.915732987103695
FOODS_3_202_CA_3_validation,2016-04-20,27,23.893986668621505
FOODS_3_202_CA_3_validation,2016-04-21,24,23.833052024831623
FOODS_3_202_CA_3_validation,2016-04-22,22,23.851898403449816
FOODS_3_202_CA_3_validation,2016-04-23,37,23.832646579079366
FOODS_3_202_CA_3_validation,2016-04-24,29,23.890069782392608
FOODS_3_202_TX_1_validation,2016-03-28,17,30.70384613104649
FOODS_3_202_TX_1_validation,2016-03-29,12,25.102794832536734
FOODS_3_202_TX_1_validation,2016-03-30,18,22.048190201588145
FOODS_3_202_TX_1_validation,2016-03-31,11,23.73841856270964
FOODS_3_202_TX_1_validation,2016-04-01,16,24.856084689273825
FOODS_3_202_TX_1_validation,2016-04-02,34,30.41039445612214
FOODS_3_202_TX_1_validation,2016-04-03,38,41.151593499710245
FOODS_3_202_TX_1_validation,2016-04-04,14,23.67292660025985
FOODS_3_202_TX_1_validation,2016-04-05,23,23.712805740300517
FOODS_3_202_TX_1_validation,2016-04-06,17,22.455044601054823
FOODS_3_202_TX_1_validation,2016-04-07,17,24.829253469751297
FOODS_3_202_TX_1_validation,2016-04-08,21,23.383688219692562
FOODS_3_202_TX_1_validation,2016-04-09,39,31.767813752682535
FOODS_3_202_TX_1_validation,2016-04-10,42,39.44433770210824
FOODS_3_202_TX_1_validation,2016-04-11,19,25.283509671910448
FOODS_3_202_TX_1_validation,2016-04-12,25,23.92977463969371
FOODS_3_202_TX_1_validation,2016-04-13,16,22.708929952554445
FOODS_3_202_TX_1_validation,2016-04-14,18,23.583881240854982
FOODS_3_202_TX_1_validation,2016-04-15,30,25.019276566046333
FOODS_3_202_TX_1_validation,2016-04-16,48,30.344696188036046
FOODS_3_202_TX_1_validation,2016-04-17,56,39.22596439865918
FOODS_3_202_TX_1_validation,2016-04-18,30,24.028563350747174
FOODS_3_202_TX_1_validation,2016-04-19,29,22.710052588993257
FOODS_3_202_TX_1_validation,2016-04-20,18,21.520984838529344
FOODS_3_202_TX_1_validation,2016-04-21,18,23.776276490605802
FOODS_3_202_TX_1_validation,2016-04-22,18,23.772096502596888
FOODS_3_202_TX_1_validation,2016-04-23,37,30.362869783262838
FOODS_3_202_TX_1_validation,2016-04-24,38,39.014904907993625
FOODS_3_202_TX_2_validation,2016-03-28,13,28.069353811696235
FOODS_3_202_TX_2_validation,2016-03-29,11,22.16327262749665
FOODS_3_202_TX_2_validation,2016-03-30,8,19.773409574425234
FOODS_3_202_TX_2_validation,2016-03-31,15,20.05669154689717
FOODS_3_202_TX_2_validation,2016-04-01,25,23.90055214602196
FOODS_3_202_TX_2_validation,2016-04-02,29,23.71432582177049
FOODS_3_202_TX_2_validation,2016-04-03,26,28.14126528472188
FOODS_3_202_TX_2_validation,2016-04-04,14,22.111966786782908
FOODS_3_202_TX_2_validation,2016-04-05,11,22.722665822566682
FOODS_3_202_TX_2_validation,2016-04-06,12,21.98824846631349
FOODS_3_202_TX_2_validation,2016-04-07,16,22.38204445698083
FOODS_3_202_TX_2_validation,2016-04-08,25,21.8780205679605
FOODS_3_202_TX_2_validation,2016-04-09,37,24.708814966702942
FOODS_3_202_TX_2_validation,2016-04-10,29,24.501420128252132
FOODS_3_202_TX_2_validation,2016-04-11,12,23.73535920823795
FOODS_3_202_TX_2_validation,2016-04-12,13,22.99904325691348
FOODS_3_202_TX_2_validation,2016-04-13,14,22.54941725687273
FOODS_3_202_TX_2_validation,2016-04-14,12,20.9767960252736
FOODS_3_202_TX_2_validation,2016-04-15,19,23.592866528968113
FOODS_3_202_TX_2_validation,2016-04-16,36,22.40184500119985
FOODS_3_202_TX_2_validation,2016-04-17,38,23.385719979965483
FOODS_3_202_TX_2_validation,2016-04-18,14,21.805654472630692
FOODS_3_202_TX_2_validation,2016-04-19,14,21.35469837587051
FOODS_3_202_TX_2_validation,2016-04-20,13,21.07932526392641
FOODS_3_202_TX_2_validation,2016-04-21,18,21.227066846125012
FOODS_3_202_TX_2_validation,2016-04-22,18,21.718385104986023
FOODS_3_202_TX_2_validation,2016-04-23,30,22.099837166283876
FOODS_3_202_TX_2_validation,2016-04-24,13,22.70241075546001
FOODS_3_202_TX_3_validation,2016-03-28,33,45.951728644328114
FOODS_3_202_TX_3_validation,2016-03-29,35,35.76204979788396
FOODS_3_202_TX_3_validation,2016-03-30,17,31.295403950896805
FOODS_3_202_TX_3_validation,2016-03-31,14,27.369860564544556
FOODS_3_202_TX_3_validation,2016-04-01,22,28.860836580121894
FOODS_3_202_TX_3_validation,2016-04-02,30,36.444500608871884
FOODS_3_202_TX_3_validation,2016-04-03,33,43.257191639472765
FOODS_3_202_TX_3_validation,2016-04-04,23,35.14991009242803
FOODS_3_202_TX_3_validation,2016-04-05,29,33.955143977869625
FOODS_3_202_TX_3_validation,2016-04-06,28,32.08801425333168
FOODS_3_202_TX_3_validation,2016-04-07,44,31.2709819900545
FOODS_3_202_TX_3_validation,2016-04-08,24,29.303702731611178
FOODS_3_202_TX_3_validation,2016-04-09,24,34.04731701834893
FOODS_3_202_TX_3_validation,2016-04-10,38,33.7888176536513
FOODS_3_202_TX_3_validation,2016-04-11,27,33.61934775159606
FOODS_3_202_TX_3_validation,2016-04-12,24,32.473675488619484
FOODS_3_202_TX_3_validation,2016-04-13,24,32.16722255036157
FOODS_3_202_TX_3_validation,2016-04-14,29,30.107987510259626
FOODS_3_202_TX_3_validation,2016-04-15,28,31.767007853288778
FOODS_3_202_TX_3_validation,2016-04-16,28,30.985489539839943
FOODS_3_202_TX_3_validation,2016-04-17,59,31.592332040175872
FOODS_3_202_TX_3_validation,2016-04-18,36,30.86673725095419
FOODS_3_202_TX_3_validation,2016-04-19,23,30.68990676915391
FOODS_3_202_TX_3_validation,2016-04-20,23,30.42838593670437
FOODS_3_202_TX_3_validation,2016-04-21,18,30.42579830995787
FOODS_3_202_TX_3_validation,2016-04-22,23,30.314804003936445
FOODS_3_202_TX_3_validation,2016-04-23,40,30.688188713007587
FOODS_3_202_TX_3_validation,2016-04-24,59,30.751067667203127
FOODS_3_226_WI_1_validation,2016-03-28,22,32.417724089783235
FOODS_3_226_WI_1_validation,2016-03-29,25,32.544742465341194
FOODS_3_226_WI_1_validation,2016-03-30,27,34.69284299884996
FOODS_3_226_WI_1_validation,2016-03-31,40,38.11115213941683
FOODS_3_226_WI_1_validation,2016-04-01,39,42.59090374858863
FOODS_3_226_WI_1_validation,2016-04-02,39,55.37668781546098
FOODS_3_226_WI_1_validation,2016-04-03,49,44.669612390911404
FOODS_3_226_WI_1_validation,2016-04-04,29,33.138404056579134
FOODS_3_226_WI_1_validation,2016-04-05,35,32.92871292700481
FOODS_3_226_WI_1_validation,2016-04-06,22,34.961492022219645
FOODS_3_226_WI_1_validation,2016-04-07,27,38.1446480039928
FOODS_3_226_WI_1_validation,2016-04-08,31,42.76858222027914
FOODS_3_226_WI_1_validation,2016-04-09,55,55.25511092726691
FOODS_3_226_WI_1_validation,2016-04-10,52,44.455492668632125
FOODS_3_226_WI_1_validation,2016-04-11,33,33.39886142221323
FOODS_3_226_WI_1_validation,2016-04-12,26,33.005503775414724
FOODS_3_226_WI_1_validation,2016-04-13,32,34.83312098747724
FOODS_3_226_WI_1_validation,2016-04-14,40,38.360673642457925
FOODS_3_226_WI_1_validation,2016-04-15,38,42.75817453192119
FOODS_3_226_WI_1_validation,2016-04-16,56,54.94704158338784
FOODS_3_226_WI_1_validation,2016-04-17,58,44.42841631765042
FOODS_3_226_WI_1_validation,2016-04-18,42,33.28410193671735
FOODS_3_226_WI_1_validation,2016-04-19,27,32.89418187229715
FOODS_3_226_WI_1_validation,2016-04-20,34,34.89105943299202
FOODS_3_226_WI_1_validation,2016-04-21,24,38.20188016481121
FOODS_3_226_WI_1_validation,2016-04-22,41,42.56042651549111
FOODS_3_226_WI_1_validation,2016-04-23,41,54.826871943453284
FOODS_3_226_WI_1_validation,2016-04-24,38,44.40127813326932
FOODS_3_226_WI_2_validation,2016-03-28,28,44.22183239613689
FOODS_3_226_WI_2_validation,2016-03-29,34,43.48873120778393
FOODS_3_226_WI_2_validation,2016-03-30,46,43.07159237989834
FOODS_3_226_WI_2_validation,2016-03-31,30,43.040992141248964
FOODS_3_226_WI_2_validation,2016-04-01,55,43.11443263825604
FOODS_3_226_WI_2_validation,2016-04-02,45,47.816261673118724
FOODS_3_226_WI_2_validation,2016-04-03,48,46.90716789066932
FOODS_3_226_WI_2_validation,2016-04-04,33,43.27099979585705
FOODS_3_226_WI_2_validation,2016-04-05,48,46.78727132634548
FOODS_3_226_WI_2_validation,2016-04-06,43,46.75658672213072
FOODS_3_226_WI_2_validation,2016-04-07,36,43.18141098605227
FOODS_3_226_WI_2_validation,2016-04-08,53,46.75564819404614
FOODS_3_226_WI_2_validation,2016-04-09,52,46.82588929392796
FOODS_3_226_WI_2_validation,2016-04-10,47,43.19767973457818
FOODS_3_226_WI_2_validation,2016-04-11,46,46.76428745323611
FOODS_3_226_WI_2_validation,2016-04-12,38,46.76077019217825
FOODS_3_226_WI_2_validation,2016-04-13,43,43.18791751118127
FOODS_3_226_WI_2_validation,2016-04-14,58,46.75850223667671
FOODS_3_226_WI_2_validation,2016-04-15,60,46.758699141415384
FOODS_3_226_WI_2_validation,2016-04-16,56,43.19221528442981
FOODS_3_226_WI_2_validation,2016-04-17,67,43.188617805393314
FOODS_3_226_WI_2_validation,2016-04-18,40,43.188348050383546
FOODS_3_226_WI_2_validation,2016-04-19,31,43.188126545007044
FOODS_3_226_WI_2_validation,2016-04-20,40,43.188002341491796
FOODS_3_226_WI_2_validation,2016-04-21,50,43.18798355900938
FOODS_3_226_WI_2_validation,2016-04-22,48,43.18799575476307
FOODS_3_226_WI_2_validation,2016-04-23,43,43.18827124491828
FOODS_3_226_WI_2_validation,2016-04-24,38,43.18804569371511
FOODS_3_226_WI_3_validation,2016-03-28,46,46.9992028702934
FOODS_3_226_WI_3_validation,2016-03-29,50,46.78527262820023
FOODS_3_226_WI_3_validation,2016-03-30,42,47.58325111876239
FOODS_3_226_WI_3_validation,2016-03-31,50,53.52375814884114
FOODS_3_226_WI_3_validation,2016-04-01,50,54.19181658193259
FOODS_3_226_WI_3_validation,2016-04-02,56,61.9094723278105
FOODS_3_226_WI_3_validation,2016-04-03,44,58.72033991227913
FOODS_3_226_WI_3_validation,2016-04-04,35,45.98668545787319
FOODS_3_226_WI_3_validation,2016-04-05,53,52.55480456551667
FOODS_3_226_WI_3_validation,2016-04-06,36,53.331646765971975
FOODS_3_226_WI_3_validation,2016-04-07,40,53.617903273377586
FOODS_3_226_WI_3_validation,2016-04-08,39,59.77046356097419
FOODS_3_226_WI_3_validation,2016-04-09,55,61.928604302820766
FOODS_3_226_WI_3_validation,2016-04-10,45,53.3173980297454
FOODS_3_226_WI_3_validation,2016-04-11,45,51.771469363045725
FOODS_3_226_WI_3_validation,2016-04-12,45,52.80930743418737
FOODS_3_226_WI_3_validation,2016-04-13,45,48.06321672720823
FOODS_3_226_WI_3_validation,2016-04-14,53,59.20608851950116
FOODS_3_226_WI_3_validation,2016-04-15,51,59.83893588356231
FOODS_3_226_WI_3_validation,2016-04-16,59,56.439015793065835
FOODS_3_226_WI_3_validation,2016-04-17,46,53.408362828596
FOODS_3_226_WI_3_validation,2016-04-18,49,46.5385021892506
FOODS_3_226_WI_3_validation,2016-04-19,38,47.549104080158294
FOODS_3_226_WI_3_validation,2016-04-20,37,48.28527258727842
FOODS_3_226_WI_3_validation,2016-04-21,43,53.78152240447712
FOODS_3_226_WI_3_validation,2016-04-22,55,54.397432942658725
FOODS_3_226_WI_3_validation,2016-04-23,40,56.4455374827063
FOODS_3_226_WI_3_validation,2016-04-24,38,53.49111449199288
FOODS_3_234_CA_3_validation,2016-03-28,13,10.5967323560968
FOODS_3_234_CA_3_validation,2016-03-29,4,12.21989499378937
FOODS_3_234_CA_3_validation,2016-03-30,2,15.778741570997463
FOODS_3_234_CA_3_validation,2016-03-31,7,13.526897860642343
FOODS_3_234_CA_3_validation,2016-04-01,27,25.94187515591816
FOODS_3_234_CA_3_validation,2016-04-02,8,26.481100987641895
FOODS_3_234_CA_3_validation,2016-04-03,12,26.002259170031515
FOODS_3_234_CA_3_validation,2016-04-04,10,27.337869910670385
FOODS_3_234_CA_3_validation,2016-04-05,16,26.896949860698122
FOODS_3_234_CA_3_validation,2016-04-06,8,28.64405669097537
FOODS_3_234_CA_3_validation,2016-04-07,41,26.235380625573946
FOODS_3_234_CA_3_validation,2016-04-08,19,26.76904556326705
FOODS_3_234_CA_3_validation,2016-04-09,2,27.11223922200191
FOODS_3_234_CA_3_validation,2016-04-10,0,26.6506047610957
FOODS_3_234_CA_3_validation,2016-04-11,0,16.275087939729154
FOODS_3_234_CA_3_validation,2016-04-12,0,15.888707434405708
FOODS_3_234_CA_3_validation,2016-04-13,12,17.36644936127369
FOODS_3_234_CA_3_validation,2016-04-14,65,15.318757890193503
FOODS_3_234_CA_3_validation,2016-04-15,8,15.7706245746351
FOODS_3_234_CA_3_validation,2016-04-16,1,16.061429837273163
FOODS_3_234_CA_3_validation,2016-04-17,34,15.669213908719433
FOODS_3_234_CA_3_validation,2016-04-18,27,16.61023822741447
FOODS_3_234_CA_3_validation,2016-04-19,2,16.28212733001561
FOODS_3_234_CA_3_validation,2016-04-20,2,17.53675690643005
FOODS_3_234_CA_3_validation,2016-04-21,0,15.79817810410891
FOODS_3_234_CA_3_validation,2016-04-22,0,16.18182348276796
FOODS_3_234_CA_3_validation,2016-04-23,0,16.428725021664793
FOODS_3_234_CA_3_validation,2016-04-24,0,16.095717859728033
FOODS_3_234_WI_2_validation,2016-03-28,0,2.192886122074915
FOODS_3_234_WI_2_validation,2016-03-29,0,2.691950689790674
FOODS_3_234_WI_2_validation,2016-03-30,0,2.7073030701125624
FOODS_3_234_WI_2_validation,2016-03-31,4,2.7475149213116428
FOODS_3_234_WI_2_validation,2016-04-01,0,2.744578634094211
FOODS_3_234_WI_2_validation,2016-04-02,0,17.273030704543547
FOODS_3_234_WI_2_validation,2016-04-03,0,17.2833779638514
FOODS_3_234_WI_2_validation,2016-04-04,0,2.938037271729389
FOODS_3_234_WI_2_validation,2016-04-05,0,17.508528240115723
FOODS_3_234_WI_2_validation,2016-04-06,0,17.519407168115777
FOODS_3_234_WI_2_validation,2016-04-07,0,2.9959346817268506
FOODS_3_234_WI_2_validation,2016-04-08,0,17.522730338940153
FOODS_3_234_WI_2_validation,2016-04-09,0,17.522890909634228
FOODS_3_234_WI_2_validation,2016-04-10,0,2.9967892353472276
FOODS_3_234_WI_2_validation,2016-04-11,0,17.522939958938146
FOODS_3_234_WI_2_validation,2016-04-12,0,17.52294232892789
FOODS_3_234_WI_2_validation,2016-04-13,1,2.9968018483793157
FOODS_3_234_WI_2_validation,2016-04-14,0,17.52294305288532
FOODS_3_234_WI_2_validation,2016-04-15,0,17.522943087865873
FOODS_3_234_WI_2_validation,2016-04-16,1,2.9968020345450226
FOODS_3_234_WI_2_validation,2016-04-17,0,2.9968020366498354
FOODS_3_234_WI_2_validation,2016-04-18,0,2.996802037166141
FOODS_3_234_WI_2_validation,2016-04-19,57,2.9968020372927895
FOODS_3_234_WI_2_validation,2016-04-20,82,2.996802037323856
FOODS_3_234_WI_2_validation,2016-04-21,41,2.9968020373314768
FOODS_3_234_WI_2_validation,2016-04-22,32,2.996802037333346
FOODS_3_234_WI_2_validation,2016-04-23,27,2.9968020373338047
FOODS_3_234_WI_2_validation,2016-04-24,12,2.996802037333917
FOODS_3_234_WI_3_validation,2016-03-28,9,16.830724262734197
FOODS_3_234_WI_3_validation,2016-03-29,17,19.54912967670846
FOODS_3_234_WI_3_validation,2016-03-30,20,18.12346607733659
FOODS_3_234_WI_3_validation,2016-03-31,16,17.659893283962816
FOODS_3_234_WI_3_validation,2016-04-01,25,17.446617752461627
FOODS_3_234_WI_3_validation,2016-04-02,42,33.68693519574959
FOODS_3_234_WI_3_validation,2016-04-03,47,32.34616785915452
FOODS_3_234_WI_3_validation,2016-04-04,2,18.186828386300746
FOODS_3_234_WI_3_validation,2016-04-05,31,32.42797186861869
FOODS_3_234_WI_3_validation,2016-04-06,39,32.40665061845165
FOODS_3_234_WI_3_validation,2016-04-07,19,18.325587785155864
FOODS_3_234_WI_3_validation,2016-04-08,35,32.40915037849919
FOODS_3_234_WI_3_validation,2016-04-09,83,32.40920358778735
FOODS_3_234_WI_3_validation,2016-04-10,48,18.32524149735465
FOODS_3_234_WI_3_validation,2016-04-11,23,32.40919734938896
FOODS_3_234_WI_3_validation,2016-04-12,53,32.40919721659992
FOODS_3_234_WI_3_validation,2016-04-13,0,18.325242361550103
FOODS_3_234_WI_3_validation,2016-04-14,17,32.40919723216847
FOODS_3_234_WI_3_validation,2016-04-15,43,32.40919723249985
FOODS_3_234_WI_3_validation,2016-04-16,7,18.325242359393418
FOODS_3_234_WI_3_validation,2016-04-17,21,18.325242359399514
FOODS_3_234_WI_3_validation,2016-04-18,17,18.325242359398686
FOODS_3_234_WI_3_validation,2016-04-19,7,18.3252423593988
FOODS_3_234_WI_3_validation,2016-04-20,2,18.325242359398786
FOODS_3_234_WI_3_validation,2016-04-21,8,18.32524235939879
FOODS_3_234_WI_3_validation,2016-04-22,14,18.32524235939879
FOODS_3_234_WI_3_validation,2016-04-23,12,18.32524235939879
FOODS_3_234_WI_3_validation,2016-04-24,8,18.32524235939879
FOODS_3_252_CA_1_validation,2016-03-28,24,30.471996343249334
FOODS_3_252_CA_1_validation,2016-03-29,28,26.58917883180107
FOODS_3_252_CA_1_validation,2016-03-30,25,28.065055516413594
FOODS_3_252_CA_1_validation,2016-03-31,26,28.940673705431255
FOODS_3_252_CA_1_validation,2016-04-01,45,37.04013165509628
FOODS_3_252_CA_1_validation,2016-04-02,68,52.117758310963374
FOODS_3_252_CA_1_validation,2016-04-03,52,50.20737011029944
FOODS_3_252_CA_1_validation,2016-04-04,33,30.981616213959068
FOODS_3_252_CA_1_validation,2016-04-05,32,28.34267127275313
FOODS_3_252_CA_1_validation,2016-04-06,34,30.163633249732243
FOODS_3_252_CA_1_validation,2016-04-07,40,31.13779681150606
FOODS_3_252_CA_1_validation,2016-04-08,45,37.155116908760384
FOODS_3_252_CA_1_validation,2016-04-09,59,52.11337545472086
FOODS_3_252_CA_1_validation,2016-04-10,37,50.22274979093223
FOODS_3_252_CA_1_validation,2016-04-11,32,29.101083827472173
FOODS_3_252_CA_1_validation,2016-04-12,18,26.485673487442693
FOODS_3_252_CA_1_validation,2016-04-13,37,28.291779350579223
FOODS_3_252_CA_1_validation,2016-04-14,27,29.258295386708216
FOODS_3_252_CA_1_validation,2016-04-15,23,35.224730152810565
FOODS_3_252_CA_1_validation,2016-04-16,57,50.05546908903687
FOODS_3_252_CA_1_validation,2016-04-17,49,48.18172910769859
FOODS_3_252_CA_1_validation,2016-04-18,21,29.28626787695889
FOODS_3_252_CA_1_validation,2016-04-19,46,26.693954641836633
FOODS_3_252_CA_1_validation,2016-04-20,24,28.48526213550497
FOODS_3_252_CA_1_validation,2016-04-21,35,29.44417565621859
FOODS_3_252_CA_1_validation,2016-04-22,33,35.36015515371641
FOODS_3_252_CA_1_validation,2016-04-23,49,50.06446562288035
FOODS_3_252_CA_1_validation,2016-04-24,52,48.20746607431586
FOODS_3_252_CA_2_validation,2016-03-28,11,28.657404864746304
FOODS_3_252_CA_2_validation,2016-03-29,35,26.274429979476103
FOODS_3_252_CA_2_validation,2016-03-30,28,25.439698151598222
FOODS_3_252_CA_2_validation,2016-03-31,37,26.438590710055706
FOODS_3_252_CA_2_validation,2016-04-01,29,30.7310847315422
FOODS_3_252_CA_2_validation,2016-04-02,56,47.875901167766024
FOODS_3_252_CA_2_validation,2016-04-03,53,42.6442149577438
FOODS_3_252_CA_2_validation,2016-04-04,34,24.916605171522324
FOODS_3_252_CA_2_validation,2016-04-05,39,24.616886255072238
FOODS_3_252_CA_2_validation,2016-04-06,40,24.356409056782436
FOODS_3_252_CA_2_validation,2016-04-07,29,25.50974106735807
FOODS_3_252_CA_2_validation,2016-04-08,26,30.427183307146013
FOODS_3_252_CA_2_validation,2016-04-09,41,47.532220529177295
FOODS_3_252_CA_2_validation,2016-04-10,48,42.31960535660803
FOODS_3_252_CA_2_validation,2016-04-11,23,25.242714852848938
FOODS_3_252_CA_2_validation,2016-04-12,16,24.94414951296034
FOODS_3_252_CA_2_validation,2016-04-13,27,24.684526783090813
FOODS_3_252_CA_2_validation,2016-04-14,8,25.834398455734632
FOODS_3_252_CA_2_validation,2016-04-15,35,30.73701146812283
FOODS_3_252_CA_2_validation,2016-04-16,59,47.7904493980305
FOODS_3_252_CA_2_validation,2016-04-17,55,42.59355950484741
FOODS_3_252_CA_2_validation,2016-04-18,43,24.973649112500983
FOODS_3_252_CA_2_validation,2016-04-19,37,24.67598448395627
FOODS_3_252_CA_2_validation,2016-04-20,23,24.41714496563552
FOODS_3_252_CA_2_validation,2016-04-21,25,25.563547825300837
FOODS_3_252_CA_2_validation,2016-04-22,27,30.45137113682736
FOODS_3_252_CA_2_validation,2016-04-23,41,47.45336399961734
FOODS_3_252_CA_2_validation,2016-04-24,38,42.27215155236404
FOODS_3_252_CA_3_validation,2016-03-28,36,45.15962342849493
FOODS_3_252_CA_3_validation,2016-03-29,43,42.88788706139511
FOODS_3_252_CA_3_validation,2016-03-30,30,39.33663905793392
FOODS_3_252_CA_3_validation,2016-03-31,24,36.147029005642
FOODS_3_252_CA_3_validation,2016-04-01,33,46.56535561294021
FOODS_3_252_CA_3_validation,2016-04-02,47,51.02150985373009
FOODS_3_252_CA_3_validation,2016-04-03,61,49.68535116860933
FOODS_3_252_CA_3_validation,2016-04-04,42,44.595033664675604
FOODS_3_252_CA_3_validation,2016-04-05,38,44.088826653104014
FOODS_3_252_CA_3_validation,2016-04-06,60,43.29732755958858
FOODS_3_252_CA_3_validation,2016-04-07,40,42.58640988444906
FOODS_3_252_CA_3_validation,2016-04-08,46,44.11767271685167
FOODS_3_252_CA_3_validation,2016-04-09,51,45.1108902644299
FOODS_3_252_CA_3_validation,2016-04-10,52,44.81307819537953
FOODS_3_252_CA_3_validation,2016-04-11,58,40.13032531927156
FOODS_3_252_CA_3_validation,2016-04-12,35,40.017498494935126
FOODS_3_252_CA_3_validation,2016-04-13,43,39.841083855427186
FOODS_3_252_CA_3_validation,2016-04-14,30,39.68262974454655
FOODS_3_252_CA_3_validation,2016-04-15,44,40.02392789911181
FOODS_3_252_CA_3_validation,2016-04-16,65,40.24530290338846
FOODS_3_252_CA_3_validation,2016-04-17,81,40.17892454728849
FOODS_3_252_CA_3_validation,2016-04-18,59,39.92604525130997
FOODS_3_252_CA_3_validation,2016-04-19,56,39.900897650182166
FOODS_3_252_CA_3_validation,2016-04-20,29,39.86157716931647
FOODS_3_252_CA_3_validation,2016-04-21,46,39.82625985181747
FOODS_3_252_CA_3_validation,2016-04-22,35,39.902330679009104
FOODS_3_252_CA_3_validation,2016-04-23,61,39.951672228237015
FOODS_3_252_CA_3_validation,2016-04-24,39,39.936877373976586
FOODS_3_252_TX_1_validation,2016-03-28,26,39.11342372916552
FOODS_3_252_TX_1_validation,2016-03-29,9,33.44531760804925
FOODS_3_252_TX_1_validation,2016-03-30,12,33.11503009744597
FOODS_3_252_TX_1_validation,2016-03-31,34,33.98382860606808
FOODS_3_252_TX_1_validation,2016-04-01,32,36.59306649205479
FOODS_3_252_TX_1_validation,2016-04-02,36,40.43809470652808
FOODS_3_252_TX_1_validation,2016-04-03,35,42.48058468037605
FOODS_3_252_TX_1_validation,2016-04-04,28,35.87331524469798
FOODS_3_252_TX_1_validation,2016-04-05,32,36.137956594040986
FOODS_3_252_TX_1_validation,2016-04-06,30,36.35132784036446
FOODS_3_252_TX_1_validation,2016-04-07,37,36.32067970173964
FOODS_3_252_TX_1_validation,2016-04-08,27,34.467676111501724
FOODS_3_252_TX_1_validation,2016-04-09,55,38.16934613629617
FOODS_3_252_TX_1_validation,2016-04-10,38,36.10765407262347
FOODS_3_252_TX_1_validation,2016-04-11,23,36.90053061088763
FOODS_3_252_TX_1_validation,2016-04-12,23,36.50964514109231
FOODS_3_252_TX_1_validation,2016-04-13,26,36.427259064847284
FOODS_3_252_TX_1_validation,2016-04-14,26,34.33433362876761
FOODS_3_252_TX_1_validation,2016-04-15,27,36.533325826625855
FOODS_3_252_TX_1_validation,2016-04-16,31,34.84461831452402
FOODS_3_252_TX_1_validation,2016-04-17,35,34.79515571086302
FOODS_3_252_TX_1_validation,2016-04-18,17,34.47665218364362
FOODS_3_252_TX_1_validation,2016-04-19,31,34.292422532179295
FOODS_3_252_TX_1_validation,2016-04-20,36,34.33528990016318
FOODS_3_252_TX_1_validation,2016-04-21,32,34.3096893358402
FOODS_3_252_TX_1_validation,2016-04-22,17,34.35908777309635
FOODS_3_252_TX_1_validation,2016-04-23,55,34.45935217530521
FOODS_3_252_TX_1_validation,2016-04-24,35,34.4880084900613
FOODS_3_252_TX_2_validation,2016-03-28,45,49.83060677378255
FOODS_3_252_TX_2_validation,2016-03-29,29,48.84354293344879
FOODS_3_252_TX_2_validation,2016-03-30,30,45.10404619563834
FOODS_3_252_TX_2_validation,2016-03-31,47,55.427772039902806
FOODS_3_252_TX_2_validation,2016-04-01,52,62.27501131161475
FOODS_3_252_TX_2_validation,2016-04-02,81,77.56601599865878
FOODS_3_252_TX_2_validation,2016-04-03,77,70.95539827868971
FOODS_3_252_TX_2_validation,2016-04-04,41,50.4694913198679
FOODS_3_252_TX_2_validation,2016-04-05,53,52.79205894120369
FOODS_3_252_TX_2_validation,2016-04-06,50,49.04281178738947
FOODS_3_252_TX_2_validation,2016-04-07,57,59.21615331117599
FOODS_3_252_TX_2_validation,2016-04-08,63,59.131499214350995
FOODS_3_252_TX_2_validation,2016-04-09,50,81.06531612407746
FOODS_3_252_TX_2_validation,2016-04-10,61,67.70016267120404
FOODS_3_252_TX_2_validation,2016-04-11,45,54.31439037092575
FOODS_3_252_TX_2_validation,2016-04-12,37,53.210796027108
FOODS_3_252_TX_2_validation,2016-04-13,31,49.51020957618619
FOODS_3_252_TX_2_validation,2016-04-14,32,56.11381049966398
FOODS_3_252_TX_2_validation,2016-04-15,56,62.87001623064917
FOODS_3_252_TX_2_validation,2016-04-16,48,77.68697080512862
FOODS_3_252_TX_2_validation,2016-04-17,63,67.89036045897345
FOODS_3_252_TX_2_validation,2016-04-18,22,51.278384989150496
FOODS_3_252_TX_2_validation,2016-04-19,32,50.18982631975706
FOODS_3_252_TX_2_validation,2016-04-20,31,46.537317030214126
FOODS_3_252_TX_2_validation,2016-04-21,39,56.45539976459533
FOODS_3_252_TX_2_validation,2016-04-22,63,59.7291367761498
FOODS_3_252_TX_2_validation,2016-04-23,91,77.75607493796484
FOODS_3_252_TX_2_validation,2016-04-24,46,68.08510128779166
FOODS_3_252_TX_3_validation,2016-03-28,24,33.372198355578206
FOODS_3_252_TX_3_validation,2016-03-29,18,30.863481640387214
FOODS_3_252_TX_3_validation,2016-03-30,16,34.88553521759428
FOODS_3_252_TX_3_validation,2016-03-31,37,40.86843659294663
FOODS_3_252_TX_3_validation,2016-04-01,29,47.45261070794944
FOODS_3_252_TX_3_validation,2016-04-02,60,48.466701223173615
FOODS_3_252_TX_3_validation,2016-04-03,30,49.925595461420016
FOODS_3_252_TX_3_validation,2016-04-04,23,35.47683691080199
FOODS_3_252_TX_3_validation,2016-04-05,25,33.5090406975633
FOODS_3_252_TX_3_validation,2016-04-06,16,37.08715431728373
FOODS_3_252_TX_3_validation,2016-04-07,36,42.9134777611505
FOODS_3_252_TX_3_validation,2016-04-08,41,45.506677555323016
FOODS_3_252_TX_3_validation,2016-04-09,45,50.42331906384674
FOODS_3_252_TX_3_validation,2016-04-10,43,47.95265450411425
FOODS_3_252_TX_3_validation,2016-04-11,38,37.50124637161813
FOODS_3_252_TX_3_validation,2016-04-12,32,33.59030471944056
FOODS_3_252_TX_3_validation,2016-04-13,36,37.148858312127985
FOODS_3_252_TX_3_validation,2016-04-14,33,40.97860863016811
FOODS_3_252_TX_3_validation,2016-04-15,37,47.47633931769745
FOODS_3_252_TX_3_validation,2016-04-16,39,48.44753457109417
FOODS_3_252_TX_3_validation,2016-04-17,28,47.94455507222144
FOODS_3_252_TX_3_validation,2016-04-18,20,35.596931743007026
FOODS_3_252_TX_3_validation,2016-04-19,43,31.70769962802632
FOODS_3_252_TX_3_validation,2016-04-20,25,35.24687997327952
FOODS_3_252_TX_3_validation,2016-04-21,21,41.00966315074632
FOODS_3_252_TX_3_validation,2016-04-22,36,45.517957195655875
FOODS_3_252_TX_3_validation,2016-04-23,64,48.43790759362902
FOODS_3_252_TX_3_validation,2016-04-24,20,47.93789361846866
FOODS_3_252_WI_3_validation,2016-03-28,18,19.08238855356261
FOODS_3_252_WI_3_validation,2016-03-29,17,17.11937470422137
FOODS_3_252_WI_3_validation,2016-03-30,10,15.09986937864348
FOODS_3_252_WI_3_validation,2016-03-31,15,15.30454491850099
FOODS_3_252_WI_3_validation,2016-04-01,13,17.82784228222678
FOODS_3_252_WI_3_validation,2016-04-02,25,19.006243892256528
FOODS_3_252_WI_3_validation,2016-04-03,31,19.86510639422342
FOODS_3_252_WI_3_validation,2016-04-04,5,17.279735908950798
FOODS_3_252_WI_3_validation,2016-04-05,14,18.276378686265996
FOODS_3_252_WI_3_validation,2016-04-06,9,18.409069166183535
FOODS_3_252_WI_3_validation,2016-04-07,9,16.092929417227992
FOODS_3_252_WI_3_validation,2016-04-08,12,18.880378812174715
FOODS_3_252_WI_3_validation,2016-04-09,27,18.321912029154774
FOODS_3_252_WI_3_validation,2016-04-10,9,17.01152222441089
FOODS_3_252_WI_3_validation,2016-04-11,23,18.368584418922115
FOODS_3_252_WI_3_validation,2016-04-12,18,18.582833791336128
FOODS_3_252_WI_3_validation,2016-04-13,11,16.373245855882768
FOODS_3_252_WI_3_validation,2016-04-14,11,18.51067190168109
FOODS_3_252_WI_3_validation,2016-04-15,26,18.351999053413962
FOODS_3_252_WI_3_validation,2016-04-16,35,16.681669098878775
FOODS_3_252_WI_3_validation,2016-04-17,39,16.49060467025591
FOODS_3_252_WI_3_validation,2016-04-18,24,16.676305607233967
FOODS_3_252_WI_3_validation,2016-04-19,10,16.44833526193138
FOODS_3_252_WI_3_validation,2016-04-20,13,16.642411834424735
FOODS_3_252_WI_3_validation,2016-04-21,23,16.447224227174615
FOODS_3_252_WI_3_validation,2016-04-22,16,16.649362677722557
FOODS_3_252_WI_3_validation,2016-04-23,28,16.46685417332431
FOODS_3_252_WI_3_validation,2016-04-24,34,16.641922178220515
FOODS_3_281_CA_3_validation,2016-03-28,24,20.18045055776978
FOODS_3_281_CA_3_validation,2016-03-29,114,19.37291228214204
FOODS_3_281_CA_3_validation,2016-03-30,6,19.009788317319103
FOODS_3_281_CA_3_validation,2016-03-31,19,18.800702828863407
FOODS_3_281_CA_3_validation,2016-04-01,33,20.1980313841422
FOODS_3_281_CA_3_validation,2016-04-02,20,21.086109658278797
FOODS_3_281_CA_3_validation,2016-04-03,18,20.62382001166966
FOODS_3_281_CA_3_validation,2016-04-04,9,18.824408031786504
FOODS_3_281_CA_3_validation,2016-04-05,15,19.498544221619063
FOODS_3_281_CA_3_validation,2016-04-06,10,19.46874265946324
FOODS_3_281_CA_3_validation,2016-04-07,16,19.33890930845772
FOODS_3_281_CA_3_validation,2016-04-08,15,20.62516089671804
FOODS_3_281_CA_3_validation,2016-04-09,19,21.47333304067206
FOODS_3_281_CA_3_validation,2016-04-10,14,21.034262650966042
FOODS_3_281_CA_3_validation,2016-04-11,10,19.26139333537346
FOODS_3_281_CA_3_validation,2016-04-12,21,19.902760353732756
FOODS_3_281_CA_3_validation,2016-04-13,23,19.874416540117974
FOODS_3_281_CA_3_validation,2016-04-14,12,19.75090261316757
FOODS_3_281_CA_3_validation,2016-04-15,37,20.974564842717776
FOODS_3_281_CA_3_validation,2016-04-16,9,21.78146453501358
FOODS_3_281_CA_3_validation,2016-04-17,0,21.363759573589476
FOODS_3_281_CA_3_validation,2016-04-18,1,19.73535837577206
FOODS_3_281_CA_3_validation,2016-04-19,16,20.34551611692575
FOODS_3_281_CA_3_validation,2016-04-20,12,20.318551529325806
FOODS_3_281_CA_3_validation,2016-04-21,14,20.201047859222342
FOODS_3_281_CA_3_validation,2016-04-22,12,21.365165999898046
FOODS_3_281_CA_3_validation,2016-04-23,23,22.13280150160652
FOODS_3_281_CA_3_validation,2016-04-24,15,21.73542229736433
FOODS_3_282_CA_3_validation,2016-03-28,53,77.19529539488488
FOODS_3_282_CA_3_validation,2016-03-29,45,69.00968976441946
FOODS_3_282_CA_3_validation,2016-03-30,35,63.28607319230175
FOODS_3_282_CA_3_validation,2016-03-31,22,60.63568211539686
FOODS_3_282_CA_3_validation,2016-04-01,34,58.496319663969565
FOODS_3_282_CA_3_validation,2016-04-02,63,77.29238997415132
FOODS_3_282_CA_3_validation,2016-04-03,85,91.30863469925767
FOODS_3_282_CA_3_validation,2016-04-04,55,74.18034081941393
FOODS_3_282_CA_3_validation,2016-04-05,46,67.01444095808006
FOODS_3_282_CA_3_validation,2016-04-06,35,62.15910629261629
FOODS_3_282_CA_3_validation,2016-04-07,36,60.23148700803036
FOODS_3_282_CA_3_validation,2016-04-08,32,55.69428198405591
FOODS_3_282_CA_3_validation,2016-04-09,54,74.7361634220296
FOODS_3_282_CA_3_validation,2016-04-10,85,89.00119933252526
FOODS_3_282_CA_3_validation,2016-04-11,43,69.44745351574696
FOODS_3_282_CA_3_validation,2016-04-12,31,62.73032061321378
FOODS_3_282_CA_3_validation,2016-04-13,47,58.24588951869919
FOODS_3_282_CA_3_validation,2016-04-14,33,56.6079822417949
FOODS_3_282_CA_3_validation,2016-04-15,31,52.36496401011618
FOODS_3_282_CA_3_validation,2016-04-16,47,71.32802601202124
FOODS_3_282_CA_3_validation,2016-04-17,73,85.55837450032024
FOODS_3_282_CA_3_validation,2016-04-18,39,69.46610984802355
FOODS_3_282_CA_3_validation,2016-04-19,46,62.97856099518681
FOODS_3_282_CA_3_validation,2016-04-20,26,58.67427083070757
FOODS_3_282_CA_3_validation,2016-04-21,20,57.16028059336932
FOODS_3_282_CA_3_validation,2016-04-22,11,53.066321115579726
FOODS_3_282_CA_3_validation,2016-04-23,20,71.82894537044814
FOODS_3_282_CA_3_validation,2016-04-24,38,85.91809774318949
FOODS_3_288_CA_3_validation,2016-03-28,29,47.9431010573464
FOODS_3_288_CA_3_validation,2016-03-29,21,44.32635078394745
FOODS_3_288_CA_3_validation,2016-03-30,34,41.19217558504816
FOODS_3_288_CA_3_validation,2016-03-31,33,38.269049106574144
FOODS_3_288_CA_3_validation,2016-04-01,32,40.62639171425813
FOODS_3_288_CA_3_validation,2016-04-02,38,43.84331957140472
FOODS_3_288_CA_3_validation,2016-04-03,66,42.85818300350761
FOODS_3_288_CA_3_validation,2016-04-04,31,41.27427741307136
FOODS_3_288_CA_3_validation,2016-04-05,43,40.53881062165367
FOODS_3_288_CA_3_validation,2016-04-06,28,39.92859536022184
FOODS_3_288_CA_3_validation,2016-04-07,25,39.379518213626014
FOODS_3_288_CA_3_validation,2016-04-08,31,39.61999968357729
FOODS_3_288_CA_3_validation,2016-04-09,44,40.17297264475028
FOODS_3_288_CA_3_validation,2016-04-10,59,39.992395185624595
FOODS_3_288_CA_3_validation,2016-04-11,32,38.83971167756848
FOODS_3_288_CA_3_validation,2016-04-12,18,38.7078138189857
FOODS_3_288_CA_3_validation,2016-04-13,26,38.59899495682597
FOODS_3_288_CA_3_validation,2016-04-14,26,38.50155476746137
FOODS_3_288_CA_3_validation,2016-04-15,23,38.54327308163659
FOODS_3_288_CA_3_validation,2016-04-16,48,38.64014233033705
FOODS_3_288_CA_3_validation,2016-04-17,52,38.60820673728518
FOODS_3_288_CA_3_validation,2016-04-18,37,38.558379199219125
FOODS_3_288_CA_3_validation,2016-04-19,33,38.53512622564653
FOODS_3_288_CA_3_validation,2016-04-20,14,38.515957862598476
FOODS_3_288_CA_3_validation,2016-04-21,28,38.49880618355877
FOODS_3_288_CA_3_validation,2016-04-22,21,38.50612459727501
FOODS_3_288_CA_3_validation,2016-04-23,41,38.52314289573399
FOODS_3_288_CA_3_validation,2016-04-24,64,38.51752437382989
FOODS_3_318_CA_3_validation,2016-03-28,6,47.81203249210604
FOODS_3_318_CA_3_validation,2016-03-29,10,45.628350427769696
FOODS_3_318_CA_3_validation,2016-03-30,20,43.987101380768806
FOODS_3_318_CA_3_validation,2016-03-31,26,44.01855393306211
FOODS_3_318_CA_3_validation,2016-04-01,33,45.481351669710634
FOODS_3_318_CA_3_validation,2016-04-02,41,46.02994552095293
FOODS_3_318_CA_3_validation,2016-04-03,20,45.672655727106836
FOODS_3_318_CA_3_validation,2016-04-04,30,45.35531486844751
FOODS_3_318_CA_3_validation,2016-04-05,13,45.17032033617516
FOODS_3_318_CA_3_validation,2016-04-06,24,45.04192214515533
FOODS_3_318_CA_3_validation,2016-04-07,25,45.00092948744367
FOODS_3_318_CA_3_validation,2016-04-08,11,44.94543700528674
FOODS_3_318_CA_3_validation,2016-04-09,31,44.94890137988473
FOODS_3_318_CA_3_validation,2016-04-10,26,44.92377342785513
FOODS_3_318_CA_3_validation,2016-04-11,23,42.70743101095392
FOODS_3_318_CA_3_validation,2016-04-12,12,42.695560736574556
FOODS_3_318_CA_3_validation,2016-04-13,32,42.687549367713245
FOODS_3_318_CA_3_validation,2016-04-14,32,42.68398606084587
FOODS_3_318_CA_3_validation,2016-04-15,13,42.68056825703263
FOODS_3_318_CA_3_validation,2016-04-16,18,42.6798713927719
FOODS_3_318_CA_3_validation,2016-04-17,0,42.67836888694219
FOODS_3_318_CA_3_validation,2016-04-18,37,42.67727009756491
FOODS_3_318_CA_3_validation,2016-04-19,23,42.67658967707967
FOODS_3_318_CA_3_validation,2016-04-20,16,42.676136869663395
FOODS_3_318_CA_3_validation,2016-04-21,23,42.675906291572126
FOODS_3_318_CA_3_validation,2016-04-22,25,42.67571441032493
FOODS_3_318_CA_3_validation,2016-04-23,29,42.675648530974485
FOODS_3_318_CA_3_validation,2016-04-24,28,42.67556550449667
FOODS_3_318_WI_3_validation,2016-03-28,25,32.91852289469675
FOODS_3_318_WI_3_validation,2016-03-29,11,32.32877715964045
FOODS_3_318_WI_3_validation,2016-03-30,5,32.80335659295185
FOODS_3_318_WI_3_validation,2016-03-31,14,30.796783940779253
FOODS_3_318_WI_3_validation,2016-04-01,28,29.667553885899785
FOODS_3_318_WI_3_validation,2016-04-02,25,39.48642398425006
FOODS_3_318_WI_3_validation,2016-04-03,38,38.816561955445344
FOODS_3_318_WI_3_validation,2016-04-04,22,25.944221176742097
FOODS_3_318_WI_3_validation,2016-04-05,22,32.46452727377358
FOODS_3_318_WI_3_validation,2016-04-06,16,33.84555807401259
FOODS_3_318_WI_3_validation,2016-04-07,24,26.4425558083042
FOODS_3_318_WI_3_validation,2016-04-08,14,32.223031656813205
FOODS_3_318_WI_3_validation,2016-04-09,23,36.32340543280123
FOODS_3_318_WI_3_validation,2016-04-10,26,29.93920541892014
FOODS_3_318_WI_3_validation,2016-04-11,35,30.057455837859404
FOODS_3_318_WI_3_validation,2016-04-12,22,30.712710340396665
FOODS_3_318_WI_3_validation,2016-04-13,23,26.155056224607634
FOODS_3_318_WI_3_validation,2016-04-14,18,31.475247017791755
FOODS_3_318_WI_3_validation,2016-04-15,25,31.271574678151904
FOODS_3_318_WI_3_validation,2016-04-16,48,29.26330327345866
FOODS_3_318_WI_3_validation,2016-04-17,28,29.26520756252864
FOODS_3_318_WI_3_validation,2016-04-18,18,23.429808450035676
FOODS_3_318_WI_3_validation,2016-04-19,14,24.192145969896337
FOODS_3_318_WI_3_validation,2016-04-20,10,25.92176987194612
FOODS_3_318_WI_3_validation,2016-04-21,14,25.129947187354176
FOODS_3_318_WI_3_validation,2016-04-22,33,25.005421885563926
FOODS_3_318_WI_3_validation,2016-04-23,52,29.193925080403062
FOODS_3_318_WI_3_validation,2016-04-24,14,29.25038882337027
FOODS_3_319_CA_3_validation,2016-03-28,37,14.987850940879836
FOODS_3_319_CA_3_validation,2016-03-29,19,15.4384885877955
FOODS_3_319_CA_3_validation,2016-03-30,15,14.05748263506732
FOODS_3_319_CA_3_validation,2016-03-31,0,14.930006262215098
FOODS_3_319_CA_3_validation,2016-04-01,0,18.41904190336256
FOODS_3_319_CA_3_validation,2016-04-02,0,19.80144665304845
FOODS_3_319_CA_3_validation,2016-04-03,0,19.20541990066662
FOODS_3_319_CA_3_validation,2016-04-04,0,19.197317161881344
FOODS_3_319_CA_3_validation,2016-04-05,0,19.24614442622631
FOODS_3_319_CA_3_validation,2016-04-06,2,19.082512553335924
FOODS_3_319_CA_3_validation,2016-04-07,0,19.18322344668997
FOODS_3_319_CA_3_validation,2016-04-08,0,19.082789994452558
FOODS_3_319_CA_3_validation,2016-04-09,0,19.243950102625174
FOODS_3_319_CA_3_validation,2016-04-10,0,19.174040801165884
FOODS_3_319_CA_3_validation,2016-04-11,0,14.83093884189856
FOODS_3_319_CA_3_validation,2016-04-12,0,14.836565561730096
FOODS_3_319_CA_3_validation,2016-04-13,0,14.817393189215643
FOODS_3_319_CA_3_validation,2016-04-14,0,14.829138112119995
FOODS_3_319_CA_3_validation,2016-04-15,0,14.817383634846152
FOODS_3_319_CA_3_validation,2016-04-16,0,14.836211970430975
FOODS_3_319_CA_3_validation,2016-04-17,0,14.828035557693042
FOODS_3_319_CA_3_validation,2016-04-18,0,14.827905596798871
FOODS_3_319_CA_3_validation,2016-04-19,0,14.828561591889683
FOODS_3_319_CA_3_validation,2016-04-20,0,14.826319665032447
FOODS_3_319_CA_3_validation,2016-04-21,0,14.827691910238382
FOODS_3_319_CA_3_validation,2016-04-22,0,14.826317670049546
FOODS_3_319_CA_3_validation,2016-04-23,0,14.828518231089816
FOODS_3_319_CA_3_validation,2016-04-24,0,14.827562426696716
FOODS_3_376_WI_2_validation,2016-03-28,18,26.59694023270758
FOODS_3_376_WI_2_validation,2016-03-29,23,24.917096880454892
FOODS_3_376_WI_2_validation,2016-03-30,17,24.339027222314485
FOODS_3_376_WI_2_validation,2016-03-31,39,23.58113633516904
FOODS_3_376_WI_2_validation,2016-04-01,38,22.911353856187826
FOODS_3_376_WI_2_validation,2016-04-02,42,29.92080590822153
FOODS_3_376_WI_2_validation,2016-04-03,56,31.148089299739603
FOODS_3_376_WI_2_validation,2016-04-04,22,22.575180573412865
FOODS_3_376_WI_2_validation,2016-04-05,28,29.581255996957786
FOODS_3_376_WI_2_validation,2016-04-06,49,29.325297438407212
FOODS_3_376_WI_2_validation,2016-04-07,38,21.734336143289177
FOODS_3_376_WI_2_validation,2016-04-08,44,28.916338570471872
FOODS_3_376_WI_2_validation,2016-04-09,75,28.77413673609592
FOODS_3_376_WI_2_validation,2016-04-10,36,21.366067395675547
FOODS_3_376_WI_2_validation,2016-04-11,61,28.590209753913236
FOODS_3_376_WI_2_validation,2016-04-12,38,28.504124828411804
FOODS_3_376_WI_2_validation,2016-04-13,36,21.06828810042178
FOODS_3_376_WI_2_validation,2016-04-14,74,28.378966080212884
FOODS_3_376_WI_2_validation,2016-04-15,71,28.332452703667023
FOODS_3_376_WI_2_validation,2016-04-16,46,20.927487579239003
FOODS_3_376_WI_2_validation,2016-04-17,69,20.900507566725842
FOODS_3_376_WI_2_validation,2016-04-18,5,20.872963671590163
FOODS_3_376_WI_2_validation,2016-04-19,7,20.851978086742513
FOODS_3_376_WI_2_validation,2016-04-20,24,20.834908258625035
FOODS_3_376_WI_2_validation,2016-04-21,30,20.820908598200884
FOODS_3_376_WI_2_validation,2016-04-22,26,20.809449579190236
FOODS_3_376_WI_2_validation,2016-04-23,69,20.800098566280123
FOODS_3_376_WI_2_validation,2016-04-24,70,20.792636003647385
FOODS_3_377_TX_2_validation,2016-03-28,24,26.203514869354144
FOODS_3_377_TX_2_validation,2016-03-29,22,24.909661292324795
FOODS_3_377_TX_2_validation,2016-03-30,19,27.41371995679615
FOODS_3_377_TX_2_validation,2016-03-31,16,26.244318684918873
FOODS_3_377_TX_2_validation,2016-04-01,32,32.70085803075103
FOODS_3_377_TX_2_validation,2016-04-02,34,28.034189232413407
FOODS_3_377_TX_2_validation,2016-04-03,27,29.80316838403963
FOODS_3_377_TX_2_validation,2016-04-04,30,28.08606986535887
FOODS_3_377_TX_2_validation,2016-04-05,31,29.78985167542363
FOODS_3_377_TX_2_validation,2016-04-06,13,30.62020057773275
FOODS_3_377_TX_2_validation,2016-04-07,27,30.19013436113441
FOODS_3_377_TX_2_validation,2016-04-08,32,29.328823014538152
FOODS_3_377_TX_2_validation,2016-04-09,26,30.721803401554258
FOODS_3_377_TX_2_validation,2016-04-10,30,28.473601941040346
FOODS_3_377_TX_2_validation,2016-04-11,22,30.743247482079834
FOODS_3_377_TX_2_validation,2016-04-12,27,30.653774540092332
FOODS_3_377_TX_2_validation,2016-04-13,21,30.849177743086486
FOODS_3_377_TX_2_validation,2016-04-14,22,28.57662797230768
FOODS_3_377_TX_2_validation,2016-04-15,39,31.11633314481618
FOODS_3_377_TX_2_validation,2016-04-16,36,28.728513237503133
FOODS_3_377_TX_2_validation,2016-04-17,32,28.679643818515842
FOODS_3_377_TX_2_validation,2016-04-18,18,28.73172155680694
FOODS_3_377_TX_2_validation,2016-04-19,25,28.679621503148052
FOODS_3_377_TX_2_validation,2016-04-20,28,28.76022815256228
FOODS_3_377_TX_2_validation,2016-04-21,22,28.714840060145896
FOODS_3_377_TX_2_validation,2016-04-22,28,28.83639453872969
FOODS_3_377_TX_2_validation,2016-04-23,39,28.76115087520532
FOODS_3_377_TX_2_validation,2016-04-24,28,28.762426220728774
FOODS_3_377_TX_3_validation,2016-03-28,41,39.10757821069624
FOODS_3_377_TX_3_validation,2016-03-29,27,39.07253080038473
FOODS_3_377_TX_3_validation,2016-03-30,28,41.82024144043348
FOODS_3_377_TX_3_validation,2016-03-31,38,41.10973473631481
FOODS_3_377_TX_3_validation,2016-04-01,56,48.30328287138032
FOODS_3_377_TX_3_validation,2016-04-02,44,45.14494844854403
FOODS_3_377_TX_3_validation,2016-04-03,39,44.12145890775954
FOODS_3_377_TX_3_validation,2016-04-04,44,40.84123891762268
FOODS_3_377_TX_3_validation,2016-04-05,43,44.10814744982675
FOODS_3_377_TX_3_validation,2016-04-06,33,44.59293241158713
FOODS_3_377_TX_3_validation,2016-04-07,39,44.53268382878629
FOODS_3_377_TX_3_validation,2016-04-08,44,42.208841841440595
FOODS_3_377_TX_3_validation,2016-04-09,57,45.400394536935174
FOODS_3_377_TX_3_validation,2016-04-10,40,41.306615394309446
FOODS_3_377_TX_3_validation,2016-04-11,38,44.45064669387523
FOODS_3_377_TX_3_validation,2016-04-12,56,44.44455971876345
FOODS_3_377_TX_3_validation,2016-04-13,41,44.57946209795892
FOODS_3_377_TX_3_validation,2016-04-14,42,41.409391260006785
FOODS_3_377_TX_3_validation,2016-04-15,42,44.738855335396124
FOODS_3_377_TX_3_validation,2016-04-16,45,41.60248273765579
FOODS_3_377_TX_3_validation,2016-04-17,41,41.40572278538636
FOODS_3_377_TX_3_validation,2016-04-18,23,41.39732563825731
FOODS_3_377_TX_3_validation,2016-04-19,43,41.40484068346181
FOODS_3_377_TX_3_validation,2016-04-20,39,41.42705838938871
FOODS_3_377_TX_3_validation,2016-04-21,42,41.424941840933776
FOODS_3_377_TX_3_validation,2016-04-22,52,41.46295364108614
FOODS_3_377_TX_3_validation,2016-04-23,48,41.46625432973284
FOODS_3_377_TX_3_validation,2016-04-24,50,41.41997330406122
FOODS_3_412_WI_2_validation,2016-03-28,0,12.223474255041674
FOODS_3_412_WI_2_validation,2016-03-29,0,16.159617592995524
FOODS_3_412_WI_2_validation,2016-03-30,1,16.49490717504207
FOODS_3_412_WI_2_validation,2016-03-31,0,15.94207876339164
FOODS_3_412_WI_2_validation,2016-04-01,0,15.482869238906595
FOODS_3_412_WI_2_validation,2016-04-02,0,23.83994317872397
FOODS_3_412_WI_2_validation,2016-04-03,0,23.780127791258444
FOODS_3_412_WI_2_validation,2016-04-04,0,15.209242862706628
FOODS_3_412_WI_2_validation,2016-04-05,0,23.793294437844814
FOODS_3_412_WI_2_validation,2016-04-06,0,23.802013382054035
FOODS_3_412_WI_2_validation,2016-04-07,0,15.234124992615673
FOODS_3_412_WI_2_validation,2016-04-08,2,23.80653686328754
FOODS_3_412_WI_2_validation,2016-04-09,0,23.80640319237462
FOODS_3_412_WI_2_validation,2016-04-10,83,15.23457722777357
FOODS_3_412_WI_2_validation,2016-04-11,90,23.805975821577725
FOODS_3_412_WI_2_validation,2016-04-12,4,23.805914674570857
FOODS_3_412_WI_2_validation,2016-04-13,0,15.23434361582685
FOODS_3_412_WI_2_validation,2016-04-14,0,23.80590833490422
FOODS_3_412_WI_2_validation,2016-04-15,0,23.805913753039498
FOODS_3_412_WI_2_validation,2016-04-16,0,15.234356516000897
FOODS_3_412_WI_2_validation,2016-04-17,85,15.234357501667947
FOODS_3_412_WI_2_validation,2016-04-18,25,15.234357612814069
FOODS_3_412_WI_2_validation,2016-04-19,21,15.234357493647822
FOODS_3_412_WI_2_validation,2016-04-20,12,15.234357386855129
FOODS_3_412_WI_2_validation,2016-04-21,0,15.234357335087259
FOODS_3_412_WI_2_validation,2016-04-22,9,15.234357319838807
FOODS_3_412_WI_2_validation,2016-04-23,27,15.234357319426508
FOODS_3_412_WI_2_validation,2016-04-24,35,15.234357322196608
FOODS_3_462_WI_2_validation,2016-03-28,41,29.61916440506488
FOODS_3_462_WI_2_validation,2016-03-29,26,27.993894780162574
FOODS_3_462_WI_2_validation,2016-03-30,17,27.253567093516967
FOODS_3_462_WI_2_validation,2016-03-31,21,26.564095600609793
FOODS_3_462_WI_2_validation,2016-04-01,29,25.921986777575583
FOODS_3_462_WI_2_validation,2016-04-02,37,33.204849161471216
FOODS_3_462_WI_2_validation,2016-04-03,51,32.64792855988395
FOODS_3_462_WI_2_validation,2016-04-04,20,24.24840307889529
FOODS_3_462_WI_2_validation,2016-04-05,11,31.646230900870382
FOODS_3_462_WI_2_validation,2016-04-06,27,31.19637828236034
FOODS_3_462_WI_2_validation,2016-04-07,35,22.896565838539434
FOODS_3_462_WI_2_validation,2016-04-08,40,30.38725699365537
FOODS_3_462_WI_2_validation,2016-04-09,65,30.023888538971562
FOODS_3_462_WI_2_validation,2016-04-10,39,21.804619301384474
FOODS_3_462_WI_2_validation,2016-04-11,48,29.370320814274784
FOODS_3_462_WI_2_validation,2016-04-12,19,29.07680994332194
FOODS_3_462_WI_2_validation,2016-04-13,26,20.922599480943045
FOODS_3_462_WI_2_validation,2016-04-14,33,28.548890610672817
FOODS_3_462_WI_2_validation,2016-04-15,22,28.311807203302028
FOODS_3_462_WI_2_validation,2016-04-16,42,20.2101479668987
FOODS_3_462_WI_2_validation,2016-04-17,29,20.00451828370049
FOODS_3_462_WI_2_validation,2016-04-18,4,19.8130141602993
FOODS_3_462_WI_2_validation,2016-04-19,17,19.634665253131512
FOODS_3_462_WI_2_validation,2016-04-20,7,19.46856787557632
FOODS_3_462_WI_2_validation,2016-04-21,5,19.313880419012555
FOODS_3_462_WI_2_validation,2016-04-22,14,19.16981908842222
FOODS_3_462_WI_2_validation,2016-04-23,49,19.035653930933165
FOODS_3_462_WI_2_validation,2016-04-24,45,18.91070513717775
FOODS_3_501_CA_3_validation,2016-03-28,11,22.1655845610182
FOODS_3_501_CA_3_validation,2016-03-29,13,18.946356228448614
FOODS_3_501_CA_3_validation,2016-03-30,34,18.54443457704304
FOODS_3_501_CA_3_validation,2016-03-31,15,17.563552139447555
FOODS_3_501_CA_3_validation,2016-04-01,10,20.016368178115982
FOODS_3_501_CA_3_validation,2016-04-02,9,21.91496964911643
FOODS_3_501_CA_3_validation,2016-04-03,37,23.193294717850904
FOODS_3_501_CA_3_validation,2016-04-04,12,21.580682201258846
FOODS_3_501_CA_3_validation,2016-04-05,23,19.80703279053848
FOODS_3_501_CA_3_validation,2016-04-06,17,19.384783211311586
FOODS_3_501_CA_3_validation,2016-04-07,28,18.78729712765012
FOODS_3_501_CA_3_validation,2016-04-08,17,19.75272288562718
FOODS_3_501_CA_3_validation,2016-04-09,13,21.686751519049437
FOODS_3_501_CA_3_validation,2016-04-10,18,22.974822491385503
FOODS_3_501_CA_3_validation,2016-04-11,26,19.94977969532121
FOODS_3_501_CA_3_validation,2016-04-12,13,18.299868094766527
FOODS_3_501_CA_3_validation,2016-04-13,13,17.926545116226745
FOODS_3_501_CA_3_validation,2016-04-14,14,17.377676041412485
FOODS_3_501_CA_3_validation,2016-04-15,8,18.31115846612452
FOODS_3_501_CA_3_validation,2016-04-16,17,20.16254541870561
FOODS_3_501_CA_3_validation,2016-04-17,20,21.39589334732756
FOODS_3_501_CA_3_validation,2016-04-18,17,19.99421125361856
FOODS_3_501_CA_3_validation,2016-04-19,21,18.426518816279785
FOODS_3_501_CA_3_validation,2016-04-20,8,18.07314233965133
FOODS_3_501_CA_3_validation,2016-04-21,12,17.551815139507564
FOODS_3_501_CA_3_validation,2016-04-22,8,18.441259906349483
FOODS_3_501_CA_3_validation,2016-04-23,16,20.204227661244495
FOODS_3_501_CA_3_validation,2016-04-24,23,21.37845474751449
FOODS_3_541_CA_3_validation,2016-03-28,23,24.679949488813712
FOODS_3_541_CA_3_validation,2016-03-29,21,20.928266916114612
FOODS_3_541_CA_3_validation,2016-03-30,17,18.90494321968126
FOODS_3_541_CA_3_validation,2016-03-31,0,21.48188168094612
FOODS_3_541_CA_3_validation,2016-04-01,0,21.25035714176081
FOODS_3_541_CA_3_validation,2016-04-02,0,21.086554258821845
FOODS_3_541_CA_3_validation,2016-04-03,0,24.224496679173633
FOODS_3_541_CA_3_validation,2016-04-04,0,22.75263450293729
FOODS_3_541_CA_3_validation,2016-04-05,0,21.39000611325624
FOODS_3_541_CA_3_validation,2016-04-06,0,21.435355889961393
FOODS_3_541_CA_3_validation,2016-04-07,0,21.528260991917996
FOODS_3_541_CA_3_validation,2016-04-08,0,21.425117702678772
FOODS_3_541_CA_3_validation,2016-04-09,0,21.001815138730304
FOODS_3_541_CA_3_validation,2016-04-10,0,22.031211760713344
FOODS_3_541_CA_3_validation,2016-04-11,0,19.198617676743815
FOODS_3_541_CA_3_validation,2016-04-12,0,19.209942278738218
FOODS_3_541_CA_3_validation,2016-04-13,0,18.939096636227866
FOODS_3_541_CA_3_validation,2016-04-14,0,19.21784163421517
FOODS_3_541_CA_3_validation,2016-04-15,0,18.95678592757552
FOODS_3_541_CA_3_validation,2016-04-16,0,19.086420505354177
FOODS_3_541_CA_3_validation,2016-04-17,0,19.103824706568926
FOODS_3_541_CA_3_validation,2016-04-18,0,19.15309661563632
FOODS_3_541_CA_3_validation,2016-04-19,0,18.98221078701629
FOODS_3_541_CA_3_validation,2016-04-20,0,19.08404308765142
FOODS_3_541_CA_3_validation,2016-04-21,0,18.996236913903186
FOODS_3_541_CA_3_validation,2016-04-22,0,19.076456999937445
FOODS_3_541_CA_3_validation,2016-04-23,0,18.97853970980605
FOODS_3_541_CA_3_validation,2016-04-24,0,19.09831491861141
FOODS_3_547_WI_2_validation,2016-03-28,4,21.896508008466913
FOODS_3_547_WI_2_validation,2016-03-29,1,18.87238069899464
FOODS_3_547_WI_2_validation,2016-03-30,0,18.289553562277156
FOODS_3_547_WI_2_validation,2016-03-31,1,17.8530033840317
FOODS_3_547_WI_2_validation,2016-04-01,0,15.823915289582548
FOODS_3_547_WI_2_validation,2016-04-02,89,29.550527005445133
FOODS_3_547_WI_2_validation,2016-04-03,66,30.82500295632079
FOODS_3_547_WI_2_validation,2016-04-04,1,17.517105787832584
FOODS_3_547_WI_2_validation,2016-04-05,0,30.533516356206313
FOODS_3_547_WI_2_validation,2016-04-06,0,30.472844983458337
FOODS_3_547_WI_2_validation,2016-04-07,0,17.165170669366557
FOODS_3_547_WI_2_validation,2016-04-08,1,30.254774951623155
FOODS_3_547_WI_2_validation,2016-04-09,3,30.297093619206983
FOODS_3_547_WI_2_validation,2016-04-10,1,17.13577011520585
FOODS_3_547_WI_2_validation,2016-04-11,0,30.407208443989663
FOODS_3_547_WI_2_validation,2016-04-12,0,30.38380222224379
FOODS_3_547_WI_2_validation,2016-04-13,1,17.10493980303422
FOODS_3_547_WI_2_validation,2016-04-14,0,30.375475787189895
FOODS_3_547_WI_2_validation,2016-04-15,0,30.359167486974844
FOODS_3_547_WI_2_validation,2016-04-16,0,17.08913492974009
FOODS_3_547_WI_2_validation,2016-04-17,0,17.099199411391552
FOODS_3_547_WI_2_validation,2016-04-18,24,17.098968620353467
FOODS_3_547_WI_2_validation,2016-04-19,31,17.096897628457654
FOODS_3_547_WI_2_validation,2016-04-20,18,17.096430939040452
FOODS_3_547_WI_2_validation,2016-04-21,17,17.09615149367534
FOODS_3_547_WI_2_validation,2016-04-22,21,17.094693702153414
FOODS_3_547_WI_2_validation,2016-04-23,18,17.0950264202025
FOODS_3_547_WI_2_validation,2016-04-24,22,17.09592233284526
FOODS_3_555_CA_1_validation,2016-03-28,19,14.608110534700032
FOODS_3_555_CA_1_validation,2016-03-29,19,18.481842682824638
FOODS_3_555_CA_1_validation,2016-03-30,16,16.932349823574796
FOODS_3_555_CA_1_validation,2016-03-31,12,17.70709625319972
FOODS_3_555_CA_1_validation,2016-04-01,19,21.245548462460746
FOODS_3_555_CA_1_validation,2016-04-02,30,22.02029489208567
FOODS_3_555_CA_1_validation,2016-04-03,30,20.470802032835827
FOODS_3_555_CA_1_validation,2016-04-04,16,17.994755261936678
FOODS_3_555_CA_1_validation,2016-04-05,21,19.495335337478085
FOODS_3_555_CA_1_validation,2016-04-06,17,18.89510330726152
FOODS_3_555_CA_1_validation,2016-04-07,13,19.1952193223698
FOODS_3_555_CA_1_validation,2016-04-08,14,19.795451352586365
FOODS_3_555_CA_1_validation,2016-04-09,33,20.09556736769465
FOODS_3_555_CA_1_validation,2016-04-10,26,19.495335337478085
FOODS_3_555_CA_1_validation,2016-04-11,18,16.547221789797685
FOODS_3_555_CA_1_validation,2016-04-12,14,17.128506317743685
FOODS_3_555_CA_1_validation,2016-04-13,15,16.895992506565285
FOODS_3_555_CA_1_validation,2016-04-14,12,17.012249412154485
FOODS_3_555_CA_1_validation,2016-04-15,10,17.244763223332885
FOODS_3_555_CA_1_validation,2016-04-16,32,17.361020128922085
FOODS_3_555_CA_1_validation,2016-04-17,26,17.128506317743685
FOODS_3_555_CA_1_validation,2016-04-18,13,16.756955672691696
FOODS_3_555_CA_1_validation,2016-04-19,21,16.98212972900288
FOODS_3_555_CA_1_validation,2016-04-20,15,16.892060106478407
FOODS_3_555_CA_1_validation,2016-04-21,14,16.937094917740644
FOODS_3_555_CA_1_validation,2016-04-22,14,17.02716454026512
FOODS_3_555_CA_1_validation,2016-04-23,23,17.072199351527356
FOODS_3_555_CA_1_validation,2016-04-24,24,16.98212972900288
FOODS_3_555_CA_3_validation,2016-03-28,24,25.85439582885856
FOODS_3_555_CA_3_validation,2016-03-29,9,25.79468845321338
FOODS_3_555_CA_3_validation,2016-03-30,23,24.142578999310935
FOODS_3_555_CA_3_validation,2016-03-31,25,25.660198174892283
FOODS_3_555_CA_3_validation,2016-04-01,35,29.235630552503288
FOODS_3_555_CA_3_validation,2016-04-02,44,34.651880675639795
FOODS_3_555_CA_3_validation,2016-04-03,33,35.39260544905575
FOODS_3_555_CA_3_validation,2016-04-04,25,29.20757612704454
FOODS_3_555_CA_3_validation,2016-04-05,28,29.148707514753497
FOODS_3_555_CA_3_validation,2016-04-06,35,27.51998512209565
FOODS_3_555_CA_3_validation,2016-04-07,35,29.01610823150962
FOODS_3_555_CA_3_validation,2016-04-08,32,29.218274271547582
FOODS_3_555_CA_3_validation,2016-04-09,38,34.55782399716677
FOODS_3_555_CA_3_validation,2016-04-10,40,35.28805347278198
FOODS_3_555_CA_3_validation,2016-04-11,41,25.820241249394968
FOODS_3_555_CA_3_validation,2016-04-12,23,25.76219952362982
FOODS_3_555_CA_3_validation,2016-04-13,20,24.15653303312621
FOODS_3_555_CA_3_validation,2016-04-14,14,25.631464459110067
FOODS_3_555_CA_3_validation,2016-04-15,31,25.83076115393647
FOODS_3_555_CA_3_validation,2016-04-16,46,31.09469655410215
FOODS_3_555_CA_3_validation,2016-04-17,49,31.814579344571982
FOODS_3_555_CA_3_validation,2016-04-18,31,25.80345575234334
FOODS_3_555_CA_3_validation,2016-04-19,31,25.74622920445088
FOODS_3_555_CA_3_validation,2016-04-20,27,24.163292146199833
FOODS_3_555_CA_3_validation,2016-04-21,26,25.617331961453374
FOODS_3_555_CA_3_validation,2016-04-22,30,25.81379994078823
FOODS_3_555_CA_3_validation,2016-04-23,33,31.003191708862573
FOODS_3_555_CA_3_validation,2016-04-24,36,31.71287432249797
FOODS_3_555_TX_1_validation,2016-03-28,23,30.955793885349035
FOODS_3_555_TX_1_validation,2016-03-29,13,27.592920574106564
FOODS_3_555_TX_1_validation,2016-03-30,15,30.562165440760857
FOODS_3_555_TX_1_validation,2016-03-31,35,29.582032990568603
FOODS_3_555_TX_1_validation,2016-04-01,28,33.010463044368755
FOODS_3_555_TX_1_validation,2016-04-02,44,28.377363915194444
FOODS_3_555_TX_1_validation,2016-04-03,32,35.245515481342785
FOODS_3_555_TX_1_validation,2016-04-04,23,28.50624699135799
FOODS_3_555_TX_1_validation,2016-04-05,31,31.29104009595718
FOODS_3_555_TX_1_validation,2016-04-06,30,32.34933201578388
FOODS_3_555_TX_1_validation,2016-04-07,37,31.836553275072504
FOODS_3_555_TX_1_validation,2016-04-08,38,27.917577746307785
FOODS_3_555_TX_1_validation,2016-04-09,34,31.553048192426637
FOODS_3_555_TX_1_validation,2016-04-10,34,28.46936146240601
FOODS_3_555_TX_1_validation,2016-04-11,19,31.60777443924816
FOODS_3_555_TX_1_validation,2016-04-12,26,31.42758462482469
FOODS_3_555_TX_1_validation,2016-04-13,21,31.584394594824175
FOODS_3_555_TX_1_validation,2016-04-14,25,27.556123262687112
FOODS_3_555_TX_1_validation,2016-04-15,30,31.485070224091317
FOODS_3_555_TX_1_validation,2016-04-16,19,27.47185022865258
FOODS_3_555_TX_1_validation,2016-04-17,32,27.639452635043213
FOODS_3_555_TX_1_validation,2016-04-18,32,27.47746272583674
FOODS_3_555_TX_1_validation,2016-04-19,35,27.3786316122338
FOODS_3_555_TX_1_validation,2016-04-20,26,27.464907495712634
FOODS_3_555_TX_1_validation,2016-04-21,26,27.416929228232355
FOODS_3_555_TX_1_validation,2016-04-22,30,27.434277282114508
FOODS_3_555_TX_1_validation,2016-04-23,38,27.39955515457047
FOODS_3_555_TX_1_validation,2016-04-24,28,27.469706421435227
FOODS_3_555_TX_2_validation,2016-03-28,29,49.03197438887133
FOODS_3_555_TX_2_validation,2016-03-29,33,42.756505272647374
FOODS_3_555_TX_2_validation,2016-03-30,33,43.444722730923736
FOODS_3_555_TX_2_validation,2016-03-31,47,46.61432388410082
FOODS_3_555_TX_2_validation,2016-04-01,51,57.93386619567829
FOODS_3_555_TX_2_validation,2016-04-02,70,62.927873028317826
FOODS_3_555_TX_2_validation,2016-04-03,49,61.029358441838234
FOODS_3_555_TX_2_validation,2016-04-04,44,44.51657105245809
FOODS_3_555_TX_2_validation,2016-04-05,31,45.489490338141536
FOODS_3_555_TX_2_validation,2016-04-06,33,47.33121964628605
FOODS_3_555_TX_2_validation,2016-04-07,48,50.84429649067091
FOODS_3_555_TX_2_validation,2016-04-08,54,54.65188322834645
FOODS_3_555_TX_2_validation,2016-04-09,57,67.0333150460313
FOODS_3_555_TX_2_validation,2016-04-10,57,57.75873636703157
FOODS_3_555_TX_2_validation,2016-04-11,35,49.01106139874844
FOODS_3_555_TX_2_validation,2016-04-12,32,46.29060443648309
FOODS_3_555_TX_2_validation,2016-04-13,23,48.100741588052024
FOODS_3_555_TX_2_validation,2016-04-14,41,47.795840656441236
FOODS_3_555_TX_2_validation,2016-04-15,39,58.96620414390579
FOODS_3_555_TX_2_validation,2016-04-16,57,63.67628129673993
FOODS_3_555_TX_2_validation,2016-04-17,54,58.26649506811448
FOODS_3_555_TX_2_validation,2016-04-18,35,46.01324688523951
FOODS_3_555_TX_2_validation,2016-04-19,28,43.349583888754914
FOODS_3_555_TX_2_validation,2016-04-20,33,45.128065227514824
FOODS_3_555_TX_2_validation,2016-04-21,34,48.51283568275599
FOODS_3_555_TX_2_validation,2016-04-22,41,55.788770559472084
FOODS_3_555_TX_2_validation,2016-04-23,48,64.09061351541219
FOODS_3_555_TX_2_validation,2016-04-24,39,58.790122831385915
FOODS_3_555_TX_3_validation,2016-03-28,24,30.83644944607778
FOODS_3_555_TX_3_validation,2016-03-29,24,26.242046927307683
FOODS_3_555_TX_3_validation,2016-03-30,17,23.886318245050898
FOODS_3_555_TX_3_validation,2016-03-31,27,25.609958682650145
FOODS_3_555_TX_3_validation,2016-04-01,23,32.97302569562147
FOODS_3_555_TX_3_validation,2016-04-02,33,30.539877139746714
FOODS_3_555_TX_3_validation,2016-04-03,40,35.49255216350735
FOODS_3_555_TX_3_validation,2016-04-04,30,27.917575134785096
FOODS_3_555_TX_3_validation,2016-04-05,27,29.04709476047053
FOODS_3_555_TX_3_validation,2016-04-06,24,28.490024530741238
FOODS_3_555_TX_3_validation,2016-04-07,26,28.8765905528719
FOODS_3_555_TX_3_validation,2016-04-08,35,27.780171575905122
FOODS_3_555_TX_3_validation,2016-04-09,37,30.281943962953264
FOODS_3_555_TX_3_validation,2016-04-10,38,28.487549363577113
FOODS_3_555_TX_3_validation,2016-04-11,23,29.544853521690786
FOODS_3_555_TX_3_validation,2016-04-12,23,29.207964149842724
FOODS_3_555_TX_3_validation,2016-04-13,18,28.988499560581428
FOODS_3_555_TX_3_validation,2016-04-14,30,26.60084844401066
FOODS_3_555_TX_3_validation,2016-04-15,30,29.515888943895426
FOODS_3_555_TX_3_validation,2016-04-16,27,26.99510322219197
FOODS_3_555_TX_3_validation,2016-04-17,29,27.1665239719301
FOODS_3_555_TX_3_validation,2016-04-18,4,26.782563152903418
FOODS_3_555_TX_3_validation,2016-04-19,28,26.649970223530847
FOODS_3_555_TX_3_validation,2016-04-20,29,26.62181916233796
FOODS_3_555_TX_3_validation,2016-04-21,28,26.63760956642355
FOODS_3_555_TX_3_validation,2016-04-22,40,26.76881549947225
FOODS_3_555_TX_3_validation,2016-04-23,50,26.751722280168586
FOODS_3_555_TX_3_validation,2016-04-24,17,26.824636264703088
FOODS_3_555_WI_3_validation,2016-03-28,22,26.043153558764637
FOODS_3_555_WI_3_validation,2016-03-29,24,25.072931161212292
FOODS_3_555_WI_3_validation,2016-03-30,22,21.9304904342643
FOODS_3_555_WI_3_validation,2016-03-31,13,23.188639139819465
FOODS_3_555_WI_3_validation,2016-04-01,20,27.761458613432882
FOODS_3_555_WI_3_validation,2016-04-02,47,34.72198835852021
FOODS_3_555_WI_3_validation,2016-04-03,51,30.2665161980981
FOODS_3_555_WI_3_validation,2016-04-04,18,24.831359238789467
FOODS_3_555_WI_3_validation,2016-04-05,15,27.640552390881336
FOODS_3_555_WI_3_validation,2016-04-06,20,26.75057423235467
FOODS_3_555_WI_3_validation,2016-04-07,26,23.95720230464456
FOODS_3_555_WI_3_validation,2016-04-08,18,28.462276614644654
FOODS_3_555_WI_3_validation,2016-04-09,41,29.557834699588362
FOODS_3_555_WI_3_validation,2016-04-10,28,25.146671341115574
FOODS_3_555_WI_3_validation,2016-04-11,21,27.572809532176798
FOODS_3_555_WI_3_validation,2016-04-12,17,27.50457896872522
FOODS_3_555_WI_3_validation,2016-04-13,16,24.08739699611072
FOODS_3_555_WI_3_validation,2016-04-14,28,27.341133035326916
FOODS_3_555_WI_3_validation,2016-04-15,25,27.721884243651708
FOODS_3_555_WI_3_validation,2016-04-16,43,24.935340860312873
FOODS_3_555_WI_3_validation,2016-04-17,37,24.53785530515508
FOODS_3_555_WI_3_validation,2016-04-18,41,24.351241287836277
FOODS_3_555_WI_3_validation,2016-04-19,30,24.31167307899496
FOODS_3_555_WI_3_validation,2016-04-20,23,24.246182550838945
FOODS_3_555_WI_3_validation,2016-04-21,24,24.264420758340155
FOODS_3_555_WI_3_validation,2016-04-22,26,24.393499603066783
FOODS_3_555_WI_3_validation,2016-04-23,43,24.478079720388074
FOODS_3_555_WI_3_validation,2016-04-24,25,24.377115508176967
FOODS_3_586_CA_1_validation,2016-03-28,27,37.945642901466314
FOODS_3_586_CA_1_validation,2016-03-29,32,31.726444449177407
FOODS_3_586_CA_1_validation,2016-03-30,26,35.72505199753171
FOODS_3_586_CA_1_validation,2016-03-31,28,36.58367121956618
FOODS_3_586_CA_1_validation,2016-04-01,36,45.71587919429845
FOODS_3_586_CA_1_validation,2016-04-02,65,55.05203371513923
FOODS_3_586_CA_1_validation,2016-04-03,54,55.32193913083439
FOODS_3_586_CA_1_validation,2016-04-04,30,41.59087349061711
FOODS_3_586_CA_1_validation,2016-04-05,37,38.47630477474511
FOODS_3_586_CA_1_validation,2016-04-06,27,40.416833355641465
FOODS_3_586_CA_1_validation,2016-04-07,35,41.0685982212618
FOODS_3_586_CA_1_validation,2016-04-08,41,43.62024474912348
FOODS_3_586_CA_1_validation,2016-04-09,60,48.79747529007319
FOODS_3_586_CA_1_validation,2016-04-10,48,48.8005677917059
FOODS_3_586_CA_1_validation,2016-04-11,36,37.47883827266509
FOODS_3_586_CA_1_validation,2016-04-12,29,35.68695086195577
FOODS_3_586_CA_1_validation,2016-04-13,20,36.83664728982057
FOODS_3_586_CA_1_validation,2016-04-14,43,37.09083176621877
FOODS_3_586_CA_1_validation,2016-04-15,32,38.55042648854104
FOODS_3_586_CA_1_validation,2016-04-16,37,41.25527333486299
FOODS_3_586_CA_1_validation,2016-04-17,64,41.328901992761956
FOODS_3_586_CA_1_validation,2016-04-18,30,37.361954522928315
FOODS_3_586_CA_1_validation,2016-04-19,40,36.45759100280564
FOODS_3_586_CA_1_validation,2016-04-20,31,37.022089859641476
FOODS_3_586_CA_1_validation,2016-04-21,45,37.20757675942495
FOODS_3_586_CA_1_validation,2016-04-22,28,37.94822434038548
FOODS_3_586_CA_1_validation,2016-04-23,40,39.44298555282794
FOODS_3_586_CA_1_validation,2016-04-24,54,39.446121904662185
FOODS_3_586_CA_2_validation,2016-03-28,26,44.34076983222981
FOODS_3_586_CA_2_validation,2016-03-29,27,39.29151953097095
FOODS_3_586_CA_2_validation,2016-03-30,26,35.89290008089834
FOODS_3_586_CA_2_validation,2016-03-31,28,40.55048251839711
FOODS_3_586_CA_2_validation,2016-04-01,30,40.779588041162974
FOODS_3_586_CA_2_validation,2016-04-02,49,47.93413615263516
FOODS_3_586_CA_2_validation,2016-04-03,34,48.80601429095835
FOODS_3_586_CA_2_validation,2016-04-04,26,41.11091992948892
FOODS_3_586_CA_2_validation,2016-04-05,25,39.44018179147191
FOODS_3_586_CA_2_validation,2016-04-06,27,37.681460473672146
FOODS_3_586_CA_2_validation,2016-04-07,33,39.92010634222641
FOODS_3_586_CA_2_validation,2016-04-08,36,39.58788265070038
FOODS_3_586_CA_2_validation,2016-04-09,49,42.790679928413766
FOODS_3_586_CA_2_validation,2016-04-10,30,42.904225590918465
FOODS_3_586_CA_2_validation,2016-04-11,38,39.657869157492684
FOODS_3_586_CA_2_validation,2016-04-12,24,38.77332827454672
FOODS_3_586_CA_2_validation,2016-04-13,29,38.23281669771607
FOODS_3_586_CA_2_validation,2016-04-14,18,38.987312217410185
FOODS_3_586_CA_2_validation,2016-04-15,24,38.99882880258135
FOODS_3_586_CA_2_validation,2016-04-16,47,40.17828360622406
FOODS_3_586_CA_2_validation,2016-04-17,39,40.345711411164935
FOODS_3_586_CA_2_validation,2016-04-18,26,39.03340090476654
FOODS_3_586_CA_2_validation,2016-04-19,45,38.76966702162427
FOODS_3_586_CA_2_validation,2016-04-20,42,38.45859613755522
FOODS_3_586_CA_2_validation,2016-04-21,30,38.84885897040558
FOODS_3_586_CA_2_validation,2016-04-22,34,38.780367942725825
FOODS_3_586_CA_2_validation,2016-04-23,39,39.33014721284398
FOODS_3_586_CA_2_validation,2016-04-24,36,39.33888137375579
FOODS_3_586_CA_3_validation,2016-03-28,60,69.73225560495521
FOODS_3_586_CA_3_validation,2016-03-29,53,60.97388876598511
FOODS_3_586_CA_3_validation,2016-03-30,44,55.545491962227224
FOODS_3_586_CA_3_validation,2016-03-31,42,57.29436714961794
FOODS_3_586_CA_3_validation,2016-04-01,62,60.20410072221442
FOODS_3_586_CA_3_validation,2016-04-02,72,78.1594428575348
FOODS_3_586_CA_3_validation,2016-04-03,73,85.41612358473147
FOODS_3_586_CA_3_validation,2016-04-04,60,66.06685864755234
FOODS_3_586_CA_3_validation,2016-04-05,70,61.7314166719911
FOODS_3_586_CA_3_validation,2016-04-06,75,59.91599710573094
FOODS_3_586_CA_3_validation,2016-04-07,69,62.98616660612333
FOODS_3_586_CA_3_validation,2016-04-08,58,59.27602977910229
FOODS_3_586_CA_3_validation,2016-04-09,84,77.32512499909583
FOODS_3_586_CA_3_validation,2016-04-10,85,84.65359756046024
FOODS_3_586_CA_3_validation,2016-04-11,76,58.217966074913505
FOODS_3_586_CA_3_validation,2016-04-12,60,53.981286870655445
FOODS_3_586_CA_3_validation,2016-04-13,52,52.20940311396047
FOODS_3_586_CA_3_validation,2016-04-14,63,55.2463488382716
FOODS_3_586_CA_3_validation,2016-04-15,57,51.59082954679716
FOODS_3_586_CA_3_validation,2016-04-16,85,69.39464199435484
FOODS_3_586_CA_3_validation,2016-04-17,91,76.62327867046159
FOODS_3_586_CA_3_validation,2016-04-18,77,57.879360216915956
FOODS_3_586_CA_3_validation,2016-04-19,75,53.700160251069946
FOODS_3_586_CA_3_validation,2016-04-20,70,51.95191969738456
FOODS_3_586_CA_3_validation,2016-04-21,48,54.946687495781035
FOODS_3_586_CA_3_validation,2016-04-22,61,51.340473409959415
FOODS_3_586_CA_3_validation,2016-04-23,74,68.90013614594
FOODS_3_586_CA_3_validation,2016-04-24,78,76.0292231045284
FOODS_3_586_TX_1_validation,2016-03-28,54,52.86035671437058
FOODS_3_586_TX_1_validation,2016-03-29,22,51.80477192918958
FOODS_3_586_TX_1_validation,2016-03-30,38,56.82883484604907
FOODS_3_586_TX_1_validation,2016-03-31,44,50.104767142952994
FOODS_3_586_TX_1_validation,2016-04-01,40,59.369295395565715
FOODS_3_586_TX_1_validation,2016-04-02,55,59.11163823877038
FOODS_3_586_TX_1_validation,2016-04-03,74,60.590203206975374
FOODS_3_586_TX_1_validation,2016-04-04,61,51.900966960388175
FOODS_3_586_TX_1_validation,2016-04-05,65,55.39293085343674
FOODS_3_586_TX_1_validation,2016-04-06,44,57.75516995599615
FOODS_3_586_TX_1_validation,2016-04-07,74,54.87593078430335
FOODS_3_586_TX_1_validation,2016-04-08,54,52.44049006489766
FOODS_3_586_TX_1_validation,2016-04-09,52,57.8081080265881
FOODS_3_586_TX_1_validation,2016-04-10,75,52.805322301836796
FOODS_3_586_TX_1_validation,2016-04-11,38,55.51164152892982
FOODS_3_586_TX_1_validation,2016-04-12,39,55.7187965909624
FOODS_3_586_TX_1_validation,2016-04-13,47,55.936105121877915
FOODS_3_586_TX_1_validation,2016-04-14,42,50.913882921265916
FOODS_3_586_TX_1_validation,2016-04-15,53,55.733253044116005
FOODS_3_586_TX_1_validation,2016-04-16,50,51.83700544837068
FOODS_3_586_TX_1_validation,2016-04-17,68,51.25721999573307
FOODS_3_586_TX_1_validation,2016-04-18,72,51.07700865973199
FOODS_3_586_TX_1_validation,2016-04-19,81,50.728120743639565
FOODS_3_586_TX_1_validation,2016-04-20,45,51.195572219336775
FOODS_3_586_TX_1_validation,2016-04-21,59,50.684168141767536
FOODS_3_586_TX_1_validation,2016-04-22,50,51.1135393386914
FOODS_3_586_TX_1_validation,2016-04-23,56,50.99758578333761
FOODS_3_586_TX_1_validation,2016-04-24,58,51.14291425828687
FOODS_3_586_TX_2_validation,2016-03-28,59,72.44413806912527
FOODS_3_586_TX_2_validation,2016-03-29,51,76.56888783656544
FOODS_3_586_TX_2_validation,2016-03-30,61,75.02959833356313
FOODS_3_586_TX_2_validation,2016-03-31,79,85.39712313020058
FOODS_3_586_TX_2_validation,2016-04-01,77,92.74486295622296
FOODS_3_586_TX_2_validation,2016-04-02,98,105.70651128568505
FOODS_3_586_TX_2_validation,2016-04-03,107,108.42206703190472
FOODS_3_586_TX_2_validation,2016-04-04,68,73.12509573257505
FOODS_3_586_TX_2_validation,2016-04-05,74,82.53263893694906
FOODS_3_586_TX_2_validation,2016-04-06,72,80.8639251012402
FOODS_3_586_TX_2_validation,2016-04-07,87,91.0468213933779
FOODS_3_586_TX_2_validation,2016-04-08,79,86.73431446141993
FOODS_3_586_TX_2_validation,2016-04-09,100,111.064329918023
FOODS_3_586_TX_2_validation,2016-04-10,114,102.19361787381925
FOODS_3_586_TX_2_validation,2016-04-11,66,78.91165429558451
FOODS_3_586_TX_2_validation,2016-04-12,53,82.457109747141
FOODS_3_586_TX_2_validation,2016-04-13,62,80.80873166884565
FOODS_3_586_TX_2_validation,2016-04-14,69,85.04187888743255
FOODS_3_586_TX_2_validation,2016-04-15,80,92.33195468859347
FOODS_3_586_TX_2_validation,2016-04-16,78,104.78897361660303
FOODS_3_586_TX_2_validation,2016-04-17,102,101.76936060559355
FOODS_3_586_TX_2_validation,2016-04-18,54,73.06093255437085
FOODS_3_586_TX_2_validation,2016-04-19,67,76.55729132542682
FOODS_3_586_TX_2_validation,2016-04-20,57,74.92901216767385
FOODS_3_586_TX_2_validation,2016-04-21,59,84.83868068081942
FOODS_3_586_TX_2_validation,2016-04-22,80,86.29499176940949
FOODS_3_586_TX_2_validation,2016-04-23,100,104.31896829842752
FOODS_3_586_TX_2_validation,2016-04-24,75,101.33772268738483
FOODS_3_586_TX_3_validation,2016-03-28,45,73.53898078134365
FOODS_3_586_TX_3_validation,2016-03-29,46,64.31475490692503
FOODS_3_586_TX_3_validation,2016-03-30,45,60.87299529422277
FOODS_3_586_TX_3_validation,2016-03-31,54,64.3774360684925
FOODS_3_586_TX_3_validation,2016-04-01,61,79.89498069786382
FOODS_3_586_TX_3_validation,2016-04-02,62,75.90422385545875
FOODS_3_586_TX_3_validation,2016-04-03,72,82.19999987805986
FOODS_3_586_TX_3_validation,2016-04-04,54,69.42092202002218
FOODS_3_586_TX_3_validation,2016-04-05,77,71.62611367189714
FOODS_3_586_TX_3_validation,2016-04-06,45,70.25981152435625
FOODS_3_586_TX_3_validation,2016-04-07,51,71.6306072071726
FOODS_3_586_TX_3_validation,2016-04-08,68,69.7453568650141
FOODS_3_586_TX_3_validation,2016-04-09,77,75.84707391782763
FOODS_3_586_TX_3_validation,2016-04-10,72,70.59830909882668
FOODS_3_586_TX_3_validation,2016-04-11,58,73.46234026097414
FOODS_3_586_TX_3_validation,2016-04-12,43,72.21309585711612
FOODS_3_586_TX_3_validation,2016-04-13,67,71.75272010135916
FOODS_3_586_TX_3_validation,2016-04-14,55,66.73368856861124
FOODS_3_586_TX_3_validation,2016-04-15,56,73.57142641263013
FOODS_3_586_TX_3_validation,2016-04-16,67,68.28361981516528
FOODS_3_586_TX_3_validation,2016-04-17,69,68.39494387620783
FOODS_3_586_TX_3_validation,2016-04-18,49,67.41207929204057
FOODS_3_586_TX_3_validation,2016-04-19,55,66.97284521324657
FOODS_3_586_TX_3_validation,2016-04-20,60,66.78743785144799
FOODS_3_586_TX_3_validation,2016-04-21,55,66.97324260438101
FOODS_3_586_TX_3_validation,2016-04-22,55,67.45610015687743
FOODS_3_586_TX_3_validation,2016-04-23,66,67.54004959763328
FOODS_3_586_TX_3_validation,2016-04-24,47,67.57092947108296
FOODS_3_586_WI_3_validation,2016-03-28,29,23.787825930322704
FOODS_3_586_WI_3_validation,2016-03-29,24,25.599476868779025
FOODS_3_586_WI_3_validation,2016-03-30,27,26.926615059823135
FOODS_3_586_WI_3_validation,2016-03-31,20,26.993962620925192
FOODS_3_586_WI_3_validation,2016-04-01,37,31.665730861088992
FOODS_3_586_WI_3_validation,2016-04-02,34,41.84048734792075
FOODS_3_586_WI_3_validation,2016-04-03,37,38.549415061565526
FOODS_3_586_WI_3_validation,2016-04-04,21,26.09496592111408
FOODS_3_586_WI_3_validation,2016-04-05,15,30.032057972236853
FOODS_3_586_WI_3_validation,2016-04-06,35,30.946655370628292
FOODS_3_586_WI_3_validation,2016-04-07,33,27.0600788267662
FOODS_3_586_WI_3_validation,2016-04-08,25,35.52014773693084
FOODS_3_586_WI_3_validation,2016-04-09,35,41.76010599253475
FOODS_3_586_WI_3_validation,2016-04-10,38,34.64297587941404
FOODS_3_586_WI_3_validation,2016-04-11,32,30.00369546859228
FOODS_3_586_WI_3_validation,2016-04-12,16,30.07903601718394
FOODS_3_586_WI_3_validation,2016-04-13,27,27.12277198675067
FOODS_3_586_WI_3_validation,2016-04-14,29,30.95803415327097
FOODS_3_586_WI_3_validation,2016-04-15,37,35.50700452130553
FOODS_3_586_WI_3_validation,2016-04-16,48,37.8179421268553
FOODS_3_586_WI_3_validation,2016-04-17,40,34.59713855378425
FOODS_3_586_WI_3_validation,2016-04-18,35,26.189855677546248
FOODS_3_586_WI_3_validation,2016-04-19,22,26.2643226525291
FOODS_3_586_WI_3_validation,2016-04-20,25,27.158932531283885
FOODS_3_586_WI_3_validation,2016-04-21,31,27.133617620020885
FOODS_3_586_WI_3_validation,2016-04-22,35,31.63284516084563
FOODS_3_586_WI_3_validation,2016-04-23,47,37.7371185617298
FOODS_3_586_WI_3_validation,2016-04-24,44,34.55144799736171
FOODS_3_587_CA_1_validation,2016-03-28,38,40.836024424939374
FOODS_3_587_CA_1_validation,2016-03-29,26,34.472833317973816
FOODS_3_587_CA_1_validation,2016-03-30,25,34.93085044959574
FOODS_3_587_CA_1_validation,2016-03-31,15,31.96006564701962
FOODS_3_587_CA_1_validation,2016-04-01,15,36.54987053036386
FOODS_3_587_CA_1_validation,2016-04-02,27,44.50179061179412
FOODS_3_587_CA_1_validation,2016-04-03,29,44.573927701669525
FOODS_3_587_CA_1_validation,2016-04-04,23,41.1968127529714
FOODS_3_587_CA_1_validation,2016-04-05,21,36.00792720841438
FOODS_3_587_CA_1_validation,2016-04-06,21,37.23073733322512
FOODS_3_587_CA_1_validation,2016-04-07,16,34.80405822221318
FOODS_3_587_CA_1_validation,2016-04-08,22,36.43638342643527
FOODS_3_587_CA_1_validation,2016-04-09,24,44.57324422454196
FOODS_3_587_CA_1_validation,2016-04-10,43,44.80962501286975
FOODS_3_587_CA_1_validation,2016-04-11,33,38.26490765869867
FOODS_3_587_CA_1_validation,2016-04-12,16,33.18961322009024
FOODS_3_587_CA_1_validation,2016-04-13,23,34.45552723933293
FOODS_3_587_CA_1_validation,2016-04-14,21,32.081592788730326
FOODS_3_587_CA_1_validation,2016-04-15,20,33.72618155942784
FOODS_3_587_CA_1_validation,2016-04-16,27,41.82084991812471
FOODS_3_587_CA_1_validation,2016-04-17,36,42.06660857887622
FOODS_3_587_CA_1_validation,2016-04-18,16,38.856706362162846
FOODS_3_587_CA_1_validation,2016-04-19,10,33.82299407330387
FOODS_3_587_CA_1_validation,2016-04-20,15,35.08324765244246
FOODS_3_587_CA_1_validation,2016-04-21,10,32.728699888436886
FOODS_3_587_CA_1_validation,2016-04-22,21,34.363018264777615
FOODS_3_587_CA_1_validation,2016-04-23,24,42.40052063217711
FOODS_3_587_CA_1_validation,2016-04-24,26,42.64519206393711
FOODS_3_587_CA_3_validation,2016-03-28,27,30.86507440927935
FOODS_3_587_CA_3_validation,2016-03-29,60,32.230326594593755
FOODS_3_587_CA_3_validation,2016-03-30,28,30.37526805146866
FOODS_3_587_CA_3_validation,2016-03-31,37,29.730576713980025
FOODS_3_587_CA_3_validation,2016-04-01,24,35.437850936427
FOODS_3_587_CA_3_validation,2016-04-02,37,36.33885296887066
FOODS_3_587_CA_3_validation,2016-04-03,48,36.061687184265786
FOODS_3_587_CA_3_validation,2016-04-04,38,36.69682389708349
FOODS_3_587_CA_3_validation,2016-04-05,34,36.79094069553747
FOODS_3_587_CA_3_validation,2016-04-06,29,36.63134880606052
FOODS_3_587_CA_3_validation,2016-04-07,35,36.41683505443272
FOODS_3_587_CA_3_validation,2016-04-08,42,36.620320150415395
FOODS_3_587_CA_3_validation,2016-04-09,46,36.66740791705129
FOODS_3_587_CA_3_validation,2016-04-10,49,36.714135289529615
FOODS_3_587_CA_3_validation,2016-04-11,38,31.61338014722485
FOODS_3_587_CA_3_validation,2016-04-12,22,31.70432580290655
FOODS_3_587_CA_3_validation,2016-04-13,41,31.60970120241761
FOODS_3_587_CA_3_validation,2016-04-14,29,31.639198429275606
FOODS_3_587_CA_3_validation,2016-04-15,33,31.61338163401752
FOODS_3_587_CA_3_validation,2016-04-16,28,31.674377399033116
FOODS_3_587_CA_3_validation,2016-04-17,60,31.63282812240407
FOODS_3_587_CA_3_validation,2016-04-18,31,31.68084824518209
FOODS_3_587_CA_3_validation,2016-04-19,25,31.654145074571453
FOODS_3_587_CA_3_validation,2016-04-20,25,31.676845753391913
FOODS_3_587_CA_3_validation,2016-04-21,23,31.64691003502471
FOODS_3_587_CA_3_validation,2016-04-22,37,31.674555905432694
FOODS_3_587_CA_3_validation,2016-04-23,28,31.655159006498078
FOODS_3_587_CA_3_validation,2016-04-24,41,31.67523584513643
FOODS_3_587_TX_1_validation,2016-03-28,22,35.95390833387161
FOODS_3_587_TX_1_validation,2016-03-29,27,35.09458104988875
FOODS_3_587_TX_1_validation,2016-03-30,24,33.73753650689768
FOODS_3_587_TX_1_validation,2016-03-31,11,33.02533157380315
FOODS_3_587_TX_1_validation,2016-04-01,12,37.9826086835487
FOODS_3_587_TX_1_validation,2016-04-02,22,38.300803826515086
FOODS_3_587_TX_1_validation,2016-04-03,21,46.848833422900945
FOODS_3_587_TX_1_validation,2016-04-04,16,35.343076412800144
FOODS_3_587_TX_1_validation,2016-04-05,19,38.662630885891865
FOODS_3_587_TX_1_validation,2016-04-06,15,37.60433762179438
FOODS_3_587_TX_1_validation,2016-04-07,22,37.07105359674903
FOODS_3_587_TX_1_validation,2016-04-08,32,34.650431984131096
FOODS_3_587_TX_1_validation,2016-04-09,32,42.439326043581254
FOODS_3_587_TX_1_validation,2016-04-10,24,43.49591100788662
FOODS_3_587_TX_1_validation,2016-04-11,29,39.58352926271588
FOODS_3_587_TX_1_validation,2016-04-12,32,39.191468023263624
FOODS_3_587_TX_1_validation,2016-04-13,29,38.15690972915393
FOODS_3_587_TX_1_validation,2016-04-14,24,33.90511767990746
FOODS_3_587_TX_1_validation,2016-04-15,38,38.93439951155371
FOODS_3_587_TX_1_validation,2016-04-16,24,39.20709289323963
FOODS_3_587_TX_1_validation,2016-04-17,16,43.93233387594348
FOODS_3_587_TX_1_validation,2016-04-18,23,36.394374728220576
FOODS_3_587_TX_1_validation,2016-04-19,28,36.009227325664
FOODS_3_587_TX_1_validation,2016-04-20,21,34.99020771144963
FOODS_3_587_TX_1_validation,2016-04-21,17,34.47868086897621
FOODS_3_587_TX_1_validation,2016-04-22,17,35.75963094032227
FOODS_3_587_TX_1_validation,2016-04-23,32,39.710669802465276
FOODS_3_587_TX_1_validation,2016-04-24,24,44.37253442134555
FOODS_3_587_TX_2_validation,2016-03-28,27,33.341257034765604
FOODS_3_587_TX_2_validation,2016-03-29,22,35.117495296381584
FOODS_3_587_TX_2_validation,2016-03-30,21,33.93178901727025
FOODS_3_587_TX_2_validation,2016-03-31,25,30.377697334040555
FOODS_3_587_TX_2_validation,2016-04-01,21,36.47167518809276
FOODS_3_587_TX_2_validation,2016-04-02,33,35.138126757811385
FOODS_3_587_TX_2_validation,2016-04-03,34,36.673755602482736
FOODS_3_587_TX_2_validation,2016-04-04,31,33.54112168595682
FOODS_3_587_TX_2_validation,2016-04-05,14,36.282685390147684
FOODS_3_587_TX_2_validation,2016-04-06,25,36.050631246108196
FOODS_3_587_TX_2_validation,2016-04-07,35,35.29802486606644
FOODS_3_587_TX_2_validation,2016-04-08,28,33.69267344032721
FOODS_3_587_TX_2_validation,2016-04-09,32,36.289020239742996
FOODS_3_587_TX_2_validation,2016-04-10,54,33.73377357342016
FOODS_3_587_TX_2_validation,2016-04-11,32,35.95773975649307
FOODS_3_587_TX_2_validation,2016-04-12,23,36.04000598698529
FOODS_3_587_TX_2_validation,2016-04-13,22,35.98365270698629
FOODS_3_587_TX_2_validation,2016-04-14,20,33.446233668618845
FOODS_3_587_TX_2_validation,2016-04-15,27,35.99057394843582
FOODS_3_587_TX_2_validation,2016-04-16,26,33.65177363648712
FOODS_3_587_TX_2_validation,2016-04-17,36,33.61129087730119
FOODS_3_587_TX_2_validation,2016-04-18,23,33.58241051019333
FOODS_3_587_TX_2_validation,2016-04-19,30,33.594645227702834
FOODS_3_587_TX_2_validation,2016-04-20,19,33.58740447477621
FOODS_3_587_TX_2_validation,2016-04-21,19,33.55228512049722
FOODS_3_587_TX_2_validation,2016-04-22,34,33.58851024728774
FOODS_3_587_TX_2_validation,2016-04-23,38,33.59533715159687
FOODS_3_587_TX_2_validation,2016-04-24,44,33.59011198477332
FOODS_3_587_TX_3_validation,2016-03-28,12,28.373750184981155
FOODS_3_587_TX_3_validation,2016-03-29,14,30.598748376125414
FOODS_3_587_TX_3_validation,2016-03-30,13,28.263140338074113
FOODS_3_587_TX_3_validation,2016-03-31,9,27.226590928129376
FOODS_3_587_TX_3_validation,2016-04-01,26,30.433168945148036
FOODS_3_587_TX_3_validation,2016-04-02,26,28.467936270003698
FOODS_3_587_TX_3_validation,2016-04-03,31,31.457088093966476
FOODS_3_587_TX_3_validation,2016-04-04,17,30.393910957723474
FOODS_3_587_TX_3_validation,2016-04-05,21,33.10341764243919
FOODS_3_587_TX_3_validation,2016-04-06,19,33.140182594671124
FOODS_3_587_TX_3_validation,2016-04-07,18,32.500837533808884
FOODS_3_587_TX_3_validation,2016-04-08,19,30.20327161310874
FOODS_3_587_TX_3_validation,2016-04-09,21,32.757734159632896
FOODS_3_587_TX_3_validation,2016-04-10,26,30.37178385678883
FOODS_3_587_TX_3_validation,2016-04-11,25,33.139874283688144
FOODS_3_587_TX_3_validation,2016-04-12,20,33.453638288791865
FOODS_3_587_TX_3_validation,2016-04-13,28,33.1501751813623
FOODS_3_587_TX_3_validation,2016-04-14,19,30.528451465207688
FOODS_3_587_TX_3_validation,2016-04-15,27,33.140580166105615
FOODS_3_587_TX_3_validation,2016-04-16,23,30.560427482179293
FOODS_3_587_TX_3_validation,2016-04-17,25,30.392981667576063
FOODS_3_587_TX_3_validation,2016-04-18,22,30.61766606925501
FOODS_3_587_TX_3_validation,2016-04-19,15,30.46022134431848
FOODS_3_587_TX_3_validation,2016-04-20,16,30.606948530751318
FOODS_3_587_TX_3_validation,2016-04-21,14,30.447632296385635
FOODS_3_587_TX_3_validation,2016-04-22,25,30.5939443711401
FOODS_3_587_TX_3_validation,2016-04-23,18,30.464168542534633
FOODS_3_587_TX_3_validation,2016-04-24,20,30.59274359818202
FOODS_3_587_WI_3_validation,2016-03-28,32,38.4522843811415
FOODS_3_587_WI_3_validation,2016-03-29,43,33.246933902106136
FOODS_3_587_WI_3_validation,2016-03-30,37,31.579267640331597
FOODS_3_587_WI_3_validation,2016-03-31,37,26.52721899933662
FOODS_3_587_WI_3_validation,2016-04-01,39,27.55372080343492
FOODS_3_587_WI_3_validation,2016-04-02,55,32.94362203669397
FOODS_3_587_WI_3_validation,2016-04-03,71,38.45269129046614
FOODS_3_587_WI_3_validation,2016-04-04,37,31.091733456300833
FOODS_3_587_WI_3_validation,2016-04-05,44,31.687450969462517
FOODS_3_587_WI_3_validation,2016-04-06,44,31.298988734131015
FOODS_3_587_WI_3_validation,2016-04-07,27,24.621354925120357
FOODS_3_587_WI_3_validation,2016-04-08,32,29.12864412083892
FOODS_3_587_WI_3_validation,2016-04-09,45,31.972611881046113
FOODS_3_587_WI_3_validation,2016-04-10,44,34.35420351179003
FOODS_3_587_WI_3_validation,2016-04-11,50,33.59781654508738
FOODS_3_587_WI_3_validation,2016-04-12,22,31.274299151191848
FOODS_3_587_WI_3_validation,2016-04-13,21,28.01928498481726
FOODS_3_587_WI_3_validation,2016-04-14,23,27.589997254035232
FOODS_3_587_WI_3_validation,2016-04-15,26,29.080766398951617
FOODS_3_587_WI_3_validation,2016-04-16,21,28.72565635578599
FOODS_3_587_WI_3_validation,2016-04-17,38,33.99464755903151
FOODS_3_587_WI_3_validation,2016-04-18,42,30.31703955224514
FOODS_3_587_WI_3_validation,2016-04-19,15,28.12838972800618
FOODS_3_587_WI_3_validation,2016-04-20,17,27.914510954107513
FOODS_3_587_WI_3_validation,2016-04-21,14,24.600633028993325
FOODS_3_587_WI_3_validation,2016-04-22,17,26.011532841785296
FOODS_3_587_WI_3_validation,2016-04-23,30,28.61464946675965
FOODS_3_587_WI_3_validation,2016-04-24,29,33.64983430674039
FOODS_3_607_CA_3_validation,2016-03-28,12,25.26049175839009
FOODS_3_607_CA_3_validation,2016-03-29,9,22.01351701261171
FOODS_3_607_CA_3_validation,2016-03-30,12,18.750264023533145
FOODS_3_607_CA_3_validation,2016-03-31,6,19.191402490969505
FOODS_3_607_CA_3_validation,2016-04-01,16,20.85967452860746
FOODS_3_607_CA_3_validation,2016-04-02,19,23.50090222539329
FOODS_3_607_CA_3_validation,2016-04-03,27,23.54746511303332
FOODS_3_607_CA_3_validation,2016-04-04,10,21.351544006218816
FOODS_3_607_CA_3_validation,2016-04-05,20,18.889496765402143
FOODS_3_607_CA_3_validation,2016-04-06,9,16.24936121828958
FOODS_3_607_CA_3_validation,2016-04-07,11,17.138371547093957
FOODS_3_607_CA_3_validation,2016-04-08,9,17.622992842454156
FOODS_3_607_CA_3_validation,2016-04-09,17,20.54846890991403
FOODS_3_607_CA_3_validation,2016-04-10,21,20.90814123714458
FOODS_3_607_CA_3_validation,2016-04-11,12,17.46395535756389
FOODS_3_607_CA_3_validation,2016-04-12,17,15.313837919864284
FOODS_3_607_CA_3_validation,2016-04-13,9,12.961680088710946
FOODS_3_607_CA_3_validation,2016-04-14,17,14.016865920813666
FOODS_3_607_CA_3_validation,2016-04-15,9,14.656278108412597
FOODS_3_607_CA_3_validation,2016-04-16,13,17.650098814132082
FOODS_3_607_CA_3_validation,2016-04-17,27,18.13073024992458
FOODS_3_607_CA_3_validation,2016-04-18,10,16.43827194903976
FOODS_3_607_CA_3_validation,2016-04-19,5,14.448666638175165
FOODS_3_607_CA_3_validation,2016-04-20,8,12.25055120186593
FOODS_3_607_CA_3_validation,2016-04-21,9,13.356150026299062
FOODS_3_607_CA_3_validation,2016-04-22,5,14.047999566590834
FOODS_3_607_CA_3_validation,2016-04-23,9,17.02172779374389
FOODS_3_607_CA_3_validation,2016-04-24,18,17.54363911479398
FOODS_3_635_CA_3_validation,2016-03-28,32,23.857439183201983
FOODS_3_635_CA_3_validation,2016-03-29,28,24.294685530681765
FOODS_3_635_CA_3_validation,2016-03-30,51,26.452224499103448
FOODS_3_635_CA_3_validation,2016-03-31,2,24.417509226183228
FOODS_3_635_CA_3_validation,2016-04-01,0,28.44336085982925
FOODS_3_635_CA_3_validation,2016-04-02,0,30.313829579415238
FOODS_3_635_CA_3_validation,2016-04-03,0,28.552454274984584
FOODS_3_635_CA_3_validation,2016-04-04,0,27.890341469879207
FOODS_3_635_CA_3_validation,2016-04-05,0,28.424404198466487
FOODS_3_635_CA_3_validation,2016-04-06,0,28.266131242045155
FOODS_3_635_CA_3_validation,2016-04-07,0,28.40016540418708
FOODS_3_635_CA_3_validation,2016-04-08,0,28.228138514718086
FOODS_3_635_CA_3_validation,2016-04-09,0,28.77456908604966
FOODS_3_635_CA_3_validation,2016-04-10,0,28.273097161414206
FOODS_3_635_CA_3_validation,2016-04-11,0,25.829854944874825
FOODS_3_635_CA_3_validation,2016-04-12,0,25.667007373436842
FOODS_3_635_CA_3_validation,2016-04-13,0,25.853943756775422
FOODS_3_635_CA_3_validation,2016-04-14,0,25.684467007532934
FOODS_3_635_CA_3_validation,2016-04-15,0,25.830798551743133
FOODS_3_635_CA_3_validation,2016-04-16,0,25.74765254694118
FOODS_3_635_CA_3_validation,2016-04-17,0,25.821432989441
FOODS_3_635_CA_3_validation,2016-04-18,0,25.720172188502154
FOODS_3_635_CA_3_validation,2016-04-19,0,25.81045163471209
FOODS_3_635_CA_3_validation,2016-04-20,0,25.734112107230832
FOODS_3_635_CA_3_validation,2016-04-21,0,25.80276411349974
FOODS_3_635_CA_3_validation,2016-04-22,0,25.740116482942348
FOODS_3_635_CA_3_validation,2016-04-23,0,25.802620308370233
FOODS_3_635_CA_3_validation,2016-04-24,0,25.746163143445795
FOODS_3_681_CA_3_validation,2016-03-28,14,19.310185728254183
FOODS_3_681_CA_3_validation,2016-03-29,31,24.642066430096307
FOODS_3_681_CA_3_validation,2016-03-30,14,27.908355955932656
FOODS_3_681_CA_3_validation,2016-03-31,44,31.01133593343581
FOODS_3_681_CA_3_validation,2016-04-01,46,37.74474076672346
FOODS_3_681_CA_3_validation,2016-04-02,38,43.868265577692085
FOODS_3_681_CA_3_validation,2016-04-03,14,29.056610832367806
FOODS_3_681_CA_3_validation,2016-04-04,8,32.591199177108585
FOODS_3_681_CA_3_validation,2016-04-05,37,33.813745596866596
FOODS_3_681_CA_3_validation,2016-04-06,37,34.57706104444259
FOODS_3_681_CA_3_validation,2016-04-07,39,35.25585854690582
FOODS_3_681_CA_3_validation,2016-04-08,41,36.35678857183031
FOODS_3_681_CA_3_validation,2016-04-09,63,37.52673088681507
FOODS_3_681_CA_3_validation,2016-04-10,29,34.851607644588405
FOODS_3_681_CA_3_validation,2016-04-11,21,34.39884114886796
FOODS_3_681_CA_3_validation,2016-04-12,48,34.63753167997586
FOODS_3_681_CA_3_validation,2016-04-13,32,34.78726264220785
FOODS_3_681_CA_3_validation,2016-04-14,28,34.91819921020122
FOODS_3_681_CA_3_validation,2016-04-15,47,35.12409542786136
FOODS_3_681_CA_3_validation,2016-04-16,26,35.3411107256566
FOODS_3_681_CA_3_validation,2016-04-17,51,34.8539427052695
FOODS_3_681_CA_3_validation,2016-04-18,40,34.97765134313801
FOODS_3_681_CA_3_validation,2016-04-19,31,35.0222256001385
FOODS_3_681_CA_3_validation,2016-04-20,42,35.050227202447736
FOODS_3_681_CA_3_validation,2016-04-21,24,35.07458786205577
FOODS_3_681_CA_3_validation,2016-04-22,55,35.11252021282369
FOODS_3_681_CA_3_validation,2016-04-23,52,35.15239427407943
FOODS_3_681_CA_3_validation,2016-04-24,15,35.06342751574144
FOODS_3_681_WI_3_validation,2016-03-28,1,42.39280077530885
FOODS_3_681_WI_3_validation,2016-03-29,27,34.73083613656787
FOODS_3_681_WI_3_validation,2016-03-30,32,35.658417669109916
FOODS_3_681_WI_3_validation,2016-03-31,30,47.619009958745
FOODS_3_681_WI_3_validation,2016-04-01,70,52.7015571127702
FOODS_3_681_WI_3_validation,2016-04-02,68,74.2580087290199
FOODS_3_681_WI_3_validation,2016-04-03,87,55.876021187670815
FOODS_3_681_WI_3_validation,2016-04-04,37,45.053455104615374
FOODS_3_681_WI_3_validation,2016-04-05,35,39.14875300608317
FOODS_3_681_WI_3_validation,2016-04-06,41,39.616017496615704
FOODS_3_681_WI_3_validation,2016-04-07,32,48.798787481032846
FOODS_3_681_WI_3_validation,2016-04-08,46,55.701036780347266
FOODS_3_681_WI_3_validation,2016-04-09,66,74.45385842001596
FOODS_3_681_WI_3_validation,2016-04-10,62,54.20219340679425
FOODS_3_681_WI_3_validation,2016-04-11,35,47.84003471589081
FOODS_3_681_WI_3_validation,2016-04-12,40,39.882112744401255
FOODS_3_681_WI_3_validation,2016-04-13,21,38.11342456418836
FOODS_3_681_WI_3_validation,2016-04-14,44,51.34266074759435
FOODS_3_681_WI_3_validation,2016-04-15,56,55.93195594786884
FOODS_3_681_WI_3_validation,2016-04-16,98,72.04926705701045
FOODS_3_681_WI_3_validation,2016-04-17,64,54.383286862609026
FOODS_3_681_WI_3_validation,2016-04-18,66,46.03633983194627
FOODS_3_681_WI_3_validation,2016-04-19,34,38.25787966821188
FOODS_3_681_WI_3_validation,2016-04-20,9,38.649122954375486
FOODS_3_681_WI_3_validation,2016-04-21,38,49.43941852908075
FOODS_3_681_WI_3_validation,2016-04-22,43,53.917915084043784
FOODS_3_681_WI_3_validation,2016-04-23,83,71.77812375454108
FOODS_3_681_WI_3_validation,2016-04-24,54,54.52598786933932
FOODS_3_694_CA_3_validation,2016-03-28,18,16.041904202492773
FOODS_3_694_CA_3_validation,2016-03-29,12,16.6122862076883
FOODS_3_694_CA_3_validation,2016-03-30,18,16.343200734262712
FOODS_3_694_CA_3_validation,2016-03-31,21,15.598890716287965
FOODS_3_694_CA_3_validation,2016-04-01,18,18.801862659549204
FOODS_3_694_CA_3_validation,2016-04-02,27,18.798231408702325
FOODS_3_694_CA_3_validation,2016-04-03,25,19.64767473652902
FOODS_3_694_CA_3_validation,2016-04-04,24,18.46416420913148
FOODS_3_694_CA_3_validation,2016-04-05,18,18.56111526596214
FOODS_3_694_CA_3_validation,2016-04-06,20,18.51534250106234
FOODS_3_694_CA_3_validation,2016-04-07,31,18.388761192634544
FOODS_3_694_CA_3_validation,2016-04-08,29,18.47292952137791
FOODS_3_694_CA_3_validation,2016-04-09,23,18.47231182771652
FOODS_3_694_CA_3_validation,2016-04-10,27,18.616769456904795
FOODS_3_694_CA_3_validation,2016-04-11,15,15.707460296030044
FOODS_3_694_CA_3_validation,2016-04-12,22,15.72394794292482
FOODS_3_694_CA_3_validation,2016-04-13,9,15.716163754118377
FOODS_3_694_CA_3_validation,2016-04-14,17,15.69463713784754
FOODS_3_694_CA_3_validation,2016-04-15,8,15.708950936020075
FOODS_3_694_CA_3_validation,2016-04-16,16,15.708845890058894
FOODS_3_694_CA_3_validation,2016-04-17,20,15.733412581397074
FOODS_3_694_CA_3_validation,2016-04-18,17,15.699184345439319
FOODS_3_694_CA_3_validation,2016-04-19,20,15.701988260569633
FOODS_3_694_CA_3_validation,2016-04-20,16,15.70066446919346
FOODS_3_694_CA_3_validation,2016-04-21,19,15.697003619015533
FOODS_3_694_CA_3_validation,2016-04-22,22,15.699437846017462
FOODS_3_694_CA_3_validation,2016-04-23,24,15.699419981736293
FOODS_3_694_CA_3_validation,2016-04-24,24,15.703597831855644
FOODS_3_694_TX_1_validation,2016-03-28,13,19.02014378006743
FOODS_3_694_TX_1_validation,2016-03-29,18,17.979328658416563
FOODS_3_694_TX_1_validation,2016-03-30,17,17.924849865731474
FOODS_3_694_TX_1_validation,2016-03-31,12,18.762004955899734
FOODS_3_694_TX_1_validation,2016-04-01,24,22.230930178043643
FOODS_3_694_TX_1_validation,2016-04-02,26,21.045528756227313
FOODS_3_694_TX_1_validation,2016-04-03,26,22.2366823958998
FOODS_3_694_TX_1_validation,2016-04-04,17,19.499257620299176
FOODS_3_694_TX_1_validation,2016-04-05,18,20.69795441090826
FOODS_3_694_TX_1_validation,2016-04-06,22,20.740239600302218
FOODS_3_694_TX_1_validation,2016-04-07,21,20.905313899295297
FOODS_3_694_TX_1_validation,2016-04-08,25,19.918220485340363
FOODS_3_694_TX_1_validation,2016-04-09,31,21.496851437463228
FOODS_3_694_TX_1_validation,2016-04-10,22,19.915264910189688
FOODS_3_694_TX_1_validation,2016-04-11,18,21.103610733843837
FOODS_3_694_TX_1_validation,2016-04-12,11,21.046096362874426
FOODS_3_694_TX_1_validation,2016-04-13,11,21.03258392979298
FOODS_3_694_TX_1_validation,2016-04-14,19,19.56705395736866
FOODS_3_694_TX_1_validation,2016-04-15,16,21.216759078017194
FOODS_3_694_TX_1_validation,2016-04-16,17,19.716832772471033
FOODS_3_694_TX_1_validation,2016-04-17,25,19.68836179607117
FOODS_3_694_TX_1_validation,2016-04-18,17,19.614122594613235
FOODS_3_694_TX_1_validation,2016-04-19,21,19.587456369755333
FOODS_3_694_TX_1_validation,2016-04-20,12,19.594538169823576
FOODS_3_694_TX_1_validation,2016-04-21,16,19.601621002577744
FOODS_3_694_TX_1_validation,2016-04-22,16,19.640789823326642
FOODS_3_694_TX_1_validation,2016-04-23,22,19.641029453234907
FOODS_3_694_TX_1_validation,2016-04-24,29,19.64025689088667
FOODS_3_694_WI_1_validation,2016-03-28,12,19.374221000511938
FOODS_3_694_WI_1_validation,2016-03-29,16,18.86191002424623
FOODS_3_694_WI_1_validation,2016-03-30,18,16.001571000910392
FOODS_3_694_WI_1_validation,2016-03-31,18,16.880076693662282
FOODS_3_694_WI_1_validation,2016-04-01,31,19.694935910021723
FOODS_3_694_WI_1_validation,2016-04-02,26,23.244282033208897
FOODS_3_694_WI_1_validation,2016-04-03,28,21.256274557902234
FOODS_3_694_WI_1_validation,2016-04-04,16,19.399700847214547
FOODS_3_694_WI_1_validation,2016-04-05,16,19.14345295944966
FOODS_3_694_WI_1_validation,2016-04-06,12,18.10242176113622
FOODS_3_694_WI_1_validation,2016-04-07,16,18.60242414218408
FOODS_3_694_WI_1_validation,2016-04-08,21,19.374393859242158
FOODS_3_694_WI_1_validation,2016-04-09,24,20.68962957085543
FOODS_3_694_WI_1_validation,2016-04-10,27,20.106779383383426
FOODS_3_694_WI_1_validation,2016-04-11,21,19.317174754897483
FOODS_3_694_WI_1_validation,2016-04-12,17,19.240597846924626
FOODS_3_694_WI_1_validation,2016-04-13,16,19.06203059469391
FOODS_3_694_WI_1_validation,2016-04-14,14,19.008013699746957
FOODS_3_694_WI_1_validation,2016-04-15,21,19.35280066641446
FOODS_3_694_WI_1_validation,2016-04-16,34,19.91976202211686
FOODS_3_694_WI_1_validation,2016-04-17,32,19.696583172311218
FOODS_3_694_WI_1_validation,2016-04-18,27,19.450393220604635
FOODS_3_694_WI_1_validation,2016-04-19,14,19.44677244155461
FOODS_3_694_WI_1_validation,2016-04-20,12,19.31507751145212
FOODS_3_694_WI_1_validation,2016-04-21,14,19.36542338818874
FOODS_3_694_WI_1_validation,2016-04-22,18,19.465617198901157
FOODS_3_694_WI_1_validation,2016-04-23,28,19.627863223457332
FOODS_3_694_WI_1_validation,2016-04-24,24,19.535532514579252
FOODS_3_694_WI_2_validation,2016-03-28,30,37.25589055962519
FOODS_3_694_WI_2_validation,2016-03-29,24,38.55740560385984
FOODS_3_694_WI_2_validation,2016-03-30,37,38.00960575215814
FOODS_3_694_WI_2_validation,2016-03-31,35,37.61625573629507
FOODS_3_694_WI_2_validation,2016-04-01,52,39.072163042941064
FOODS_3_694_WI_2_validation,2016-04-02,44,43.30227589643946
FOODS_3_694_WI_2_validation,2016-04-03,41,40.501867775914334
FOODS_3_694_WI_2_validation,2016-04-04,32,38.191152361532545
FOODS_3_694_WI_2_validation,2016-04-05,33,41.081741414543465
FOODS_3_694_WI_2_validation,2016-04-06,36,41.01959357891744
FOODS_3_694_WI_2_validation,2016-04-07,37,38.21840352417598
FOODS_3_694_WI_2_validation,2016-04-08,37,41.130026272126344
FOODS_3_694_WI_2_validation,2016-04-09,43,41.287034746904986
FOODS_3_694_WI_2_validation,2016-04-10,34,38.229689088060674
FOODS_3_694_WI_2_validation,2016-04-11,45,41.03416672611727
FOODS_3_694_WI_2_validation,2016-04-12,37,41.048309941766156
FOODS_3_694_WI_2_validation,2016-04-13,27,38.28458932144725
FOODS_3_694_WI_2_validation,2016-04-14,45,41.036754788495756
FOODS_3_694_WI_2_validation,2016-04-15,41,41.05328176093396
FOODS_3_694_WI_2_validation,2016-04-16,44,38.31311166670772
FOODS_3_694_WI_2_validation,2016-04-17,52,38.280927555969164
FOODS_3_694_WI_2_validation,2016-04-18,38,38.286008188276966
FOODS_3_694_WI_2_validation,2016-04-19,31,38.28751801907069
FOODS_3_694_WI_2_validation,2016-04-20,32,38.286791360936306
FOODS_3_694_WI_2_validation,2016-04-21,32,38.2862757374193
FOODS_3_694_WI_2_validation,2016-04-22,31,38.28804468516235
FOODS_3_694_WI_2_validation,2016-04-23,33,38.28984257064726
FOODS_3_694_WI_2_validation,2016-04-24,29,38.2863952910625
FOODS_3_694_WI_3_validation,2016-03-28,36,44.6570825635341
FOODS_3_694_WI_3_validation,2016-03-29,44,43.13612620560835
FOODS_3_694_WI_3_validation,2016-03-30,39,42.461265438561696
FOODS_3_694_WI_3_validation,2016-03-31,39,40.98340370595282
FOODS_3_694_WI_3_validation,2016-04-01,46,46.534939344604254
FOODS_3_694_WI_3_validation,2016-04-02,56,51.95622410346413
FOODS_3_694_WI_3_validation,2016-04-03,54,48.365073757015274
FOODS_3_694_WI_3_validation,2016-04-04,29,43.59589899888655
FOODS_3_694_WI_3_validation,2016-04-05,43,47.67103331615066
FOODS_3_694_WI_3_validation,2016-04-06,31,47.54986277515214
FOODS_3_694_WI_3_validation,2016-04-07,34,42.93632480616178
FOODS_3_694_WI_3_validation,2016-04-08,48,48.28106018444724
FOODS_3_694_WI_3_validation,2016-04-09,61,48.47366447875928
FOODS_3_694_WI_3_validation,2016-04-10,42,43.48080840455417
FOODS_3_694_WI_3_validation,2016-04-11,41,47.75351034497519
FOODS_3_694_WI_3_validation,2016-04-12,34,47.704485898764624
FOODS_3_694_WI_3_validation,2016-04-13,37,43.334480486754934
FOODS_3_694_WI_3_validation,2016-04-14,51,47.63511883007702
FOODS_3_694_WI_3_validation,2016-04-15,65,47.813983772119926
FOODS_3_694_WI_3_validation,2016-04-16,58,43.50029995564847
FOODS_3_694_WI_3_validation,2016-04-17,59,43.38459623056198
FOODS_3_694_WI_3_validation,2016-04-18,54,43.371034574961584
FOODS_3_694_WI_3_validation,2016-04-19,42,43.36223484250794
FOODS_3_694_WI_3_validation,2016-04-20,34,43.35833083386192
FOODS_3_694_WI_3_validation,2016-04-21,34,43.349783673910466
FOODS_3_694_WI_3_validation,2016-04-22,46,43.38188936312478
FOODS_3_694_WI_3_validation,2016-04-23,46,43.38809490206349
FOODS_3_694_WI_3_validation,2016-04-24,48,43.36732645076071
FOODS_3_711_CA_3_validation,2016-03-28,13,9.579602319064609
FOODS_3_711_CA_3_validation,2016-03-29,1,9.894545792366344
FOODS_3_711_CA_3_validation,2016-03-30,7,10.386071665983954
FOODS_3_711_CA_3_validation,2016-03-31,11,10.47403761108342
FOODS_3_711_CA_3_validation,2016-04-01,33,20.115095921411267
FOODS_3_711_CA_3_validation,2016-04-02,4,20.125251457780838
FOODS_3_711_CA_3_validation,2016-04-03,1,20.12872273318238
FOODS_3_711_CA_3_validation,2016-04-04,0,20.129755941215862
FOODS_3_711_CA_3_validation,2016-04-05,0,20.130086768160105
FOODS_3_711_CA_3_validation,2016-04-06,33,20.130188631249368
FOODS_3_711_CA_3_validation,2016-04-07,26,20.130220654889598
FOODS_3_711_CA_3_validation,2016-04-08,6,20.13023061119514
FOODS_3_711_CA_3_validation,2016-04-09,6,20.13023372504187
FOODS_3_711_CA_3_validation,2016-04-10,18,20.130234695830044
FOODS_3_711_CA_3_validation,2016-04-11,21,10.527522813059345
FOODS_3_711_CA_3_validation,2016-04-12,7,10.527522907650729
FOODS_3_711_CA_3_validation,2016-04-13,0,10.527522937178324
FOODS_3_711_CA_3_validation,2016-04-14,0,10.527522946393288
FOODS_3_711_CA_3_validation,2016-04-15,15,10.527522949269484
FOODS_3_711_CA_3_validation,2016-04-16,3,10.527522950167143
FOODS_3_711_CA_3_validation,2016-04-17,15,10.527522950447313
FOODS_3_711_CA_3_validation,2016-04-18,28,10.527522950534756
FOODS_3_711_CA_3_validation,2016-04-19,2,10.527522950562048
FOODS_3_711_CA_3_validation,2016-04-20,2,10.527522950570566
FOODS_3_711_CA_3_validation,2016-04-21,0,10.527522950573225
FOODS_3_711_CA_3_validation,2016-04-22,0,10.527522950574054
FOODS_3_711_CA_3_validation,2016-04-23,4,10.527522950574314
FOODS_3_711_CA_3_validation,2016-04-24,6,10.527522950574395
FOODS_3_711_WI_2_validation,2016-03-28,10,20.064286345647282
FOODS_3_711_WI_2_validation,2016-03-29,57,18.489091827249734
FOODS_3_711_WI_2_validation,2016-03-30,0,17.905921250640194
FOODS_3_711_WI_2_validation,2016-03-31,0,17.574410882438766
FOODS_3_711_WI_2_validation,2016-04-01,0,17.32795113776676
FOODS_3_711_WI_2_validation,2016-04-02,0,30.644860478540803
FOODS_3_711_WI_2_validation,2016-04-03,1,30.474258703495263
FOODS_3_711_WI_2_validation,2016-04-04,0,16.81013940827559
FOODS_3_711_WI_2_validation,2016-04-05,0,30.2057169408995
FOODS_3_711_WI_2_validation,2016-04-06,0,30.100465103791198
FOODS_3_711_WI_2_validation,2016-04-07,0,16.491671520499377
FOODS_3_711_WI_2_validation,2016-04-08,1,29.934320597213443
FOODS_3_711_WI_2_validation,2016-04-09,1,29.869168590940237
FOODS_3_711_WI_2_validation,2016-04-10,0,16.294546832441203
FOODS_3_711_WI_2_validation,2016-04-11,0,29.766318500191485
FOODS_3_711_WI_2_validation,2016-04-12,0,29.72598645600023
FOODS_3_711_WI_2_validation,2016-04-13,2,16.172517824876504
FOODS_3_711_WI_2_validation,2016-04-14,0,29.66231753877933
FOODS_3_711_WI_2_validation,2016-04-15,0,29.63735015241193
FOODS_3_711_WI_2_validation,2016-04-16,0,16.096976269858615
FOODS_3_711_WI_2_validation,2016-04-17,0,16.07884109900186
FOODS_3_711_WI_2_validation,2016-04-18,47,16.063385140736106
FOODS_3_711_WI_2_validation,2016-04-19,38,16.050212579650136
FOODS_3_711_WI_2_validation,2016-04-20,8,16.038986076409085
FOODS_3_711_WI_2_validation,2016-04-21,20,16.02941812874888
FOODS_3_711_WI_2_validation,2016-04-22,26,16.0212637087605
FOODS_3_711_WI_2_validation,2016-04-23,21,16.01431398791039
FOODS_3_711_WI_2_validation,2016-04-24,18,16.008390989099528
FOODS_3_714_CA_1_validation,2016-03-28,11,19.235028503584374
FOODS_3_714_CA_1_validation,2016-03-29,4,19.12248132062934
FOODS_3_714_CA_1_validation,2016-03-30,13,19.701720173031937
FOODS_3_714_CA_1_validation,2016-03-31,19,15.94406715884896
FOODS_3_714_CA_1_validation,2016-04-01,29,26.086527066089367
FOODS_3_714_CA_1_validation,2016-04-02,40,33.70587580470601
FOODS_3_714_CA_1_validation,2016-04-03,23,27.517081122301587
FOODS_3_714_CA_1_validation,2016-04-04,25,21.74841073437722
FOODS_3_714_CA_1_validation,2016-04-05,19,21.988692222292304
FOODS_3_714_CA_1_validation,2016-04-06,15,22.01522208399158
FOODS_3_714_CA_1_validation,2016-04-07,15,20.355475415132762
FOODS_3_714_CA_1_validation,2016-04-08,18,24.167147311557272
FOODS_3_714_CA_1_validation,2016-04-09,33,28.196364665472437
FOODS_3_714_CA_1_validation,2016-04-10,25,24.90934886702502
FOODS_3_714_CA_1_validation,2016-04-11,7,19.977120515919488
FOODS_3_714_CA_1_validation,2016-04-12,5,19.967532132383408
FOODS_3_714_CA_1_validation,2016-04-13,11,20.097158819392288
FOODS_3_714_CA_1_validation,2016-04-14,9,19.156693872228782
FOODS_3_714_CA_1_validation,2016-04-15,20,21.17105628298813
FOODS_3_714_CA_1_validation,2016-04-16,37,23.121660668496816
FOODS_3_714_CA_1_validation,2016-04-17,37,21.536332815207977
FOODS_3_714_CA_1_validation,2016-04-18,15,20.07851433698415
FOODS_3_714_CA_1_validation,2016-04-19,6,20.131011525286933
FOODS_3_714_CA_1_validation,2016-04-20,10,20.145430295996295
FOODS_3_714_CA_1_validation,2016-04-21,12,19.716380373457643
FOODS_3_714_CA_1_validation,2016-04-22,18,20.69211294840361
FOODS_3_714_CA_1_validation,2016-04-23,22,21.711741786855452
FOODS_3_714_CA_1_validation,2016-04-24,27,20.88032717329682
FOODS_3_714_CA_3_validation,2016-03-28,26,27.351613841308524
FOODS_3_714_CA_3_validation,2016-03-29,28,26.707440452687596
FOODS_3_714_CA_3_validation,2016-03-30,34,27.036614306375487
FOODS_3_714_CA_3_validation,2016-03-31,25,29.45083617082831
FOODS_3_714_CA_3_validation,2016-04-01,34,30.234680289913378
FOODS_3_714_CA_3_validation,2016-04-02,39,36.53578977063912
FOODS_3_714_CA_3_validation,2016-04-03,35,29.895529459839768
FOODS_3_714_CA_3_validation,2016-04-04,29,29.478947408111647
FOODS_3_714_CA_3_validation,2016-04-05,45,30.01781279955964
FOODS_3_714_CA_3_validation,2016-04-06,41,29.457803622390355
FOODS_3_714_CA_3_validation,2016-04-07,38,30.69556625123786
FOODS_3_714_CA_3_validation,2016-04-08,30,29.72066904467546
FOODS_3_714_CA_3_validation,2016-04-09,32,31.89968193010174
FOODS_3_714_CA_3_validation,2016-04-10,13,29.67317289942876
FOODS_3_714_CA_3_validation,2016-04-11,18,27.55910182497693
FOODS_3_714_CA_3_validation,2016-04-12,24,27.33065191771678
FOODS_3_714_CA_3_validation,2016-04-13,41,27.5205946768617
FOODS_3_714_CA_3_validation,2016-04-14,29,27.542103169389826
FOODS_3_714_CA_3_validation,2016-04-15,31,27.563676991990707
FOODS_3_714_CA_3_validation,2016-04-16,35,27.889466281821385
FOODS_3_714_CA_3_validation,2016-04-17,57,27.52824676066666
FOODS_3_714_CA_3_validation,2016-04-18,24,27.39351919405216
FOODS_3_714_CA_3_validation,2016-04-19,25,27.527777562873013
FOODS_3_714_CA_3_validation,2016-04-20,33,27.400428014766824
FOODS_3_714_CA_3_validation,2016-04-21,23,27.568699932887135
FOODS_3_714_CA_3_validation,2016-04-22,20,27.426285050408392
FOODS_3_714_CA_3_validation,2016-04-23,42,27.648664478169202
FOODS_3_714_CA_3_validation,2016-04-24,40,27.428704335987614
FOODS_3_714_TX_1_validation,2016-03-28,9,16.69816513180656
FOODS_3_714_TX_1_validation,2016-03-29,15,16.423768435670148
FOODS_3_714_TX_1_validation,2016-03-30,14,16.308972832056384
FOODS_3_714_TX_1_validation,2016-03-31,12,14.83567816751651
FOODS_3_714_TX_1_validation,2016-04-01,25,17.186416972509075
FOODS_3_714_TX_1_validation,2016-04-02,21,16.75658519632912
FOODS_3_714_TX_1_validation,2016-04-03,28,19.10436194342278
FOODS_3_714_TX_1_validation,2016-04-04,14,16.685231559458526
FOODS_3_714_TX_1_validation,2016-04-05,23,17.53085637705411
FOODS_3_714_TX_1_validation,2016-04-06,16,17.50338289703313
FOODS_3_714_TX_1_validation,2016-04-07,23,17.1508372618887
FOODS_3_714_TX_1_validation,2016-04-08,24,16.584002350763846
FOODS_3_714_TX_1_validation,2016-04-09,30,17.610490133051364
FOODS_3_714_TX_1_validation,2016-04-10,34,17.042946723282995
FOODS_3_714_TX_1_validation,2016-04-11,19,17.593415952275297
FOODS_3_714_TX_1_validation,2016-04-12,19,17.577704916424242
FOODS_3_714_TX_1_validation,2016-04-13,13,17.57113079688231
FOODS_3_714_TX_1_validation,2016-04-14,21,16.5754884740489
FOODS_3_714_TX_1_validation,2016-04-15,17,17.569192850286786
FOODS_3_714_TX_1_validation,2016-04-16,31,16.685478652272987
FOODS_3_714_TX_1_validation,2016-04-17,21,16.767731693660817
FOODS_3_714_TX_1_validation,2016-04-18,14,16.681392977398293
FOODS_3_714_TX_1_validation,2016-04-19,10,16.67763348900644
FOODS_3_714_TX_1_validation,2016-04-20,20,16.676060370191177
FOODS_3_714_TX_1_validation,2016-04-21,14,16.655873769184335
FOODS_3_714_TX_1_validation,2016-04-22,21,16.675596639613573
FOODS_3_714_TX_1_validation,2016-04-23,32,16.682193281288573
FOODS_3_714_TX_1_validation,2016-04-24,20,16.70187558341201
FOODS_3_714_TX_2_validation,2016-03-28,23,26.49015553804919
FOODS_3_714_TX_2_validation,2016-03-29,23,20.08455908308395
FOODS_3_714_TX_2_validation,2016-03-30,16,20.282050425616266
FOODS_3_714_TX_2_validation,2016-03-31,22,22.88622878318239
FOODS_3_714_TX_2_validation,2016-04-01,21,27.648474358267006
FOODS_3_714_TX_2_validation,2016-04-02,34,28.35271860197836
FOODS_3_714_TX_2_validation,2016-04-03,42,26.881578857500553
FOODS_3_714_TX_2_validation,2016-04-04,18,23.696500774548163
FOODS_3_714_TX_2_validation,2016-04-05,18,19.44038048821804
FOODS_3_714_TX_2_validation,2016-04-06,15,20.26867987399072
FOODS_3_714_TX_2_validation,2016-04-07,23,23.106939249131322
FOODS_3_714_TX_2_validation,2016-04-08,28,26.09223166287556
FOODS_3_714_TX_2_validation,2016-04-09,26,28.661536398386627
FOODS_3_714_TX_2_validation,2016-04-10,22,25.591117180505883
FOODS_3_714_TX_2_validation,2016-04-11,25,24.385365045546823
FOODS_3_714_TX_2_validation,2016-04-12,13,19.524821345424346
FOODS_3_714_TX_2_validation,2016-04-13,13,20.32973927363922
FOODS_3_714_TX_2_validation,2016-04-14,18,22.12843570256724
FOODS_3_714_TX_2_validation,2016-04-15,29,26.727764832910182
FOODS_3_714_TX_2_validation,2016-04-16,17,27.40660836448725
FOODS_3_714_TX_2_validation,2016-04-17,30,25.355591469259053
FOODS_3_714_TX_2_validation,2016-04-18,13,23.356726632985847
FOODS_3_714_TX_2_validation,2016-04-19,21,18.749410468065605
FOODS_3_714_TX_2_validation,2016-04-20,12,19.513186634095305
FOODS_3_714_TX_2_validation,2016-04-21,32,22.07628145120307
FOODS_3_714_TX_2_validation,2016-04-22,39,25.57984304348249
FOODS_3_714_TX_2_validation,2016-04-23,20,27.0809534251587
FOODS_3_714_TX_2_validation,2016-04-24,15,25.136447746571033
FOODS_3_714_TX_3_validation,2016-03-28,8,15.864776609217365
FOODS_3_714_TX_3_validation,2016-03-29,21,18.300249739311113
FOODS_3_714_TX_3_validation,2016-03-30,24,21.580633407777974
FOODS_3_714_TX_3_validation,2016-03-31,28,22.925203336698804
FOODS_3_714_TX_3_validation,2016-04-01,22,25.19419572385055
FOODS_3_714_TX_3_validation,2016-04-02,27,23.487301410345207
FOODS_3_714_TX_3_validation,2016-04-03,29,24.477108153134203
FOODS_3_714_TX_3_validation,2016-04-04,42,21.23265248931872
FOODS_3_714_TX_3_validation,2016-04-05,33,21.55192298847781
FOODS_3_714_TX_3_validation,2016-04-06,29,23.26379721995307
FOODS_3_714_TX_3_validation,2016-04-07,24,24.468971717442535
FOODS_3_714_TX_3_validation,2016-04-08,23,24.407288474624355
FOODS_3_714_TX_3_validation,2016-04-09,28,24.812629638914615
FOODS_3_714_TX_3_validation,2016-04-10,24,23.691390142875274
FOODS_3_714_TX_3_validation,2016-04-11,11,22.558953374456486
FOODS_3_714_TX_3_validation,2016-04-12,17,21.840595313861282
FOODS_3_714_TX_3_validation,2016-04-13,23,23.550717135292007
FOODS_3_714_TX_3_validation,2016-04-14,17,23.705523938450426
FOODS_3_714_TX_3_validation,2016-04-15,29,25.65157861171464
FOODS_3_714_TX_3_validation,2016-04-16,26,24.047156977398526
FOODS_3_714_TX_3_validation,2016-04-17,27,23.941005917189347
FOODS_3_714_TX_3_validation,2016-04-18,13,21.838818337311302
FOODS_3_714_TX_3_validation,2016-04-19,19,21.138061210643638
FOODS_3_714_TX_3_validation,2016-04-20,8,22.81277545069635
FOODS_3_714_TX_3_validation,2016-04-21,15,23.95244694708237
FOODS_3_714_TX_3_validation,2016-04-22,17,24.874070391898943
FOODS_3_714_TX_3_validation,2016-04-23,30,24.28715226669498
FOODS_3_714_TX_3_validation,2016-04-24,19,24.182349482235605
FOODS_3_714_WI_3_validation,2016-03-28,11,21.40852305461731
FOODS_3_714_WI_3_validation,2016-03-29,33,22.609350899951878
FOODS_3_714_WI_3_validation,2016-03-30,13,21.159140047031272
FOODS_3_714_WI_3_validation,2016-03-31,4,23.30810585389345
FOODS_3_714_WI_3_validation,2016-04-01,32,23.233359595347284
FOODS_3_714_WI_3_validation,2016-04-02,21,25.730523675661154
FOODS_3_714_WI_3_validation,2016-04-03,13,26.314819622472417
FOODS_3_714_WI_3_validation,2016-04-04,11,21.89449169041028
FOODS_3_714_WI_3_validation,2016-04-05,21,24.850709992532728
FOODS_3_714_WI_3_validation,2016-04-06,8,24.5638434650523
FOODS_3_714_WI_3_validation,2016-04-07,9,22.268435213189154
FOODS_3_714_WI_3_validation,2016-04-08,24,24.973538384708394
FOODS_3_714_WI_3_validation,2016-04-09,22,24.929514501517197
FOODS_3_714_WI_3_validation,2016-04-10,16,22.325051338717333
FOODS_3_714_WI_3_validation,2016-04-11,19,24.708976803619976
FOODS_3_714_WI_3_validation,2016-04-12,16,24.755668194361927
FOODS_3_714_WI_3_validation,2016-04-13,13,21.979078085550096
FOODS_3_714_WI_3_validation,2016-04-14,30,24.782862738412156
FOODS_3_714_WI_3_validation,2016-04-15,31,24.7799373365249
FOODS_3_714_WI_3_validation,2016-04-16,40,22.051330082553708
FOODS_3_714_WI_3_validation,2016-04-17,10,22.074140685499504
FOODS_3_714_WI_3_validation,2016-04-18,20,22.00775455842791
FOODS_3_714_WI_3_validation,2016-04-19,18,22.01698019951365
FOODS_3_714_WI_3_validation,2016-04-20,16,22.005780648802347
FOODS_3_714_WI_3_validation,2016-04-21,25,22.022353504963156
FOODS_3_714_WI_3_validation,2016-04-22,26,22.02177548172387
FOODS_3_714_WI_3_validation,2016-04-23,36,22.02005674973476
FOODS_3_714_WI_3_validation,2016-04-24,20,22.024563842746396
FOODS_3_723_CA_3_validation,2016-03-28,14,27.66288936241939
FOODS_3_723_CA_3_validation,2016-03-29,19,24.579364346338586
FOODS_3_723_CA_3_validation,2016-03-30,14,24.214392721121406
FOODS_3_723_CA_3_validation,2016-03-31,56,24.947757211360226
FOODS_3_723_CA_3_validation,2016-04-01,31,29.556183972037804
FOODS_3_723_CA_3_validation,2016-04-02,35,32.411739322289506
FOODS_3_723_CA_3_validation,2016-04-03,19,27.62025545109277
FOODS_3_723_CA_3_validation,2016-04-04,30,25.871839573729375
FOODS_3_723_CA_3_validation,2016-04-05,22,26.04852317635928
FOODS_3_723_CA_3_validation,2016-04-06,12,25.167075976359126
FOODS_3_723_CA_3_validation,2016-04-07,30,26.108217730333223
FOODS_3_723_CA_3_validation,2016-04-08,26,26.378224782883432
FOODS_3_723_CA_3_validation,2016-04-09,34,27.730365215580477
FOODS_3_723_CA_3_validation,2016-04-10,28,25.989568629397954
FOODS_3_723_CA_3_validation,2016-04-11,17,26.729741290581867
FOODS_3_723_CA_3_validation,2016-04-12,18,26.05683379481899
FOODS_3_723_CA_3_validation,2016-04-13,22,26.567854398603426
FOODS_3_723_CA_3_validation,2016-04-14,18,26.083701049047466
FOODS_3_723_CA_3_validation,2016-04-15,28,26.80668278678659
FOODS_3_723_CA_3_validation,2016-04-16,32,26.43627436201602
FOODS_3_723_CA_3_validation,2016-04-17,42,26.71199285361941
FOODS_3_723_CA_3_validation,2016-04-18,21,26.16109350205785
FOODS_3_723_CA_3_validation,2016-04-19,18,26.633611313016466
FOODS_3_723_CA_3_validation,2016-04-20,26,26.13998693318758
FOODS_3_723_CA_3_validation,2016-04-21,12,26.626784077459487
FOODS_3_723_CA_3_validation,2016-04-22,31,26.202043268390582
FOODS_3_723_CA_3_validation,2016-04-23,48,26.688486020429192
FOODS_3_723_CA_3_validation,2016-04-24,23,26.193949511627004
FOODS_3_723_WI_3_validation,2016-03-28,30,43.85633650307466
FOODS_3_723_WI_3_validation,2016-03-29,23,39.251467466069265
FOODS_3_723_WI_3_validation,2016-03-30,17,32.799491812084824
FOODS_3_723_WI_3_validation,2016-03-31,18,31.499906391068805
FOODS_3_723_WI_3_validation,2016-04-01,39,33.83331570331599
FOODS_3_723_WI_3_validation,2016-04-02,40,42.695742732492654
FOODS_3_723_WI_3_validation,2016-04-03,30,45.1509805538186
FOODS_3_723_WI_3_validation,2016-04-04,24,35.74311648540188
FOODS_3_723_WI_3_validation,2016-04-05,20,37.57483211117258
FOODS_3_723_WI_3_validation,2016-04-06,21,35.807855866267865
FOODS_3_723_WI_3_validation,2016-04-07,20,32.17543823411175
FOODS_3_723_WI_3_validation,2016-04-08,26,35.92493206183326
FOODS_3_723_WI_3_validation,2016-04-09,43,37.313384288158574
FOODS_3_723_WI_3_validation,2016-04-10,34,34.69388707735236
FOODS_3_723_WI_3_validation,2016-04-11,23,36.33621241470574
FOODS_3_723_WI_3_validation,2016-04-12,25,35.97854648710961
FOODS_3_723_WI_3_validation,2016-04-13,19,32.311136875748936
FOODS_3_723_WI_3_validation,2016-04-14,32,35.41958496174119
FOODS_3_723_WI_3_validation,2016-04-15,30,35.55179199903038
FOODS_3_723_WI_3_validation,2016-04-16,37,32.6838296633356
FOODS_3_723_WI_3_validation,2016-04-17,38,32.833518677800726
FOODS_3_723_WI_3_validation,2016-04-18,21,32.43615660505611
FOODS_3_723_WI_3_validation,2016-04-19,15,32.345671105080015
FOODS_3_723_WI_3_validation,2016-04-20,24,32.23183566635045
FOODS_3_723_WI_3_validation,2016-04-21,16,32.204437499395254
FOODS_3_723_WI_3_validation,2016-04-22,27,32.23768260291139
FOODS_3_723_WI_3_validation,2016-04-23,42,32.325521383788484
FOODS_3_723_WI_3_validation,2016-04-24,41,32.363222239419805
FOODS_3_752_CA_3_validation,2016-03-28,15,10.271985200746304
FOODS_3_752_CA_3_validation,2016-03-29,9,10.541942025554635
FOODS_3_752_CA_3_validation,2016-03-30,12,10.541942025554635
FOODS_3_752_CA_3_validation,2016-03-31,6,10.541942025554635
FOODS_3_752_CA_3_validation,2016-04-01,7,20.41339857074842
FOODS_3_752_CA_3_validation,2016-04-02,13,20.41339857074842
FOODS_3_752_CA_3_validation,2016-04-03,14,20.41339857074842
FOODS_3_752_CA_3_validation,2016-04-04,15,20.41339857074842
FOODS_3_752_CA_3_validation,2016-04-05,4,20.41339857074842
FOODS_3_752_CA_3_validation,2016-04-06,23,20.41339857074842
FOODS_3_752_CA_3_validation,2016-04-07,10,20.41339857074842
FOODS_3_752_CA_3_validation,2016-04-08,51,20.41339857074842
FOODS_3_752_CA_3_validation,2016-04-09,7,20.41339857074842
FOODS_3_752_CA_3_validation,2016-04-10,29,20.41339857074842
FOODS_3_752_CA_3_validation,2016-04-11,9,10.541942025554635
FOODS_3_752_CA_3_validation,2016-04-12,37,10.541942025554635
FOODS_3_752_CA_3_validation,2016-04-13,1,10.541942025554635
FOODS_3_752_CA_3_validation,2016-04-14,1,10.541942025554635
FOODS_3_752_CA_3_validation,2016-04-15,21,10.541942025554635
FOODS_3_752_CA_3_validation,2016-04-16,13,10.541942025554635
FOODS_3_752_CA_3_validation,2016-04-17,26,10.541942025554635
FOODS_3_752_CA_3_validation,2016-04-18,61,10.541942025554635
FOODS_3_752_CA_3_validation,2016-04-19,6,10.541942025554635
FOODS_3_752_CA_3_validation,2016-04-20,19,10.541942025554635
FOODS_3_752_CA_3_validation,2016-04-21,10,10.541942025554635
FOODS_3_752_CA_3_validation,2016-04-22,2,10.541942025554635
FOODS_3_752_CA_3_validation,2016-04-23,1,10.541942025554635
FOODS_3_752_CA_3_validation,2016-04-24,3,10.541942025554635
FOODS_3_804_CA_3_validation,2016-03-28,18,11.958638222906284
FOODS_3_804_CA_3_validation,2016-03-29,0,10.979829053876848
FOODS_3_804_CA_3_validation,2016-03-30,13,13.017652140825986
FOODS_3_804_CA_3_validation,2016-03-31,10,13.517532137987425
FOODS_3_804_CA_3_validation,2016-04-01,14,14.574626563842928
FOODS_3_804_CA_3_validation,2016-04-02,28,16.419559403592256
FOODS_3_804_CA_3_validation,2016-04-03,15,14.188841431621567
FOODS_3_804_CA_3_validation,2016-04-04,17,13.039653338048065
FOODS_3_804_CA_3_validation,2016-04-05,14,13.17341715409012
FOODS_3_804_CA_3_validation,2016-04-06,0,14.730536360816487
FOODS_3_804_CA_3_validation,2016-04-07,0,15.067354289856647
FOODS_3_804_CA_3_validation,2016-04-08,0,14.358186833958767
FOODS_3_804_CA_3_validation,2016-04-09,0,16.148684137399727
FOODS_3_804_CA_3_validation,2016-04-10,0,14.001400106516504
FOODS_3_804_CA_3_validation,2016-04-11,0,11.085324593323405
FOODS_3_804_CA_3_validation,2016-04-12,0,11.213923986683449
FOODS_3_804_CA_3_validation,2016-04-13,0,12.713350629125243
FOODS_3_804_CA_3_validation,2016-04-14,0,13.037701054364883
FOODS_3_804_CA_3_validation,2016-04-15,16,12.354835429249743
FOODS_3_804_CA_3_validation,2016-04-16,22,14.078919352820233
FOODS_3_804_CA_3_validation,2016-04-17,1,12.011279690676103
FOODS_3_804_CA_3_validation,2016-04-18,24,10.944724968386408
FOODS_3_804_CA_3_validation,2016-04-19,16,11.068554541635658
FOODS_3_804_CA_3_validation,2016-04-20,17,12.512366201867083
FOODS_3_804_CA_3_validation,2016-04-21,17,12.824686197488957
FOODS_3_804_CA_3_validation,2016-04-22,45,12.167148622689554
FOODS_3_804_CA_3_validation,2016-04-23,0,13.827284849728954
FOODS_3_804_CA_3_validation,2016-04-24,18,11.836335650689206
FOODS_3_808_CA_1_validation,2016-03-28,16,4.51618174419263
FOODS_3_808_CA_1_validation,2016-03-29,1,3.9752700624947854
FOODS_3_808_CA_1_validation,2016-03-30,3,1.8161071760209038
FOODS_3_808_CA_1_validation,2016-03-31,13,2.3391126112615375
FOODS_3_808_CA_1_validation,2016-04-01,6,4.0021477635158185
FOODS_3_808_CA_1_validation,2016-04-02,0,6.092545224312193
FOODS_3_808_CA_1_validation,2016-04-03,0,3.909390991034663
FOODS_3_808_CA_1_validation,2016-04-04,0,4.617518577926869
FOODS_3_808_CA_1_validation,2016-04-05,0,4.201511699960921
FOODS_3_808_CA_1_validation,2016-04-06,0,2.227574378273128
FOODS_3_808_CA_1_validation,2016-04-07,0,2.8009811985677153
FOODS_3_808_CA_1_validation,2016-04-08,0,3.527660027879966
FOODS_3_808_CA_1_validation,2016-04-09,0,5.577508845246205
FOODS_3_808_CA_1_validation,2016-04-10,0,3.5419993593220065
FOODS_3_808_CA_1_validation,2016-04-11,0,3.290079161266288
FOODS_3_808_CA_1_validation,2016-04-12,0,2.928496681943265
FOODS_3_808_CA_1_validation,2016-04-13,0,1.0754866812876183
FOODS_3_808_CA_1_validation,2016-04-14,0,1.6488849009487194
FOODS_3_808_CA_1_validation,2016-04-15,0,2.364903127127369
FOODS_3_808_CA_1_validation,2016-04-16,0,4.340333052347702
FOODS_3_808_CA_1_validation,2016-04-17,0,2.414910463199205
FOODS_3_808_CA_1_validation,2016-04-18,0,3.1132706903021194
FOODS_3_808_CA_1_validation,2016-04-19,0,2.780746626273821
FOODS_3_808_CA_1_validation,2016-04-20,0,1.023410431709741
FOODS_3_808_CA_1_validation,2016-04-21,0,1.5798113842814558
FOODS_3_808_CA_1_validation,2016-04-22,0,2.2710154889494225
FOODS_3_808_CA_1_validation,2016-04-23,0,4.162817366231198
FOODS_3_808_CA_1_validation,2016-04-24,0,2.3315613608876484
FOODS_3_808_CA_3_validation,2016-03-28,37,34.242349040620915
FOODS_3_808_CA_3_validation,2016-03-29,27,34.4554239897662
FOODS_3_808_CA_3_validation,2016-03-30,41,30.086580732761824
FOODS_3_808_CA_3_validation,2016-03-31,1,30.039571179129535
FOODS_3_808_CA_3_validation,2016-04-01,0,31.383723251335198
FOODS_3_808_CA_3_validation,2016-04-02,0,31.208481187302944
FOODS_3_808_CA_3_validation,2016-04-03,0,33.047087404722426
FOODS_3_808_CA_3_validation,2016-04-04,0,33.03069556244952
FOODS_3_808_CA_3_validation,2016-04-05,0,33.351644480499985
FOODS_3_808_CA_3_validation,2016-04-06,4,32.47741089032032
FOODS_3_808_CA_3_validation,2016-04-07,0,32.681123217029395
FOODS_3_808_CA_3_validation,2016-04-08,0,32.479373855789575
FOODS_3_808_CA_3_validation,2016-04-09,0,32.606921100842236
FOODS_3_808_CA_3_validation,2016-04-10,0,32.74102371009946
FOODS_3_808_CA_3_validation,2016-04-11,0,31.347861157868778
FOODS_3_808_CA_3_validation,2016-04-12,0,31.29952419637274
FOODS_3_808_CA_3_validation,2016-04-13,0,31.254395339002055
FOODS_3_808_CA_3_validation,2016-04-14,0,31.21508782001639
FOODS_3_808_CA_3_validation,2016-04-15,0,31.244534477333463
FOODS_3_808_CA_3_validation,2016-04-16,2,31.213070706497167
FOODS_3_808_CA_3_validation,2016-04-17,0,31.274765412734368
FOODS_3_808_CA_3_validation,2016-04-18,0,31.254207236947106
FOODS_3_808_CA_3_validation,2016-04-19,0,31.27806426986097
FOODS_3_808_CA_3_validation,2016-04-20,0,31.245333844212087
FOODS_3_808_CA_3_validation,2016-04-21,0,31.262049404588822
FOODS_3_808_CA_3_validation,2016-04-22,0,31.24722509404769
FOODS_3_808_CA_3_validation,2016-04-23,0,31.258940807457517
FOODS_3_808_CA_3_validation,2016-04-24,0,31.253970711069872
HOUSEHOLD_1_118_CA_3_validation,2016-03-28,16,18.377105298167614
HOUSEHOLD_1_118_CA_3_validation,2016-03-29,14,19.4488817724482
HOUSEHOLD_1_118_CA_3_validation,2016-03-30,39,19.45104152762721
HOUSEHOLD_1_118_CA_3_validation,2016-03-31,17,18.805530199321613
HOUSEHOLD_1_118_CA_3_validation,2016-04-01,19,19.50488030159339
HOUSEHOLD_1_118_CA_3_validation,2016-04-02,27,20.462067755847432
HOUSEHOLD_1_118_CA_3_validation,2016-04-03,30,19.753684478912238
HOUSEHOLD_1_118_CA_3_validation,2016-04-04,35,19.646917593263126
HOUSEHOLD_1_118_CA_3_validation,2016-04-05,25,19.713376031537514
HOUSEHOLD_1_118_CA_3_validation,2016-04-06,21,19.711709146060183
HOUSEHOLD_1_118_CA_3_validation,2016-04-07,41,19.668878069021716
HOUSEHOLD_1_118_CA_3_validation,2016-04-08,8,19.70435078891094
HOUSEHOLD_1_118_CA_3_validation,2016-04-09,24,19.764740467490707
HOUSEHOLD_1_118_CA_3_validation,2016-04-10,24,19.718567114701468
HOUSEHOLD_1_118_CA_3_validation,2016-04-11,16,19.583673400867436
HOUSEHOLD_1_118_CA_3_validation,2016-04-12,20,19.587426466754554
HOUSEHOLD_1_118_CA_3_validation,2016-04-13,9,19.586910089616545
HOUSEHOLD_1_118_CA_3_validation,2016-04-14,11,19.583833732620068
HOUSEHOLD_1_118_CA_3_validation,2016-04-15,21,19.585839103173598
HOUSEHOLD_1_118_CA_3_validation,2016-04-16,20,19.589492581292955
HOUSEHOLD_1_118_CA_3_validation,2016-04-17,38,19.586357903469302
HOUSEHOLD_1_118_CA_3_validation,2016-04-18,13,19.58573731616261
HOUSEHOLD_1_118_CA_3_validation,2016-04-19,22,19.585863011698656
HOUSEHOLD_1_118_CA_3_validation,2016-04-20,19,19.585737011508552
HOUSEHOLD_1_118_CA_3_validation,2016-04-21,52,19.58546468604202
HOUSEHOLD_1_118_CA_3_validation,2016-04-22,14,19.58553240016648
HOUSEHOLD_1_118_CA_3_validation,2016-04-23,25,19.58571735361196
HOUSEHOLD_1_118_CA_3_validation,2016-04-24,31,19.58547665268358
HOUSEHOLD_1_334_CA_3_validation,2016-03-28,7,20.738103435293016
HOUSEHOLD_1_334_CA_3_validation,2016-03-29,23,18.935910954865708
HOUSEHOLD_1_334_CA_3_validation,2016-03-30,4,17.065193315993838
HOUSEHOLD_1_334_CA_3_validation,2016-03-31,43,18.002209100793024
HOUSEHOLD_1_334_CA_3_validation,2016-04-01,24,15.650843453690847
HOUSEHOLD_1_334_CA_3_validation,2016-04-02,31,18.255437528173093
HOUSEHOLD_1_334_CA_3_validation,2016-04-03,28,18.476787736058586
HOUSEHOLD_1_334_CA_3_validation,2016-04-04,15,17.544805957821776
HOUSEHOLD_1_334_CA_3_validation,2016-04-05,21,16.476648512399073
HOUSEHOLD_1_334_CA_3_validation,2016-04-06,19,15.11952968176723
HOUSEHOLD_1_334_CA_3_validation,2016-04-07,12,16.299697071418144
HOUSEHOLD_1_334_CA_3_validation,2016-04-08,18,15.43442756716572
HOUSEHOLD_1_334_CA_3_validation,2016-04-09,17,18.048214869574533
HOUSEHOLD_1_334_CA_3_validation,2016-04-10,42,18.341381595622224
HOUSEHOLD_1_334_CA_3_validation,2016-04-11,22,18.754542158367897
HOUSEHOLD_1_334_CA_3_validation,2016-04-12,25,17.76891782278911
HOUSEHOLD_1_334_CA_3_validation,2016-04-13,27,16.49501615609324
HOUSEHOLD_1_334_CA_3_validation,2016-04-14,25,17.63907659299248
HOUSEHOLD_1_334_CA_3_validation,2016-04-15,14,16.822313391272214
HOUSEHOLD_1_334_CA_3_validation,2016-04-16,37,19.328404668404218
HOUSEHOLD_1_334_CA_3_validation,2016-04-17,29,19.61352104558075
HOUSEHOLD_1_334_CA_3_validation,2016-04-18,19,18.816421013417852
HOUSEHOLD_1_334_CA_3_validation,2016-04-19,27,17.876434497581496
HOUSEHOLD_1_334_CA_3_validation,2016-04-20,19,16.660184595184038
HOUSEHOLD_1_334_CA_3_validation,2016-04-21,20,17.755293722246915
HOUSEHOLD_1_334_CA_3_validation,2016-04-22,21,16.975403783052432
HOUSEHOLD_1_334_CA_3_validation,2016-04-23,27,19.37226986895328
HOUSEHOLD_1_334_CA_3_validation,2016-04-24,29,19.645567881899044
HOUSEHOLD_1_459_CA_3_validation,2016-03-28,32,22.344339664360717
HOUSEHOLD_1_459_CA_3_validation,2016-03-29,13,21.37234827084763
HOUSEHOLD_1_459_CA_3_validation,2016-03-30,16,20.419947741702956
HOUSEHOLD_1_459_CA_3_validation,2016-03-31,30,20.436526385717066
HOUSEHOLD_1_459_CA_3_validation,2016-04-01,23,19.783025202119045
HOUSEHOLD_1_459_CA_3_validation,2016-04-02,32,20.525911026799434
HOUSEHOLD_1_459_CA_3_validation,2016-04-03,34,20.229957973620632
HOUSEHOLD_1_459_CA_3_validation,2016-04-04,21,20.12179437732073
HOUSEHOLD_1_459_CA_3_validation,2016-04-05,23,20.059698198565425
HOUSEHOLD_1_459_CA_3_validation,2016-04-06,18,20.00521063955833
HOUSEHOLD_1_459_CA_3_validation,2016-04-07,36,20.00194740249126
HOUSEHOLD_1_459_CA_3_validation,2016-04-08,40,19.957282478972424
HOUSEHOLD_1_459_CA_3_validation,2016-04-09,34,19.992665984011605
HOUSEHOLD_1_459_CA_3_validation,2016-04-10,30,19.97748255142096
HOUSEHOLD_1_459_CA_3_validation,2016-04-11,16,19.76179572538971
HOUSEHOLD_1_459_CA_3_validation,2016-04-12,21,19.758562687050905
HOUSEHOLD_1_459_CA_3_validation,2016-04-13,9,19.755786832726137
HOUSEHOLD_1_459_CA_3_validation,2016-04-14,34,19.755575429130456
HOUSEHOLD_1_459_CA_3_validation,2016-04-15,35,19.753350793187895
HOUSEHOLD_1_459_CA_3_validation,2016-04-16,29,19.755077080822698
HOUSEHOLD_1_459_CA_3_validation,2016-04-17,42,19.754322310051617
HOUSEHOLD_1_459_CA_3_validation,2016-04-18,37,19.754039965392113
HOUSEHOLD_1_459_CA_3_validation,2016-04-19,27,19.753878685171014
HOUSEHOLD_1_459_CA_3_validation,2016-04-20,21,19.753740930769506
HOUSEHOLD_1_459_CA_3_validation,2016-04-21,7,19.75372989590885
HOUSEHOLD_1_459_CA_3_validation,2016-04-22,33,19.753620108005855
HOUSEHOLD_1_459_CA_3_validation,2016-04-23,32,19.75370485774968
HOUSEHOLD_1_459_CA_3_validation,2016-04-24,35,19.75366762724549
