id,date,sales,forecast
FOODS_1_218_TX_2_validation,2016-03-28,4,18
FOODS_1_218_TX_2_validation,2016-03-29,6,13
FOODS_1_218_TX_2_validation,2016-03-30,15,21
FOODS_1_218_TX_2_validation,2016-03-31,20,14
FOODS_1_218_TX_2_validation,2016-04-01,31,22
FOODS_1_218_TX_2_validation,2016-04-02,19,9
FOODS_1_218_TX_2_validation,2016-04-03,16,14
FOODS_1_218_TX_2_validation,2016-04-04,10,18
FOODS_1_218_TX_2_validation,2016-04-05,4,13
FOODS_1_218_TX_2_validation,2016-04-06,9,21
FOODS_1_218_TX_2_validation,2016-04-07,8,14
FOODS_1_218_TX_2_validation,2016-04-08,16,22
FOODS_1_218_TX_2_validation,2016-04-09,22,9
FOODS_1_218_TX_2_validation,2016-04-10,14,14
FOODS_1_218_TX_2_validation,2016-04-11,11,18
FOODS_1_218_TX_2_validation,2016-04-12,10,13
FOODS_1_218_TX_2_validation,2016-04-13,8,21
FOODS_1_218_TX_2_validation,2016-04-14,3,14
FOODS_1_218_TX_2_validation,2016-04-15,18,22
FOODS_1_218_TX_2_validation,2016-04-16,19,9
FOODS_1_218_TX_2_validation,2016-04-17,17,14
FOODS_1_218_TX_2_validation,2016-04-18,13,18
FOODS_1_218_TX_2_validation,2016-04-19,13,13
FOODS_1_218_TX_2_validation,2016-04-20,11,21
FOODS_1_218_TX_2_validation,2016-04-21,16,14
FOODS_1_218_TX_2_validation,2016-04-22,9,22
FOODS_1_218_TX_2_validation,2016-04-23,17,9
FOODS_1_218_TX_2_validation,2016-04-24,14,14
FOODS_2_197_CA_1_validation,2016-03-28,26,19
FOODS_2_197_CA_1_validation,2016-03-29,12,9
FOODS_2_197_CA_1_validation,2016-03-30,12,4
FOODS_2_197_CA_1_validation,2016-03-31,9,9
FOODS_2_197_CA_1_validation,2016-04-01,9,16
FOODS_2_197_CA_1_validation,2016-04-02,23,11
FOODS_2_197_CA_1_validation,2016-04-03,25,12
FOODS_2_197_CA_1_validation,2016-04-04,28,19
FOODS_2_197_CA_1_validation,2016-04-05,12,9
FOODS_2_197_CA_1_validation,2016-04-06,23,4
FOODS_2_197_CA_1_validation,2016-04-07,12,9
FOODS_2_197_CA_1_validation,2016-04-08,35,16
FOODS_2_197_CA_1_validation,2016-04-09,37,11
FOODS_2_197_CA_1_validation,2016-04-10,23,12
FOODS_2_197_CA_1_validation,2016-04-11,20,19
FOODS_2_197_CA_1_validation,2016-04-12,40,9
FOODS_2_197_CA_1_validation,2016-04-13,7,4
FOODS_2_197_CA_1_validation,2016-04-14,9,9
FOODS_2_197_CA_1_validation,2016-04-15,9,16
FOODS_2_197_CA_1_validation,2016-04-16,22,11
FOODS_2_197_CA_1_validation,2016-04-17,24,12
FOODS_2_197_CA_1_validation,2016-04-18,21,19
FOODS_2_197_CA_1_validation,2016-04-19,22,9
FOODS_2_197_CA_1_validation,2016-04-20,25,4
FOODS_2_197_CA_1_validation,2016-04-21,11,9
FOODS_2_197_CA_1_validation,2016-04-22,11,16
FOODS_2_197_CA_1_validation,2016-04-23,19,11
FOODS_2_197_CA_1_validation,2016-04-24,33,12
FOODS_2_197_CA_3_validation,2016-03-28,9,12
FOODS_2_197_CA_3_validation,2016-03-29,7,6
FOODS_2_197_CA_3_validation,2016-03-30,7,17
FOODS_2_197_CA_3_validation,2016-03-31,10,8
FOODS_2_197_CA_3_validation,2016-04-01,14,9
FOODS_2_197_CA_3_validation,2016-04-02,14,16
FOODS_2_197_CA_3_validation,2016-04-03,18,8
FOODS_2_197_CA_3_validation,2016-04-04,10,12
FOODS_2_197_CA_3_validation,2016-04-05,13,6
FOODS_2_197_CA_3_validation,2016-04-06,9,17
FOODS_2_197_CA_3_validation,2016-04-07,13,8
FOODS_2_197_CA_3_validation,2016-04-08,7,9
FOODS_2_197_CA_3_validation,2016-04-09,14,16
FOODS_2_197_CA_3_validation,2016-04-10,18,8
FOODS_2_197_CA_3_validation,2016-04-11,12,12
FOODS_2_197_CA_3_validation,2016-04-12,8,6
FOODS_2_197_CA_3_validation,2016-04-13,11,17
FOODS_2_197_CA_3_validation,2016-04-14,7,8
FOODS_2_197_CA_3_validation,2016-04-15,6,9
FOODS_2_197_CA_3_validation,2016-04-16,17,16
FOODS_2_197_CA_3_validation,2016-04-17,14,8
FOODS_2_197_CA_3_validation,2016-04-18,8,12
FOODS_2_197_CA_3_validation,2016-04-19,3,6
FOODS_2_197_CA_3_validation,2016-04-20,3,17
FOODS_2_197_CA_3_validation,2016-04-21,8,8
FOODS_2_197_CA_3_validation,2016-04-22,5,9
FOODS_2_197_CA_3_validation,2016-04-23,19,16
FOODS_2_197_CA_3_validation,2016-04-24,9,8
FOODS_2_276_CA_3_validation,2016-03-28,8,13
FOODS_2_276_CA_3_validation,2016-03-29,11,11
FOODS_2_276_CA_3_validation,2016-03-30,9,7
FOODS_2_276_CA_3_validation,2016-03-31,10,8
FOODS_2_276_CA_3_validation,2016-04-01,7,2
FOODS_2_276_CA_3_validation,2016-04-02,8,5
FOODS_2_276_CA_3_validation,2016-04-03,14,12
FOODS_2_276_CA_3_validation,2016-04-04,12,13
FOODS_2_276_CA_3_validation,2016-04-05,16,11
FOODS_2_276_CA_3_validation,2016-04-06,8,7
FOODS_2_276_CA_3_validation,2016-04-07,5,8
FOODS_2_276_CA_3_validation,2016-04-08,6,2
FOODS_2_276_CA_3_validation,2016-04-09,15,5
FOODS_2_276_CA_3_validation,2016-04-10,15,12
FOODS_2_276_CA_3_validation,2016-04-11,10,13
FOODS_2_276_CA_3_validation,2016-04-12,12,11
FOODS_2_276_CA_3_validation,2016-04-13,4,7
FOODS_2_276_CA_3_validation,2016-04-14,7,8
FOODS_2_276_CA_3_validation,2016-04-15,8,2
FOODS_2_276_CA_3_validation,2016-04-16,8,5
FOODS_2_276_CA_3_validation,2016-04-17,6,12
FOODS_2_276_CA_3_validation,2016-04-18,7,13
FOODS_2_276_CA_3_validation,2016-04-19,9,11
FOODS_2_276_CA_3_validation,2016-04-20,7,7
FOODS_2_276_CA_3_validation,2016-04-21,9,8
FOODS_2_276_CA_3_validation,2016-04-22,5,2
FOODS_2_276_CA_3_validation,2016-04-23,7,5
FOODS_2_276_CA_3_validation,2016-04-24,3,12
FOODS_2_360_CA_3_validation,2016-03-28,18,18
FOODS_2_360_CA_3_validation,2016-03-29,15,33
FOODS_2_360_CA_3_validation,2016-03-30,11,21
FOODS_2_360_CA_3_validation,2016-03-31,14,3
FOODS_2_360_CA_3_validation,2016-04-01,14,18
FOODS_2_360_CA_3_validation,2016-04-02,27,15
FOODS_2_360_CA_3_validation,2016-04-03,7,19
FOODS_2_360_CA_3_validation,2016-04-04,19,18
FOODS_2_360_CA_3_validation,2016-04-05,14,33
FOODS_2_360_CA_3_validation,2016-04-06,42,21
FOODS_2_360_CA_3_validation,2016-04-07,17,3
FOODS_2_360_CA_3_validation,2016-04-08,6,18
FOODS_2_360_CA_3_validation,2016-04-09,25,15
FOODS_2_360_CA_3_validation,2016-04-10,26,19
FOODS_2_360_CA_3_validation,2016-04-11,32,18
FOODS_2_360_CA_3_validation,2016-04-12,25,33
FOODS_2_360_CA_3_validation,2016-04-13,31,21
FOODS_2_360_CA_3_validation,2016-04-14,14,3
FOODS_2_360_CA_3_validation,2016-04-15,16,18
FOODS_2_360_CA_3_validation,2016-04-16,17,15
FOODS_2_360_CA_3_validation,2016-04-17,22,19
FOODS_2_360_CA_3_validation,2016-04-18,17,18
FOODS_2_360_CA_3_validation,2016-04-19,11,33
FOODS_2_360_CA_3_validation,2016-04-20,21,21
FOODS_2_360_CA_3_validation,2016-04-21,15,3
FOODS_2_360_CA_3_validation,2016-04-22,16,18
FOODS_2_360_CA_3_validation,2016-04-23,4,15
FOODS_2_360_CA_3_validation,2016-04-24,31,19
FOODS_2_360_TX_3_validation,2016-03-28,12,20
FOODS_2_360_TX_3_validation,2016-03-29,1,9
FOODS_2_360_TX_3_validation,2016-03-30,19,11
FOODS_2_360_TX_3_validation,2016-03-31,25,15
FOODS_2_360_TX_3_validation,2016-04-01,0,9
FOODS_2_360_TX_3_validation,2016-04-02,0,0
FOODS_2_360_TX_3_validation,2016-04-03,26,10
FOODS_2_360_TX_3_validation,2016-04-04,0,20
FOODS_2_360_TX_3_validation,2016-04-05,0,9
FOODS_2_360_TX_3_validation,2016-04-06,17,11
FOODS_2_360_TX_3_validation,2016-04-07,19,15
FOODS_2_360_TX_3_validation,2016-04-08,4,9
FOODS_2_360_TX_3_validation,2016-04-09,16,0
FOODS_2_360_TX_3_validation,2016-04-10,18,10
FOODS_2_360_TX_3_validation,2016-04-11,48,20
FOODS_2_360_TX_3_validation,2016-04-12,24,9
FOODS_2_360_TX_3_validation,2016-04-13,23,11
FOODS_2_360_TX_3_validation,2016-04-14,20,15
FOODS_2_360_TX_3_validation,2016-04-15,27,9
FOODS_2_360_TX_3_validation,2016-04-16,26,0
FOODS_2_360_TX_3_validation,2016-04-17,9,10
FOODS_2_360_TX_3_validation,2016-04-18,13,20
FOODS_2_360_TX_3_validation,2016-04-19,20,9
FOODS_2_360_TX_3_validation,2016-04-20,36,11
FOODS_2_360_TX_3_validation,2016-04-21,9,15
FOODS_2_360_TX_3_validation,2016-04-22,25,9
FOODS_2_360_TX_3_validation,2016-04-23,18,0
FOODS_2_360_TX_3_validation,2016-04-24,11,10
FOODS_2_360_WI_2_validation,2016-03-28,32,25
FOODS_2_360_WI_2_validation,2016-03-29,24,50
FOODS_2_360_WI_2_validation,2016-03-30,28,37
FOODS_2_360_WI_2_validation,2016-03-31,30,38
FOODS_2_360_WI_2_validation,2016-04-01,54,59
FOODS_2_360_WI_2_validation,2016-04-02,106,38
FOODS_2_360_WI_2_validation,2016-04-03,70,33
FOODS_2_360_WI_2_validation,2016-04-04,76,25
FOODS_2_360_WI_2_validation,2016-04-05,101,50
FOODS_2_360_WI_2_validation,2016-04-06,86,37
FOODS_2_360_WI_2_validation,2016-04-07,70,38
FOODS_2_360_WI_2_validation,2016-04-08,95,59
FOODS_2_360_WI_2_validation,2016-04-09,169,38
FOODS_2_360_WI_2_validation,2016-04-10,79,33
FOODS_2_360_WI_2_validation,2016-04-11,122,25
FOODS_2_360_WI_2_validation,2016-04-12,123,50
FOODS_2_360_WI_2_validation,2016-04-13,40,37
FOODS_2_360_WI_2_validation,2016-04-14,84,38
FOODS_2_360_WI_2_validation,2016-04-15,73,59
FOODS_2_360_WI_2_validation,2016-04-16,51,38
FOODS_2_360_WI_2_validation,2016-04-17,35,33
FOODS_2_360_WI_2_validation,2016-04-18,42,25
FOODS_2_360_WI_2_validation,2016-04-19,43,50
FOODS_2_360_WI_2_validation,2016-04-20,34,37
FOODS_2_360_WI_2_validation,2016-04-21,68,38
FOODS_2_360_WI_2_validation,2016-04-22,51,59
FOODS_2_360_WI_2_validation,2016-04-23,46,38
FOODS_2_360_WI_2_validation,2016-04-24,30,33
FOODS_3_007_WI_2_validation,2016-03-28,0,0
FOODS_3_007_WI_2_validation,2016-03-29,0,0
FOODS_3_007_WI_2_validation,2016-03-30,0,0
FOODS_3_007_WI_2_validation,2016-03-31,0,0
FOODS_3_007_WI_2_validation,2016-04-01,0,0
FOODS_3_007_WI_2_validation,2016-04-02,0,0
FOODS_3_007_WI_2_validation,2016-04-03,0,0
FOODS_3_007_WI_2_validation,2016-04-04,0,0
FOODS_3_007_WI_2_validation,2016-04-05,4,0
FOODS_3_007_WI_2_validation,2016-04-06,75,0
FOODS_3_007_WI_2_validation,2016-04-07,128,0
FOODS_3_007_WI_2_validation,2016-04-08,87,0
FOODS_3_007_WI_2_validation,2016-04-09,85,0
FOODS_3_007_WI_2_validation,2016-04-10,89,0
FOODS_3_007_WI_2_validation,2016-04-11,12,0
FOODS_3_007_WI_2_validation,2016-04-12,1,0
FOODS_3_007_WI_2_validation,2016-04-13,3,0
FOODS_3_007_WI_2_validation,2016-04-14,43,0
FOODS_3_007_WI_2_validation,2016-04-15,121,0
FOODS_3_007_WI_2_validation,2016-04-16,5,0
FOODS_3_007_WI_2_validation,2016-04-17,0,0
FOODS_3_007_WI_2_validation,2016-04-18,42,0
FOODS_3_007_WI_2_validation,2016-04-19,39,0
FOODS_3_007_WI_2_validation,2016-04-20,6,0
FOODS_3_007_WI_2_validation,2016-04-21,16,0
FOODS_3_007_WI_2_validation,2016-04-22,24,0
FOODS_3_007_WI_2_validation,2016-04-23,58,0
FOODS_3_007_WI_2_validation,2016-04-24,42,0
FOODS_3_030_TX_2_validation,2016-03-28,22,9
FOODS_3_030_TX_2_validation,2016-03-29,5,11
FOODS_3_030_TX_2_validation,2016-03-30,12,11
FOODS_3_030_TX_2_validation,2016-03-31,17,28
FOODS_3_030_TX_2_validation,2016-04-01,19,21
FOODS_3_030_TX_2_validation,2016-04-02,20,25
FOODS_3_030_TX_2_validation,2016-04-03,29,36
FOODS_3_030_TX_2_validation,2016-04-04,27,9
FOODS_3_030_TX_2_validation,2016-04-05,20,11
FOODS_3_030_TX_2_validation,2016-04-06,16,11
FOODS_3_030_TX_2_validation,2016-04-07,14,28
FOODS_3_030_TX_2_validation,2016-04-08,23,21
FOODS_3_030_TX_2_validation,2016-04-09,20,25
FOODS_3_030_TX_2_validation,2016-04-10,36,36
FOODS_3_030_TX_2_validation,2016-04-11,18,9
FOODS_3_030_TX_2_validation,2016-04-12,15,11
FOODS_3_030_TX_2_validation,2016-04-13,14,11
FOODS_3_030_TX_2_validation,2016-04-14,26,28
FOODS_3_030_TX_2_validation,2016-04-15,13,21
FOODS_3_030_TX_2_validation,2016-04-16,19,25
FOODS_3_030_TX_2_validation,2016-04-17,21,36
FOODS_3_030_TX_2_validation,2016-04-18,16,9
FOODS_3_030_TX_2_validation,2016-04-19,12,11
FOODS_3_030_TX_2_validation,2016-04-20,11,11
FOODS_3_030_TX_2_validation,2016-04-21,20,28
FOODS_3_030_TX_2_validation,2016-04-22,12,21
FOODS_3_030_TX_2_validation,2016-04-23,33,25
FOODS_3_030_TX_2_validation,2016-04-24,24,36
FOODS_3_030_TX_3_validation,2016-03-28,16,17
FOODS_3_030_TX_3_validation,2016-03-29,20,18
FOODS_3_030_TX_3_validation,2016-03-30,30,22
FOODS_3_030_TX_3_validation,2016-03-31,11,8
FOODS_3_030_TX_3_validation,2016-04-01,24,24
FOODS_3_030_TX_3_validation,2016-04-02,18,45
FOODS_3_030_TX_3_validation,2016-04-03,22,35
FOODS_3_030_TX_3_validation,2016-04-04,14,17
FOODS_3_030_TX_3_validation,2016-04-05,18,18
FOODS_3_030_TX_3_validation,2016-04-06,18,22
FOODS_3_030_TX_3_validation,2016-04-07,19,8
FOODS_3_030_TX_3_validation,2016-04-08,21,24
FOODS_3_030_TX_3_validation,2016-04-09,18,45
FOODS_3_030_TX_3_validation,2016-04-10,23,35
FOODS_3_030_TX_3_validation,2016-04-11,16,17
FOODS_3_030_TX_3_validation,2016-04-12,4,18
FOODS_3_030_TX_3_validation,2016-04-13,17,22
FOODS_3_030_TX_3_validation,2016-04-14,20,8
FOODS_3_030_TX_3_validation,2016-04-15,17,24
FOODS_3_030_TX_3_validation,2016-04-16,27,45
FOODS_3_030_TX_3_validation,2016-04-17,27,35
FOODS_3_030_TX_3_validation,2016-04-18,16,17
FOODS_3_030_TX_3_validation,2016-04-19,21,18
FOODS_3_030_TX_3_validation,2016-04-20,15,22
FOODS_3_030_TX_3_validation,2016-04-21,24,8
FOODS_3_030_TX_3_validation,2016-04-22,20,24
FOODS_3_030_TX_3_validation,2016-04-23,24,45
FOODS_3_030_TX_3_validation,2016-04-24,17,35
FOODS_3_080_CA_1_validation,2016-03-28,16,17
FOODS_3_080_CA_1_validation,2016-03-29,27,29
FOODS_3_080_CA_1_validation,2016-03-30,7,13
FOODS_3_080_CA_1_validation,2016-03-31,13,37
FOODS_3_080_CA_1_validation,2016-04-01,28,21
FOODS_3_080_CA_1_validation,2016-04-02,31,24
FOODS_3_080_CA_1_validation,2016-04-03,20,18
FOODS_3_080_CA_1_validation,2016-04-04,21,17
FOODS_3_080_CA_1_validation,2016-04-05,17,29
FOODS_3_080_CA_1_validation,2016-04-06,26,13
FOODS_3_080_CA_1_validation,2016-04-07,11,37
FOODS_3_080_CA_1_validation,2016-04-08,14,21
FOODS_3_080_CA_1_validation,2016-04-09,21,24
FOODS_3_080_CA_1_validation,2016-04-10,12,18
FOODS_3_080_CA_1_validation,2016-04-11,19,17
FOODS_3_080_CA_1_validation,2016-04-12,17,29
FOODS_3_080_CA_1_validation,2016-04-13,17,13
FOODS_3_080_CA_1_validation,2016-04-14,10,37
FOODS_3_080_CA_1_validation,2016-04-15,16,21
FOODS_3_080_CA_1_validation,2016-04-16,23,24
FOODS_3_080_CA_1_validation,2016-04-17,23,18
FOODS_3_080_CA_1_validation,2016-04-18,15,17
FOODS_3_080_CA_1_validation,2016-04-19,12,29
FOODS_3_080_CA_1_validation,2016-04-20,30,13
FOODS_3_080_CA_1_validation,2016-04-21,13,37
FOODS_3_080_CA_1_validation,2016-04-22,10,21
FOODS_3_080_CA_1_validation,2016-04-23,25,24
FOODS_3_080_CA_1_validation,2016-04-24,25,18
FOODS_3_080_TX_2_validation,2016-03-28,9,16
FOODS_3_080_TX_2_validation,2016-03-29,24,15
FOODS_3_080_TX_2_validation,2016-03-30,12,17
FOODS_3_080_TX_2_validation,2016-03-31,15,17
FOODS_3_080_TX_2_validation,2016-04-01,22,20
FOODS_3_080_TX_2_validation,2016-04-02,10,14
FOODS_3_080_TX_2_validation,2016-04-03,14,14
FOODS_3_080_TX_2_validation,2016-04-04,17,16
FOODS_3_080_TX_2_validation,2016-04-05,8,15
FOODS_3_080_TX_2_validation,2016-04-06,19,17
FOODS_3_080_TX_2_validation,2016-04-07,14,17
FOODS_3_080_TX_2_validation,2016-04-08,21,20
FOODS_3_080_TX_2_validation,2016-04-09,12,14
FOODS_3_080_TX_2_validation,2016-04-10,25,14
FOODS_3_080_TX_2_validation,2016-04-11,14,16
FOODS_3_080_TX_2_validation,2016-04-12,12,15
FOODS_3_080_TX_2_validation,2016-04-13,16,17
FOODS_3_080_TX_2_validation,2016-04-14,12,17
FOODS_3_080_TX_2_validation,2016-04-15,22,20
FOODS_3_080_TX_2_validation,2016-04-16,20,14
FOODS_3_080_TX_2_validation,2016-04-17,21,14
FOODS_3_080_TX_2_validation,2016-04-18,15,16
FOODS_3_080_TX_2_validation,2016-04-19,16,15
FOODS_3_080_TX_2_validation,2016-04-20,8,17
FOODS_3_080_TX_2_validation,2016-04-21,23,17
FOODS_3_080_TX_2_validation,2016-04-22,12,20
FOODS_3_080_TX_2_validation,2016-04-23,18,14
FOODS_3_080_TX_2_validation,2016-04-24,16,14
FOODS_3_090_CA_1_validation,2016-03-28,25,40
FOODS_3_090_CA_1_validation,2016-03-29,47,36
FOODS_3_090_CA_1_validation,2016-03-30,23,29
FOODS_3_090_CA_1_validation,2016-03-31,21,48
FOODS_3_090_CA_1_validation,2016-04-01,72,60
FOODS_3_090_CA_1_validation,2016-04-02,58,102
FOODS_3_090_CA_1_validation,2016-04-03,54,112
FOODS_3_090_CA_1_validation,2016-04-04,42,40
FOODS_3_090_CA_1_validation,2016-04-05,29,36
FOODS_3_090_CA_1_validation,2016-04-06,53,29
FOODS_3_090_CA_1_validation,2016-04-07,39,48
FOODS_3_090_CA_1_validation,2016-04-08,42,60
FOODS_3_090_CA_1_validation,2016-04-09,83,102
FOODS_3_090_CA_1_validation,2016-04-10,83,112
FOODS_3_090_CA_1_validation,2016-04-11,48,40
FOODS_3_090_CA_1_validation,2016-04-12,26,36
FOODS_3_090_CA_1_validation,2016-04-13,41,29
FOODS_3_090_CA_1_validation,2016-04-14,44,48
FOODS_3_090_CA_1_validation,2016-04-15,47,60
FOODS_3_090_CA_1_validation,2016-04-16,82,102
FOODS_3_090_CA_1_validation,2016-04-17,83,112
FOODS_3_090_CA_1_validation,2016-04-18,30,40
FOODS_3_090_CA_1_validation,2016-04-19,45,36
FOODS_3_090_CA_1_validation,2016-04-20,29,29
FOODS_3_090_CA_1_validation,2016-04-21,53,48
FOODS_3_090_CA_1_validation,2016-04-22,87,60
FOODS_3_090_CA_1_validation,2016-04-23,95,102
FOODS_3_090_CA_1_validation,2016-04-24,42,112
FOODS_3_090_CA_2_validation,2016-03-28,50,23
FOODS_3_090_CA_2_validation,2016-03-29,18,33
FOODS_3_090_CA_2_validation,2016-03-30,30,47
FOODS_3_090_CA_2_validation,2016-03-31,32,34
FOODS_3_090_CA_2_validation,2016-04-01,53,97
FOODS_3_090_CA_2_validation,2016-04-02,59,122
FOODS_3_090_CA_2_validation,2016-04-03,53,77
FOODS_3_090_CA_2_validation,2016-04-04,19,23
FOODS_3_090_CA_2_validation,2016-04-05,21,33
FOODS_3_090_CA_2_validation,2016-04-06,29,47
FOODS_3_090_CA_2_validation,2016-04-07,41,34
FOODS_3_090_CA_2_validation,2016-04-08,70,97
FOODS_3_090_CA_2_validation,2016-04-09,82,122
FOODS_3_090_CA_2_validation,2016-04-10,62,77
FOODS_3_090_CA_2_validation,2016-04-11,27,23
FOODS_3_090_CA_2_validation,2016-04-12,34,33
FOODS_3_090_CA_2_validation,2016-04-13,37,47
FOODS_3_090_CA_2_validation,2016-04-14,49,34
FOODS_3_090_CA_2_validation,2016-04-15,70,97
FOODS_3_090_CA_2_validation,2016-04-16,79,122
FOODS_3_090_CA_2_validation,2016-04-17,62,77
FOODS_3_090_CA_2_validation,2016-04-18,65,23
FOODS_3_090_CA_2_validation,2016-04-19,29,33
FOODS_3_090_CA_2_validation,2016-04-20,40,47
FOODS_3_090_CA_2_validation,2016-04-21,24,34
FOODS_3_090_CA_2_validation,2016-04-22,91,97
FOODS_3_090_CA_2_validation,2016-04-23,73,122
FOODS_3_090_CA_2_validation,2016-04-24,60,77
FOODS_3_090_CA_3_validation,2016-03-28,61,63
FOODS_3_090_CA_3_validation,2016-03-29,62,80
FOODS_3_090_CA_3_validation,2016-03-30,71,90
FOODS_3_090_CA_3_validation,2016-03-31,130,71
FOODS_3_090_CA_3_validation,2016-04-01,156,153
FOODS_3_090_CA_3_validation,2016-04-02,133,218
FOODS_3_090_CA_3_validation,2016-04-03,114,212
FOODS_3_090_CA_3_validation,2016-04-04,80,63
FOODS_3_090_CA_3_validation,2016-04-05,75,80
FOODS_3_090_CA_3_validation,2016-04-06,113,90
FOODS_3_090_CA_3_validation,2016-04-07,81,71
FOODS_3_090_CA_3_validation,2016-04-08,107,153
FOODS_3_090_CA_3_validation,2016-04-09,160,218
FOODS_3_090_CA_3_validation,2016-04-10,124,212
FOODS_3_090_CA_3_validation,2016-04-11,107,63
FOODS_3_090_CA_3_validation,2016-04-12,84,80
FOODS_3_090_CA_3_validation,2016-04-13,88,90
FOODS_3_090_CA_3_validation,2016-04-14,90,71
FOODS_3_090_CA_3_validation,2016-04-15,129,153
FOODS_3_090_CA_3_validation,2016-04-16,160,218
FOODS_3_090_CA_3_validation,2016-04-17,204,212
FOODS_3_090_CA_3_validation,2016-04-18,86,63
FOODS_3_090_CA_3_validation,2016-04-19,100,80
FOODS_3_090_CA_3_validation,2016-04-20,88,90
FOODS_3_090_CA_3_validation,2016-04-21,77,71
FOODS_3_090_CA_3_validation,2016-04-22,141,153
FOODS_3_090_CA_3_validation,2016-04-23,139,218
FOODS_3_090_CA_3_validation,2016-04-24,130,212
FOODS_3_090_CA_4_validation,2016-03-28,19,22
FOODS_3_090_CA_4_validation,2016-03-29,20,21
FOODS_3_090_CA_4_validation,2016-03-30,18,29
FOODS_3_090_CA_4_validation,2016-03-31,20,38
FOODS_3_090_CA_4_validation,2016-04-01,52,28
FOODS_3_090_CA_4_validation,2016-04-02,34,59
FOODS_3_090_CA_4_validation,2016-04-03,30,83
FOODS_3_090_CA_4_validation,2016-04-04,19,22
FOODS_3_090_CA_4_validation,2016-04-05,16,21
FOODS_3_090_CA_4_validation,2016-04-06,22,29
FOODS_3_090_CA_4_validation,2016-04-07,31,38
FOODS_3_090_CA_4_validation,2016-04-08,30,28
FOODS_3_090_CA_4_validation,2016-04-09,32,59
FOODS_3_090_CA_4_validation,2016-04-10,32,83
FOODS_3_090_CA_4_validation,2016-04-11,23,22
FOODS_3_090_CA_4_validation,2016-04-12,26,21
FOODS_3_090_CA_4_validation,2016-04-13,17,29
FOODS_3_090_CA_4_validation,2016-04-14,17,38
FOODS_3_090_CA_4_validation,2016-04-15,48,28
FOODS_3_090_CA_4_validation,2016-04-16,32,59
FOODS_3_090_CA_4_validation,2016-04-17,36,83
FOODS_3_090_CA_4_validation,2016-04-18,30,22
FOODS_3_090_CA_4_validation,2016-04-19,19,21
FOODS_3_090_CA_4_validation,2016-04-20,35,29
FOODS_3_090_CA_4_validation,2016-04-21,31,38
FOODS_3_090_CA_4_validation,2016-04-22,15,28
FOODS_3_090_CA_4_validation,2016-04-23,24,59
FOODS_3_090_CA_4_validation,2016-04-24,18,83
FOODS_3_090_TX_1_validation,2016-03-28,36,30
FOODS_3_090_TX_1_validation,2016-03-29,35,46
FOODS_3_090_TX_1_validation,2016-03-30,43,43
FOODS_3_090_TX_1_validation,2016-03-31,57,48
FOODS_3_090_TX_1_validation,2016-04-01,44,73
FOODS_3_090_TX_1_validation,2016-04-02,81,67
FOODS_3_090_TX_1_validation,2016-04-03,67,113
FOODS_3_090_TX_1_validation,2016-04-04,56,30
FOODS_3_090_TX_1_validation,2016-04-05,50,46
FOODS_3_090_TX_1_validation,2016-04-06,43,43
FOODS_3_090_TX_1_validation,2016-04-07,42,48
FOODS_3_090_TX_1_validation,2016-04-08,59,73
FOODS_3_090_TX_1_validation,2016-04-09,64,67
FOODS_3_090_TX_1_validation,2016-04-10,79,113
FOODS_3_090_TX_1_validation,2016-04-11,55,30
FOODS_3_090_TX_1_validation,2016-04-12,35,46
FOODS_3_090_TX_1_validation,2016-04-13,35,43
FOODS_3_090_TX_1_validation,2016-04-14,36,48
FOODS_3_090_TX_1_validation,2016-04-15,60,73
FOODS_3_090_TX_1_validation,2016-04-16,68,67
FOODS_3_090_TX_1_validation,2016-04-17,69,113
FOODS_3_090_TX_1_validation,2016-04-18,48,30
FOODS_3_090_TX_1_validation,2016-04-19,34,46
FOODS_3_090_TX_1_validation,2016-04-20,49,43
FOODS_3_090_TX_1_validation,2016-04-21,39,48
FOODS_3_090_TX_1_validation,2016-04-22,59,73
FOODS_3_090_TX_1_validation,2016-04-23,45,67
FOODS_3_090_TX_1_validation,2016-04-24,58,113
FOODS_3_090_TX_2_validation,2016-03-28,48,32
FOODS_3_090_TX_2_validation,2016-03-29,23,40
FOODS_3_090_TX_2_validation,2016-03-30,45,49
FOODS_3_090_TX_2_validation,2016-03-31,60,54
FOODS_3_090_TX_2_validation,2016-04-01,48,91
FOODS_3_090_TX_2_validation,2016-04-02,101,95
FOODS_3_090_TX_2_validation,2016-04-03,107,151
FOODS_3_090_TX_2_validation,2016-04-04,61,32
FOODS_3_090_TX_2_validation,2016-04-05,50,40
FOODS_3_090_TX_2_validation,2016-04-06,31,49
FOODS_3_090_TX_2_validation,2016-04-07,49,54
FOODS_3_090_TX_2_validation,2016-04-08,86,91
FOODS_3_090_TX_2_validation,2016-04-09,102,95
FOODS_3_090_TX_2_validation,2016-04-10,69,151
FOODS_3_090_TX_2_validation,2016-04-11,53,32
FOODS_3_090_TX_2_validation,2016-04-12,48,40
FOODS_3_090_TX_2_validation,2016-04-13,34,49
FOODS_3_090_TX_2_validation,2016-04-14,40,54
FOODS_3_090_TX_2_validation,2016-04-15,68,91
FOODS_3_090_TX_2_validation,2016-04-16,124,95
FOODS_3_090_TX_2_validation,2016-04-17,86,151
FOODS_3_090_TX_2_validation,2016-04-18,43,32
FOODS_3_090_TX_2_validation,2016-04-19,61,40
FOODS_3_090_TX_2_validation,2016-04-20,46,49
FOODS_3_090_TX_2_validation,2016-04-21,35,54
FOODS_3_090_TX_2_validation,2016-04-22,54,91
FOODS_3_090_TX_2_validation,2016-04-23,83,95
FOODS_3_090_TX_2_validation,2016-04-24,73,151
FOODS_3_090_TX_3_validation,2016-03-28,42,44
FOODS_3_090_TX_3_validation,2016-03-29,10,37
FOODS_3_090_TX_3_validation,2016-03-30,50,42
FOODS_3_090_TX_3_validation,2016-03-31,68,39
FOODS_3_090_TX_3_validation,2016-04-01,59,84
FOODS_3_090_TX_3_validation,2016-04-02,74,93
FOODS_3_090_TX_3_validation,2016-04-03,74,97
FOODS_3_090_TX_3_validation,2016-04-04,41,44
FOODS_3_090_TX_3_validation,2016-04-05,45,37
FOODS_3_090_TX_3_validation,2016-04-06,61,42
FOODS_3_090_TX_3_validation,2016-04-07,45,39
FOODS_3_090_TX_3_validation,2016-04-08,56,84
FOODS_3_090_TX_3_validation,2016-04-09,97,93
FOODS_3_090_TX_3_validation,2016-04-10,85,97
FOODS_3_090_TX_3_validation,2016-04-11,74,44
FOODS_3_090_TX_3_validation,2016-04-12,43,37
FOODS_3_090_TX_3_validation,2016-04-13,48,42
FOODS_3_090_TX_3_validation,2016-04-14,48,39
FOODS_3_090_TX_3_validation,2016-04-15,84,84
FOODS_3_090_TX_3_validation,2016-04-16,75,93
FOODS_3_090_TX_3_validation,2016-04-17,83,97
FOODS_3_090_TX_3_validation,2016-04-18,81,44
FOODS_3_090_TX_3_validation,2016-04-19,46,37
FOODS_3_090_TX_3_validation,2016-04-20,53,42
FOODS_3_090_TX_3_validation,2016-04-21,43,39
FOODS_3_090_TX_3_validation,2016-04-22,70,84
FOODS_3_090_TX_3_validation,2016-04-23,102,93
FOODS_3_090_TX_3_validation,2016-04-24,66,97
FOODS_3_090_WI_3_validation,2016-03-28,7,46
FOODS_3_090_WI_3_validation,2016-03-29,63,38
FOODS_3_090_WI_3_validation,2016-03-30,70,40
FOODS_3_090_WI_3_validation,2016-03-31,64,63
FOODS_3_090_WI_3_validation,2016-04-01,101,116
FOODS_3_090_WI_3_validation,2016-04-02,119,138
FOODS_3_090_WI_3_validation,2016-04-03,110,154
FOODS_3_090_WI_3_validation,2016-04-04,71,46
FOODS_3_090_WI_3_validation,2016-04-05,46,38
FOODS_3_090_WI_3_validation,2016-04-06,43,40
FOODS_3_090_WI_3_validation,2016-04-07,43,63
FOODS_3_090_WI_3_validation,2016-04-08,107,116
FOODS_3_090_WI_3_validation,2016-04-09,131,138
FOODS_3_090_WI_3_validation,2016-04-10,108,154
FOODS_3_090_WI_3_validation,2016-04-11,50,46
FOODS_3_090_WI_3_validation,2016-04-12,52,38
FOODS_3_090_WI_3_validation,2016-04-13,52,40
FOODS_3_090_WI_3_validation,2016-04-14,68,63
FOODS_3_090_WI_3_validation,2016-04-15,102,116
FOODS_3_090_WI_3_validation,2016-04-16,146,138
FOODS_3_090_WI_3_validation,2016-04-17,112,154
FOODS_3_090_WI_3_validation,2016-04-18,70,46
FOODS_3_090_WI_3_validation,2016-04-19,61,38
FOODS_3_090_WI_3_validation,2016-04-20,60,40
FOODS_3_090_WI_3_validation,2016-04-21,70,63
FOODS_3_090_WI_3_validation,2016-04-22,70,116
FOODS_3_090_WI_3_validation,2016-04-23,171,138
FOODS_3_090_WI_3_validation,2016-04-24,91,154
FOODS_3_099_TX_2_validation,2016-03-28,13,23
FOODS_3_099_TX_2_validation,2016-03-29,18,19
FOODS_3_099_TX_2_validation,2016-03-30,8,18
FOODS_3_099_TX_2_validation,2016-03-31,17,13
FOODS_3_099_TX_2_validation,2016-04-01,9,25
FOODS_3_099_TX_2_validation,2016-04-02,12,18
FOODS_3_099_TX_2_validation,2016-04-03,25,27
FOODS_3_099_TX_2_validation,2016-04-04,15,23
FOODS_3_099_TX_2_validation,2016-04-05,10,19
FOODS_3_099_TX_2_validation,2016-04-06,15,18
FOODS_3_099_TX_2_validation,2016-04-07,10,13
FOODS_3_099_TX_2_validation,2016-04-08,12,25
FOODS_3_099_TX_2_validation,2016-04-09,23,18
FOODS_3_099_TX_2_validation,2016-04-10,23,27
FOODS_3_099_TX_2_validation,2016-04-11,15,23
FOODS_3_099_TX_2_validation,2016-04-12,20,19
FOODS_3_099_TX_2_validation,2016-04-13,10,18
FOODS_3_099_TX_2_validation,2016-04-14,13,13
FOODS_3_099_TX_2_validation,2016-04-15,10,25
FOODS_3_099_TX_2_validation,2016-04-16,16,18
FOODS_3_099_TX_2_validation,2016-04-17,21,27
FOODS_3_099_TX_2_validation,2016-04-18,15,23
FOODS_3_099_TX_2_validation,2016-04-19,14,19
FOODS_3_099_TX_2_validation,2016-04-20,13,18
FOODS_3_099_TX_2_validation,2016-04-21,9,13
FOODS_3_099_TX_2_validation,2016-04-22,17,25
FOODS_3_099_TX_2_validation,2016-04-23,19,18
FOODS_3_099_TX_2_validation,2016-04-24,17,27
FOODS_3_120_CA_1_validation,2016-03-28,34,18
FOODS_3_120_CA_1_validation,2016-03-29,62,0
FOODS_3_120_CA_1_validation,2016-03-30,21,30
FOODS_3_120_CA_1_validation,2016-03-31,29,41
FOODS_3_120_CA_1_validation,2016-04-01,44,38
FOODS_3_120_CA_1_validation,2016-04-02,109,84
FOODS_3_120_CA_1_validation,2016-04-03,126,69
FOODS_3_120_CA_1_validation,2016-04-04,24,18
FOODS_3_120_CA_1_validation,2016-04-05,0,0
FOODS_3_120_CA_1_validation,2016-04-06,0,30
FOODS_3_120_CA_1_validation,2016-04-07,0,41
FOODS_3_120_CA_1_validation,2016-04-08,58,38
FOODS_3_120_CA_1_validation,2016-04-09,55,84
FOODS_3_120_CA_1_validation,2016-04-10,0,69
FOODS_3_120_CA_1_validation,2016-04-11,2,18
FOODS_3_120_CA_1_validation,2016-04-12,0,0
FOODS_3_120_CA_1_validation,2016-04-13,0,30
FOODS_3_120_CA_1_validation,2016-04-14,38,41
FOODS_3_120_CA_1_validation,2016-04-15,60,38
FOODS_3_120_CA_1_validation,2016-04-16,52,84
FOODS_3_120_CA_1_validation,2016-04-17,56,69
FOODS_3_120_CA_1_validation,2016-04-18,6,18
FOODS_3_120_CA_1_validation,2016-04-19,43,0
FOODS_3_120_CA_1_validation,2016-04-20,48,30
FOODS_3_120_CA_1_validation,2016-04-21,47,41
FOODS_3_120_CA_1_validation,2016-04-22,39,38
FOODS_3_120_CA_1_validation,2016-04-23,59,84
FOODS_3_120_CA_1_validation,2016-04-24,59,69
FOODS_3_120_CA_3_validation,2016-03-28,46,100
FOODS_3_120_CA_3_validation,2016-03-29,58,60
FOODS_3_120_CA_3_validation,2016-03-30,56,58
FOODS_3_120_CA_3_validation,2016-03-31,36,55
FOODS_3_120_CA_3_validation,2016-04-01,56,64
FOODS_3_120_CA_3_validation,2016-04-02,61,78
FOODS_3_120_CA_3_validation,2016-04-03,59,71
FOODS_3_120_CA_3_validation,2016-04-04,71,100
FOODS_3_120_CA_3_validation,2016-04-05,73,60
FOODS_3_120_CA_3_validation,2016-04-06,63,58
FOODS_3_120_CA_3_validation,2016-04-07,43,55
FOODS_3_120_CA_3_validation,2016-04-08,47,64
FOODS_3_120_CA_3_validation,2016-04-09,61,78
FOODS_3_120_CA_3_validation,2016-04-10,84,71
FOODS_3_120_CA_3_validation,2016-04-11,57,100
FOODS_3_120_CA_3_validation,2016-04-12,86,60
FOODS_3_120_CA_3_validation,2016-04-13,89,58
FOODS_3_120_CA_3_validation,2016-04-14,142,55
FOODS_3_120_CA_3_validation,2016-04-15,46,64
FOODS_3_120_CA_3_validation,2016-04-16,66,78
FOODS_3_120_CA_3_validation,2016-04-17,72,71
FOODS_3_120_CA_3_validation,2016-04-18,77,100
FOODS_3_120_CA_3_validation,2016-04-19,71,60
FOODS_3_120_CA_3_validation,2016-04-20,69,58
FOODS_3_120_CA_3_validation,2016-04-21,66,55
FOODS_3_120_CA_3_validation,2016-04-22,43,64
FOODS_3_120_CA_3_validation,2016-04-23,81,78
FOODS_3_120_CA_3_validation,2016-04-24,98,71
FOODS_3_120_WI_3_validation,2016-03-28,2,59
FOODS_3_120_WI_3_validation,2016-03-29,17,29
FOODS_3_120_WI_3_validation,2016-03-30,19,23
FOODS_3_120_WI_3_validation,2016-03-31,27,21
FOODS_3_120_WI_3_validation,2016-04-01,18,23
FOODS_3_120_WI_3_validation,2016-04-02,56,46
FOODS_3_120_WI_3_validation,2016-04-03,51,58
FOODS_3_120_WI_3_validation,2016-04-04,29,59
FOODS_3_120_WI_3_validation,2016-04-05,44,29
FOODS_3_120_WI_3_validation,2016-04-06,24,23
FOODS_3_120_WI_3_validation,2016-04-07,27,21
FOODS_3_120_WI_3_validation,2016-04-08,20,23
FOODS_3_120_WI_3_validation,2016-04-09,44,46
FOODS_3_120_WI_3_validation,2016-04-10,54,58
FOODS_3_120_WI_3_validation,2016-04-11,54,59
FOODS_3_120_WI_3_validation,2016-04-12,42,29
FOODS_3_120_WI_3_validation,2016-04-13,20,23
FOODS_3_120_WI_3_validation,2016-04-14,35,21
FOODS_3_120_WI_3_validation,2016-04-15,38,23
FOODS_3_120_WI_3_validation,2016-04-16,56,46
FOODS_3_120_WI_3_validation,2016-04-17,30,58
FOODS_3_120_WI_3_validation,2016-04-18,43,59
FOODS_3_120_WI_3_validation,2016-04-19,25,29
FOODS_3_120_WI_3_validation,2016-04-20,33,23
FOODS_3_120_WI_3_validation,2016-04-21,22,21
FOODS_3_120_WI_3_validation,2016-04-22,29,23
FOODS_3_120_WI_3_validation,2016-04-23,39,46
FOODS_3_120_WI_3_validation,2016-04-24,55,58
FOODS_3_202_CA_3_validation,2016-03-28,19,17
FOODS_3_202_CA_3_validation,2016-03-29,13,15
FOODS_3_202_CA_3_validation,2016-03-30,19,24
FOODS_3_202_CA_3_validation,2016-03-31,11,10
FOODS_3_202_CA_3_validation,2016-04-01,15,26
FOODS_3_202_CA_3_validation,2016-04-02,26,23
FOODS_3_202_CA_3_validation,2016-04-03,39,51
FOODS_3_202_CA_3_validation,2016-04-04,29,17
FOODS_3_202_CA_3_validation,2016-04-05,19,15
FOODS_3_202_CA_3_validation,2016-04-06,24,24
FOODS_3_202_CA_3_validation,2016-04-07,28,10
FOODS_3_202_CA_3_validation,2016-04-08,23,26
FOODS_3_202_CA_3_validation,2016-04-09,34,23
FOODS_3_202_CA_3_validation,2016-04-10,30,51
FOODS_3_202_CA_3_validation,2016-04-11,19,17
FOODS_3_202_CA_3_validation,2016-04-12,22,15
FOODS_3_202_CA_3_validation,2016-04-13,16,24
FOODS_3_202_CA_3_validation,2016-04-14,23,10
FOODS_3_202_CA_3_validation,2016-04-15,29,26
FOODS_3_202_CA_3_validation,2016-04-16,36,23
FOODS_3_202_CA_3_validation,2016-04-17,58,51
FOODS_3_202_CA_3_validation,2016-04-18,37,17
FOODS_3_202_CA_3_validation,2016-04-19,18,15
FOODS_3_202_CA_3_validation,2016-04-20,27,24
FOODS_3_202_CA_3_validation,2016-04-21,24,10
FOODS_3_202_CA_3_validation,2016-04-22,22,26
FOODS_3_202_CA_3_validation,2016-04-23,37,23
FOODS_3_202_CA_3_validation,2016-04-24,29,51
FOODS_3_202_TX_1_validation,2016-03-28,17,15
FOODS_3_202_TX_1_validation,2016-03-29,12,15
FOODS_3_202_TX_1_validation,2016-03-30,18,18
FOODS_3_202_TX_1_validation,2016-03-31,11,16
FOODS_3_202_TX_1_validation,2016-04-01,16,33
FOODS_3_202_TX_1_validation,2016-04-02,34,27
FOODS_3_202_TX_1_validation,2016-04-03,38,57
FOODS_3_202_TX_1_validation,2016-04-04,14,15
FOODS_3_202_TX_1_validation,2016-04-05,23,15
FOODS_3_202_TX_1_validation,2016-04-06,17,18
FOODS_3_202_TX_1_validation,2016-04-07,17,16
FOODS_3_202_TX_1_validation,2016-04-08,21,33
FOODS_3_202_TX_1_validation,2016-04-09,39,27
FOODS_3_202_TX_1_validation,2016-04-10,42,57
FOODS_3_202_TX_1_validation,2016-04-11,19,15
FOODS_3_202_TX_1_validation,2016-04-12,25,15
FOODS_3_202_TX_1_validation,2016-04-13,16,18
FOODS_3_202_TX_1_validation,2016-04-14,18,16
FOODS_3_202_TX_1_validation,2016-04-15,30,33
FOODS_3_202_TX_1_validation,2016-04-16,48,27
FOODS_3_202_TX_1_validation,2016-04-17,56,57
FOODS_3_202_TX_1_validation,2016-04-18,30,15
FOODS_3_202_TX_1_validation,2016-04-19,29,15
FOODS_3_202_TX_1_validation,2016-04-20,18,18
FOODS_3_202_TX_1_validation,2016-04-21,18,16
FOODS_3_202_TX_1_validation,2016-04-22,18,33
FOODS_3_202_TX_1_validation,2016-04-23,37,27
FOODS_3_202_TX_1_validation,2016-04-24,38,57
FOODS_3_202_TX_2_validation,2016-03-28,13,14
FOODS_3_202_TX_2_validation,2016-03-29,11,13
FOODS_3_202_TX_2_validation,2016-03-30,8,11
FOODS_3_202_TX_2_validation,2016-03-31,15,15
FOODS_3_202_TX_2_validation,2016-04-01,25,26
FOODS_3_202_TX_2_validation,2016-04-02,29,41
FOODS_3_202_TX_2_validation,2016-04-03,26,48
FOODS_3_202_TX_2_validation,2016-04-04,14,14
FOODS_3_202_TX_2_validation,2016-04-05,11,13
FOODS_3_202_TX_2_validation,2016-04-06,12,11
FOODS_3_202_TX_2_validation,2016-04-07,16,15
FOODS_3_202_TX_2_validation,2016-04-08,25,26
FOODS_3_202_TX_2_validation,2016-04-09,37,41
FOODS_3_202_TX_2_validation,2016-04-10,29,48
FOODS_3_202_TX_2_validation,2016-04-11,12,14
FOODS_3_202_TX_2_validation,2016-04-12,13,13
FOODS_3_202_TX_2_validation,2016-04-13,14,11
FOODS_3_202_TX_2_validation,2016-04-14,12,15
FOODS_3_202_TX_2_validation,2016-04-15,19,26
FOODS_3_202_TX_2_validation,2016-04-16,36,41
FOODS_3_202_TX_2_validation,2016-04-17,38,48
FOODS_3_202_TX_2_validation,2016-04-18,14,14
FOODS_3_202_TX_2_validation,2016-04-19,14,13
FOODS_3_202_TX_2_validation,2016-04-20,13,11
FOODS_3_202_TX_2_validation,2016-04-21,18,15
FOODS_3_202_TX_2_validation,2016-04-22,18,26
FOODS_3_202_TX_2_validation,2016-04-23,30,41
FOODS_3_202_TX_2_validation,2016-04-24,13,48
FOODS_3_202_TX_3_validation,2016-03-28,33,28
FOODS_3_202_TX_3_validation,2016-03-29,35,23
FOODS_3_202_TX_3_validation,2016-03-30,17,19
FOODS_3_202_TX_3_validation,2016-03-31,14,15
FOODS_3_202_TX_3_validation,2016-04-01,22,16
FOODS_3_202_TX_3_validation,2016-04-02,30,49
FOODS_3_202_TX_3_validation,2016-04-03,33,65
FOODS_3_202_TX_3_validation,2016-04-04,23,28
FOODS_3_202_TX_3_validation,2016-04-05,29,23
FOODS_3_202_TX_3_validation,2016-04-06,28,19
FOODS_3_202_TX_3_validation,2016-04-07,44,15
FOODS_3_202_TX_3_validation,2016-04-08,24,16
FOODS_3_202_TX_3_validation,2016-04-09,24,49
FOODS_3_202_TX_3_validation,2016-04-10,38,65
FOODS_3_202_TX_3_validation,2016-04-11,27,28
FOODS_3_202_TX_3_validation,2016-04-12,24,23
FOODS_3_202_TX_3_validation,2016-04-13,24,19
FOODS_3_202_TX_3_validation,2016-04-14,29,15
FOODS_3_202_TX_3_validation,2016-04-15,28,16
FOODS_3_202_TX_3_validation,2016-04-16,28,49
FOODS_3_202_TX_3_validation,2016-04-17,59,65
FOODS_3_202_TX_3_validation,2016-04-18,36,28
FOODS_3_202_TX_3_validation,2016-04-19,23,23
FOODS_3_202_TX_3_validation,2016-04-20,23,19
FOODS_3_202_TX_3_validation,2016-04-21,18,15
FOODS_3_202_TX_3_validation,2016-04-22,23,16
FOODS_3_202_TX_3_validation,2016-04-23,40,49
FOODS_3_202_TX_3_validation,2016-04-24,59,65
FOODS_3_226_WI_1_validation,2016-03-28,22,35
FOODS_3_226_WI_1_validation,2016-03-29,25,31
FOODS_3_226_WI_1_validation,2016-03-30,27,27
FOODS_3_226_WI_1_validation,2016-03-31,40,36
FOODS_3_226_WI_1_validation,2016-04-01,39,48
FOODS_3_226_WI_1_validation,2016-04-02,39,64
FOODS_3_226_WI_1_validation,2016-04-03,49,41
FOODS_3_226_WI_1_validation,2016-04-04,29,35
FOODS_3_226_WI_1_validation,2016-04-05,35,31
FOODS_3_226_WI_1_validation,2016-04-06,22,27
FOODS_3_226_WI_1_validation,2016-04-07,27,36
FOODS_3_226_WI_1_validation,2016-04-08,31,48
FOODS_3_226_WI_1_validation,2016-04-09,55,64
FOODS_3_226_WI_1_validation,2016-04-10,52,41
FOODS_3_226_WI_1_validation,2016-04-11,33,35
FOODS_3_226_WI_1_validation,2016-04-12,26,31
FOODS_3_226_WI_1_validation,2016-04-13,32,27
FOODS_3_226_WI_1_validation,2016-04-14,40,36
FOODS_3_226_WI_1_validation,2016-04-15,38,48
FOODS_3_226_WI_1_validation,2016-04-16,56,64
FOODS_3_226_WI_1_validation,2016-04-17,58,41
FOODS_3_226_WI_1_validation,2016-04-18,42,35
FOODS_3_226_WI_1_validation,2016-04-19,27,31
FOODS_3_226_WI_1_validation,2016-04-20,34,27
FOODS_3_226_WI_1_validation,2016-04-21,24,36
FOODS_3_226_WI_1_validation,2016-04-22,41,48
FOODS_3_226_WI_1_validation,2016-04-23,41,64
FOODS_3_226_WI_1_validation,2016-04-24,38,41
FOODS_3_226_WI_2_validation,2016-03-28,28,33
FOODS_3_226_WI_2_validation,2016-03-29,34,34
FOODS_3_226_WI_2_validation,2016-03-30,46,34
FOODS_3_226_WI_2_validation,2016-03-31,30,37
FOODS_3_226_WI_2_validation,2016-04-01,55,40
FOODS_3_226_WI_2_validation,2016-04-02,45,59
FOODS_3_226_WI_2_validation,2016-04-03,48,45
FOODS_3_226_WI_2_validation,2016-04-04,33,33
FOODS_3_226_WI_2_validation,2016-04-05,48,34
FOODS_3_226_WI_2_validation,2016-04-06,43,34
FOODS_3_226_WI_2_validation,2016-04-07,36,37
FOODS_3_226_WI_2_validation,2016-04-08,53,40
FOODS_3_226_WI_2_validation,2016-04-09,52,59
FOODS_3_226_WI_2_validation,2016-04-10,47,45
FOODS_3_226_WI_2_validation,2016-04-11,46,33
FOODS_3_226_WI_2_validation,2016-04-12,38,34
FOODS_3_226_WI_2_validation,2016-04-13,43,34
FOODS_3_226_WI_2_validation,2016-04-14,58,37
FOODS_3_226_WI_2_validation,2016-04-15,60,40
FOODS_3_226_WI_2_validation,2016-04-16,56,59
FOODS_3_226_WI_2_validation,2016-04-17,67,45
FOODS_3_226_WI_2_validation,2016-04-18,40,33
FOODS_3_226_WI_2_validation,2016-04-19,31,34
FOODS_3_226_WI_2_validation,2016-04-20,40,34
FOODS_3_226_WI_2_validation,2016-04-21,50,37
FOODS_3_226_WI_2_validation,2016-04-22,48,40
FOODS_3_226_WI_2_validation,2016-04-23,43,59
FOODS_3_226_WI_2_validation,2016-04-24,38,45
FOODS_3_226_WI_3_validation,2016-03-28,46,38
FOODS_3_226_WI_3_validation,2016-03-29,50,40
FOODS_3_226_WI_3_validation,2016-03-30,42,35
FOODS_3_226_WI_3_validation,2016-03-31,50,43
FOODS_3_226_WI_3_validation,2016-04-01,50,68
FOODS_3_226_WI_3_validation,2016-04-02,56,62
FOODS_3_226_WI_3_validation,2016-04-03,44,60
FOODS_3_226_WI_3_validation,2016-04-04,35,38
FOODS_3_226_WI_3_validation,2016-04-05,53,40
FOODS_3_226_WI_3_validation,2016-04-06,36,35
FOODS_3_226_WI_3_validation,2016-04-07,40,43
FOODS_3_226_WI_3_validation,2016-04-08,39,68
FOODS_3_226_WI_3_validation,2016-04-09,55,62
FOODS_3_226_WI_3_validation,2016-04-10,45,60
FOODS_3_226_WI_3_validation,2016-04-11,45,38
FOODS_3_226_WI_3_validation,2016-04-12,45,40
FOODS_3_226_WI_3_validation,2016-04-13,45,35
FOODS_3_226_WI_3_validation,2016-04-14,53,43
FOODS_3_226_WI_3_validation,2016-04-15,51,68
FOODS_3_226_WI_3_validation,2016-04-16,59,62
FOODS_3_226_WI_3_validation,2016-04-17,46,60
FOODS_3_226_WI_3_validation,2016-04-18,49,38
FOODS_3_226_WI_3_validation,2016-04-19,38,40
FOODS_3_226_WI_3_validation,2016-04-20,37,35
FOODS_3_226_WI_3_validation,2016-04-21,43,43
FOODS_3_226_WI_3_validation,2016-04-22,55,68
FOODS_3_226_WI_3_validation,2016-04-23,40,62
FOODS_3_226_WI_3_validation,2016-04-24,38,60
FOODS_3_234_CA_3_validation,2016-03-28,13,0
FOODS_3_234_CA_3_validation,2016-03-29,4,25
FOODS_3_234_CA_3_validation,2016-03-30,2,23
FOODS_3_234_CA_3_validation,2016-03-31,7,0
FOODS_3_234_CA_3_validation,2016-04-01,27,0
FOODS_3_234_CA_3_validation,2016-04-02,8,0
FOODS_3_234_CA_3_validation,2016-04-03,12,0
FOODS_3_234_CA_3_validation,2016-04-04,10,0
FOODS_3_234_CA_3_validation,2016-04-05,16,25
FOODS_3_234_CA_3_validation,2016-04-06,8,23
FOODS_3_234_CA_3_validation,2016-04-07,41,0
FOODS_3_234_CA_3_validation,2016-04-08,19,0
FOODS_3_234_CA_3_validation,2016-04-09,2,0
FOODS_3_234_CA_3_validation,2016-04-10,0,0
FOODS_3_234_CA_3_validation,2016-04-11,0,0
FOODS_3_234_CA_3_validation,2016-04-12,0,25
FOODS_3_234_CA_3_validation,2016-04-13,12,23
FOODS_3_234_CA_3_validation,2016-04-14,65,0
FOODS_3_234_CA_3_validation,2016-04-15,8,0
FOODS_3_234_CA_3_validation,2016-04-16,1,0
FOODS_3_234_CA_3_validation,2016-04-17,34,0
FOODS_3_234_CA_3_validation,2016-04-18,27,0
FOODS_3_234_CA_3_validation,2016-04-19,2,25
FOODS_3_234_CA_3_validation,2016-04-20,2,23
FOODS_3_234_CA_3_validation,2016-04-21,0,0
FOODS_3_234_CA_3_validation,2016-04-22,0,0
FOODS_3_234_CA_3_validation,2016-04-23,0,0
FOODS_3_234_CA_3_validation,2016-04-24,0,0
FOODS_3_234_WI_2_validation,2016-03-28,0,0
FOODS_3_234_WI_2_validation,2016-03-29,0,0
FOODS_3_234_WI_2_validation,2016-03-30,0,0
FOODS_3_234_WI_2_validation,2016-03-31,4,0
FOODS_3_234_WI_2_validation,2016-04-01,0,0
FOODS_3_234_WI_2_validation,2016-04-02,0,0
FOODS_3_234_WI_2_validation,2016-04-03,0,0
FOODS_3_234_WI_2_validation,2016-04-04,0,0
FOODS_3_234_WI_2_validation,2016-04-05,0,0
FOODS_3_234_WI_2_validation,2016-04-06,0,0
FOODS_3_234_WI_2_validation,2016-04-07,0,0
FOODS_3_234_WI_2_validation,2016-04-08,0,0
FOODS_3_234_WI_2_validation,2016-04-09,0,0
FOODS_3_234_WI_2_validation,2016-04-10,0,0
FOODS_3_234_WI_2_validation,2016-04-11,0,0
FOODS_3_234_WI_2_validation,2016-04-12,0,0
FOODS_3_234_WI_2_validation,2016-04-13,1,0
FOODS_3_234_WI_2_validation,2016-04-14,0,0
FOODS_3_234_WI_2_validation,2016-04-15,0,0
FOODS_3_234_WI_2_validation,2016-04-16,1,0
FOODS_3_234_WI_2_validation,2016-04-17,0,0
FOODS_3_234_WI_2_validation,2016-04-18,0,0
FOODS_3_234_WI_2_validation,2016-04-19,57,0
FOODS_3_234_WI_2_validation,2016-04-20,82,0
FOODS_3_234_WI_2_validation,2016-04-21,41,0
FOODS_3_234_WI_2_validation,2016-04-22,32,0
FOODS_3_234_WI_2_validation,2016-04-23,27,0
FOODS_3_234_WI_2_validation,2016-04-24,12,0
FOODS_3_234_WI_3_validation,2016-03-28,9,20
FOODS_3_234_WI_3_validation,2016-03-29,17,33
FOODS_3_234_WI_3_validation,2016-03-30,20,20
FOODS_3_234_WI_3_validation,2016-03-31,16,9
FOODS_3_234_WI_3_validation,2016-04-01,25,6
FOODS_3_234_WI_3_validation,2016-04-02,42,33
FOODS_3_234_WI_3_validation,2016-04-03,47,18
FOODS_3_234_WI_3_validation,2016-04-04,2,20
FOODS_3_234_WI_3_validation,2016-04-05,31,33
FOODS_3_234_WI_3_validation,2016-04-06,39,20
FOODS_3_234_WI_3_validation,2016-04-07,19,9
FOODS_3_234_WI_3_validation,2016-04-08,35,6
FOODS_3_234_WI_3_validation,2016-04-09,83,33
FOODS_3_234_WI_3_validation,2016-04-10,48,18
FOODS_3_234_WI_3_validation,2016-04-11,23,20
FOODS_3_234_WI_3_validation,2016-04-12,53,33
FOODS_3_234_WI_3_validation,2016-04-13,0,20
FOODS_3_234_WI_3_validation,2016-04-14,17,9
FOODS_3_234_WI_3_validation,2016-04-15,43,6
FOODS_3_234_WI_3_validation,2016-04-16,7,33
FOODS_3_234_WI_3_validation,2016-04-17,21,18
FOODS_3_234_WI_3_validation,2016-04-18,17,20
FOODS_3_234_WI_3_validation,2016-04-19,7,33
FOODS_3_234_WI_3_validation,2016-04-20,2,20
FOODS_3_234_WI_3_validation,2016-04-21,8,9
FOODS_3_234_WI_3_validation,2016-04-22,14,6
FOODS_3_234_WI_3_validation,2016-04-23,12,33
FOODS_3_234_WI_3_validation,2016-04-24,8,18
FOODS_3_252_CA_1_validation,2016-03-28,24,14
FOODS_3_252_CA_1_validation,2016-03-29,28,14
FOODS_3_252_CA_1_validation,2016-03-30,25,32
FOODS_3_252_CA_1_validation,2016-03-31,26,26
FOODS_3_252_CA_1_validation,2016-04-01,45,45
FOODS_3_252_CA_1_validation,2016-04-02,68,73
FOODS_3_252_CA_1_validation,2016-04-03,52,54
FOODS_3_252_CA_1_validation,2016-04-04,33,14
FOODS_3_252_CA_1_validation,2016-04-05,32,14
FOODS_3_252_CA_1_validation,2016-04-06,34,32
FOODS_3_252_CA_1_validation,2016-04-07,40,26
FOODS_3_252_CA_1_validation,2016-04-08,45,45
FOODS_3_252_CA_1_validation,2016-04-09,59,73
FOODS_3_252_CA_1_validation,2016-04-10,37,54
FOODS_3_252_CA_1_validation,2016-04-11,32,14
FOODS_3_252_CA_1_validation,2016-04-12,18,14
FOODS_3_252_CA_1_validation,2016-04-13,37,32
FOODS_3_252_CA_1_validation,2016-04-14,27,26
FOODS_3_252_CA_1_validation,2016-04-15,23,45
FOODS_3_252_CA_1_validation,2016-04-16,57,73
FOODS_3_252_CA_1_validation,2016-04-17,49,54
FOODS_3_252_CA_1_validation,2016-04-18,21,14
FOODS_3_252_CA_1_validation,2016-04-19,46,14
FOODS_3_252_CA_1_validation,2016-04-20,24,32
FOODS_3_252_CA_1_validation,2016-04-21,35,26
FOODS_3_252_CA_1_validation,2016-04-22,33,45
FOODS_3_252_CA_1_validation,2016-04-23,49,73
FOODS_3_252_CA_1_validation,2016-04-24,52,54
FOODS_3_252_CA_2_validation,2016-03-28,11,13
FOODS_3_252_CA_2_validation,2016-03-29,35,23
FOODS_3_252_CA_2_validation,2016-03-30,28,24
FOODS_3_252_CA_2_validation,2016-03-31,37,32
FOODS_3_252_CA_2_validation,2016-04-01,29,29
FOODS_3_252_CA_2_validation,2016-04-02,56,66
FOODS_3_252_CA_2_validation,2016-04-03,53,54
FOODS_3_252_CA_2_validation,2016-04-04,34,13
FOODS_3_252_CA_2_validation,2016-04-05,39,23
FOODS_3_252_CA_2_validation,2016-04-06,40,24
FOODS_3_252_CA_2_validation,2016-04-07,29,32
FOODS_3_252_CA_2_validation,2016-04-08,26,29
FOODS_3_252_CA_2_validation,2016-04-09,41,66
FOODS_3_252_CA_2_validation,2016-04-10,48,54
FOODS_3_252_CA_2_validation,2016-04-11,23,13
FOODS_3_252_CA_2_validation,2016-04-12,16,23
FOODS_3_252_CA_2_validation,2016-04-13,27,24
FOODS_3_252_CA_2_validation,2016-04-14,8,32
FOODS_3_252_CA_2_validation,2016-04-15,35,29
FOODS_3_252_CA_2_validation,2016-04-16,59,66
FOODS_3_252_CA_2_validation,2016-04-17,55,54
FOODS_3_252_CA_2_validation,2016-04-18,43,13
FOODS_3_252_CA_2_validation,2016-04-19,37,23
FOODS_3_252_CA_2_validation,2016-04-20,23,24
FOODS_3_252_CA_2_validation,2016-04-21,25,32
FOODS_3_252_CA_2_validation,2016-04-22,27,29
FOODS_3_252_CA_2_validation,2016-04-23,41,66
FOODS_3_252_CA_2_validation,2016-04-24,38,54
FOODS_3_252_CA_3_validation,2016-03-28,36,27
FOODS_3_252_CA_3_validation,2016-03-29,43,45
FOODS_3_252_CA_3_validation,2016-03-30,30,36
FOODS_3_252_CA_3_validation,2016-03-31,24,23
FOODS_3_252_CA_3_validation,2016-04-01,33,54
FOODS_3_252_CA_3_validation,2016-04-02,47,74
FOODS_3_252_CA_3_validation,2016-04-03,61,68
FOODS_3_252_CA_3_validation,2016-04-04,42,27
FOODS_3_252_CA_3_validation,2016-04-05,38,45
FOODS_3_252_CA_3_validation,2016-04-06,60,36
FOODS_3_252_CA_3_validation,2016-04-07,40,23
FOODS_3_252_CA_3_validation,2016-04-08,46,54
FOODS_3_252_CA_3_validation,2016-04-09,51,74
FOODS_3_252_CA_3_validation,2016-04-10,52,68
FOODS_3_252_CA_3_validation,2016-04-11,58,27
FOODS_3_252_CA_3_validation,2016-04-12,35,45
FOODS_3_252_CA_3_validation,2016-04-13,43,36
FOODS_3_252_CA_3_validation,2016-04-14,30,23
FOODS_3_252_CA_3_validation,2016-04-15,44,54
FOODS_3_252_CA_3_validation,2016-04-16,65,74
FOODS_3_252_CA_3_validation,2016-04-17,81,68
FOODS_3_252_CA_3_validation,2016-04-18,59,27
FOODS_3_252_CA_3_validation,2016-04-19,56,45
FOODS_3_252_CA_3_validation,2016-04-20,29,36
FOODS_3_252_CA_3_validation,2016-04-21,46,23
FOODS_3_252_CA_3_validation,2016-04-22,35,54
FOODS_3_252_CA_3_validation,2016-04-23,61,74
FOODS_3_252_CA_3_validation,2016-04-24,39,68
FOODS_3_252_TX_1_validation,2016-03-28,26,27
FOODS_3_252_TX_1_validation,2016-03-29,9,21
FOODS_3_252_TX_1_validation,2016-03-30,12,28
FOODS_3_252_TX_1_validation,2016-03-31,34,31
FOODS_3_252_TX_1_validation,2016-04-01,32,35
FOODS_3_252_TX_1_validation,2016-04-02,36,55
FOODS_3_252_TX_1_validation,2016-04-03,35,56
FOODS_3_252_TX_1_validation,2016-04-04,28,27
FOODS_3_252_TX_1_validation,2016-04-05,32,21
FOODS_3_252_TX_1_validation,2016-04-06,30,28
FOODS_3_252_TX_1_validation,2016-04-07,37,31
FOODS_3_252_TX_1_validation,2016-04-08,27,35
FOODS_3_252_TX_1_validation,2016-04-09,55,55
FOODS_3_252_TX_1_validation,2016-04-10,38,56
FOODS_3_252_TX_1_validation,2016-04-11,23,27
FOODS_3_252_TX_1_validation,2016-04-12,23,21
FOODS_3_252_TX_1_validation,2016-04-13,26,28
FOODS_3_252_TX_1_validation,2016-04-14,26,31
FOODS_3_252_TX_1_validation,2016-04-15,27,35
FOODS_3_252_TX_1_validation,2016-04-16,31,55
FOODS_3_252_TX_1_validation,2016-04-17,35,56
FOODS_3_252_TX_1_validation,2016-04-18,17,27
FOODS_3_252_TX_1_validation,2016-04-19,31,21
FOODS_3_252_TX_1_validation,2016-04-20,36,28
FOODS_3_252_TX_1_validation,2016-04-21,32,31
FOODS_3_252_TX_1_validation,2016-04-22,17,35
FOODS_3_252_TX_1_validation,2016-04-23,55,55
FOODS_3_252_TX_1_validation,2016-04-24,35,56
FOODS_3_252_TX_2_validation,2016-03-28,45,37
FOODS_3_252_TX_2_validation,2016-03-29,29,37
FOODS_3_252_TX_2_validation,2016-03-30,30,30
FOODS_3_252_TX_2_validation,2016-03-31,47,52
FOODS_3_252_TX_2_validation,2016-04-01,52,66
FOODS_3_252_TX_2_validation,2016-04-02,81,93
FOODS_3_252_TX_2_validation,2016-04-03,77,66
FOODS_3_252_TX_2_validation,2016-04-04,41,37
FOODS_3_252_TX_2_validation,2016-04-05,53,37
FOODS_3_252_TX_2_validation,2016-04-06,50,30
FOODS_3_252_TX_2_validation,2016-04-07,57,52
FOODS_3_252_TX_2_validation,2016-04-08,63,66
FOODS_3_252_TX_2_validation,2016-04-09,50,93
FOODS_3_252_TX_2_validation,2016-04-10,61,66
FOODS_3_252_TX_2_validation,2016-04-11,45,37
FOODS_3_252_TX_2_validation,2016-04-12,37,37
FOODS_3_252_TX_2_validation,2016-04-13,31,30
FOODS_3_252_TX_2_validation,2016-04-14,32,52
FOODS_3_252_TX_2_validation,2016-04-15,56,66
FOODS_3_252_TX_2_validation,2016-04-16,48,93
FOODS_3_252_TX_2_validation,2016-04-17,63,66
FOODS_3_252_TX_2_validation,2016-04-18,22,37
FOODS_3_252_TX_2_validation,2016-04-19,32,37
FOODS_3_252_TX_2_validation,2016-04-20,31,30
FOODS_3_252_TX_2_validation,2016-04-21,39,52
FOODS_3_252_TX_2_validation,2016-04-22,63,66
FOODS_3_252_TX_2_validation,2016-04-23,91,93
FOODS_3_252_TX_2_validation,2016-04-24,46,66
FOODS_3_252_TX_3_validation,2016-03-28,24,36
FOODS_3_252_TX_3_validation,2016-03-29,18,32
FOODS_3_252_TX_3_validation,2016-03-30,16,19
FOODS_3_252_TX_3_validation,2016-03-31,37,28
FOODS_3_252_TX_3_validation,2016-04-01,29,112
FOODS_3_252_TX_3_validation,2016-04-02,60,34
FOODS_3_252_TX_3_validation,2016-04-03,30,41
FOODS_3_252_TX_3_validation,2016-04-04,23,36
FOODS_3_252_TX_3_validation,2016-04-05,25,32
FOODS_3_252_TX_3_validation,2016-04-06,16,19
FOODS_3_252_TX_3_validation,2016-04-07,36,28
FOODS_3_252_TX_3_validation,2016-04-08,41,112
FOODS_3_252_TX_3_validation,2016-04-09,45,34
FOODS_3_252_TX_3_validation,2016-04-10,43,41
FOODS_3_252_TX_3_validation,2016-04-11,38,36
FOODS_3_252_TX_3_validation,2016-04-12,32,32
FOODS_3_252_TX_3_validation,2016-04-13,36,19
FOODS_3_252_TX_3_validation,2016-04-14,33,28
FOODS_3_252_TX_3_validation,2016-04-15,37,112
FOODS_3_252_TX_3_validation,2016-04-16,39,34
FOODS_3_252_TX_3_validation,2016-04-17,28,41
FOODS_3_252_TX_3_validation,2016-04-18,20,36
FOODS_3_252_TX_3_validation,2016-04-19,43,32
FOODS_3_252_TX_3_validation,2016-04-20,25,19
FOODS_3_252_TX_3_validation,2016-04-21,21,28
FOODS_3_252_TX_3_validation,2016-04-22,36,112
FOODS_3_252_TX_3_validation,2016-04-23,64,34
FOODS_3_252_TX_3_validation,2016-04-24,20,41
FOODS_3_252_WI_3_validation,2016-03-28,18,14
FOODS_3_252_WI_3_validation,2016-03-29,17,11
FOODS_3_252_WI_3_validation,2016-03-30,10,8
FOODS_3_252_WI_3_validation,2016-03-31,15,7
FOODS_3_252_WI_3_validation,2016-04-01,13,25
FOODS_3_252_WI_3_validation,2016-04-02,25,18
FOODS_3_252_WI_3_validation,2016-04-03,31,26
FOODS_3_252_WI_3_validation,2016-04-04,5,14
FOODS_3_252_WI_3_validation,2016-04-05,14,11
FOODS_3_252_WI_3_validation,2016-04-06,9,8
FOODS_3_252_WI_3_validation,2016-04-07,9,7
FOODS_3_252_WI_3_validation,2016-04-08,12,25
FOODS_3_252_WI_3_validation,2016-04-09,27,18
FOODS_3_252_WI_3_validation,2016-04-10,9,26
FOODS_3_252_WI_3_validation,2016-04-11,23,14
FOODS_3_252_WI_3_validation,2016-04-12,18,11
FOODS_3_252_WI_3_validation,2016-04-13,11,8
FOODS_3_252_WI_3_validation,2016-04-14,11,7
FOODS_3_252_WI_3_validation,2016-04-15,26,25
FOODS_3_252_WI_3_validation,2016-04-16,35,18
FOODS_3_252_WI_3_validation,2016-04-17,39,26
FOODS_3_252_WI_3_validation,2016-04-18,24,14
FOODS_3_252_WI_3_validation,2016-04-19,10,11
FOODS_3_252_WI_3_validation,2016-04-20,13,8
FOODS_3_252_WI_3_validation,2016-04-21,23,7
FOODS_3_252_WI_3_validation,2016-04-22,16,25
FOODS_3_252_WI_3_validation,2016-04-23,28,18
FOODS_3_252_WI_3_validation,2016-04-24,34,26
FOODS_3_281_CA_3_validation,2016-03-28,24,8
FOODS_3_281_CA_3_validation,2016-03-29,114,14
FOODS_3_281_CA_3_validation,2016-03-30,6,9
FOODS_3_281_CA_3_validation,2016-03-31,19,9
FOODS_3_281_CA_3_validation,2016-04-01,33,19
FOODS_3_281_CA_3_validation,2016-04-02,20,21
FOODS_3_281_CA_3_validation,2016-04-03,18,29
FOODS_3_281_CA_3_validation,2016-04-04,9,8
FOODS_3_281_CA_3_validation,2016-04-05,15,14
FOODS_3_281_CA_3_validation,2016-04-06,10,9
FOODS_3_281_CA_3_validation,2016-04-07,16,9
FOODS_3_281_CA_3_validation,2016-04-08,15,19
FOODS_3_281_CA_3_validation,2016-04-09,19,21
FOODS_3_281_CA_3_validation,2016-04-10,14,29
FOODS_3_281_CA_3_validation,2016-04-11,10,8
FOODS_3_281_CA_3_validation,2016-04-12,21,14
FOODS_3_281_CA_3_validation,2016-04-13,23,9
FOODS_3_281_CA_3_validation,2016-04-14,12,9
FOODS_3_281_CA_3_validation,2016-04-15,37,19
FOODS_3_281_CA_3_validation,2016-04-16,9,21
FOODS_3_281_CA_3_validation,2016-04-17,0,29
FOODS_3_281_CA_3_validation,2016-04-18,1,8
FOODS_3_281_CA_3_validation,2016-04-19,16,14
FOODS_3_281_CA_3_validation,2016-04-20,12,9
FOODS_3_281_CA_3_validation,2016-04-21,14,9
FOODS_3_281_CA_3_validation,2016-04-22,12,19
FOODS_3_281_CA_3_validation,2016-04-23,23,21
FOODS_3_281_CA_3_validation,2016-04-24,15,29
FOODS_3_282_CA_3_validation,2016-03-28,53,66
FOODS_3_282_CA_3_validation,2016-03-29,45,60
FOODS_3_282_CA_3_validation,2016-03-30,35,42
FOODS_3_282_CA_3_validation,2016-03-31,22,55
FOODS_3_282_CA_3_validation,2016-04-01,34,43
FOODS_3_282_CA_3_validation,2016-04-02,63,77
FOODS_3_282_CA_3_validation,2016-04-03,85,104
FOODS_3_282_CA_3_validation,2016-04-04,55,66
FOODS_3_282_CA_3_validation,2016-04-05,46,60
FOODS_3_282_CA_3_validation,2016-04-06,35,42
FOODS_3_282_CA_3_validation,2016-04-07,36,55
FOODS_3_282_CA_3_validation,2016-04-08,32,43
FOODS_3_282_CA_3_validation,2016-04-09,54,77
FOODS_3_282_CA_3_validation,2016-04-10,85,104
FOODS_3_282_CA_3_validation,2016-04-11,43,66
FOODS_3_282_CA_3_validation,2016-04-12,31,60
FOODS_3_282_CA_3_validation,2016-04-13,47,42
FOODS_3_282_CA_3_validation,2016-04-14,33,55
FOODS_3_282_CA_3_validation,2016-04-15,31,43
FOODS_3_282_CA_3_validation,2016-04-16,47,77
FOODS_3_282_CA_3_validation,2016-04-17,73,104
FOODS_3_282_CA_3_validation,2016-04-18,39,66
FOODS_3_282_CA_3_validation,2016-04-19,46,60
FOODS_3_282_CA_3_validation,2016-04-20,26,42
FOODS_3_282_CA_3_validation,2016-04-21,20,55
FOODS_3_282_CA_3_validation,2016-04-22,11,43
FOODS_3_282_CA_3_validation,2016-04-23,20,77
FOODS_3_282_CA_3_validation,2016-04-24,38,104
FOODS_3_288_CA_3_validation,2016-03-28,29,39
FOODS_3_288_CA_3_validation,2016-03-29,21,40
FOODS_3_288_CA_3_validation,2016-03-30,34,35
FOODS_3_288_CA_3_validation,2016-03-31,33,26
FOODS_3_288_CA_3_validation,2016-04-01,32,39
FOODS_3_288_CA_3_validation,2016-04-02,38,60
FOODS_3_288_CA_3_validation,2016-04-03,66,56
FOODS_3_288_CA_3_validation,2016-04-04,31,39
FOODS_3_288_CA_3_validation,2016-04-05,43,40
FOODS_3_288_CA_3_validation,2016-04-06,28,35
FOODS_3_288_CA_3_validation,2016-04-07,25,26
FOODS_3_288_CA_3_validation,2016-04-08,31,39
FOODS_3_288_CA_3_validation,2016-04-09,44,60
FOODS_3_288_CA_3_validation,2016-04-10,59,56
FOODS_3_288_CA_3_validation,2016-04-11,32,39
FOODS_3_288_CA_3_validation,2016-04-12,18,40
FOODS_3_288_CA_3_validation,2016-04-13,26,35
FOODS_3_288_CA_3_validation,2016-04-14,26,26
FOODS_3_288_CA_3_validation,2016-04-15,23,39
FOODS_3_288_CA_3_validation,2016-04-16,48,60
FOODS_3_288_CA_3_validation,2016-04-17,52,56
FOODS_3_288_CA_3_validation,2016-04-18,37,39
FOODS_3_288_CA_3_validation,2016-04-19,33,40
FOODS_3_288_CA_3_validation,2016-04-20,14,35
FOODS_3_288_CA_3_validation,2016-04-21,28,26
FOODS_3_288_CA_3_validation,2016-04-22,21,39
FOODS_3_288_CA_3_validation,2016-04-23,41,60
FOODS_3_288_CA_3_validation,2016-04-24,64,56
FOODS_3_318_CA_3_validation,2016-03-28,6,21
FOODS_3_318_CA_3_validation,2016-03-29,10,17
FOODS_3_318_CA_3_validation,2016-03-30,20,11
FOODS_3_318_CA_3_validation,2016-03-31,26,35
FOODS_3_318_CA_3_validation,2016-04-01,33,31
FOODS_3_318_CA_3_validation,2016-04-02,41,55
FOODS_3_318_CA_3_validation,2016-04-03,20,52
FOODS_3_318_CA_3_validation,2016-04-04,30,21
FOODS_3_318_CA_3_validation,2016-04-05,13,17
FOODS_3_318_CA_3_validation,2016-04-06,24,11
FOODS_3_318_CA_3_validation,2016-04-07,25,35
FOODS_3_318_CA_3_validation,2016-04-08,11,31
FOODS_3_318_CA_3_validation,2016-04-09,31,55
FOODS_3_318_CA_3_validation,2016-04-10,26,52
FOODS_3_318_CA_3_validation,2016-04-11,23,21
FOODS_3_318_CA_3_validation,2016-04-12,12,17
FOODS_3_318_CA_3_validation,2016-04-13,32,11
FOODS_3_318_CA_3_validation,2016-04-14,32,35
FOODS_3_318_CA_3_validation,2016-04-15,13,31
FOODS_3_318_CA_3_validation,2016-04-16,18,55
FOODS_3_318_CA_3_validation,2016-04-17,0,52
FOODS_3_318_CA_3_validation,2016-04-18,37,21
FOODS_3_318_CA_3_validation,2016-04-19,23,17
FOODS_3_318_CA_3_validation,2016-04-20,16,11
FOODS_3_318_CA_3_validation,2016-04-21,23,35
FOODS_3_318_CA_3_validation,2016-04-22,25,31
FOODS_3_318_CA_3_validation,2016-04-23,29,55
FOODS_3_318_CA_3_validation,2016-04-24,28,52
FOODS_3_318_WI_3_validation,2016-03-28,25,23
FOODS_3_318_WI_3_validation,2016-03-29,11,19
FOODS_3_318_WI_3_validation,2016-03-30,5,13
FOODS_3_318_WI_3_validation,2016-03-31,14,5
FOODS_3_318_WI_3_validation,2016-04-01,28,23
FOODS_3_318_WI_3_validation,2016-04-02,25,26
FOODS_3_318_WI_3_validation,2016-04-03,38,50
FOODS_3_318_WI_3_validation,2016-04-04,22,23
FOODS_3_318_WI_3_validation,2016-04-05,22,19
FOODS_3_318_WI_3_validation,2016-04-06,16,13
FOODS_3_318_WI_3_validation,2016-04-07,24,5
FOODS_3_318_WI_3_validation,2016-04-08,14,23
FOODS_3_318_WI_3_validation,2016-04-09,23,26
FOODS_3_318_WI_3_validation,2016-04-10,26,50
FOODS_3_318_WI_3_validation,2016-04-11,35,23
FOODS_3_318_WI_3_validation,2016-04-12,22,19
FOODS_3_318_WI_3_validation,2016-04-13,23,13
FOODS_3_318_WI_3_validation,2016-04-14,18,5
FOODS_3_318_WI_3_validation,2016-04-15,25,23
FOODS_3_318_WI_3_validation,2016-04-16,48,26
FOODS_3_318_WI_3_validation,2016-04-17,28,50
FOODS_3_318_WI_3_validation,2016-04-18,18,23
FOODS_3_318_WI_3_validation,2016-04-19,14,19
FOODS_3_318_WI_3_validation,2016-04-20,10,13
FOODS_3_318_WI_3_validation,2016-04-21,14,5
FOODS_3_318_WI_3_validation,2016-04-22,33,23
FOODS_3_318_WI_3_validation,2016-04-23,52,26
FOODS_3_318_WI_3_validation,2016-04-24,14,50
FOODS_3_319_CA_3_validation,2016-03-28,37,12
FOODS_3_319_CA_3_validation,2016-03-29,19,18
FOODS_3_319_CA_3_validation,2016-03-30,15,7
FOODS_3_319_CA_3_validation,2016-03-31,0,15
FOODS_3_319_CA_3_validation,2016-04-01,0,8
FOODS_3_319_CA_3_validation,2016-04-02,0,20
FOODS_3_319_CA_3_validation,2016-04-03,0,15
FOODS_3_319_CA_3_validation,2016-04-04,0,12
FOODS_3_319_CA_3_validation,2016-04-05,0,18
FOODS_3_319_CA_3_validation,2016-04-06,2,7
FOODS_3_319_CA_3_validation,2016-04-07,0,15
FOODS_3_319_CA_3_validation,2016-04-08,0,8
FOODS_3_319_CA_3_validation,2016-04-09,0,20
FOODS_3_319_CA_3_validation,2016-04-10,0,15
FOODS_3_319_CA_3_validation,2016-04-11,0,12
FOODS_3_319_CA_3_validation,2016-04-12,0,18
FOODS_3_319_CA_3_validation,2016-04-13,0,7
FOODS_3_319_CA_3_validation,2016-04-14,0,15
FOODS_3_319_CA_3_validation,2016-04-15,0,8
FOODS_3_319_CA_3_validation,2016-04-16,0,20
FOODS_3_319_CA_3_validation,2016-04-17,0,15
FOODS_3_319_CA_3_validation,2016-04-18,0,12
FOODS_3_319_CA_3_validation,2016-04-19,0,18
FOODS_3_319_CA_3_validation,2016-04-20,0,7
FOODS_3_319_CA_3_validation,2016-04-21,0,15
FOODS_3_319_CA_3_validation,2016-04-22,0,8
FOODS_3_319_CA_3_validation,2016-04-23,0,20
FOODS_3_319_CA_3_validation,2016-04-24,0,15
FOODS_3_376_WI_2_validation,2016-03-28,18,13
FOODS_3_376_WI_2_validation,2016-03-29,23,2
FOODS_3_376_WI_2_validation,2016-03-30,17,9
FOODS_3_376_WI_2_validation,2016-03-31,39,9
FOODS_3_376_WI_2_validation,2016-04-01,38,8
FOODS_3_376_WI_2_validation,2016-04-02,42,11
FOODS_3_376_WI_2_validation,2016-04-03,56,44
FOODS_3_376_WI_2_validation,2016-04-04,22,13
FOODS_3_376_WI_2_validation,2016-04-05,28,2
FOODS_3_376_WI_2_validation,2016-04-06,49,9
FOODS_3_376_WI_2_validation,2016-04-07,38,9
FOODS_3_376_WI_2_validation,2016-04-08,44,8
FOODS_3_376_WI_2_validation,2016-04-09,75,11
FOODS_3_376_WI_2_validation,2016-04-10,36,44
FOODS_3_376_WI_2_validation,2016-04-11,61,13
FOODS_3_376_WI_2_validation,2016-04-12,38,2
FOODS_3_376_WI_2_validation,2016-04-13,36,9
FOODS_3_376_WI_2_validation,2016-04-14,74,9
FOODS_3_376_WI_2_validation,2016-04-15,71,8
FOODS_3_376_WI_2_validation,2016-04-16,46,11
FOODS_3_376_WI_2_validation,2016-04-17,69,44
FOODS_3_376_WI_2_validation,2016-04-18,5,13
FOODS_3_376_WI_2_validation,2016-04-19,7,2
FOODS_3_376_WI_2_validation,2016-04-20,24,9
FOODS_3_376_WI_2_validation,2016-04-21,30,9
FOODS_3_376_WI_2_validation,2016-04-22,26,8
FOODS_3_376_WI_2_validation,2016-04-23,69,11
FOODS_3_376_WI_2_validation,2016-04-24,70,44
FOODS_3_377_TX_2_validation,2016-03-28,24,26
FOODS_3_377_TX_2_validation,2016-03-29,22,17
FOODS_3_377_TX_2_validation,2016-03-30,19,25
FOODS_3_377_TX_2_validation,2016-03-31,16,20
FOODS_3_377_TX_2_validation,2016-04-01,32,35
FOODS_3_377_TX_2_validation,2016-04-02,34,26
FOODS_3_377_TX_2_validation,2016-04-03,27,25
FOODS_3_377_TX_2_validation,2016-04-04,30,26
FOODS_3_377_TX_2_validation,2016-04-05,31,17
FOODS_3_377_TX_2_validation,2016-04-06,13,25
FOODS_3_377_TX_2_validation,2016-04-07,27,20
FOODS_3_377_TX_2_validation,2016-04-08,32,35
FOODS_3_377_TX_2_validation,2016-04-09,26,26
FOODS_3_377_TX_2_validation,2016-04-10,30,25
FOODS_3_377_TX_2_validation,2016-04-11,22,26
FOODS_3_377_TX_2_validation,2016-04-12,27,17
FOODS_3_377_TX_2_validation,2016-04-13,21,25
FOODS_3_377_TX_2_validation,2016-04-14,22,20
FOODS_3_377_TX_2_validation,2016-04-15,39,35
FOODS_3_377_TX_2_validation,2016-04-16,36,26
FOODS_3_377_TX_2_validation,2016-04-17,32,25
FOODS_3_377_TX_2_validation,2016-04-18,18,26
FOODS_3_377_TX_2_validation,2016-04-19,25,17
FOODS_3_377_TX_2_validation,2016-04-20,28,25
FOODS_3_377_TX_2_validation,2016-04-21,22,20
FOODS_3_377_TX_2_validation,2016-04-22,28,35
FOODS_3_377_TX_2_validation,2016-04-23,39,26
FOODS_3_377_TX_2_validation,2016-04-24,28,25
FOODS_3_377_TX_3_validation,2016-03-28,41,36
FOODS_3_377_TX_3_validation,2016-03-29,27,34
FOODS_3_377_TX_3_validation,2016-03-30,28,43
FOODS_3_377_TX_3_validation,2016-03-31,38,41
FOODS_3_377_TX_3_validation,2016-04-01,56,58
FOODS_3_377_TX_3_validation,2016-04-02,44,59
FOODS_3_377_TX_3_validation,2016-04-03,39,39
FOODS_3_377_TX_3_validation,2016-04-04,44,36
FOODS_3_377_TX_3_validation,2016-04-05,43,34
FOODS_3_377_TX_3_validation,2016-04-06,33,43
FOODS_3_377_TX_3_validation,2016-04-07,39,41
FOODS_3_377_TX_3_validation,2016-04-08,44,58
FOODS_3_377_TX_3_validation,2016-04-09,57,59
FOODS_3_377_TX_3_validation,2016-04-10,40,39
FOODS_3_377_TX_3_validation,2016-04-11,38,36
FOODS_3_377_TX_3_validation,2016-04-12,56,34
FOODS_3_377_TX_3_validation,2016-04-13,41,43
FOODS_3_377_TX_3_validation,2016-04-14,42,41
FOODS_3_377_TX_3_validation,2016-04-15,42,58
FOODS_3_377_TX_3_validation,2016-04-16,45,59
FOODS_3_377_TX_3_validation,2016-04-17,41,39
FOODS_3_377_TX_3_validation,2016-04-18,23,36
FOODS_3_377_TX_3_validation,2016-04-19,43,34
FOODS_3_377_TX_3_validation,2016-04-20,39,43
FOODS_3_377_TX_3_validation,2016-04-21,42,41
FOODS_3_377_TX_3_validation,2016-04-22,52,58
FOODS_3_377_TX_3_validation,2016-04-23,48,59
FOODS_3_377_TX_3_validation,2016-04-24,50,39
FOODS_3_412_WI_2_validation,2016-03-28,0,28
FOODS_3_412_WI_2_validation,2016-03-29,0,26
FOODS_3_412_WI_2_validation,2016-03-30,1,7
FOODS_3_412_WI_2_validation,2016-03-31,0,0
FOODS_3_412_WI_2_validation,2016-04-01,0,3
FOODS_3_412_WI_2_validation,2016-04-02,0,1
FOODS_3_412_WI_2_validation,2016-04-03,0,0
FOODS_3_412_WI_2_validation,2016-04-04,0,28
FOODS_3_412_WI_2_validation,2016-04-05,0,26
FOODS_3_412_WI_2_validation,2016-04-06,0,7
FOODS_3_412_WI_2_validation,2016-04-07,0,0
FOODS_3_412_WI_2_validation,2016-04-08,2,3
FOODS_3_412_WI_2_validation,2016-04-09,0,1
FOODS_3_412_WI_2_validation,2016-04-10,83,0
FOODS_3_412_WI_2_validation,2016-04-11,90,28
FOODS_3_412_WI_2_validation,2016-04-12,4,26
FOODS_3_412_WI_2_validation,2016-04-13,0,7
FOODS_3_412_WI_2_validation,2016-04-14,0,0
FOODS_3_412_WI_2_validation,2016-04-15,0,3
FOODS_3_412_WI_2_validation,2016-04-16,0,1
FOODS_3_412_WI_2_validation,2016-04-17,85,0
FOODS_3_412_WI_2_validation,2016-04-18,25,28
FOODS_3_412_WI_2_validation,2016-04-19,21,26
FOODS_3_412_WI_2_validation,2016-04-20,12,7
FOODS_3_412_WI_2_validation,2016-04-21,0,0
FOODS_3_412_WI_2_validation,2016-04-22,9,3
FOODS_3_412_WI_2_validation,2016-04-23,27,1
FOODS_3_412_WI_2_validation,2016-04-24,35,0
FOODS_3_462_WI_2_validation,2016-03-28,41,33
FOODS_3_462_WI_2_validation,2016-03-29,26,20
FOODS_3_462_WI_2_validation,2016-03-30,17,20
FOODS_3_462_WI_2_validation,2016-03-31,21,19
FOODS_3_462_WI_2_validation,2016-04-01,29,6
FOODS_3_462_WI_2_validation,2016-04-02,37,45
FOODS_3_462_WI_2_validation,2016-04-03,51,38
FOODS_3_462_WI_2_validation,2016-04-04,20,33
FOODS_3_462_WI_2_validation,2016-04-05,11,20
FOODS_3_462_WI_2_validation,2016-04-06,27,20
FOODS_3_462_WI_2_validation,2016-04-07,35,19
FOODS_3_462_WI_2_validation,2016-04-08,40,6
FOODS_3_462_WI_2_validation,2016-04-09,65,45
FOODS_3_462_WI_2_validation,2016-04-10,39,38
FOODS_3_462_WI_2_validation,2016-04-11,48,33
FOODS_3_462_WI_2_validation,2016-04-12,19,20
FOODS_3_462_WI_2_validation,2016-04-13,26,20
FOODS_3_462_WI_2_validation,2016-04-14,33,19
FOODS_3_462_WI_2_validation,2016-04-15,22,6
FOODS_3_462_WI_2_validation,2016-04-16,42,45
FOODS_3_462_WI_2_validation,2016-04-17,29,38
FOODS_3_462_WI_2_validation,2016-04-18,4,33
FOODS_3_462_WI_2_validation,2016-04-19,17,20
FOODS_3_462_WI_2_validation,2016-04-20,7,20
FOODS_3_462_WI_2_validation,2016-04-21,5,19
FOODS_3_462_WI_2_validation,2016-04-22,14,6
FOODS_3_462_WI_2_validation,2016-04-23,49,45
FOODS_3_462_WI_2_validation,2016-04-24,45,38
FOODS_3_501_CA_3_validation,2016-03-28,11,25
FOODS_3_501_CA_3_validation,2016-03-29,13,20
FOODS_3_501_CA_3_validation,2016-03-30,34,19
FOODS_3_501_CA_3_validation,2016-03-31,15,14
FOODS_3_501_CA_3_validation,2016-04-01,10,23
FOODS_3_501_CA_3_validation,2016-04-02,9,28
FOODS_3_501_CA_3_validation,2016-04-03,37,22
FOODS_3_501_CA_3_validation,2016-04-04,12,25
FOODS_3_501_CA_3_validation,2016-04-05,23,20
FOODS_3_501_CA_3_validation,2016-04-06,17,19
FOODS_3_501_CA_3_validation,2016-04-07,28,14
FOODS_3_501_CA_3_validation,2016-04-08,17,23
FOODS_3_501_CA_3_validation,2016-04-09,13,28
FOODS_3_501_CA_3_validation,2016-04-10,18,22
FOODS_3_501_CA_3_validation,2016-04-11,26,25
FOODS_3_501_CA_3_validation,2016-04-12,13,20
FOODS_3_501_CA_3_validation,2016-04-13,13,19
FOODS_3_501_CA_3_validation,2016-04-14,14,14
FOODS_3_501_CA_3_validation,2016-04-15,8,23
FOODS_3_501_CA_3_validation,2016-04-16,17,28
FOODS_3_501_CA_3_validation,2016-04-17,20,22
FOODS_3_501_CA_3_validation,2016-04-18,17,25
FOODS_3_501_CA_3_validation,2016-04-19,21,20
FOODS_3_501_CA_3_validation,2016-04-20,8,19
FOODS_3_501_CA_3_validation,2016-04-21,12,14
FOODS_3_501_CA_3_validation,2016-04-22,8,23
FOODS_3_501_CA_3_validation,2016-04-23,16,28
FOODS_3_501_CA_3_validation,2016-04-24,23,22
FOODS_3_541_CA_3_validation,2016-03-28,23,18
FOODS_3_541_CA_3_validation,2016-03-29,21,11
FOODS_3_541_CA_3_validation,2016-03-30,17,13
FOODS_3_541_CA_3_validation,2016-03-31,0,25
FOODS_3_541_CA_3_validation,2016-04-01,0,19
FOODS_3_541_CA_3_validation,2016-04-02,0,16
FOODS_3_541_CA_3_validation,2016-04-03,0,34
FOODS_3_541_CA_3_validation,2016-04-04,0,18
FOODS_3_541_CA_3_validation,2016-04-05,0,11
FOODS_3_541_CA_3_validation,2016-04-06,0,13
FOODS_3_541_CA_3_validation,2016-04-07,0,25
FOODS_3_541_CA_3_validation,2016-04-08,0,19
FOODS_3_541_CA_3_validation,2016-04-09,0,16
FOODS_3_541_CA_3_validation,2016-04-10,0,34
FOODS_3_541_CA_3_validation,2016-04-11,0,18
FOODS_3_541_CA_3_validation,2016-04-12,0,11
FOODS_3_541_CA_3_validation,2016-04-13,0,13
FOODS_3_541_CA_3_validation,2016-04-14,0,25
FOODS_3_541_CA_3_validation,2016-04-15,0,19
FOODS_3_541_CA_3_validation,2016-04-16,0,16
FOODS_3_541_CA_3_validation,2016-04-17,0,34
FOODS_3_541_CA_3_validation,2016-04-18,0,18
FOODS_3_541_CA_3_validation,2016-04-19,0,11
FOODS_3_541_CA_3_validation,2016-04-20,0,13
FOODS_3_541_CA_3_validation,2016-04-21,0,25
FOODS_3_541_CA_3_validation,2016-04-22,0,19
FOODS_3_541_CA_3_validation,2016-04-23,0,16
FOODS_3_541_CA_3_validation,2016-04-24,0,34
FOODS_3_547_WI_2_validation,2016-03-28,4,41
FOODS_3_547_WI_2_validation,2016-03-29,1,29
FOODS_3_547_WI_2_validation,2016-03-30,0,26
FOODS_3_547_WI_2_validation,2016-03-31,1,25
FOODS_3_547_WI_2_validation,2016-04-01,0,2
FOODS_3_547_WI_2_validation,2016-04-02,89,8
FOODS_3_547_WI_2_validation,2016-04-03,66,22
FOODS_3_547_WI_2_validation,2016-04-04,1,41
FOODS_3_547_WI_2_validation,2016-04-05,0,29
FOODS_3_547_WI_2_validation,2016-04-06,0,26
FOODS_3_547_WI_2_validation,2016-04-07,0,25
FOODS_3_547_WI_2_validation,2016-04-08,1,2
FOODS_3_547_WI_2_validation,2016-04-09,3,8
FOODS_3_547_WI_2_validation,2016-04-10,1,22
FOODS_3_547_WI_2_validation,2016-04-11,0,41
FOODS_3_547_WI_2_validation,2016-04-12,0,29
FOODS_3_547_WI_2_validation,2016-04-13,1,26
FOODS_3_547_WI_2_validation,2016-04-14,0,25
FOODS_3_547_WI_2_validation,2016-04-15,0,2
FOODS_3_547_WI_2_validation,2016-04-16,0,8
FOODS_3_547_WI_2_validation,2016-04-17,0,22
FOODS_3_547_WI_2_validation,2016-04-18,24,41
FOODS_3_547_WI_2_validation,2016-04-19,31,29
FOODS_3_547_WI_2_validation,2016-04-20,18,26
FOODS_3_547_WI_2_validation,2016-04-21,17,25
FOODS_3_547_WI_2_validation,2016-04-22,21,2
FOODS_3_547_WI_2_validation,2016-04-23,18,8
FOODS_3_547_WI_2_validation,2016-04-24,22,22
FOODS_3_555_CA_1_validation,2016-03-28,19,11
FOODS_3_555_CA_1_validation,2016-03-29,19,21
FOODS_3_555_CA_1_validation,2016-03-30,16,17
FOODS_3_555_CA_1_validation,2016-03-31,12,19
FOODS_3_555_CA_1_validation,2016-04-01,19,23
FOODS_3_555_CA_1_validation,2016-04-02,30,25
FOODS_3_555_CA_1_validation,2016-04-03,30,21
FOODS_3_555_CA_1_validation,2016-04-04,16,11
FOODS_3_555_CA_1_validation,2016-04-05,21,21
FOODS_3_555_CA_1_validation,2016-04-06,17,17
FOODS_3_555_CA_1_validation,2016-04-07,13,19
FOODS_3_555_CA_1_validation,2016-04-08,14,23
FOODS_3_555_CA_1_validation,2016-04-09,33,25
FOODS_3_555_CA_1_validation,2016-04-10,26,21
FOODS_3_555_CA_1_validation,2016-04-11,18,11
FOODS_3_555_CA_1_validation,2016-04-12,14,21
FOODS_3_555_CA_1_validation,2016-04-13,15,17
FOODS_3_555_CA_1_validation,2016-04-14,12,19
FOODS_3_555_CA_1_validation,2016-04-15,10,23
FOODS_3_555_CA_1_validation,2016-04-16,32,25
FOODS_3_555_CA_1_validation,2016-04-17,26,21
FOODS_3_555_CA_1_validation,2016-04-18,13,11
FOODS_3_555_CA_1_validation,2016-04-19,21,21
FOODS_3_555_CA_1_validation,2016-04-20,15,17
FOODS_3_555_CA_1_validation,2016-04-21,14,19
FOODS_3_555_CA_1_validation,2016-04-22,14,23
FOODS_3_555_CA_1_validation,2016-04-23,23,25
FOODS_3_555_CA_1_validation,2016-04-24,24,21
FOODS_3_555_CA_3_validation,2016-03-28,24,22
FOODS_3_555_CA_3_validation,2016-03-29,9,31
FOODS_3_555_CA_3_validation,2016-03-30,23,22
FOODS_3_555_CA_3_validation,2016-03-31,25,23
FOODS_3_555_CA_3_validation,2016-04-01,35,46
FOODS_3_555_CA_3_validation,2016-04-02,44,34
FOODS_3_555_CA_3_validation,2016-04-03,33,44
FOODS_3_555_CA_3_validation,2016-04-04,25,22
FOODS_3_555_CA_3_validation,2016-04-05,28,31
FOODS_3_555_CA_3_validation,2016-04-06,35,22
FOODS_3_555_CA_3_validation,2016-04-07,35,23
FOODS_3_555_CA_3_validation,2016-04-08,32,46
FOODS_3_555_CA_3_validation,2016-04-09,38,34
FOODS_3_555_CA_3_validation,2016-04-10,40,44
FOODS_3_555_CA_3_validation,2016-04-11,41,22
FOODS_3_555_CA_3_validation,2016-04-12,23,31
FOODS_3_555_CA_3_validation,2016-04-13,20,22
FOODS_3_555_CA_3_validation,2016-04-14,14,23
FOODS_3_555_CA_3_validation,2016-04-15,31,46
FOODS_3_555_CA_3_validation,2016-04-16,46,34
FOODS_3_555_CA_3_validation,2016-04-17,49,44
FOODS_3_555_CA_3_validation,2016-04-18,31,22
FOODS_3_555_CA_3_validation,2016-04-19,31,31
FOODS_3_555_CA_3_validation,2016-04-20,27,22
FOODS_3_555_CA_3_validation,2016-04-21,26,23
FOODS_3_555_CA_3_validation,2016-04-22,30,46
FOODS_3_555_CA_3_validation,2016-04-23,33,34
FOODS_3_555_CA_3_validation,2016-04-24,36,44
FOODS_3_555_TX_1_validation,2016-03-28,23,20
FOODS_3_555_TX_1_validation,2016-03-29,13,17
FOODS_3_555_TX_1_validation,2016-03-30,15,37
FOODS_3_555_TX_1_validation,2016-03-31,35,33
FOODS_3_555_TX_1_validation,2016-04-01,28,34
FOODS_3_555_TX_1_validation,2016-04-02,44,30
FOODS_3_555_TX_1_validation,2016-04-03,32,43
FOODS_3_555_TX_1_validation,2016-04-04,23,20
FOODS_3_555_TX_1_validation,2016-04-05,31,17
FOODS_3_555_TX_1_validation,2016-04-06,30,37
FOODS_3_555_TX_1_validation,2016-04-07,37,33
FOODS_3_555_TX_1_validation,2016-04-08,38,34
FOODS_3_555_TX_1_validation,2016-04-09,34,30
FOODS_3_555_TX_1_validation,2016-04-10,34,43
FOODS_3_555_TX_1_validation,2016-04-11,19,20
FOODS_3_555_TX_1_validation,2016-04-12,26,17
FOODS_3_555_TX_1_validation,2016-04-13,21,37
FOODS_3_555_TX_1_validation,2016-04-14,25,33
FOODS_3_555_TX_1_validation,2016-04-15,30,34
FOODS_3_555_TX_1_validation,2016-04-16,19,30
FOODS_3_555_TX_1_validation,2016-04-17,32,43
FOODS_3_555_TX_1_validation,2016-04-18,32,20
FOODS_3_555_TX_1_validation,2016-04-19,35,17
FOODS_3_555_TX_1_validation,2016-04-20,26,37
FOODS_3_555_TX_1_validation,2016-04-21,26,33
FOODS_3_555_TX_1_validation,2016-04-22,30,34
FOODS_3_555_TX_1_validation,2016-04-23,38,30
FOODS_3_555_TX_1_validation,2016-04-24,28,43
FOODS_3_555_TX_2_validation,2016-03-28,29,39
FOODS_3_555_TX_2_validation,2016-03-29,33,33
FOODS_3_555_TX_2_validation,2016-03-30,33,40
FOODS_3_555_TX_2_validation,2016-03-31,47,41
FOODS_3_555_TX_2_validation,2016-04-01,51,56
FOODS_3_555_TX_2_validation,2016-04-02,70,78
FOODS_3_555_TX_2_validation,2016-04-03,49,72
FOODS_3_555_TX_2_validation,2016-04-04,44,39
FOODS_3_555_TX_2_validation,2016-04-05,31,33
FOODS_3_555_TX_2_validation,2016-04-06,33,40
FOODS_3_555_TX_2_validation,2016-04-07,48,41
FOODS_3_555_TX_2_validation,2016-04-08,54,56
FOODS_3_555_TX_2_validation,2016-04-09,57,78
FOODS_3_555_TX_2_validation,2016-04-10,57,72
FOODS_3_555_TX_2_validation,2016-04-11,35,39
FOODS_3_555_TX_2_validation,2016-04-12,32,33
FOODS_3_555_TX_2_validation,2016-04-13,23,40
FOODS_3_555_TX_2_validation,2016-04-14,41,41
FOODS_3_555_TX_2_validation,2016-04-15,39,56
FOODS_3_555_TX_2_validation,2016-04-16,57,78
FOODS_3_555_TX_2_validation,2016-04-17,54,72
FOODS_3_555_TX_2_validation,2016-04-18,35,39
FOODS_3_555_TX_2_validation,2016-04-19,28,33
FOODS_3_555_TX_2_validation,2016-04-20,33,40
FOODS_3_555_TX_2_validation,2016-04-21,34,41
FOODS_3_555_TX_2_validation,2016-04-22,41,56
FOODS_3_555_TX_2_validation,2016-04-23,48,78
FOODS_3_555_TX_2_validation,2016-04-24,39,72
FOODS_3_555_TX_3_validation,2016-03-28,24,14
FOODS_3_555_TX_3_validation,2016-03-29,24,17
FOODS_3_555_TX_3_validation,2016-03-30,17,15
FOODS_3_555_TX_3_validation,2016-03-31,27,22
FOODS_3_555_TX_3_validation,2016-04-01,23,40
FOODS_3_555_TX_3_validation,2016-04-02,33,40
FOODS_3_555_TX_3_validation,2016-04-03,40,49
FOODS_3_555_TX_3_validation,2016-04-04,30,14
FOODS_3_555_TX_3_validation,2016-04-05,27,17
FOODS_3_555_TX_3_validation,2016-04-06,24,15
FOODS_3_555_TX_3_validation,2016-04-07,26,22
FOODS_3_555_TX_3_validation,2016-04-08,35,40
FOODS_3_555_TX_3_validation,2016-04-09,37,40
FOODS_3_555_TX_3_validation,2016-04-10,38,49
FOODS_3_555_TX_3_validation,2016-04-11,23,14
FOODS_3_555_TX_3_validation,2016-04-12,23,17
FOODS_3_555_TX_3_validation,2016-04-13,18,15
FOODS_3_555_TX_3_validation,2016-04-14,30,22
FOODS_3_555_TX_3_validation,2016-04-15,30,40
FOODS_3_555_TX_3_validation,2016-04-16,27,40
FOODS_3_555_TX_3_validation,2016-04-17,29,49
FOODS_3_555_TX_3_validation,2016-04-18,4,14
FOODS_3_555_TX_3_validation,2016-04-19,28,17
FOODS_3_555_TX_3_validation,2016-04-20,29,15
FOODS_3_555_TX_3_validation,2016-04-21,28,22
FOODS_3_555_TX_3_validation,2016-04-22,40,40
FOODS_3_555_TX_3_validation,2016-04-23,50,40
FOODS_3_555_TX_3_validation,2016-04-24,17,49
FOODS_3_555_WI_3_validation,2016-03-28,22,19
FOODS_3_555_WI_3_validation,2016-03-29,24,23
FOODS_3_555_WI_3_validation,2016-03-30,22,15
FOODS_3_555_WI_3_validation,2016-03-31,13,20
FOODS_3_555_WI_3_validation,2016-04-01,20,36
FOODS_3_555_WI_3_validation,2016-04-02,47,49
FOODS_3_555_WI_3_validation,2016-04-03,51,34
FOODS_3_555_WI_3_validation,2016-04-04,18,19
FOODS_3_555_WI_3_validation,2016-04-05,15,23
FOODS_3_555_WI_3_validation,2016-04-06,20,15
FOODS_3_555_WI_3_validation,2016-04-07,26,20
FOODS_3_555_WI_3_validation,2016-04-08,18,36
FOODS_3_555_WI_3_validation,2016-04-09,41,49
FOODS_3_555_WI_3_validation,2016-04-10,28,34
FOODS_3_555_WI_3_validation,2016-04-11,21,19
FOODS_3_555_WI_3_validation,2016-04-12,17,23
FOODS_3_555_WI_3_validation,2016-04-13,16,15
FOODS_3_555_WI_3_validation,2016-04-14,28,20
FOODS_3_555_WI_3_validation,2016-04-15,25,36
FOODS_3_555_WI_3_validation,2016-04-16,43,49
FOODS_3_555_WI_3_validation,2016-04-17,37,34
FOODS_3_555_WI_3_validation,2016-04-18,41,19
FOODS_3_555_WI_3_validation,2016-04-19,30,23
FOODS_3_555_WI_3_validation,2016-04-20,23,15
FOODS_3_555_WI_3_validation,2016-04-21,24,20
FOODS_3_555_WI_3_validation,2016-04-22,26,36
FOODS_3_555_WI_3_validation,2016-04-23,43,49
FOODS_3_555_WI_3_validation,2016-04-24,25,34
FOODS_3_586_CA_1_validation,2016-03-28,27,27
FOODS_3_586_CA_1_validation,2016-03-29,32,24
FOODS_3_586_CA_1_validation,2016-03-30,26,33
FOODS_3_586_CA_1_validation,2016-03-31,28,36
FOODS_3_586_CA_1_validation,2016-04-01,36,45
FOODS_3_586_CA_1_validation,2016-04-02,65,63
FOODS_3_586_CA_1_validation,2016-04-03,54,63
FOODS_3_586_CA_1_validation,2016-04-04,30,27
FOODS_3_586_CA_1_validation,2016-04-05,37,24
FOODS_3_586_CA_1_validation,2016-04-06,27,33
FOODS_3_586_CA_1_validation,2016-04-07,35,36
FOODS_3_586_CA_1_validation,2016-04-08,41,45
FOODS_3_586_CA_1_validation,2016-04-09,60,63
FOODS_3_586_CA_1_validation,2016-04-10,48,63
FOODS_3_586_CA_1_validation,2016-04-11,36,27
FOODS_3_586_CA_1_validation,2016-04-12,29,24
FOODS_3_586_CA_1_validation,2016-04-13,20,33
FOODS_3_586_CA_1_validation,2016-04-14,43,36
FOODS_3_586_CA_1_validation,2016-04-15,32,45
FOODS_3_586_CA_1_validation,2016-04-16,37,63
FOODS_3_586_CA_1_validation,2016-04-17,64,63
FOODS_3_586_CA_1_validation,2016-04-18,30,27
FOODS_3_586_CA_1_validation,2016-04-19,40,24
FOODS_3_586_CA_1_validation,2016-04-20,31,33
FOODS_3_586_CA_1_validation,2016-04-21,45,36
FOODS_3_586_CA_1_validation,2016-04-22,28,45
FOODS_3_586_CA_1_validation,2016-04-23,40,63
FOODS_3_586_CA_1_validation,2016-04-24,54,63
FOODS_3_586_CA_2_validation,2016-03-28,26,24
FOODS_3_586_CA_2_validation,2016-03-29,27,32
FOODS_3_586_CA_2_validation,2016-03-30,26,28
FOODS_3_586_CA_2_validation,2016-03-31,28,43
FOODS_3_586_CA_2_validation,2016-04-01,30,42
FOODS_3_586_CA_2_validation,2016-04-02,49,61
FOODS_3_586_CA_2_validation,2016-04-03,34,62
FOODS_3_586_CA_2_validation,2016-04-04,26,24
FOODS_3_586_CA_2_validation,2016-04-05,25,32
FOODS_3_586_CA_2_validation,2016-04-06,27,28
FOODS_3_586_CA_2_validation,2016-04-07,33,43
FOODS_3_586_CA_2_validation,2016-04-08,36,42
FOODS_3_586_CA_2_validation,2016-04-09,49,61
FOODS_3_586_CA_2_validation,2016-04-10,30,62
FOODS_3_586_CA_2_validation,2016-04-11,38,24
FOODS_3_586_CA_2_validation,2016-04-12,24,32
FOODS_3_586_CA_2_validation,2016-04-13,29,28
FOODS_3_586_CA_2_validation,2016-04-14,18,43
FOODS_3_586_CA_2_validation,2016-04-15,24,42
FOODS_3_586_CA_2_validation,2016-04-16,47,61
FOODS_3_586_CA_2_validation,2016-04-17,39,62
FOODS_3_586_CA_2_validation,2016-04-18,26,24
FOODS_3_586_CA_2_validation,2016-04-19,45,32
FOODS_3_586_CA_2_validation,2016-04-20,42,28
FOODS_3_586_CA_2_validation,2016-04-21,30,43
FOODS_3_586_CA_2_validation,2016-04-22,34,42
FOODS_3_586_CA_2_validation,2016-04-23,39,61
FOODS_3_586_CA_2_validation,2016-04-24,36,62
FOODS_3_586_CA_3_validation,2016-03-28,60,39
FOODS_3_586_CA_3_validation,2016-03-29,53,59
FOODS_3_586_CA_3_validation,2016-03-30,44,63
FOODS_3_586_CA_3_validation,2016-03-31,42,68
FOODS_3_586_CA_3_validation,2016-04-01,62,66
FOODS_3_586_CA_3_validation,2016-04-02,72,100
FOODS_3_586_CA_3_validation,2016-04-03,73,110
FOODS_3_586_CA_3_validation,2016-04-04,60,39
FOODS_3_586_CA_3_validation,2016-04-05,70,59
FOODS_3_586_CA_3_validation,2016-04-06,75,63
FOODS_3_586_CA_3_validation,2016-04-07,69,68
FOODS_3_586_CA_3_validation,2016-04-08,58,66
FOODS_3_586_CA_3_validation,2016-04-09,84,100
FOODS_3_586_CA_3_validation,2016-04-10,85,110
FOODS_3_586_CA_3_validation,2016-04-11,76,39
FOODS_3_586_CA_3_validation,2016-04-12,60,59
FOODS_3_586_CA_3_validation,2016-04-13,52,63
FOODS_3_586_CA_3_validation,2016-04-14,63,68
FOODS_3_586_CA_3_validation,2016-04-15,57,66
FOODS_3_586_CA_3_validation,2016-04-16,85,100
FOODS_3_586_CA_3_validation,2016-04-17,91,110
FOODS_3_586_CA_3_validation,2016-04-18,77,39
FOODS_3_586_CA_3_validation,2016-04-19,75,59
FOODS_3_586_CA_3_validation,2016-04-20,70,63
FOODS_3_586_CA_3_validation,2016-04-21,48,68
FOODS_3_586_CA_3_validation,2016-04-22,61,66
FOODS_3_586_CA_3_validation,2016-04-23,74,100
FOODS_3_586_CA_3_validation,2016-04-24,78,110
FOODS_3_586_TX_1_validation,2016-03-28,54,36
FOODS_3_586_TX_1_validation,2016-03-29,22,44
FOODS_3_586_TX_1_validation,2016-03-30,38,68
FOODS_3_586_TX_1_validation,2016-03-31,44,46
FOODS_3_586_TX_1_validation,2016-04-01,40,64
FOODS_3_586_TX_1_validation,2016-04-02,55,75
FOODS_3_586_TX_1_validation,2016-04-03,74,68
FOODS_3_586_TX_1_validation,2016-04-04,61,36
FOODS_3_586_TX_1_validation,2016-04-05,65,44
FOODS_3_586_TX_1_validation,2016-04-06,44,68
FOODS_3_586_TX_1_validation,2016-04-07,74,46
FOODS_3_586_TX_1_validation,2016-04-08,54,64
FOODS_3_586_TX_1_validation,2016-04-09,52,75
FOODS_3_586_TX_1_validation,2016-04-10,75,68
FOODS_3_586_TX_1_validation,2016-04-11,38,36
FOODS_3_586_TX_1_validation,2016-04-12,39,44
FOODS_3_586_TX_1_validation,2016-04-13,47,68
FOODS_3_586_TX_1_validation,2016-04-14,42,46
FOODS_3_586_TX_1_validation,2016-04-15,53,64
FOODS_3_586_TX_1_validation,2016-04-16,50,75
FOODS_3_586_TX_1_validation,2016-04-17,68,68
FOODS_3_586_TX_1_validation,2016-04-18,72,36
FOODS_3_586_TX_1_validation,2016-04-19,81,44
FOODS_3_586_TX_1_validation,2016-04-20,45,68
FOODS_3_586_TX_1_validation,2016-04-21,59,46
FOODS_3_586_TX_1_validation,2016-04-22,50,64
FOODS_3_586_TX_1_validation,2016-04-23,56,75
FOODS_3_586_TX_1_validation,2016-04-24,58,68
FOODS_3_586_TX_2_validation,2016-03-28,59,65
FOODS_3_586_TX_2_validation,2016-03-29,51,65
FOODS_3_586_TX_2_validation,2016-03-30,61,69
FOODS_3_586_TX_2_validation,2016-03-31,79,73
FOODS_3_586_TX_2_validation,2016-04-01,77,102
FOODS_3_586_TX_2_validation,2016-04-02,98,127
FOODS_3_586_TX_2_validation,2016-04-03,107,100
FOODS_3_586_TX_2_validation,2016-04-04,68,65
FOODS_3_586_TX_2_validation,2016-04-05,74,65
FOODS_3_586_TX_2_validation,2016-04-06,72,69
FOODS_3_586_TX_2_validation,2016-04-07,87,73
FOODS_3_586_TX_2_validation,2016-04-08,79,102
FOODS_3_586_TX_2_validation,2016-04-09,100,127
FOODS_3_586_TX_2_validation,2016-04-10,114,100
FOODS_3_586_TX_2_validation,2016-04-11,66,65
FOODS_3_586_TX_2_validation,2016-04-12,53,65
FOODS_3_586_TX_2_validation,2016-04-13,62,69
FOODS_3_586_TX_2_validation,2016-04-14,69,73
FOODS_3_586_TX_2_validation,2016-04-15,80,102
FOODS_3_586_TX_2_validation,2016-04-16,78,127
FOODS_3_586_TX_2_validation,2016-04-17,102,100
FOODS_3_586_TX_2_validation,2016-04-18,54,65
FOODS_3_586_TX_2_validation,2016-04-19,67,65
FOODS_3_586_TX_2_validation,2016-04-20,57,69
FOODS_3_586_TX_2_validation,2016-04-21,59,73
FOODS_3_586_TX_2_validation,2016-04-22,80,102
FOODS_3_586_TX_2_validation,2016-04-23,100,127
FOODS_3_586_TX_2_validation,2016-04-24,75,100
FOODS_3_586_TX_3_validation,2016-03-28,45,55
FOODS_3_586_TX_3_validation,2016-03-29,46,48
FOODS_3_586_TX_3_validation,2016-03-30,45,45
FOODS_3_586_TX_3_validation,2016-03-31,54,58
FOODS_3_586_TX_3_validation,2016-04-01,61,86
FOODS_3_586_TX_3_validation,2016-04-02,62,91
FOODS_3_586_TX_3_validation,2016-04-03,72,93
FOODS_3_586_TX_3_validation,2016-04-04,54,55
FOODS_3_586_TX_3_validation,2016-04-05,77,48
FOODS_3_586_TX_3_validation,2016-04-06,45,45
FOODS_3_586_TX_3_validation,2016-04-07,51,58
FOODS_3_586_TX_3_validation,2016-04-08,68,86
FOODS_3_586_TX_3_validation,2016-04-09,77,91
FOODS_3_586_TX_3_validation,2016-04-10,72,93
FOODS_3_586_TX_3_validation,2016-04-11,58,55
FOODS_3_586_TX_3_validation,2016-04-12,43,48
FOODS_3_586_TX_3_validation,2016-04-13,67,45
FOODS_3_586_TX_3_validation,2016-04-14,55,58
FOODS_3_586_TX_3_validation,2016-04-15,56,86
FOODS_3_586_TX_3_validation,2016-04-16,67,91
FOODS_3_586_TX_3_validation,2016-04-17,69,93
FOODS_3_586_TX_3_validation,2016-04-18,49,55
FOODS_3_586_TX_3_validation,2016-04-19,55,48
FOODS_3_586_TX_3_validation,2016-04-20,60,45
FOODS_3_586_TX_3_validation,2016-04-21,55,58
FOODS_3_586_TX_3_validation,2016-04-22,55,86
FOODS_3_586_TX_3_validation,2016-04-23,66,91
FOODS_3_586_TX_3_validation,2016-04-24,47,93
FOODS_3_586_WI_3_validation,2016-03-28,29,28
FOODS_3_586_WI_3_validation,2016-03-29,24,24
FOODS_3_586_WI_3_validation,2016-03-30,27,17
FOODS_3_586_WI_3_validation,2016-03-31,20,21
FOODS_3_586_WI_3_validation,2016-04-01,37,46
FOODS_3_586_WI_3_validation,2016-04-02,34,46
FOODS_3_586_WI_3_validation,2016-04-03,37,25
FOODS_3_586_WI_3_validation,2016-04-04,21,28
FOODS_3_586_WI_3_validation,2016-04-05,15,24
FOODS_3_586_WI_3_validation,2016-04-06,35,17
FOODS_3_586_WI_3_validation,2016-04-07,33,21
FOODS_3_586_WI_3_validation,2016-04-08,25,46
FOODS_3_586_WI_3_validation,2016-04-09,35,46
FOODS_3_586_WI_3_validation,2016-04-10,38,25
FOODS_3_586_WI_3_validation,2016-04-11,32,28
FOODS_3_586_WI_3_validation,2016-04-12,16,24
FOODS_3_586_WI_3_validation,2016-04-13,27,17
FOODS_3_586_WI_3_validation,2016-04-14,29,21
FOODS_3_586_WI_3_validation,2016-04-15,37,46
FOODS_3_586_WI_3_validation,2016-04-16,48,46
FOODS_3_586_WI_3_validation,2016-04-17,40,25
FOODS_3_586_WI_3_validation,2016-04-18,35,28
FOODS_3_586_WI_3_validation,2016-04-19,22,24
FOODS_3_586_WI_3_validation,2016-04-20,25,17
FOODS_3_586_WI_3_validation,2016-04-21,31,21
FOODS_3_586_WI_3_validation,2016-04-22,35,46
FOODS_3_586_WI_3_validation,2016-04-23,47,46
FOODS_3_586_WI_3_validation,2016-04-24,44,25
FOODS_3_587_CA_1_validation,2016-03-28,38,46
FOODS_3_587_CA_1_validation,2016-03-29,26,30
FOODS_3_587_CA_1_validation,2016-03-30,25,27
FOODS_3_587_CA_1_validation,2016-03-31,15,34
FOODS_3_587_CA_1_validation,2016-04-01,15,41
FOODS_3_587_CA_1_validation,2016-04-02,27,39
FOODS_3_587_CA_1_validation,2016-04-03,29,51
FOODS_3_587_CA_1_validation,2016-04-04,23,46
FOODS_3_587_CA_1_validation,2016-04-05,21,30
FOODS_3_587_CA_1_validation,2016-04-06,21,27
FOODS_3_587_CA_1_validation,2016-04-07,16,34
FOODS_3_587_CA_1_validation,2016-04-08,22,41
FOODS_3_587_CA_1_validation,2016-04-09,24,39
FOODS_3_587_CA_1_validation,2016-04-10,43,51
FOODS_3_587_CA_1_validation,2016-04-11,33,46
FOODS_3_587_CA_1_validation,2016-04-12,16,30
FOODS_3_587_CA_1_validation,2016-04-13,23,27
FOODS_3_587_CA_1_validation,2016-04-14,21,34
FOODS_3_587_CA_1_validation,2016-04-15,20,41
FOODS_3_587_CA_1_validation,2016-04-16,27,39
FOODS_3_587_CA_1_validation,2016-04-17,36,51
FOODS_3_587_CA_1_validation,2016-04-18,16,46
FOODS_3_587_CA_1_validation,2016-04-19,10,30
FOODS_3_587_CA_1_validation,2016-04-20,15,27
FOODS_3_587_CA_1_validation,2016-04-21,10,34
FOODS_3_587_CA_1_validation,2016-04-22,21,41
FOODS_3_587_CA_1_validation,2016-04-23,24,39
FOODS_3_587_CA_1_validation,2016-04-24,26,51
FOODS_3_587_CA_3_validation,2016-03-28,27,39
FOODS_3_587_CA_3_validation,2016-03-29,60,41
FOODS_3_587_CA_3_validation,2016-03-30,28,28
FOODS_3_587_CA_3_validation,2016-03-31,37,21
FOODS_3_587_CA_3_validation,2016-04-01,24,25
FOODS_3_587_CA_3_validation,2016-04-02,37,29
FOODS_3_587_CA_3_validation,2016-04-03,48,28
FOODS_3_587_CA_3_validation,2016-04-04,38,39
FOODS_3_587_CA_3_validation,2016-04-05,34,41
FOODS_3_587_CA_3_validation,2016-04-06,29,28
FOODS_3_587_CA_3_validation,2016-04-07,35,21
FOODS_3_587_CA_3_validation,2016-04-08,42,25
FOODS_3_587_CA_3_validation,2016-04-09,46,29
FOODS_3_587_CA_3_validation,2016-04-10,49,28
FOODS_3_587_CA_3_validation,2016-04-11,38,39
FOODS_3_587_CA_3_validation,2016-04-12,22,41
FOODS_3_587_CA_3_validation,2016-04-13,41,28
FOODS_3_587_CA_3_validation,2016-04-14,29,21
FOODS_3_587_CA_3_validation,2016-04-15,33,25
FOODS_3_587_CA_3_validation,2016-04-16,28,29
FOODS_3_587_CA_3_validation,2016-04-17,60,28
FOODS_3_587_CA_3_validation,2016-04-18,31,39
FOODS_3_587_CA_3_validation,2016-04-19,25,41
FOODS_3_587_CA_3_validation,2016-04-20,25,28
FOODS_3_587_CA_3_validation,2016-04-21,23,21
FOODS_3_587_CA_3_validation,2016-04-22,37,25
FOODS_3_587_CA_3_validation,2016-04-23,28,29
FOODS_3_587_CA_3_validation,2016-04-24,41,28
FOODS_3_587_TX_1_validation,2016-03-28,22,25
FOODS_3_587_TX_1_validation,2016-03-29,27,46
FOODS_3_587_TX_1_validation,2016-03-30,24,31
FOODS_3_587_TX_1_validation,2016-03-31,11,28
FOODS_3_587_TX_1_validation,2016-04-01,12,37
FOODS_3_587_TX_1_validation,2016-04-02,22,38
FOODS_3_587_TX_1_validation,2016-04-03,21,46
FOODS_3_587_TX_1_validation,2016-04-04,16,25
FOODS_3_587_TX_1_validation,2016-04-05,19,46
FOODS_3_587_TX_1_validation,2016-04-06,15,31
FOODS_3_587_TX_1_validation,2016-04-07,22,28
FOODS_3_587_TX_1_validation,2016-04-08,32,37
FOODS_3_587_TX_1_validation,2016-04-09,32,38
FOODS_3_587_TX_1_validation,2016-04-10,24,46
FOODS_3_587_TX_1_validation,2016-04-11,29,25
FOODS_3_587_TX_1_validation,2016-04-12,32,46
FOODS_3_587_TX_1_validation,2016-04-13,29,31
FOODS_3_587_TX_1_validation,2016-04-14,24,28
FOODS_3_587_TX_1_validation,2016-04-15,38,37
FOODS_3_587_TX_1_validation,2016-04-16,24,38
FOODS_3_587_TX_1_validation,2016-04-17,16,46
FOODS_3_587_TX_1_validation,2016-04-18,23,25
FOODS_3_587_TX_1_validation,2016-04-19,28,46
FOODS_3_587_TX_1_validation,2016-04-20,21,31
FOODS_3_587_TX_1_validation,2016-04-21,17,28
FOODS_3_587_TX_1_validation,2016-04-22,17,37
FOODS_3_587_TX_1_validation,2016-04-23,32,38
FOODS_3_587_TX_1_validation,2016-04-24,24,46
FOODS_3_587_TX_2_validation,2016-03-28,27,30
FOODS_3_587_TX_2_validation,2016-03-29,22,40
FOODS_3_587_TX_2_validation,2016-03-30,21,35
FOODS_3_587_TX_2_validation,2016-03-31,25,18
FOODS_3_587_TX_2_validation,2016-04-01,21,36
FOODS_3_587_TX_2_validation,2016-04-02,33,41
FOODS_3_587_TX_2_validation,2016-04-03,34,37
FOODS_3_587_TX_2_validation,2016-04-04,31,30
FOODS_3_587_TX_2_validation,2016-04-05,14,40
FOODS_3_587_TX_2_validation,2016-04-06,25,35
FOODS_3_587_TX_2_validation,2016-04-07,35,18
FOODS_3_587_TX_2_validation,2016-04-08,28,36
FOODS_3_587_TX_2_validation,2016-04-09,32,41
FOODS_3_587_TX_2_validation,2016-04-10,54,37
FOODS_3_587_TX_2_validation,2016-04-11,32,30
FOODS_3_587_TX_2_validation,2016-04-12,23,40
FOODS_3_587_TX_2_validation,2016-04-13,22,35
FOODS_3_587_TX_2_validation,2016-04-14,20,18
FOODS_3_587_TX_2_validation,2016-04-15,27,36
FOODS_3_587_TX_2_validation,2016-04-16,26,41
FOODS_3_587_TX_2_validation,2016-04-17,36,37
FOODS_3_587_TX_2_validation,2016-04-18,23,30
FOODS_3_587_TX_2_validation,2016-04-19,30,40
FOODS_3_587_TX_2_validation,2016-04-20,19,35
FOODS_3_587_TX_2_validation,2016-04-21,19,18
FOODS_3_587_TX_2_validation,2016-04-22,34,36
FOODS_3_587_TX_2_validation,2016-04-23,38,41
FOODS_3_587_TX_2_validation,2016-04-24,44,37
FOODS_3_587_TX_3_validation,2016-03-28,12,45
FOODS_3_587_TX_3_validation,2016-03-29,14,37
FOODS_3_587_TX_3_validation,2016-03-30,13,23
FOODS_3_587_TX_3_validation,2016-03-31,9,12
FOODS_3_587_TX_3_validation,2016-04-01,26,17
FOODS_3_587_TX_3_validation,2016-04-02,26,18
FOODS_3_587_TX_3_validation,2016-04-03,31,22
FOODS_3_587_TX_3_validation,2016-04-04,17,45
FOODS_3_587_TX_3_validation,2016-04-05,21,37
FOODS_3_587_TX_3_validation,2016-04-06,19,23
FOODS_3_587_TX_3_validation,2016-04-07,18,12
FOODS_3_587_TX_3_validation,2016-04-08,19,17
FOODS_3_587_TX_3_validation,2016-04-09,21,18
FOODS_3_587_TX_3_validation,2016-04-10,26,22
FOODS_3_587_TX_3_validation,2016-04-11,25,45
FOODS_3_587_TX_3_validation,2016-04-12,20,37
FOODS_3_587_TX_3_validation,2016-04-13,28,23
FOODS_3_587_TX_3_validation,2016-04-14,19,12
FOODS_3_587_TX_3_validation,2016-04-15,27,17
FOODS_3_587_TX_3_validation,2016-04-16,23,18
FOODS_3_587_TX_3_validation,2016-04-17,25,22
FOODS_3_587_TX_3_validation,2016-04-18,22,45
FOODS_3_587_TX_3_validation,2016-04-19,15,37
FOODS_3_587_TX_3_validation,2016-04-20,16,23
FOODS_3_587_TX_3_validation,2016-04-21,14,12
FOODS_3_587_TX_3_validation,2016-04-22,25,17
FOODS_3_587_TX_3_validation,2016-04-23,18,18
FOODS_3_587_TX_3_validation,2016-04-24,20,22
FOODS_3_587_WI_3_validation,2016-03-28,32,44
FOODS_3_587_WI_3_validation,2016-03-29,43,44
FOODS_3_587_WI_3_validation,2016-03-30,37,29
FOODS_3_587_WI_3_validation,2016-03-31,37,24
FOODS_3_587_WI_3_validation,2016-04-01,39,38
FOODS_3_587_WI_3_validation,2016-04-02,55,45
FOODS_3_587_WI_3_validation,2016-04-03,71,46
FOODS_3_587_WI_3_validation,2016-04-04,37,44
FOODS_3_587_WI_3_validation,2016-04-05,44,44
FOODS_3_587_WI_3_validation,2016-04-06,44,29
FOODS_3_587_WI_3_validation,2016-04-07,27,24
FOODS_3_587_WI_3_validation,2016-04-08,32,38
FOODS_3_587_WI_3_validation,2016-04-09,45,45
FOODS_3_587_WI_3_validation,2016-04-10,44,46
FOODS_3_587_WI_3_validation,2016-04-11,50,44
FOODS_3_587_WI_3_validation,2016-04-12,22,44
FOODS_3_587_WI_3_validation,2016-04-13,21,29
FOODS_3_587_WI_3_validation,2016-04-14,23,24
FOODS_3_587_WI_3_validation,2016-04-15,26,38
FOODS_3_587_WI_3_validation,2016-04-16,21,45
FOODS_3_587_WI_3_validation,2016-04-17,38,46
FOODS_3_587_WI_3_validation,2016-04-18,42,44
FOODS_3_587_WI_3_validation,2016-04-19,15,44
FOODS_3_587_WI_3_validation,2016-04-20,17,29
FOODS_3_587_WI_3_validation,2016-04-21,14,24
FOODS_3_587_WI_3_validation,2016-04-22,17,38
FOODS_3_587_WI_3_validation,2016-04-23,30,45
FOODS_3_587_WI_3_validation,2016-04-24,29,46
FOODS_3_607_CA_3_validation,2016-03-28,12,21
FOODS_3_607_CA_3_validation,2016-03-29,9,14
FOODS_3_607_CA_3_validation,2016-03-30,12,12
FOODS_3_607_CA_3_validation,2016-03-31,6,16
FOODS_3_607_CA_3_validation,2016-04-01,16,21
FOODS_3_607_CA_3_validation,2016-04-02,19,39
FOODS_3_607_CA_3_validation,2016-04-03,27,29
FOODS_3_607_CA_3_validation,2016-04-04,10,21
FOODS_3_607_CA_3_validation,2016-04-05,20,14
FOODS_3_607_CA_3_validation,2016-04-06,9,12
FOODS_3_607_CA_3_validation,2016-04-07,11,16
FOODS_3_607_CA_3_validation,2016-04-08,9,21
FOODS_3_607_CA_3_validation,2016-04-09,17,39
FOODS_3_607_CA_3_validation,2016-04-10,21,29
FOODS_3_607_CA_3_validation,2016-04-11,12,21
FOODS_3_607_CA_3_validation,2016-04-12,17,14
FOODS_3_607_CA_3_validation,2016-04-13,9,12
FOODS_3_607_CA_3_validation,2016-04-14,17,16
FOODS_3_607_CA_3_validation,2016-04-15,9,21
FOODS_3_607_CA_3_validation,2016-04-16,13,39
FOODS_3_607_CA_3_validation,2016-04-17,27,29
FOODS_3_607_CA_3_validation,2016-04-18,10,21
FOODS_3_607_CA_3_validation,2016-04-19,5,14
FOODS_3_607_CA_3_validation,2016-04-20,8,12
FOODS_3_607_CA_3_validation,2016-04-21,9,16
FOODS_3_607_CA_3_validation,2016-04-22,5,21
FOODS_3_607_CA_3_validation,2016-04-23,9,39
FOODS_3_607_CA_3_validation,2016-04-24,18,29
FOODS_3_635_CA_3_validation,2016-03-28,32,15
FOODS_3_635_CA_3_validation,2016-03-29,28,22
FOODS_3_635_CA_3_validation,2016-03-30,51,30
FOODS_3_635_CA_3_validation,2016-03-31,2,19
FOODS_3_635_CA_3_validation,2016-04-01,0,24
FOODS_3_635_CA_3_validation,2016-04-02,0,44
FOODS_3_635_CA_3_validation,2016-04-03,0,25
FOODS_3_635_CA_3_validation,2016-04-04,0,15
FOODS_3_635_CA_3_validation,2016-04-05,0,22
FOODS_3_635_CA_3_validation,2016-04-06,0,30
FOODS_3_635_CA_3_validation,2016-04-07,0,19
FOODS_3_635_CA_3_validation,2016-04-08,0,24
FOODS_3_635_CA_3_validation,2016-04-09,0,44
FOODS_3_635_CA_3_validation,2016-04-10,0,25
FOODS_3_635_CA_3_validation,2016-04-11,0,15
FOODS_3_635_CA_3_validation,2016-04-12,0,22
FOODS_3_635_CA_3_validation,2016-04-13,0,30
FOODS_3_635_CA_3_validation,2016-04-14,0,19
FOODS_3_635_CA_3_validation,2016-04-15,0,24
FOODS_3_635_CA_3_validation,2016-04-16,0,44
FOODS_3_635_CA_3_validation,2016-04-17,0,25
FOODS_3_635_CA_3_validation,2016-04-18,0,15
FOODS_3_635_CA_3_validation,2016-04-19,0,22
FOODS_3_635_CA_3_validation,2016-04-20,0,30
FOODS_3_635_CA_3_validation,2016-04-21,0,19
FOODS_3_635_CA_3_validation,2016-04-22,0,24
FOODS_3_635_CA_3_validation,2016-04-23,0,44
FOODS_3_635_CA_3_validation,2016-04-24,0,25
FOODS_3_681_CA_3_validation,2016-03-28,14,16
FOODS_3_681_CA_3_validation,2016-03-29,31,23
FOODS_3_681_CA_3_validation,2016-03-30,14,26
FOODS_3_681_CA_3_validation,2016-03-31,44,33
FOODS_3_681_CA_3_validation,2016-04-01,46,57
FOODS_3_681_CA_3_validation,2016-04-02,38,86
FOODS_3_681_CA_3_validation,2016-04-03,14,2
FOODS_3_681_CA_3_validation,2016-04-04,8,16
FOODS_3_681_CA_3_validation,2016-04-05,37,23
FOODS_3_681_CA_3_validation,2016-04-06,37,26
FOODS_3_681_CA_3_validation,2016-04-07,39,33
FOODS_3_681_CA_3_validation,2016-04-08,41,57
FOODS_3_681_CA_3_validation,2016-04-09,63,86
FOODS_3_681_CA_3_validation,2016-04-10,29,2
FOODS_3_681_CA_3_validation,2016-04-11,21,16
FOODS_3_681_CA_3_validation,2016-04-12,48,23
FOODS_3_681_CA_3_validation,2016-04-13,32,26
FOODS_3_681_CA_3_validation,2016-04-14,28,33
FOODS_3_681_CA_3_validation,2016-04-15,47,57
FOODS_3_681_CA_3_validation,2016-04-16,26,86
FOODS_3_681_CA_3_validation,2016-04-17,51,2
FOODS_3_681_CA_3_validation,2016-04-18,40,16
FOODS_3_681_CA_3_validation,2016-04-19,31,23
FOODS_3_681_CA_3_validation,2016-04-20,42,26
FOODS_3_681_CA_3_validation,2016-04-21,24,33
FOODS_3_681_CA_3_validation,2016-04-22,55,57
FOODS_3_681_CA_3_validation,2016-04-23,52,86
FOODS_3_681_CA_3_validation,2016-04-24,15,2
FOODS_3_681_WI_3_validation,2016-03-28,1,46
FOODS_3_681_WI_3_validation,2016-03-29,27,30
FOODS_3_681_WI_3_validation,2016-03-30,32,23
FOODS_3_681_WI_3_validation,2016-03-31,30,43
FOODS_3_681_WI_3_validation,2016-04-01,70,58
FOODS_3_681_WI_3_validation,2016-04-02,68,114
FOODS_3_681_WI_3_validation,2016-04-03,87,28
FOODS_3_681_WI_3_validation,2016-04-04,37,46
FOODS_3_681_WI_3_validation,2016-04-05,35,30
FOODS_3_681_WI_3_validation,2016-04-06,41,23
FOODS_3_681_WI_3_validation,2016-04-07,32,43
FOODS_3_681_WI_3_validation,2016-04-08,46,58
FOODS_3_681_WI_3_validation,2016-04-09,66,114
FOODS_3_681_WI_3_validation,2016-04-10,62,28
FOODS_3_681_WI_3_validation,2016-04-11,35,46
FOODS_3_681_WI_3_validation,2016-04-12,40,30
FOODS_3_681_WI_3_validation,2016-04-13,21,23
FOODS_3_681_WI_3_validation,2016-04-14,44,43
FOODS_3_681_WI_3_validation,2016-04-15,56,58
FOODS_3_681_WI_3_validation,2016-04-16,98,114
FOODS_3_681_WI_3_validation,2016-04-17,64,28
FOODS_3_681_WI_3_validation,2016-04-18,66,46
FOODS_3_681_WI_3_validation,2016-04-19,34,30
FOODS_3_681_WI_3_validation,2016-04-20,9,23
FOODS_3_681_WI_3_validation,2016-04-21,38,43
FOODS_3_681_WI_3_validation,2016-04-22,43,58
FOODS_3_681_WI_3_validation,2016-04-23,83,114
FOODS_3_681_WI_3_validation,2016-04-24,54,28
FOODS_3_694_CA_3_validation,2016-03-28,18,9
FOODS_3_694_CA_3_validation,2016-03-29,12,19
FOODS_3_694_CA_3_validation,2016-03-30,18,19
FOODS_3_694_CA_3_validation,2016-03-31,21,15
FOODS_3_694_CA_3_validation,2016-04-01,18,18
FOODS_3_694_CA_3_validation,2016-04-02,27,18
FOODS_3_694_CA_3_validation,2016-04-03,25,23
FOODS_3_694_CA_3_validation,2016-04-04,24,9
FOODS_3_694_CA_3_validation,2016-04-05,18,19
FOODS_3_694_CA_3_validation,2016-04-06,20,19
FOODS_3_694_CA_3_validation,2016-04-07,31,15
FOODS_3_694_CA_3_validation,2016-04-08,29,18
FOODS_3_694_CA_3_validation,2016-04-09,23,18
FOODS_3_694_CA_3_validation,2016-04-10,27,23
FOODS_3_694_CA_3_validation,2016-04-11,15,9
FOODS_3_694_CA_3_validation,2016-04-12,22,19
FOODS_3_694_CA_3_validation,2016-04-13,9,19
FOODS_3_694_CA_3_validation,2016-04-14,17,15
FOODS_3_694_CA_3_validation,2016-04-15,8,18
FOODS_3_694_CA_3_validation,2016-04-16,16,18
FOODS_3_694_CA_3_validation,2016-04-17,20,23
FOODS_3_694_CA_3_validation,2016-04-18,17,9
FOODS_3_694_CA_3_validation,2016-04-19,20,19
FOODS_3_694_CA_3_validation,2016-04-20,16,19
FOODS_3_694_CA_3_validation,2016-04-21,19,15
FOODS_3_694_CA_3_validation,2016-04-22,22,18
FOODS_3_694_CA_3_validation,2016-04-23,24,18
FOODS_3_694_CA_3_validation,2016-04-24,24,23
FOODS_3_694_TX_1_validation,2016-03-28,13,14
FOODS_3_694_TX_1_validation,2016-03-29,18,12
FOODS_3_694_TX_1_validation,2016-03-30,17,13
FOODS_3_694_TX_1_validation,2016-03-31,12,16
FOODS_3_694_TX_1_validation,2016-04-01,24,24
FOODS_3_694_TX_1_validation,2016-04-02,26,25
FOODS_3_694_TX_1_validation,2016-04-03,26,24
FOODS_3_694_TX_1_validation,2016-04-04,17,14
FOODS_3_694_TX_1_validation,2016-04-05,18,12
FOODS_3_694_TX_1_validation,2016-04-06,22,13
FOODS_3_694_TX_1_validation,2016-04-07,21,16
FOODS_3_694_TX_1_validation,2016-04-08,25,24
FOODS_3_694_TX_1_validation,2016-04-09,31,25
FOODS_3_694_TX_1_validation,2016-04-10,22,24
FOODS_3_694_TX_1_validation,2016-04-11,18,14
FOODS_3_694_TX_1_validation,2016-04-12,11,12
FOODS_3_694_TX_1_validation,2016-04-13,11,13
FOODS_3_694_TX_1_validation,2016-04-14,19,16
FOODS_3_694_TX_1_validation,2016-04-15,16,24
FOODS_3_694_TX_1_validation,2016-04-16,17,25
FOODS_3_694_TX_1_validation,2016-04-17,25,24
FOODS_3_694_TX_1_validation,2016-04-18,17,14
FOODS_3_694_TX_1_validation,2016-04-19,21,12
FOODS_3_694_TX_1_validation,2016-04-20,12,13
FOODS_3_694_TX_1_validation,2016-04-21,16,16
FOODS_3_694_TX_1_validation,2016-04-22,16,24
FOODS_3_694_TX_1_validation,2016-04-23,22,25
FOODS_3_694_TX_1_validation,2016-04-24,29,24
FOODS_3_694_WI_1_validation,2016-03-28,12,16
FOODS_3_694_WI_1_validation,2016-03-29,16,17
FOODS_3_694_WI_1_validation,2016-03-30,18,9
FOODS_3_694_WI_1_validation,2016-03-31,18,12
FOODS_3_694_WI_1_validation,2016-04-01,31,20
FOODS_3_694_WI_1_validation,2016-04-02,26,31
FOODS_3_694_WI_1_validation,2016-04-03,28,25
FOODS_3_694_WI_1_validation,2016-04-04,16,16
FOODS_3_694_WI_1_validation,2016-04-05,16,17
FOODS_3_694_WI_1_validation,2016-04-06,12,9
FOODS_3_694_WI_1_validation,2016-04-07,16,12
FOODS_3_694_WI_1_validation,2016-04-08,21,20
FOODS_3_694_WI_1_validation,2016-04-09,24,31
FOODS_3_694_WI_1_validation,2016-04-10,27,25
FOODS_3_694_WI_1_validation,2016-04-11,21,16
FOODS_3_694_WI_1_validation,2016-04-12,17,17
FOODS_3_694_WI_1_validation,2016-04-13,16,9
FOODS_3_694_WI_1_validation,2016-04-14,14,12
FOODS_3_694_WI_1_validation,2016-04-15,21,20
FOODS_3_694_WI_1_validation,2016-04-16,34,31
FOODS_3_694_WI_1_validation,2016-04-17,32,25
FOODS_3_694_WI_1_validation,2016-04-18,27,16
FOODS_3_694_WI_1_validation,2016-04-19,14,17
FOODS_3_694_WI_1_validation,2016-04-20,12,9
FOODS_3_694_WI_1_validation,2016-04-21,14,12
FOODS_3_694_WI_1_validation,2016-04-22,18,20
FOODS_3_694_WI_1_validation,2016-04-23,28,31
FOODS_3_694_WI_1_validation,2016-04-24,24,25
FOODS_3_694_WI_2_validation,2016-03-28,30,24
FOODS_3_694_WI_2_validation,2016-03-29,24,38
FOODS_3_694_WI_2_validation,2016-03-30,37,34
FOODS_3_694_WI_2_validation,2016-03-31,35,31
FOODS_3_694_WI_2_validation,2016-04-01,52,45
FOODS_3_694_WI_2_validation,2016-04-02,44,59
FOODS_3_694_WI_2_validation,2016-04-03,41,33
FOODS_3_694_WI_2_validation,2016-04-04,32,24
FOODS_3_694_WI_2_validation,2016-04-05,33,38
FOODS_3_694_WI_2_validation,2016-04-06,36,34
FOODS_3_694_WI_2_validation,2016-04-07,37,31
FOODS_3_694_WI_2_validation,2016-04-08,37,45
FOODS_3_694_WI_2_validation,2016-04-09,43,59
FOODS_3_694_WI_2_validation,2016-04-10,34,33
FOODS_3_694_WI_2_validation,2016-04-11,45,24
FOODS_3_694_WI_2_validation,2016-04-12,37,38
FOODS_3_694_WI_2_validation,2016-04-13,27,34
FOODS_3_694_WI_2_validation,2016-04-14,45,31
FOODS_3_694_WI_2_validation,2016-04-15,41,45
FOODS_3_694_WI_2_validation,2016-04-16,44,59
FOODS_3_694_WI_2_validation,2016-04-17,52,33
FOODS_3_694_WI_2_validation,2016-04-18,38,24
FOODS_3_694_WI_2_validation,2016-04-19,31,38
FOODS_3_694_WI_2_validation,2016-04-20,32,34
FOODS_3_694_WI_2_validation,2016-04-21,32,31
FOODS_3_694_WI_2_validation,2016-04-22,31,45
FOODS_3_694_WI_2_validation,2016-04-23,33,59
FOODS_3_694_WI_2_validation,2016-04-24,29,33
FOODS_3_694_WI_3_validation,2016-03-28,36,47
FOODS_3_694_WI_3_validation,2016-03-29,44,41
FOODS_3_694_WI_3_validation,2016-03-30,39,38
FOODS_3_694_WI_3_validation,2016-03-31,39,30
FOODS_3_694_WI_3_validation,2016-04-01,46,61
FOODS_3_694_WI_3_validation,2016-04-02,56,67
FOODS_3_694_WI_3_validation,2016-04-03,54,47
FOODS_3_694_WI_3_validation,2016-04-04,29,47
FOODS_3_694_WI_3_validation,2016-04-05,43,41
FOODS_3_694_WI_3_validation,2016-04-06,31,38
FOODS_3_694_WI_3_validation,2016-04-07,34,30
FOODS_3_694_WI_3_validation,2016-04-08,48,61
FOODS_3_694_WI_3_validation,2016-04-09,61,67
FOODS_3_694_WI_3_validation,2016-04-10,42,47
FOODS_3_694_WI_3_validation,2016-04-11,41,47
FOODS_3_694_WI_3_validation,2016-04-12,34,41
FOODS_3_694_WI_3_validation,2016-04-13,37,38
FOODS_3_694_WI_3_validation,2016-04-14,51,30
FOODS_3_694_WI_3_validation,2016-04-15,65,61
FOODS_3_694_WI_3_validation,2016-04-16,58,67
FOODS_3_694_WI_3_validation,2016-04-17,59,47
FOODS_3_694_WI_3_validation,2016-04-18,54,47
FOODS_3_694_WI_3_validation,2016-04-19,42,41
FOODS_3_694_WI_3_validation,2016-04-20,34,38
FOODS_3_694_WI_3_validation,2016-04-21,34,30
FOODS_3_694_WI_3_validation,2016-04-22,46,61
FOODS_3_694_WI_3_validation,2016-04-23,46,67
FOODS_3_694_WI_3_validation,2016-04-24,48,47
FOODS_3_711_CA_3_validation,2016-03-28,13,31
FOODS_3_711_CA_3_validation,2016-03-29,1,11
FOODS_3_711_CA_3_validation,2016-03-30,7,10
FOODS_3_711_CA_3_validation,2016-03-31,11,10
FOODS_3_711_CA_3_validation,2016-04-01,33,9
FOODS_3_711_CA_3_validation,2016-04-02,4,19
FOODS_3_711_CA_3_validation,2016-04-03,1,1
FOODS_3_711_CA_3_validation,2016-04-04,0,31
FOODS_3_711_CA_3_validation,2016-04-05,0,11
FOODS_3_711_CA_3_validation,2016-04-06,33,10
FOODS_3_711_CA_3_validation,2016-04-07,26,10
FOODS_3_711_CA_3_validation,2016-04-08,6,9
FOODS_3_711_CA_3_validation,2016-04-09,6,19
FOODS_3_711_CA_3_validation,2016-04-10,18,1
FOODS_3_711_CA_3_validation,2016-04-11,21,31
FOODS_3_711_CA_3_validation,2016-04-12,7,11
FOODS_3_711_CA_3_validation,2016-04-13,0,10
FOODS_3_711_CA_3_validation,2016-04-14,0,10
FOODS_3_711_CA_3_validation,2016-04-15,15,9
FOODS_3_711_CA_3_validation,2016-04-16,3,19
FOODS_3_711_CA_3_validation,2016-04-17,15,1
FOODS_3_711_CA_3_validation,2016-04-18,28,31
FOODS_3_711_CA_3_validation,2016-04-19,2,11
FOODS_3_711_CA_3_validation,2016-04-20,2,10
FOODS_3_711_CA_3_validation,2016-04-21,0,10
FOODS_3_711_CA_3_validation,2016-04-22,0,9
FOODS_3_711_CA_3_validation,2016-04-23,4,19
FOODS_3_711_CA_3_validation,2016-04-24,6,1
FOODS_3_711_WI_2_validation,2016-03-28,10,16
FOODS_3_711_WI_2_validation,2016-03-29,57,0
FOODS_3_711_WI_2_validation,2016-03-30,0,0
FOODS_3_711_WI_2_validation,2016-03-31,0,0
FOODS_3_711_WI_2_validation,2016-04-01,0,0
FOODS_3_711_WI_2_validation,2016-04-02,0,45
FOODS_3_711_WI_2_validation,2016-04-03,1,26
FOODS_3_711_WI_2_validation,2016-04-04,0,16
FOODS_3_711_WI_2_validation,2016-04-05,0,0
FOODS_3_711_WI_2_validation,2016-04-06,0,0
FOODS_3_711_WI_2_validation,2016-04-07,0,0
FOODS_3_711_WI_2_validation,2016-04-08,1,0
FOODS_3_711_WI_2_validation,2016-04-09,1,45
FOODS_3_711_WI_2_validation,2016-04-10,0,26
FOODS_3_711_WI_2_validation,2016-04-11,0,16
FOODS_3_711_WI_2_validation,2016-04-12,0,0
FOODS_3_711_WI_2_validation,2016-04-13,2,0
FOODS_3_711_WI_2_validation,2016-04-14,0,0
FOODS_3_711_WI_2_validation,2016-04-15,0,0
FOODS_3_711_WI_2_validation,2016-04-16,0,45
FOODS_3_711_WI_2_validation,2016-04-17,0,26
FOODS_3_711_WI_2_validation,2016-04-18,47,16
FOODS_3_711_WI_2_validation,2016-04-19,38,0
FOODS_3_711_WI_2_validation,2016-04-20,8,0
FOODS_3_711_WI_2_validation,2016-04-21,20,0
FOODS_3_711_WI_2_validation,2016-04-22,26,0
FOODS_3_711_WI_2_validation,2016-04-23,21,45
FOODS_3_711_WI_2_validation,2016-04-24,18,26
FOODS_3_714_CA_1_validation,2016-03-28,11,13
FOODS_3_714_CA_1_validation,2016-03-29,4,17
FOODS_3_714_CA_1_validation,2016-03-30,13,18
FOODS_3_714_CA_1_validation,2016-03-31,19,12
FOODS_3_714_CA_1_validation,2016-04-01,29,27
FOODS_3_714_CA_1_validation,2016-04-02,40,43
FOODS_3_714_CA_1_validation,2016-04-03,23,30
FOODS_3_714_CA_1_validation,2016-04-04,25,13
FOODS_3_714_CA_1_validation,2016-04-05,19,17
FOODS_3_714_CA_1_validation,2016-04-06,15,18
FOODS_3_714_CA_1_validation,2016-04-07,15,12
FOODS_3_714_CA_1_validation,2016-04-08,18,27
FOODS_3_714_CA_1_validation,2016-04-09,33,43
FOODS_3_714_CA_1_validation,2016-04-10,25,30
FOODS_3_714_CA_1_validation,2016-04-11,7,13
FOODS_3_714_CA_1_validation,2016-04-12,5,17
FOODS_3_714_CA_1_validation,2016-04-13,11,18
FOODS_3_714_CA_1_validation,2016-04-14,9,12
FOODS_3_714_CA_1_validation,2016-04-15,20,27
FOODS_3_714_CA_1_validation,2016-04-16,37,43
FOODS_3_714_CA_1_validation,2016-04-17,37,30
FOODS_3_714_CA_1_validation,2016-04-18,15,13
FOODS_3_714_CA_1_validation,2016-04-19,6,17
FOODS_3_714_CA_1_validation,2016-04-20,10,18
FOODS_3_714_CA_1_validation,2016-04-21,12,12
FOODS_3_714_CA_1_validation,2016-04-22,18,27
FOODS_3_714_CA_1_validation,2016-04-23,22,43
FOODS_3_714_CA_1_validation,2016-04-24,27,30
FOODS_3_714_CA_3_validation,2016-03-28,26,27
FOODS_3_714_CA_3_validation,2016-03-29,28,28
FOODS_3_714_CA_3_validation,2016-03-30,34,24
FOODS_3_714_CA_3_validation,2016-03-31,25,37
FOODS_3_714_CA_3_validation,2016-04-01,34,27
FOODS_3_714_CA_3_validation,2016-04-02,39,54
FOODS_3_714_CA_3_validation,2016-04-03,35,26
FOODS_3_714_CA_3_validation,2016-04-04,29,27
FOODS_3_714_CA_3_validation,2016-04-05,45,28
FOODS_3_714_CA_3_validation,2016-04-06,41,24
FOODS_3_714_CA_3_validation,2016-04-07,38,37
FOODS_3_714_CA_3_validation,2016-04-08,30,27
FOODS_3_714_CA_3_validation,2016-04-09,32,54
FOODS_3_714_CA_3_validation,2016-04-10,13,26
FOODS_3_714_CA_3_validation,2016-04-11,18,27
FOODS_3_714_CA_3_validation,2016-04-12,24,28
FOODS_3_714_CA_3_validation,2016-04-13,41,24
FOODS_3_714_CA_3_validation,2016-04-14,29,37
FOODS_3_714_CA_3_validation,2016-04-15,31,27
FOODS_3_714_CA_3_validation,2016-04-16,35,54
FOODS_3_714_CA_3_validation,2016-04-17,57,26
FOODS_3_714_CA_3_validation,2016-04-18,24,27
FOODS_3_714_CA_3_validation,2016-04-19,25,28
FOODS_3_714_CA_3_validation,2016-04-20,33,24
FOODS_3_714_CA_3_validation,2016-04-21,23,37
FOODS_3_714_CA_3_validation,2016-04-22,20,27
FOODS_3_714_CA_3_validation,2016-04-23,42,54
FOODS_3_714_CA_3_validation,2016-04-24,40,26
FOODS_3_714_TX_1_validation,2016-03-28,9,8
FOODS_3_714_TX_1_validation,2016-03-29,15,14
FOODS_3_714_TX_1_validation,2016-03-30,14,15
FOODS_3_714_TX_1_validation,2016-03-31,12,9
FOODS_3_714_TX_1_validation,2016-04-01,25,15
FOODS_3_714_TX_1_validation,2016-04-02,21,17
FOODS_3_714_TX_1_validation,2016-04-03,28,23
FOODS_3_714_TX_1_validation,2016-04-04,14,8
FOODS_3_714_TX_1_validation,2016-04-05,23,14
FOODS_3_714_TX_1_validation,2016-04-06,16,15
FOODS_3_714_TX_1_validation,2016-04-07,23,9
FOODS_3_714_TX_1_validation,2016-04-08,24,15
FOODS_3_714_TX_1_validation,2016-04-09,30,17
FOODS_3_714_TX_1_validation,2016-04-10,34,23
FOODS_3_714_TX_1_validation,2016-04-11,19,8
FOODS_3_714_TX_1_validation,2016-04-12,19,14
FOODS_3_714_TX_1_validation,2016-04-13,13,15
FOODS_3_714_TX_1_validation,2016-04-14,21,9
FOODS_3_714_TX_1_validation,2016-04-15,17,15
FOODS_3_714_TX_1_validation,2016-04-16,31,17
FOODS_3_714_TX_1_validation,2016-04-17,21,23
FOODS_3_714_TX_1_validation,2016-04-18,14,8
FOODS_3_714_TX_1_validation,2016-04-19,10,14
FOODS_3_714_TX_1_validation,2016-04-20,20,15
FOODS_3_714_TX_1_validation,2016-04-21,14,9
FOODS_3_714_TX_1_validation,2016-04-22,21,15
FOODS_3_714_TX_1_validation,2016-04-23,32,17
FOODS_3_714_TX_1_validation,2016-04-24,20,23
FOODS_3_714_TX_2_validation,2016-03-28,23,25
FOODS_3_714_TX_2_validation,2016-03-29,23,27
FOODS_3_714_TX_2_validation,2016-03-30,16,25
FOODS_3_714_TX_2_validation,2016-03-31,22,24
FOODS_3_714_TX_2_validation,2016-04-01,21,34
FOODS_3_714_TX_2_validation,2016-04-02,34,35
FOODS_3_714_TX_2_validation,2016-04-03,42,31
FOODS_3_714_TX_2_validation,2016-04-04,18,25
FOODS_3_714_TX_2_validation,2016-04-05,18,27
FOODS_3_714_TX_2_validation,2016-04-06,15,25
FOODS_3_714_TX_2_validation,2016-04-07,23,24
FOODS_3_714_TX_2_validation,2016-04-08,28,34
FOODS_3_714_TX_2_validation,2016-04-09,26,35
FOODS_3_714_TX_2_validation,2016-04-10,22,31
FOODS_3_714_TX_2_validation,2016-04-11,25,25
FOODS_3_714_TX_2_validation,2016-04-12,13,27
FOODS_3_714_TX_2_validation,2016-04-13,13,25
FOODS_3_714_TX_2_validation,2016-04-14,18,24
FOODS_3_714_TX_2_validation,2016-04-15,29,34
FOODS_3_714_TX_2_validation,2016-04-16,17,35
FOODS_3_714_TX_2_validation,2016-04-17,30,31
FOODS_3_714_TX_2_validation,2016-04-18,13,25
FOODS_3_714_TX_2_validation,2016-04-19,21,27
FOODS_3_714_TX_2_validation,2016-04-20,12,25
FOODS_3_714_TX_2_validation,2016-04-21,32,24
FOODS_3_714_TX_2_validation,2016-04-22,39,34
FOODS_3_714_TX_2_validation,2016-04-23,20,35
FOODS_3_714_TX_2_validation,2016-04-24,15,31
FOODS_3_714_TX_3_validation,2016-03-28,8,18
FOODS_3_714_TX_3_validation,2016-03-29,21,16
FOODS_3_714_TX_3_validation,2016-03-30,24,20
FOODS_3_714_TX_3_validation,2016-03-31,28,12
FOODS_3_714_TX_3_validation,2016-04-01,22,42
FOODS_3_714_TX_3_validation,2016-04-02,27,29
FOODS_3_714_TX_3_validation,2016-04-03,29,6
FOODS_3_714_TX_3_validation,2016-04-04,42,18
FOODS_3_714_TX_3_validation,2016-04-05,33,16
FOODS_3_714_TX_3_validation,2016-04-06,29,20
FOODS_3_714_TX_3_validation,2016-04-07,24,12
FOODS_3_714_TX_3_validation,2016-04-08,23,42
FOODS_3_714_TX_3_validation,2016-04-09,28,29
FOODS_3_714_TX_3_validation,2016-04-10,24,6
FOODS_3_714_TX_3_validation,2016-04-11,11,18
FOODS_3_714_TX_3_validation,2016-04-12,17,16
FOODS_3_714_TX_3_validation,2016-04-13,23,20
FOODS_3_714_TX_3_validation,2016-04-14,17,12
FOODS_3_714_TX_3_validation,2016-04-15,29,42
FOODS_3_714_TX_3_validation,2016-04-16,26,29
FOODS_3_714_TX_3_validation,2016-04-17,27,6
FOODS_3_714_TX_3_validation,2016-04-18,13,18
FOODS_3_714_TX_3_validation,2016-04-19,19,16
FOODS_3_714_TX_3_validation,2016-04-20,8,20
FOODS_3_714_TX_3_validation,2016-04-21,15,12
FOODS_3_714_TX_3_validation,2016-04-22,17,42
FOODS_3_714_TX_3_validation,2016-04-23,30,29
FOODS_3_714_TX_3_validation,2016-04-24,19,6
FOODS_3_714_WI_3_validation,2016-03-28,11,4
FOODS_3_714_WI_3_validation,2016-03-29,33,20
FOODS_3_714_WI_3_validation,2016-03-30,13,16
FOODS_3_714_WI_3_validation,2016-03-31,4,28
FOODS_3_714_WI_3_validation,2016-04-01,32,28
FOODS_3_714_WI_3_validation,2016-04-02,21,27
FOODS_3_714_WI_3_validation,2016-04-03,13,30
FOODS_3_714_WI_3_validation,2016-04-04,11,4
FOODS_3_714_WI_3_validation,2016-04-05,21,20
FOODS_3_714_WI_3_validation,2016-04-06,8,16
FOODS_3_714_WI_3_validation,2016-04-07,9,28
FOODS_3_714_WI_3_validation,2016-04-08,24,28
FOODS_3_714_WI_3_validation,2016-04-09,22,27
FOODS_3_714_WI_3_validation,2016-04-10,16,30
FOODS_3_714_WI_3_validation,2016-04-11,19,4
FOODS_3_714_WI_3_validation,2016-04-12,16,20
FOODS_3_714_WI_3_validation,2016-04-13,13,16
FOODS_3_714_WI_3_validation,2016-04-14,30,28
FOODS_3_714_WI_3_validation,2016-04-15,31,28
FOODS_3_714_WI_3_validation,2016-04-16,40,27
FOODS_3_714_WI_3_validation,2016-04-17,10,30
FOODS_3_714_WI_3_validation,2016-04-18,20,4
FOODS_3_714_WI_3_validation,2016-04-19,18,20
FOODS_3_714_WI_3_validation,2016-04-20,16,16
FOODS_3_714_WI_3_validation,2016-04-21,25,28
FOODS_3_714_WI_3_validation,2016-04-22,26,28
FOODS_3_714_WI_3_validation,2016-04-23,36,27
FOODS_3_714_WI_3_validation,2016-04-24,20,30
FOODS_3_723_CA_3_validation,2016-03-28,14,16
FOODS_3_723_CA_3_validation,2016-03-29,19,15
FOODS_3_723_CA_3_validation,2016-03-30,14,12
FOODS_3_723_CA_3_validation,2016-03-31,56,21
FOODS_3_723_CA_3_validation,2016-04-01,31,41
FOODS_3_723_CA_3_validation,2016-04-02,35,59
FOODS_3_723_CA_3_validation,2016-04-03,19,32
FOODS_3_723_CA_3_validation,2016-04-04,30,16
FOODS_3_723_CA_3_validation,2016-04-05,22,15
FOODS_3_723_CA_3_validation,2016-04-06,12,12
FOODS_3_723_CA_3_validation,2016-04-07,30,21
FOODS_3_723_CA_3_validation,2016-04-08,26,41
FOODS_3_723_CA_3_validation,2016-04-09,34,59
FOODS_3_723_CA_3_validation,2016-04-10,28,32
FOODS_3_723_CA_3_validation,2016-04-11,17,16
FOODS_3_723_CA_3_validation,2016-04-12,18,15
FOODS_3_723_CA_3_validation,2016-04-13,22,12
FOODS_3_723_CA_3_validation,2016-04-14,18,21
FOODS_3_723_CA_3_validation,2016-04-15,28,41
FOODS_3_723_CA_3_validation,2016-04-16,32,59
FOODS_3_723_CA_3_validation,2016-04-17,42,32
FOODS_3_723_CA_3_validation,2016-04-18,21,16
FOODS_3_723_CA_3_validation,2016-04-19,18,15
FOODS_3_723_CA_3_validation,2016-04-20,26,12
FOODS_3_723_CA_3_validation,2016-04-21,12,21
FOODS_3_723_CA_3_validation,2016-04-22,31,41
FOODS_3_723_CA_3_validation,2016-04-23,48,59
FOODS_3_723_CA_3_validation,2016-04-24,23,32
FOODS_3_723_WI_3_validation,2016-03-28,30,16
FOODS_3_723_WI_3_validation,2016-03-29,23,21
FOODS_3_723_WI_3_validation,2016-03-30,17,10
FOODS_3_723_WI_3_validation,2016-03-31,18,14
FOODS_3_723_WI_3_validation,2016-04-01,39,29
FOODS_3_723_WI_3_validation,2016-04-02,40,55
FOODS_3_723_WI_3_validation,2016-04-03,30,67
FOODS_3_723_WI_3_validation,2016-04-04,24,16
FOODS_3_723_WI_3_validation,2016-04-05,20,21
FOODS_3_723_WI_3_validation,2016-04-06,21,10
FOODS_3_723_WI_3_validation,2016-04-07,20,14
FOODS_3_723_WI_3_validation,2016-04-08,26,29
FOODS_3_723_WI_3_validation,2016-04-09,43,55
FOODS_3_723_WI_3_validation,2016-04-10,34,67
FOODS_3_723_WI_3_validation,2016-04-11,23,16
FOODS_3_723_WI_3_validation,2016-04-12,25,21
FOODS_3_723_WI_3_validation,2016-04-13,19,10
FOODS_3_723_WI_3_validation,2016-04-14,32,14
FOODS_3_723_WI_3_validation,2016-04-15,30,29
FOODS_3_723_WI_3_validation,2016-04-16,37,55
FOODS_3_723_WI_3_validation,2016-04-17,38,67
FOODS_3_723_WI_3_validation,2016-04-18,21,16
FOODS_3_723_WI_3_validation,2016-04-19,15,21
FOODS_3_723_WI_3_validation,2016-04-20,24,10
FOODS_3_723_WI_3_validation,2016-04-21,16,14
FOODS_3_723_WI_3_validation,2016-04-22,27,29
FOODS_3_723_WI_3_validation,2016-04-23,42,55
FOODS_3_723_WI_3_validation,2016-04-24,41,67
FOODS_3_752_CA_3_validation,2016-03-28,15,10
FOODS_3_752_CA_3_validation,2016-03-29,9,9
FOODS_3_752_CA_3_validation,2016-03-30,12,14
FOODS_3_752_CA_3_validation,2016-03-31,6,5
FOODS_3_752_CA_3_validation,2016-04-01,7,24
FOODS_3_752_CA_3_validation,2016-04-02,13,19
FOODS_3_752_CA_3_validation,2016-04-03,14,8
FOODS_3_752_CA_3_validation,2016-04-04,15,10
FOODS_3_752_CA_3_validation,2016-04-05,4,9
FOODS_3_752_CA_3_validation,2016-04-06,23,14
FOODS_3_752_CA_3_validation,2016-04-07,10,5
FOODS_3_752_CA_3_validation,2016-04-08,51,24
FOODS_3_752_CA_3_validation,2016-04-09,7,19
FOODS_3_752_CA_3_validation,2016-04-10,29,8
FOODS_3_752_CA_3_validation,2016-04-11,9,10
FOODS_3_752_CA_3_validation,2016-04-12,37,9
FOODS_3_752_CA_3_validation,2016-04-13,1,14
FOODS_3_752_CA_3_validation,2016-04-14,1,5
FOODS_3_752_CA_3_validation,2016-04-15,21,24
FOODS_3_752_CA_3_validation,2016-04-16,13,19
FOODS_3_752_CA_3_validation,2016-04-17,26,8
FOODS_3_752_CA_3_validation,2016-04-18,61,10
FOODS_3_752_CA_3_validation,2016-04-19,6,9
FOODS_3_752_CA_3_validation,2016-04-20,19,14
FOODS_3_752_CA_3_validation,2016-04-21,10,5
FOODS_3_752_CA_3_validation,2016-04-22,2,24
FOODS_3_752_CA_3_validation,2016-04-23,1,19
FOODS_3_752_CA_3_validation,2016-04-24,3,8
FOODS_3_804_CA_3_validation,2016-03-28,18,22
FOODS_3_804_CA_3_validation,2016-03-29,0,7
FOODS_3_804_CA_3_validation,2016-03-30,13,13
FOODS_3_804_CA_3_validation,2016-03-31,10,9
FOODS_3_804_CA_3_validation,2016-04-01,14,0
FOODS_3_804_CA_3_validation,2016-04-02,28,20
FOODS_3_804_CA_3_validation,2016-04-03,15,20
FOODS_3_804_CA_3_validation,2016-04-04,17,22
FOODS_3_804_CA_3_validation,2016-04-05,14,7
FOODS_3_804_CA_3_validation,2016-04-06,0,13
FOODS_3_804_CA_3_validation,2016-04-07,0,9
FOODS_3_804_CA_3_validation,2016-04-08,0,0
FOODS_3_804_CA_3_validation,2016-04-09,0,20
FOODS_3_804_CA_3_validation,2016-04-10,0,20
FOODS_3_804_CA_3_validation,2016-04-11,0,22
FOODS_3_804_CA_3_validation,2016-04-12,0,7
FOODS_3_804_CA_3_validation,2016-04-13,0,13
FOODS_3_804_CA_3_validation,2016-04-14,0,9
FOODS_3_804_CA_3_validation,2016-04-15,16,0
FOODS_3_804_CA_3_validation,2016-04-16,22,20
FOODS_3_804_CA_3_validation,2016-04-17,1,20
FOODS_3_804_CA_3_validation,2016-04-18,24,22
FOODS_3_804_CA_3_validation,2016-04-19,16,7
FOODS_3_804_CA_3_validation,2016-04-20,17,13
FOODS_3_804_CA_3_validation,2016-04-21,17,9
FOODS_3_804_CA_3_validation,2016-04-22,45,0
FOODS_3_804_CA_3_validation,2016-04-23,0,20
FOODS_3_804_CA_3_validation,2016-04-24,18,20
FOODS_3_808_CA_1_validation,2016-03-28,16,0
FOODS_3_808_CA_1_validation,2016-03-29,1,0
FOODS_3_808_CA_1_validation,2016-03-30,3,0
FOODS_3_808_CA_1_validation,2016-03-31,13,0
FOODS_3_808_CA_1_validation,2016-04-01,6,0
FOODS_3_808_CA_1_validation,2016-04-02,0,12
FOODS_3_808_CA_1_validation,2016-04-03,0,3
FOODS_3_808_CA_1_validation,2016-04-04,0,0
FOODS_3_808_CA_1_validation,2016-04-05,0,0
FOODS_3_808_CA_1_validation,2016-04-06,0,0
FOODS_3_808_CA_1_validation,2016-04-07,0,0
FOODS_3_808_CA_1_validation,2016-04-08,0,0
FOODS_3_808_CA_1_validation,2016-04-09,0,12
FOODS_3_808_CA_1_validation,2016-04-10,0,3
FOODS_3_808_CA_1_validation,2016-04-11,0,0
FOODS_3_808_CA_1_validation,2016-04-12,0,0
FOODS_3_808_CA_1_validation,2016-04-13,0,0
FOODS_3_808_CA_1_validation,2016-04-14,0,0
FOODS_3_808_CA_1_validation,2016-04-15,0,0
FOODS_3_808_CA_1_validation,2016-04-16,0,12
FOODS_3_808_CA_1_validation,2016-04-17,0,3
FOODS_3_808_CA_1_validation,2016-04-18,0,0
FOODS_3_808_CA_1_validation,2016-04-19,0,0
FOODS_3_808_CA_1_validation,2016-04-20,0,0
FOODS_3_808_CA_1_validation,2016-04-21,0,0
FOODS_3_808_CA_1_validation,2016-04-22,0,0
FOODS_3_808_CA_1_validation,2016-04-23,0,12
FOODS_3_808_CA_1_validation,2016-04-24,0,3
FOODS_3_808_CA_3_validation,2016-03-28,37,50
FOODS_3_808_CA_3_validation,2016-03-29,27,57
FOODS_3_808_CA_3_validation,2016-03-30,41,21
FOODS_3_808_CA_3_validation,2016-03-31,1,25
FOODS_3_808_CA_3_validation,2016-04-01,0,20
FOODS_3_808_CA_3_validation,2016-04-02,0,22
FOODS_3_808_CA_3_validation,2016-04-03,0,32
FOODS_3_808_CA_3_validation,2016-04-04,0,50
FOODS_3_808_CA_3_validation,2016-04-05,0,57
FOODS_3_808_CA_3_validation,2016-04-06,4,21
FOODS_3_808_CA_3_validation,2016-04-07,0,25
FOODS_3_808_CA_3_validation,2016-04-08,0,20
FOODS_3_808_CA_3_validation,2016-04-09,0,22
FOODS_3_808_CA_3_validation,2016-04-10,0,32
FOODS_3_808_CA_3_validation,2016-04-11,0,50
FOODS_3_808_CA_3_validation,2016-04-12,0,57
FOODS_3_808_CA_3_validation,2016-04-13,0,21
FOODS_3_808_CA_3_validation,2016-04-14,0,25
FOODS_3_808_CA_3_validation,2016-04-15,0,20
FOODS_3_808_CA_3_validation,2016-04-16,2,22
FOODS_3_808_CA_3_validation,2016-04-17,0,32
FOODS_3_808_CA_3_validation,2016-04-18,0,50
FOODS_3_808_CA_3_validation,2016-04-19,0,57
FOODS_3_808_CA_3_validation,2016-04-20,0,21
FOODS_3_808_CA_3_validation,2016-04-21,0,25
FOODS_3_808_CA_3_validation,2016-04-22,0,20
FOODS_3_808_CA_3_validation,2016-04-23,0,22
FOODS_3_808_CA_3_validation,2016-04-24,0,32
HOUSEHOLD_1_118_CA_3_validation,2016-03-28,16,1
HOUSEHOLD_1_118_CA_3_validation,2016-03-29,14,17
HOUSEHOLD_1_118_CA_3_validation,2016-03-30,39,17
HOUSEHOLD_1_118_CA_3_validation,2016-03-31,17,7
HOUSEHOLD_1_118_CA_3_validation,2016-04-01,19,16
HOUSEHOLD_1_118_CA_3_validation,2016-04-02,27,31
HOUSEHOLD_1_118_CA_3_validation,2016-04-03,30,20
HOUSEHOLD_1_118_CA_3_validation,2016-04-04,35,1
HOUSEHOLD_1_118_CA_3_validation,2016-04-05,25,17
HOUSEHOLD_1_118_CA_3_validation,2016-04-06,21,17
HOUSEHOLD_1_118_CA_3_validation,2016-04-07,41,7
HOUSEHOLD_1_118_CA_3_validation,2016-04-08,8,16
HOUSEHOLD_1_118_CA_3_validation,2016-04-09,24,31
HOUSEHOLD_1_118_CA_3_validation,2016-04-10,24,20
HOUSEHOLD_1_118_CA_3_validation,2016-04-11,16,1
HOUSEHOLD_1_118_CA_3_validation,2016-04-12,20,17
HOUSEHOLD_1_118_CA_3_validation,2016-04-13,9,17
HOUSEHOLD_1_118_CA_3_validation,2016-04-14,11,7
HOUSEHOLD_1_118_CA_3_validation,2016-04-15,21,16
HOUSEHOLD_1_118_CA_3_validation,2016-04-16,20,31
HOUSEHOLD_1_118_CA_3_validation,2016-04-17,38,20
HOUSEHOLD_1_118_CA_3_validation,2016-04-18,13,1
HOUSEHOLD_1_118_CA_3_validation,2016-04-19,22,17
HOUSEHOLD_1_118_CA_3_validation,2016-04-20,19,17
HOUSEHOLD_1_118_CA_3_validation,2016-04-21,52,7
HOUSEHOLD_1_118_CA_3_validation,2016-04-22,14,16
HOUSEHOLD_1_118_CA_3_validation,2016-04-23,25,31
HOUSEHOLD_1_118_CA_3_validation,2016-04-24,31,20
HOUSEHOLD_1_334_CA_3_validation,2016-03-28,7,24
HOUSEHOLD_1_334_CA_3_validation,2016-03-29,23,16
HOUSEHOLD_1_334_CA_3_validation,2016-03-30,4,16
HOUSEHOLD_1_334_CA_3_validation,2016-03-31,43,20
HOUSEHOLD_1_334_CA_3_validation,2016-04-01,24,11
HOUSEHOLD_1_334_CA_3_validation,2016-04-02,31,32
HOUSEHOLD_1_334_CA_3_validation,2016-04-03,28,22
HOUSEHOLD_1_334_CA_3_validation,2016-04-04,15,24
HOUSEHOLD_1_334_CA_3_validation,2016-04-05,21,16
HOUSEHOLD_1_334_CA_3_validation,2016-04-06,19,16
HOUSEHOLD_1_334_CA_3_validation,2016-04-07,12,20
HOUSEHOLD_1_334_CA_3_validation,2016-04-08,18,11
HOUSEHOLD_1_334_CA_3_validation,2016-04-09,17,32
HOUSEHOLD_1_334_CA_3_validation,2016-04-10,42,22
HOUSEHOLD_1_334_CA_3_validation,2016-04-11,22,24
HOUSEHOLD_1_334_CA_3_validation,2016-04-12,25,16
HOUSEHOLD_1_334_CA_3_validation,2016-04-13,27,16
HOUSEHOLD_1_334_CA_3_validation,2016-04-14,25,20
HOUSEHOLD_1_334_CA_3_validation,2016-04-15,14,11
HOUSEHOLD_1_334_CA_3_validation,2016-04-16,37,32
HOUSEHOLD_1_334_CA_3_validation,2016-04-17,29,22
HOUSEHOLD_1_334_CA_3_validation,2016-04-18,19,24
HOUSEHOLD_1_334_CA_3_validation,2016-04-19,27,16
HOUSEHOLD_1_334_CA_3_validation,2016-04-20,19,16
HOUSEHOLD_1_334_CA_3_validation,2016-04-21,20,20
HOUSEHOLD_1_334_CA_3_validation,2016-04-22,21,11
HOUSEHOLD_1_334_CA_3_validation,2016-04-23,27,32
HOUSEHOLD_1_334_CA_3_validation,2016-04-24,29,22
HOUSEHOLD_1_459_CA_3_validation,2016-03-28,32,22
HOUSEHOLD_1_459_CA_3_validation,2016-03-29,13,26
HOUSEHOLD_1_459_CA_3_validation,2016-03-30,16,19
HOUSEHOLD_1_459_CA_3_validation,2016-03-31,30,26
HOUSEHOLD_1_459_CA_3_validation,2016-04-01,23,12
HOUSEHOLD_1_459_CA_3_validation,2016-04-02,32,29
HOUSEHOLD_1_459_CA_3_validation,2016-04-03,34,24
HOUSEHOLD_1_459_CA_3_validation,2016-04-04,21,22
HOUSEHOLD_1_459_CA_3_validation,2016-04-05,23,26
HOUSEHOLD_1_459_CA_3_validation,2016-04-06,18,19
HOUSEHOLD_1_459_CA_3_validation,2016-04-07,36,26
HOUSEHOLD_1_459_CA_3_validation,2016-04-08,40,12
HOUSEHOLD_1_459_CA_3_validation,2016-04-09,34,29
HOUSEHOLD_1_459_CA_3_validation,2016-04-10,30,24
HOUSEHOLD_1_459_CA_3_validation,2016-04-11,16,22
HOUSEHOLD_1_459_CA_3_validation,2016-04-12,21,26
HOUSEHOLD_1_459_CA_3_validation,2016-04-13,9,19
HOUSEHOLD_1_459_CA_3_validation,2016-04-14,34,26
HOUSEHOLD_1_459_CA_3_validation,2016-04-15,35,12
HOUSEHOLD_1_459_CA_3_validation,2016-04-16,29,29
HOUSEHOLD_1_459_CA_3_validation,2016-04-17,42,24
HOUSEHOLD_1_459_CA_3_validation,2016-04-18,37,22
HOUSEHOLD_1_459_CA_3_validation,2016-04-19,27,26
HOUSEHOLD_1_459_CA_3_validation,2016-04-20,21,19
HOUSEHOLD_1_459_CA_3_validation,2016-04-21,7,26
HOUSEHOLD_1_459_CA_3_validation,2016-04-22,33,12
HOUSEHOLD_1_459_CA_3_validation,2016-04-23,32,29
HOUSEHOLD_1_459_CA_3_validation,2016-04-24,35,24
