id,date,sales,forecast
FOODS_1_218_TX_2_validation,2016-03-28,4,12.776962916867921
FOODS_1_218_TX_2_validation,2016-03-29,6,12.804472464728747
FOODS_1_218_TX_2_validation,2016-03-30,15,12.77748333511933
FOODS_1_218_TX_2_validation,2016-03-31,20,12.848309489647924
FOODS_1_218_TX_2_validation,2016-04-01,31,15.965907801499501
FOODS_1_218_TX_2_validation,2016-04-02,19,16.773742148306205
FOODS_1_218_TX_2_validation,2016-04-03,16,16.328586753604558
FOODS_1_218_TX_2_validation,2016-04-04,10,12.56832638249286
FOODS_1_218_TX_2_validation,2016-04-05,4,12.603942892960964
FOODS_1_218_TX_2_validation,2016-04-06,9,12.464344636075657
FOODS_1_218_TX_2_validation,2016-04-07,8,12.033137898150022
FOODS_1_218_TX_2_validation,2016-04-08,16,16.12723342238426
FOODS_1_218_TX_2_validation,2016-04-09,22,15.606016531798447
FOODS_1_218_TX_2_validation,2016-04-10,14,14.723440500460155
FOODS_1_218_TX_2_validation,2016-04-11,11,12.165411719354344
FOODS_1_218_TX_2_validation,2016-04-12,10,12.326052713923714
FOODS_1_218_TX_2_validation,2016-04-13,8,12.009141618051853
FOODS_1_218_TX_2_validation,2016-04-14,3,11.342143774506903
FOODS_1_218_TX_2_validation,2016-04-15,18,14.852359982909876
FOODS_1_218_TX_2_validation,2016-04-16,19,15.175443981737057
FOODS_1_218_TX_2_validation,2016-04-17,17,13.969342052918556
FOODS_1_218_TX_2_validation,2016-04-18,13,11.261224680468079
FOODS_1_218_TX_2_validation,2016-04-19,13,11.50285698890309
FOODS_1_218_TX_2_validation,2016-04-20,11,12.650871700298355
FOODS_1_218_TX_2_validation,2016-04-21,16,11.566497641575479
FOODS_1_218_TX_2_validation,2016-04-22,9,15.938474731525446
FOODS_1_218_TX_2_validation,2016-04-23,17,15.556480802276035
FOODS_1_218_TX_2_validation,2016-04-24,14,14.350378873457531
FOODS_2_197_CA_1_validation,2016-03-28,26,13.950309991901682
FOODS_2_197_CA_1_validation,2016-03-29,12,11.996346509911943
FOODS_2_197_CA_1_validation,2016-03-30,12,13.207725582994692
FOODS_2_197_CA_1_validation,2016-03-31,9,11.828021272437498
FOODS_2_197_CA_1_validation,2016-04-01,9,15.659681800049503
FOODS_2_197_CA_1_validation,2016-04-02,23,22.088152981187868
FOODS_2_197_CA_1_validation,2016-04-03,25,25.15625072270908
FOODS_2_197_CA_1_validation,2016-04-04,28,18.405726268444358
FOODS_2_197_CA_1_validation,2016-04-05,12,15.697593148910164
FOODS_2_197_CA_1_validation,2016-04-06,23,15.771883127161615
FOODS_2_197_CA_1_validation,2016-04-07,12,15.723927656146179
FOODS_2_197_CA_1_validation,2016-04-08,35,15.8318624845919
FOODS_2_197_CA_1_validation,2016-04-09,37,20.994139586645126
FOODS_2_197_CA_1_validation,2016-04-10,23,22.375949486154905
FOODS_2_197_CA_1_validation,2016-04-11,20,14.105980278235338
FOODS_2_197_CA_1_validation,2016-04-12,40,11.78042850650076
FOODS_2_197_CA_1_validation,2016-04-13,7,11.968535558480724
FOODS_2_197_CA_1_validation,2016-04-14,9,11.489206367605753
FOODS_2_197_CA_1_validation,2016-04-15,9,12.087921627690159
FOODS_2_197_CA_1_validation,2016-04-16,22,16.42389597617323
FOODS_2_197_CA_1_validation,2016-04-17,24,19.21604033563278
FOODS_2_197_CA_1_validation,2016-04-18,21,13.802673329429787
FOODS_2_197_CA_1_validation,2016-04-19,22,11.477121557695206
FOODS_2_197_CA_1_validation,2016-04-20,25,11.683053348334168
FOODS_2_197_CA_1_validation,2016-04-21,11,11.215876334916146
FOODS_2_197_CA_1_validation,2016-04-22,11,11.814591595000552
FOODS_2_197_CA_1_validation,2016-04-23,19,16.274755014859338
FOODS_2_197_CA_1_validation,2016-04-24,33,17.0345880308734
FOODS_2_197_CA_3_validation,2016-03-28,9,14.07436632729528
FOODS_2_197_CA_3_validation,2016-03-29,7,12.119061333772704
FOODS_2_197_CA_3_validation,2016-03-30,7,12.004474989339672
FOODS_2_197_CA_3_validation,2016-03-31,10,11.973887374595364
FOODS_2_197_CA_3_validation,2016-04-01,14,14.843607291300193
FOODS_2_197_CA_3_validation,2016-04-02,14,17.409046709717707
FOODS_2_197_CA_3_validation,2016-04-03,18,18.846008559164503
FOODS_2_197_CA_3_validation,2016-04-04,10,17.238262980869635
FOODS_2_197_CA_3_validation,2016-04-05,13,15.340080054084746
FOODS_2_197_CA_3_validation,2016-04-06,9,15.249000408156116
FOODS_2_197_CA_3_validation,2016-04-07,13,14.980494649087943
FOODS_2_197_CA_3_validation,2016-04-08,7,14.83627058756174
FOODS_2_197_CA_3_validation,2016-04-09,14,18.6799382325701
FOODS_2_197_CA_3_validation,2016-04-10,18,18.84192117566976
FOODS_2_197_CA_3_validation,2016-04-11,12,13.250969406055464
FOODS_2_197_CA_3_validation,2016-04-12,8,11.413914578877478
FOODS_2_197_CA_3_validation,2016-04-13,11,11.65417220286431
FOODS_2_197_CA_3_validation,2016-04-14,7,11.27607732343859
FOODS_2_197_CA_3_validation,2016-04-15,6,11.563200191004384
FOODS_2_197_CA_3_validation,2016-04-16,17,13.82146925223567
FOODS_2_197_CA_3_validation,2016-04-17,14,15.289802737007783
FOODS_2_197_CA_3_validation,2016-04-18,8,13.356010023191025
FOODS_2_197_CA_3_validation,2016-04-19,3,11.42125128261593
FOODS_2_197_CA_3_validation,2016-04-20,3,11.495082058539776
FOODS_2_197_CA_3_validation,2016-04-21,8,11.366444533097246
FOODS_2_197_CA_3_validation,2016-04-22,5,11.65356740066304
FOODS_2_197_CA_3_validation,2016-04-23,19,13.814132548497216
FOODS_2_197_CA_3_validation,2016-04-24,9,15.611194782611612
FOODS_2_276_CA_3_validation,2016-03-28,8,6.7663098698131
FOODS_2_276_CA_3_validation,2016-03-29,11,6.035558359741949
FOODS_2_276_CA_3_validation,2016-03-30,9,5.920972015308918
FOODS_2_276_CA_3_validation,2016-03-31,10,5.89038440056461
FOODS_2_276_CA_3_validation,2016-04-01,7,5.803081065727084
FOODS_2_276_CA_3_validation,2016-04-02,8,11.501336294045258
FOODS_2_276_CA_3_validation,2016-04-03,14,12.73579063307771
FOODS_2_276_CA_3_validation,2016-04-04,12,11.67585734090324
FOODS_2_276_CA_3_validation,2016-04-05,16,10.317748671435927
FOODS_2_276_CA_3_validation,2016-04-06,8,10.805801606598326
FOODS_2_276_CA_3_validation,2016-04-07,5,10.158848977977202
FOODS_2_276_CA_3_validation,2016-04-08,6,9.443391961193159
FOODS_2_276_CA_3_validation,2016-04-09,15,11.144714009427187
FOODS_2_276_CA_3_validation,2016-04-10,15,12.37916834845964
FOODS_2_276_CA_3_validation,2016-04-11,10,9.415267419572352
FOODS_2_276_CA_3_validation,2016-04-12,12,8.536761886417752
FOODS_2_276_CA_3_validation,2016-04-13,4,8.476776883432334
FOODS_2_276_CA_3_validation,2016-04-14,7,8.391587927240412
FOODS_2_276_CA_3_validation,2016-04-15,8,7.747931041769534
FOODS_2_276_CA_3_validation,2016-04-16,8,9.15022122543418
FOODS_2_276_CA_3_validation,2016-04-17,6,10.41513348996166
FOODS_2_276_CA_3_validation,2016-04-18,7,9.415267419572352
FOODS_2_276_CA_3_validation,2016-04-19,9,8.536761886417752
FOODS_2_276_CA_3_validation,2016-04-20,7,8.478528035317526
FOODS_2_276_CA_3_validation,2016-04-21,9,8.391587927240412
FOODS_2_276_CA_3_validation,2016-04-22,5,8.039085813118136
FOODS_2_276_CA_3_validation,2016-04-23,7,9.15022122543418
FOODS_2_276_CA_3_validation,2016-04-24,3,10.267379466878214
FOODS_2_360_CA_3_validation,2016-03-28,18,9.156404751724411
FOODS_2_360_CA_3_validation,2016-03-29,15,7.456769869745092
FOODS_2_360_CA_3_validation,2016-03-30,11,7.456769869745092
FOODS_2_360_CA_3_validation,2016-03-31,14,8.564101788364496
FOODS_2_360_CA_3_validation,2016-04-01,14,17.290171709273167
FOODS_2_360_CA_3_validation,2016-04-02,27,17.441674764512516
FOODS_2_360_CA_3_validation,2016-04-03,7,18.139715159083323
FOODS_2_360_CA_3_validation,2016-04-04,19,17.831418818577323
FOODS_2_360_CA_3_validation,2016-04-05,14,17.969829288000312
FOODS_2_360_CA_3_validation,2016-04-06,42,16.851856155542578
FOODS_2_360_CA_3_validation,2016-04-07,17,19.26058133370438
FOODS_2_360_CA_3_validation,2016-04-08,6,16.69095975233986
FOODS_2_360_CA_3_validation,2016-04-09,25,18.71509436330167
FOODS_2_360_CA_3_validation,2016-04-10,26,20.43148143412731
FOODS_2_360_CA_3_validation,2016-04-11,32,13.082803906799642
FOODS_2_360_CA_3_validation,2016-04-12,25,13.19509454321188
FOODS_2_360_CA_3_validation,2016-04-13,31,13.26827720729807
FOODS_2_360_CA_3_validation,2016-04-14,14,13.923793704283522
FOODS_2_360_CA_3_validation,2016-04-15,16,14.205317883007096
FOODS_2_360_CA_3_validation,2016-04-16,17,13.139575739247384
FOODS_2_360_CA_3_validation,2016-04-17,22,13.550165033445689
FOODS_2_360_CA_3_validation,2016-04-18,17,13.551440658713561
FOODS_2_360_CA_3_validation,2016-04-19,11,15.096867799912562
FOODS_2_360_CA_3_validation,2016-04-20,21,15.175325038198492
FOODS_2_360_CA_3_validation,2016-04-21,15,13.494501783181077
FOODS_2_360_CA_3_validation,2016-04-22,16,13.402838560080063
FOODS_2_360_CA_3_validation,2016-04-23,4,13.63523022200246
FOODS_2_360_CA_3_validation,2016-04-24,31,14.584512819423427
FOODS_2_360_TX_3_validation,2016-03-28,12,8.791016803013317
FOODS_2_360_TX_3_validation,2016-03-29,1,7.98811634524405
FOODS_2_360_TX_3_validation,2016-03-30,19,7.98811634524405
FOODS_2_360_TX_3_validation,2016-03-31,25,7.960269212976293
FOODS_2_360_TX_3_validation,2016-04-01,0,14.240561313460375
FOODS_2_360_TX_3_validation,2016-04-02,0,12.209790762570353
FOODS_2_360_TX_3_validation,2016-04-03,26,16.35003733085917
FOODS_2_360_TX_3_validation,2016-04-04,0,15.732698868650562
FOODS_2_360_TX_3_validation,2016-04-05,0,23.88002382718594
FOODS_2_360_TX_3_validation,2016-04-06,17,18.144808491998432
FOODS_2_360_TX_3_validation,2016-04-07,19,22.13923685465823
FOODS_2_360_TX_3_validation,2016-04-08,4,13.195946615990378
FOODS_2_360_TX_3_validation,2016-04-09,16,18.139227595620362
FOODS_2_360_TX_3_validation,2016-04-10,18,14.564910707873224
FOODS_2_360_TX_3_validation,2016-04-11,48,18.9804135985817
FOODS_2_360_TX_3_validation,2016-04-12,24,18.033861026703516
FOODS_2_360_TX_3_validation,2016-04-13,23,18.522363606397263
FOODS_2_360_TX_3_validation,2016-04-14,20,14.14903978692008
FOODS_2_360_TX_3_validation,2016-04-15,27,18.177296248862845
FOODS_2_360_TX_3_validation,2016-04-16,26,14.876560873801195
FOODS_2_360_TX_3_validation,2016-04-17,9,15.581994175800435
FOODS_2_360_TX_3_validation,2016-04-18,13,14.828918596530038
FOODS_2_360_TX_3_validation,2016-04-19,20,13.310594512696357
FOODS_2_360_TX_3_validation,2016-04-20,36,13.324798136709257
FOODS_2_360_TX_3_validation,2016-04-21,9,13.235562306841127
FOODS_2_360_TX_3_validation,2016-04-22,25,12.972584801110434
FOODS_2_360_TX_3_validation,2016-04-23,18,13.752039929578574
FOODS_2_360_TX_3_validation,2016-04-24,11,15.087996282197746
FOODS_2_360_WI_2_validation,2016-03-28,32,13.97886633872731
FOODS_2_360_WI_2_validation,2016-03-29,24,13.14942200959777
FOODS_2_360_WI_2_validation,2016-03-30,28,13.14942200959777
FOODS_2_360_WI_2_validation,2016-03-31,30,13.12157487733001
FOODS_2_360_WI_2_validation,2016-04-01,54,23.13354433220988
FOODS_2_360_WI_2_validation,2016-04-02,106,50.69326681084884
FOODS_2_360_WI_2_validation,2016-04-03,70,72.94940226307305
FOODS_2_360_WI_2_validation,2016-04-04,76,57.137424331702015
FOODS_2_360_WI_2_validation,2016-04-05,101,69.15217054136036
FOODS_2_360_WI_2_validation,2016-04-06,86,59.04390780479011
FOODS_2_360_WI_2_validation,2016-04-07,70,53.070918527802924
FOODS_2_360_WI_2_validation,2016-04-08,95,61.05072263796127
FOODS_2_360_WI_2_validation,2016-04-09,169,44.62163750696138
FOODS_2_360_WI_2_validation,2016-04-10,79,25.492722445028008
FOODS_2_360_WI_2_validation,2016-04-11,122,56.50434812622639
FOODS_2_360_WI_2_validation,2016-04-12,123,42.72627761547543
FOODS_2_360_WI_2_validation,2016-04-13,40,36.40075092028122
FOODS_2_360_WI_2_validation,2016-04-14,84,53.059131327106364
FOODS_2_360_WI_2_validation,2016-04-15,73,53.842898798216986
FOODS_2_360_WI_2_validation,2016-04-16,51,45.723490418341434
FOODS_2_360_WI_2_validation,2016-04-17,35,46.79004168730843
FOODS_2_360_WI_2_validation,2016-04-18,42,29.582074835842572
FOODS_2_360_WI_2_validation,2016-04-19,43,33.06765906073301
FOODS_2_360_WI_2_validation,2016-04-20,34,29.740763518445167
FOODS_2_360_WI_2_validation,2016-04-21,68,31.878791084344943
FOODS_2_360_WI_2_validation,2016-04-22,51,33.99567756225637
FOODS_2_360_WI_2_validation,2016-04-23,46,32.111649745060106
FOODS_2_360_WI_2_validation,2016-04-24,30,27.727983958432045
FOODS_3_007_WI_2_validation,2016-03-28,0,18.370088931356634
FOODS_3_007_WI_2_validation,2016-03-29,0,17.52208533663478
FOODS_3_007_WI_2_validation,2016-03-30,0,17.52208533663478
FOODS_3_007_WI_2_validation,2016-03-31,0,17.353464401914486
FOODS_3_007_WI_2_validation,2016-04-01,0,16.389154604947777
FOODS_3_007_WI_2_validation,2016-04-02,0,29.1754333716519
FOODS_3_007_WI_2_validation,2016-04-03,0,30.41680400805621
FOODS_3_007_WI_2_validation,2016-04-04,0,18.31025299088119
FOODS_3_007_WI_2_validation,2016-04-05,4,24.030752407763753
FOODS_3_007_WI_2_validation,2016-04-06,75,23.958776284248952
FOODS_3_007_WI_2_validation,2016-04-07,128,17.29362846143904
FOODS_3_007_WI_2_validation,2016-04-08,87,22.885681493037392
FOODS_3_007_WI_2_validation,2016-04-09,85,29.1754333716519
FOODS_3_007_WI_2_validation,2016-04-10,89,21.966241255456627
FOODS_3_007_WI_2_validation,2016-04-11,12,25.539426778941426
FOODS_3_007_WI_2_validation,2016-04-12,1,24.030752407763753
FOODS_3_007_WI_2_validation,2016-04-13,3,17.462249396159336
FOODS_3_007_WI_2_validation,2016-04-14,43,23.790155349528657
FOODS_3_007_WI_2_validation,2016-04-15,121,22.885681493037392
FOODS_3_007_WI_2_validation,2016-04-16,5,20.883432854174185
FOODS_3_007_WI_2_validation,2016-04-17,0,21.966241255456627
FOODS_3_007_WI_2_validation,2016-04-18,42,18.31025299088119
FOODS_3_007_WI_2_validation,2016-04-19,39,17.462249396159336
FOODS_3_007_WI_2_validation,2016-04-20,6,17.462249396159336
FOODS_3_007_WI_2_validation,2016-04-21,16,17.29362846143904
FOODS_3_007_WI_2_validation,2016-04-22,24,16.389154604947777
FOODS_3_007_WI_2_validation,2016-04-23,58,20.883432854174185
FOODS_3_007_WI_2_validation,2016-04-24,42,21.966241255456627
FOODS_3_030_TX_2_validation,2016-03-28,22,16.154502372598827
FOODS_3_030_TX_2_validation,2016-03-29,5,15.490743431457744
FOODS_3_030_TX_2_validation,2016-03-30,12,15.71991359059178
FOODS_3_030_TX_2_validation,2016-03-31,17,15.873480059313671
FOODS_3_030_TX_2_validation,2016-04-01,19,18.569731008442602
FOODS_3_030_TX_2_validation,2016-04-02,20,20.424217023178123
FOODS_3_030_TX_2_validation,2016-04-03,29,20.625451856072406
FOODS_3_030_TX_2_validation,2016-04-04,27,16.25794379666842
FOODS_3_030_TX_2_validation,2016-04-05,20,15.93600411055303
FOODS_3_030_TX_2_validation,2016-04-06,16,16.015864403452387
FOODS_3_030_TX_2_validation,2016-04-07,14,16.615286009712552
FOODS_3_030_TX_2_validation,2016-04-08,23,17.554276757490353
FOODS_3_030_TX_2_validation,2016-04-09,20,19.704120026282272
FOODS_3_030_TX_2_validation,2016-04-10,36,18.48239217102319
FOODS_3_030_TX_2_validation,2016-04-11,18,15.778566382822282
FOODS_3_030_TX_2_validation,2016-04-12,15,15.050040776982744
FOODS_3_030_TX_2_validation,2016-04-13,14,15.556692945704087
FOODS_3_030_TX_2_validation,2016-04-14,26,15.344516243884055
FOODS_3_030_TX_2_validation,2016-04-15,13,16.772660515587322
FOODS_3_030_TX_2_validation,2016-04-16,19,19.839186616303436
FOODS_3_030_TX_2_validation,2016-04-17,21,20.188696117143927
FOODS_3_030_TX_2_validation,2016-04-18,16,15.130085901828782
FOODS_3_030_TX_2_validation,2016-04-19,12,14.8793824320067
FOODS_3_030_TX_2_validation,2016-04-20,11,14.534428290823705
FOODS_3_030_TX_2_validation,2016-04-21,20,15.605147877729724
FOODS_3_030_TX_2_validation,2016-04-22,12,17.413168218664058
FOODS_3_030_TX_2_validation,2016-04-23,33,20.316182902284012
FOODS_3_030_TX_2_validation,2016-04-24,24,19.910936123000482
FOODS_3_030_TX_3_validation,2016-03-28,16,17.691763521297645
FOODS_3_030_TX_3_validation,2016-03-29,20,17.974514556084934
FOODS_3_030_TX_3_validation,2016-03-30,30,18.56623755283441
FOODS_3_030_TX_3_validation,2016-03-31,11,17.967270783626716
FOODS_3_030_TX_3_validation,2016-04-01,24,20.306734632284957
FOODS_3_030_TX_3_validation,2016-04-02,18,24.717375462140247
FOODS_3_030_TX_3_validation,2016-04-03,22,24.226254038724896
FOODS_3_030_TX_3_validation,2016-04-04,14,19.50214878438661
FOODS_3_030_TX_3_validation,2016-04-05,18,18.79442385302784
FOODS_3_030_TX_3_validation,2016-04-06,18,17.230655934799884
FOODS_3_030_TX_3_validation,2016-04-07,19,17.13668623941671
FOODS_3_030_TX_3_validation,2016-04-08,21,18.851938895174417
FOODS_3_030_TX_3_validation,2016-04-09,18,21.750524280035123
FOODS_3_030_TX_3_validation,2016-04-10,23,21.076784188746274
FOODS_3_030_TX_3_validation,2016-04-11,16,17.570135017053463
FOODS_3_030_TX_3_validation,2016-04-12,4,17.059111274519093
FOODS_3_030_TX_3_validation,2016-04-13,17,18.660143381924755
FOODS_3_030_TX_3_validation,2016-04-14,20,16.409794830920024
FOODS_3_030_TX_3_validation,2016-04-15,17,19.560618775300057
FOODS_3_030_TX_3_validation,2016-04-16,27,21.364464767305666
FOODS_3_030_TX_3_validation,2016-04-17,27,20.919535306422276
FOODS_3_030_TX_3_validation,2016-04-18,16,16.954679750637816
FOODS_3_030_TX_3_validation,2016-04-19,21,16.71545892959641
FOODS_3_030_TX_3_validation,2016-04-20,15,16.8417648155421
FOODS_3_030_TX_3_validation,2016-04-21,24,16.465297029552282
FOODS_3_030_TX_3_validation,2016-04-22,20,18.791945011669043
FOODS_3_030_TX_3_validation,2016-04-23,24,23.988282638130404
FOODS_3_030_TX_3_validation,2016-04-24,17,24.76576359056333
FOODS_3_080_CA_1_validation,2016-03-28,16,16.48299230747756
FOODS_3_080_CA_1_validation,2016-03-29,27,16.05043753035944
FOODS_3_080_CA_1_validation,2016-03-30,7,16.001870801568504
FOODS_3_080_CA_1_validation,2016-03-31,13,15.983064541052466
FOODS_3_080_CA_1_validation,2016-04-01,28,17.774105862417343
FOODS_3_080_CA_1_validation,2016-04-02,31,22.375532620531057
FOODS_3_080_CA_1_validation,2016-04-03,20,24.23103557556556
FOODS_3_080_CA_1_validation,2016-04-04,21,15.781767723422929
FOODS_3_080_CA_1_validation,2016-04-05,17,15.449140054372254
FOODS_3_080_CA_1_validation,2016-04-06,26,15.422150924762837
FOODS_3_080_CA_1_validation,2016-04-07,11,15.641075805725707
FOODS_3_080_CA_1_validation,2016-04-08,14,18.452430580243888
FOODS_3_080_CA_1_validation,2016-04-09,21,27.083849482700952
FOODS_3_080_CA_1_validation,2016-04-10,12,20.422940408550243
FOODS_3_080_CA_1_validation,2016-04-11,19,15.98466537121828
FOODS_3_080_CA_1_validation,2016-04-12,17,15.194243115724499
FOODS_3_080_CA_1_validation,2016-04-13,17,15.306893098078763
FOODS_3_080_CA_1_validation,2016-04-14,10,15.506566730093255
FOODS_3_080_CA_1_validation,2016-04-15,16,20.53125593729088
FOODS_3_080_CA_1_validation,2016-04-16,23,24.096648055961364
FOODS_3_080_CA_1_validation,2016-04-17,23,23.16982031740372
FOODS_3_080_CA_1_validation,2016-04-18,15,16.426340661166886
FOODS_3_080_CA_1_validation,2016-04-19,12,18.149631256240575
FOODS_3_080_CA_1_validation,2016-04-20,30,15.96550297198624
FOODS_3_080_CA_1_validation,2016-04-21,13,19.89706069095919
FOODS_3_080_CA_1_validation,2016-04-22,10,21.51990911667934
FOODS_3_080_CA_1_validation,2016-04-23,25,25.797925267397048
FOODS_3_080_CA_1_validation,2016-04-24,25,23.22412282478938
FOODS_3_080_TX_2_validation,2016-03-28,9,16.441343183335096
FOODS_3_080_TX_2_validation,2016-03-29,24,16.430563194011413
FOODS_3_080_TX_2_validation,2016-03-30,12,16.341395952786378
FOODS_3_080_TX_2_validation,2016-03-31,15,17.505056071353792
FOODS_3_080_TX_2_validation,2016-04-01,22,18.748495240872803
FOODS_3_080_TX_2_validation,2016-04-02,10,21.659360197931317
FOODS_3_080_TX_2_validation,2016-04-03,14,21.656801066386304
FOODS_3_080_TX_2_validation,2016-04-04,17,16.591950747754804
FOODS_3_080_TX_2_validation,2016-04-05,8,16.101093850237977
FOODS_3_080_TX_2_validation,2016-04-06,19,16.07526746362903
FOODS_3_080_TX_2_validation,2016-04-07,14,17.04807474804224
FOODS_3_080_TX_2_validation,2016-04-08,21,18.797730393116918
FOODS_3_080_TX_2_validation,2016-04-09,12,20.13775387008715
FOODS_3_080_TX_2_validation,2016-04-10,25,19.85679063103888
FOODS_3_080_TX_2_validation,2016-04-11,14,16.074843780490582
FOODS_3_080_TX_2_validation,2016-04-12,12,15.720239762483628
FOODS_3_080_TX_2_validation,2016-04-13,16,15.7736263634952
FOODS_3_080_TX_2_validation,2016-04-14,12,16.57563671333411
FOODS_3_080_TX_2_validation,2016-04-15,22,18.972529564578885
FOODS_3_080_TX_2_validation,2016-04-16,20,20.353784568618945
FOODS_3_080_TX_2_validation,2016-04-17,21,19.979069314610527
FOODS_3_080_TX_2_validation,2016-04-18,15,16.337938053997032
FOODS_3_080_TX_2_validation,2016-04-19,16,16.06805455847031
FOODS_3_080_TX_2_validation,2016-04-20,8,16.103243540476498
FOODS_3_080_TX_2_validation,2016-04-21,23,16.24574584095468
FOODS_3_080_TX_2_validation,2016-04-22,12,19.127621265496348
FOODS_3_080_TX_2_validation,2016-04-23,18,19.97574151392044
FOODS_3_080_TX_2_validation,2016-04-24,16,19.60102625991202
FOODS_3_090_CA_1_validation,2016-03-28,25,41.949361558446256
FOODS_3_090_CA_1_validation,2016-03-29,47,37.8319239690564
FOODS_3_090_CA_1_validation,2016-03-30,23,38.95737260405306
FOODS_3_090_CA_1_validation,2016-03-31,21,39.48289530579303
FOODS_3_090_CA_1_validation,2016-04-01,72,57.66408409788357
FOODS_3_090_CA_1_validation,2016-04-02,58,71.23630029169722
FOODS_3_090_CA_1_validation,2016-04-03,54,61.28846041341816
FOODS_3_090_CA_1_validation,2016-04-04,42,50.55546759417864
FOODS_3_090_CA_1_validation,2016-04-05,29,35.38185551440228
FOODS_3_090_CA_1_validation,2016-04-06,53,35.03076405663013
FOODS_3_090_CA_1_validation,2016-04-07,39,37.85765168479151
FOODS_3_090_CA_1_validation,2016-04-08,42,57.99465581268543
FOODS_3_090_CA_1_validation,2016-04-09,83,69.24654323955905
FOODS_3_090_CA_1_validation,2016-04-10,83,65.63976406694843
FOODS_3_090_CA_1_validation,2016-04-11,48,42.47386574874224
FOODS_3_090_CA_1_validation,2016-04-12,26,36.17789027510637
FOODS_3_090_CA_1_validation,2016-04-13,41,38.80777973331571
FOODS_3_090_CA_1_validation,2016-04-14,44,40.34745994846384
FOODS_3_090_CA_1_validation,2016-04-15,47,53.16089193962504
FOODS_3_090_CA_1_validation,2016-04-16,82,78.07682372646057
FOODS_3_090_CA_1_validation,2016-04-17,83,71.40765823465821
FOODS_3_090_CA_1_validation,2016-04-18,30,41.753336173581864
FOODS_3_090_CA_1_validation,2016-04-19,45,37.56148016685164
FOODS_3_090_CA_1_validation,2016-04-20,29,35.38947220883941
FOODS_3_090_CA_1_validation,2016-04-21,53,39.922387612664295
FOODS_3_090_CA_1_validation,2016-04-22,87,58.63130803327364
FOODS_3_090_CA_1_validation,2016-04-23,95,81.10176247940902
FOODS_3_090_CA_1_validation,2016-04-24,42,79.70090623016047
FOODS_3_090_CA_2_validation,2016-03-28,50,35.59024027370525
FOODS_3_090_CA_2_validation,2016-03-29,18,31.682142794103175
FOODS_3_090_CA_2_validation,2016-03-30,30,32.091449952039426
FOODS_3_090_CA_2_validation,2016-03-31,32,31.910534431095257
FOODS_3_090_CA_2_validation,2016-04-01,53,36.65604882687712
FOODS_3_090_CA_2_validation,2016-04-02,59,53.84583841938153
FOODS_3_090_CA_2_validation,2016-04-03,53,49.815093365915814
FOODS_3_090_CA_2_validation,2016-04-04,19,29.575791231639347
FOODS_3_090_CA_2_validation,2016-04-05,21,31.24357067079617
FOODS_3_090_CA_2_validation,2016-04-06,29,34.25321507990254
FOODS_3_090_CA_2_validation,2016-04-07,41,30.03895598790103
FOODS_3_090_CA_2_validation,2016-04-08,70,48.53753231819723
FOODS_3_090_CA_2_validation,2016-04-09,82,61.83510349526399
FOODS_3_090_CA_2_validation,2016-04-10,62,48.513965545767554
FOODS_3_090_CA_2_validation,2016-04-11,27,31.74412144430767
FOODS_3_090_CA_2_validation,2016-04-12,34,35.050347512630985
FOODS_3_090_CA_2_validation,2016-04-13,37,39.80334462142993
FOODS_3_090_CA_2_validation,2016-04-14,49,35.138689527380095
FOODS_3_090_CA_2_validation,2016-04-15,70,48.226288028961584
FOODS_3_090_CA_2_validation,2016-04-16,79,53.846652381223116
FOODS_3_090_CA_2_validation,2016-04-17,62,43.66814676771248
FOODS_3_090_CA_2_validation,2016-04-18,65,32.34669038963846
FOODS_3_090_CA_2_validation,2016-04-19,29,33.76869708571757
FOODS_3_090_CA_2_validation,2016-04-20,40,36.12686429106407
FOODS_3_090_CA_2_validation,2016-04-21,24,33.964138483502765
FOODS_3_090_CA_2_validation,2016-04-22,91,46.82020111012515
FOODS_3_090_CA_2_validation,2016-04-23,73,69.58436383258558
FOODS_3_090_CA_2_validation,2016-04-24,60,66.1282497082692
FOODS_3_090_CA_3_validation,2016-03-28,61,93.53180580437763
FOODS_3_090_CA_3_validation,2016-03-29,62,92.44779282980048
FOODS_3_090_CA_3_validation,2016-03-30,71,93.10718903890492
FOODS_3_090_CA_3_validation,2016-03-31,130,92.82421012008709
FOODS_3_090_CA_3_validation,2016-04-01,156,121.04092751449832
FOODS_3_090_CA_3_validation,2016-04-02,133,137.98270672490116
FOODS_3_090_CA_3_validation,2016-04-03,114,132.24801528959753
FOODS_3_090_CA_3_validation,2016-04-04,80,85.95470159841388
FOODS_3_090_CA_3_validation,2016-04-05,75,92.62745625409214
FOODS_3_090_CA_3_validation,2016-04-06,113,91.68517412510515
FOODS_3_090_CA_3_validation,2016-04-07,81,101.59624667204805
FOODS_3_090_CA_3_validation,2016-04-08,107,124.45660473091117
FOODS_3_090_CA_3_validation,2016-04-09,160,160.80486645220037
FOODS_3_090_CA_3_validation,2016-04-10,124,140.32860695391673
FOODS_3_090_CA_3_validation,2016-04-11,107,84.39596748312269
FOODS_3_090_CA_3_validation,2016-04-12,84,83.57438589437317
FOODS_3_090_CA_3_validation,2016-04-13,88,82.92829806113889
FOODS_3_090_CA_3_validation,2016-04-14,90,93.49741337850865
FOODS_3_090_CA_3_validation,2016-04-15,129,109.90157256967021
FOODS_3_090_CA_3_validation,2016-04-16,160,149.8522078833946
FOODS_3_090_CA_3_validation,2016-04-17,204,131.06515891627546
FOODS_3_090_CA_3_validation,2016-04-18,86,84.95741124081073
FOODS_3_090_CA_3_validation,2016-04-19,100,87.52758422161399
FOODS_3_090_CA_3_validation,2016-04-20,88,91.79653245847469
FOODS_3_090_CA_3_validation,2016-04-21,77,82.04006049300611
FOODS_3_090_CA_3_validation,2016-04-22,141,119.90451199777894
FOODS_3_090_CA_3_validation,2016-04-23,139,152.35554162898936
FOODS_3_090_CA_3_validation,2016-04-24,130,143.22132920302175
FOODS_3_090_CA_4_validation,2016-03-28,19,29.084606621219567
FOODS_3_090_CA_4_validation,2016-03-29,20,27.015203378276155
FOODS_3_090_CA_4_validation,2016-03-30,18,24.212680704580617
FOODS_3_090_CA_4_validation,2016-03-31,20,27.870164995005567
FOODS_3_090_CA_4_validation,2016-04-01,52,33.311831612870975
FOODS_3_090_CA_4_validation,2016-04-02,34,42.277957919358464
FOODS_3_090_CA_4_validation,2016-04-03,30,36.4476738513597
FOODS_3_090_CA_4_validation,2016-04-04,19,25.414204175823595
FOODS_3_090_CA_4_validation,2016-04-05,16,24.785166447152793
FOODS_3_090_CA_4_validation,2016-04-06,22,24.207452286452778
FOODS_3_090_CA_4_validation,2016-04-07,31,24.247262826034955
FOODS_3_090_CA_4_validation,2016-04-08,30,29.505061699845793
FOODS_3_090_CA_4_validation,2016-04-09,32,42.24431184728522
FOODS_3_090_CA_4_validation,2016-04-10,32,33.541214944402135
FOODS_3_090_CA_4_validation,2016-04-11,23,25.109254854787117
FOODS_3_090_CA_4_validation,2016-04-12,26,23.971916750945134
FOODS_3_090_CA_4_validation,2016-04-13,17,23.9872373359315
FOODS_3_090_CA_4_validation,2016-04-14,17,24.21589488175365
FOODS_3_090_CA_4_validation,2016-04-15,48,33.16684417425096
FOODS_3_090_CA_4_validation,2016-04-16,32,38.17173027645626
FOODS_3_090_CA_4_validation,2016-04-17,36,33.54897398001852
FOODS_3_090_CA_4_validation,2016-04-18,30,24.60676559028099
FOODS_3_090_CA_4_validation,2016-04-19,19,23.900168728611344
FOODS_3_090_CA_4_validation,2016-04-20,35,26.297222877707657
FOODS_3_090_CA_4_validation,2016-04-21,31,29.18466620323899
FOODS_3_090_CA_4_validation,2016-04-22,15,31.582571336059583
FOODS_3_090_CA_4_validation,2016-04-23,24,50.68013480932145
FOODS_3_090_CA_4_validation,2016-04-24,18,50.73831998532019
FOODS_3_090_TX_1_validation,2016-03-28,36,41.701079431141814
FOODS_3_090_TX_1_validation,2016-03-29,35,42.51883683032928
FOODS_3_090_TX_1_validation,2016-03-30,43,40.98057057064585
FOODS_3_090_TX_1_validation,2016-03-31,57,41.528439561972114
FOODS_3_090_TX_1_validation,2016-04-01,44,56.464230113855535
FOODS_3_090_TX_1_validation,2016-04-02,81,65.6287401296049
FOODS_3_090_TX_1_validation,2016-04-03,67,67.47067005406932
FOODS_3_090_TX_1_validation,2016-04-04,56,46.44092135406008
FOODS_3_090_TX_1_validation,2016-04-05,50,40.901720077185416
FOODS_3_090_TX_1_validation,2016-04-06,43,45.53341661215106
FOODS_3_090_TX_1_validation,2016-04-07,42,39.691648656466306
FOODS_3_090_TX_1_validation,2016-04-08,59,50.685352396769744
FOODS_3_090_TX_1_validation,2016-04-09,64,68.22834455606615
FOODS_3_090_TX_1_validation,2016-04-10,79,69.21160635480838
FOODS_3_090_TX_1_validation,2016-04-11,55,46.52923325811555
FOODS_3_090_TX_1_validation,2016-04-12,35,39.162870163942486
FOODS_3_090_TX_1_validation,2016-04-13,35,39.05331967647847
FOODS_3_090_TX_1_validation,2016-04-14,36,41.15550391390411
FOODS_3_090_TX_1_validation,2016-04-15,60,50.373258517211895
FOODS_3_090_TX_1_validation,2016-04-16,68,60.65311534271889
FOODS_3_090_TX_1_validation,2016-04-17,69,63.91970953650103
FOODS_3_090_TX_1_validation,2016-04-18,48,39.14807427148136
FOODS_3_090_TX_1_validation,2016-04-19,34,40.48385991446965
FOODS_3_090_TX_1_validation,2016-04-20,49,40.47380375396787
FOODS_3_090_TX_1_validation,2016-04-21,39,41.21475113525732
FOODS_3_090_TX_1_validation,2016-04-22,59,55.8206152337243
FOODS_3_090_TX_1_validation,2016-04-23,45,67.98258100326855
FOODS_3_090_TX_1_validation,2016-04-24,58,69.51445945325987
FOODS_3_090_TX_2_validation,2016-03-28,48,53.52307701630185
FOODS_3_090_TX_2_validation,2016-03-29,23,46.09003436952421
FOODS_3_090_TX_2_validation,2016-03-30,45,46.55217198071613
FOODS_3_090_TX_2_validation,2016-03-31,60,46.10931360014427
FOODS_3_090_TX_2_validation,2016-04-01,48,61.41870810982583
FOODS_3_090_TX_2_validation,2016-04-02,101,81.9474169375296
FOODS_3_090_TX_2_validation,2016-04-03,107,69.63668893948528
FOODS_3_090_TX_2_validation,2016-04-04,61,52.881227004446494
FOODS_3_090_TX_2_validation,2016-04-05,50,42.95321692828911
FOODS_3_090_TX_2_validation,2016-04-06,31,42.50231009816494
FOODS_3_090_TX_2_validation,2016-04-07,49,50.6311049267453
FOODS_3_090_TX_2_validation,2016-04-08,86,64.01293900251916
FOODS_3_090_TX_2_validation,2016-04-09,102,77.42287999587995
FOODS_3_090_TX_2_validation,2016-04-10,69,77.00859106891804
FOODS_3_090_TX_2_validation,2016-04-11,53,48.644898307995334
FOODS_3_090_TX_2_validation,2016-04-12,48,42.5817486313351
FOODS_3_090_TX_2_validation,2016-04-13,34,53.62886874431849
FOODS_3_090_TX_2_validation,2016-04-14,40,42.97331740316939
FOODS_3_090_TX_2_validation,2016-04-15,68,52.61472772418185
FOODS_3_090_TX_2_validation,2016-04-16,124,80.13523970546095
FOODS_3_090_TX_2_validation,2016-04-17,86,73.23477769480675
FOODS_3_090_TX_2_validation,2016-04-18,43,47.68763299749035
FOODS_3_090_TX_2_validation,2016-04-19,61,45.05719061495167
FOODS_3_090_TX_2_validation,2016-04-20,46,44.85625281549816
FOODS_3_090_TX_2_validation,2016-04-21,35,46.28559355533166
FOODS_3_090_TX_2_validation,2016-04-22,54,64.79901593138433
FOODS_3_090_TX_2_validation,2016-04-23,83,77.6294532881637
FOODS_3_090_TX_2_validation,2016-04-24,73,67.87250978740401
FOODS_3_090_TX_3_validation,2016-03-28,42,51.557937278394
FOODS_3_090_TX_3_validation,2016-03-29,10,46.7289730514273
FOODS_3_090_TX_3_validation,2016-03-30,50,51.71490241009818
FOODS_3_090_TX_3_validation,2016-03-31,68,47.90070485830576
FOODS_3_090_TX_3_validation,2016-04-01,59,56.79343250859267
FOODS_3_090_TX_3_validation,2016-04-02,74,77.50154695011602
FOODS_3_090_TX_3_validation,2016-04-03,74,73.70816849180409
FOODS_3_090_TX_3_validation,2016-04-04,41,49.119672522665994
FOODS_3_090_TX_3_validation,2016-04-05,45,46.889012538540314
FOODS_3_090_TX_3_validation,2016-04-06,61,46.966509269285176
FOODS_3_090_TX_3_validation,2016-04-07,45,52.52592266861159
FOODS_3_090_TX_3_validation,2016-04-08,56,60.47631322569384
FOODS_3_090_TX_3_validation,2016-04-09,97,79.67742379578922
FOODS_3_090_TX_3_validation,2016-04-10,85,73.5180632943654
FOODS_3_090_TX_3_validation,2016-04-11,74,54.332723342072725
FOODS_3_090_TX_3_validation,2016-04-12,43,47.428455302184695
FOODS_3_090_TX_3_validation,2016-04-13,48,49.234363443778896
FOODS_3_090_TX_3_validation,2016-04-14,48,46.7131001651233
FOODS_3_090_TX_3_validation,2016-04-15,84,55.652825718308854
FOODS_3_090_TX_3_validation,2016-04-16,75,79.24355210961734
FOODS_3_090_TX_3_validation,2016-04-17,83,74.78265105654765
FOODS_3_090_TX_3_validation,2016-04-18,81,47.00992192309225
FOODS_3_090_TX_3_validation,2016-04-19,46,44.796725381286954
FOODS_3_090_TX_3_validation,2016-04-20,53,44.796725381286954
FOODS_3_090_TX_3_validation,2016-04-21,43,47.56051679723684
FOODS_3_090_TX_3_validation,2016-04-22,70,61.635546508256205
FOODS_3_090_TX_3_validation,2016-04-23,102,80.55257850520908
FOODS_3_090_TX_3_validation,2016-04-24,66,74.12444198818467
FOODS_3_090_WI_3_validation,2016-03-28,7,57.42638713882747
FOODS_3_090_WI_3_validation,2016-03-29,63,55.87672014998344
FOODS_3_090_WI_3_validation,2016-03-30,70,60.336163509925846
FOODS_3_090_WI_3_validation,2016-03-31,64,65.37724948213257
FOODS_3_090_WI_3_validation,2016-04-01,101,97.66008531688227
FOODS_3_090_WI_3_validation,2016-04-02,119,132.11852117146287
FOODS_3_090_WI_3_validation,2016-04-03,110,105.22269198398959
FOODS_3_090_WI_3_validation,2016-04-04,71,72.15526148146387
FOODS_3_090_WI_3_validation,2016-04-05,46,57.026071960836816
FOODS_3_090_WI_3_validation,2016-04-06,43,55.864602192540424
FOODS_3_090_WI_3_validation,2016-04-07,43,52.67457631818188
FOODS_3_090_WI_3_validation,2016-04-08,107,85.844818251519
FOODS_3_090_WI_3_validation,2016-04-09,131,120.33811487191419
FOODS_3_090_WI_3_validation,2016-04-10,108,107.05908842279287
FOODS_3_090_WI_3_validation,2016-04-11,50,78.94878971696556
FOODS_3_090_WI_3_validation,2016-04-12,52,56.07499924812447
FOODS_3_090_WI_3_validation,2016-04-13,52,48.283896844594715
FOODS_3_090_WI_3_validation,2016-04-14,68,59.351618843094414
FOODS_3_090_WI_3_validation,2016-04-15,102,83.45152798936552
FOODS_3_090_WI_3_validation,2016-04-16,146,109.57218361425396
FOODS_3_090_WI_3_validation,2016-04-17,112,87.14693973550251
FOODS_3_090_WI_3_validation,2016-04-18,70,43.12560104176625
FOODS_3_090_WI_3_validation,2016-04-19,61,42.7154887019363
FOODS_3_090_WI_3_validation,2016-04-20,60,42.7154887019363
FOODS_3_090_WI_3_validation,2016-04-21,70,50.85860700031536
FOODS_3_090_WI_3_validation,2016-04-22,70,81.78764623833625
FOODS_3_090_WI_3_validation,2016-04-23,171,110.4558694866412
FOODS_3_090_WI_3_validation,2016-04-24,91,110.53529434800802
FOODS_3_099_TX_2_validation,2016-03-28,13,18.462104418386158
FOODS_3_099_TX_2_validation,2016-03-29,18,17.44550257138398
FOODS_3_099_TX_2_validation,2016-03-30,8,18.368792462125025
FOODS_3_099_TX_2_validation,2016-03-31,17,17.960984286728
FOODS_3_099_TX_2_validation,2016-04-01,9,17.484710823747086
FOODS_3_099_TX_2_validation,2016-04-02,12,20.06779183335497
FOODS_3_099_TX_2_validation,2016-04-03,25,23.455489062278737
FOODS_3_099_TX_2_validation,2016-04-04,15,17.868023305572514
FOODS_3_099_TX_2_validation,2016-04-05,10,18.46792334175352
FOODS_3_099_TX_2_validation,2016-04-06,15,18.189608524785164
FOODS_3_099_TX_2_validation,2016-04-07,10,17.80457706369199
FOODS_3_099_TX_2_validation,2016-04-08,12,16.010191349290793
FOODS_3_099_TX_2_validation,2016-04-09,23,21.99825054330085
FOODS_3_099_TX_2_validation,2016-04-10,23,21.361582973876914
FOODS_3_099_TX_2_validation,2016-04-11,15,22.18159595456023
FOODS_3_099_TX_2_validation,2016-04-12,20,19.180037134479168
FOODS_3_099_TX_2_validation,2016-04-13,10,20.049155468291822
FOODS_3_099_TX_2_validation,2016-04-14,13,17.617835494998957
FOODS_3_099_TX_2_validation,2016-04-15,10,18.293812178401573
FOODS_3_099_TX_2_validation,2016-04-16,16,20.29831694767198
FOODS_3_099_TX_2_validation,2016-04-17,21,20.590352583184973
FOODS_3_099_TX_2_validation,2016-04-18,15,18.695688156148375
FOODS_3_099_TX_2_validation,2016-04-19,14,16.911492514553434
FOODS_3_099_TX_2_validation,2016-04-20,13,16.666023492413483
FOODS_3_099_TX_2_validation,2016-04-21,9,16.687897058393766
FOODS_3_099_TX_2_validation,2016-04-22,17,16.714398273671843
FOODS_3_099_TX_2_validation,2016-04-23,19,20.246889615358807
FOODS_3_099_TX_2_validation,2016-04-24,17,21.550691062208497
FOODS_3_120_CA_1_validation,2016-03-28,34,26.663353667002262
FOODS_3_120_CA_1_validation,2016-03-29,62,23.557461568146135
FOODS_3_120_CA_1_validation,2016-03-30,21,23.07257921089968
FOODS_3_120_CA_1_validation,2016-03-31,29,23.448936231471915
FOODS_3_120_CA_1_validation,2016-04-01,44,26.332167554696543
FOODS_3_120_CA_1_validation,2016-04-02,109,42.53061931402143
FOODS_3_120_CA_1_validation,2016-04-03,126,41.9995077273733
FOODS_3_120_CA_1_validation,2016-04-04,24,25.619222581650817
FOODS_3_120_CA_1_validation,2016-04-05,0,22.987070878627648
FOODS_3_120_CA_1_validation,2016-04-06,0,22.830280310974445
FOODS_3_120_CA_1_validation,2016-04-07,0,24.857531387419076
FOODS_3_120_CA_1_validation,2016-04-08,58,25.688239620530474
FOODS_3_120_CA_1_validation,2016-04-09,55,40.61064179399872
FOODS_3_120_CA_1_validation,2016-04-10,0,45.657296130521495
FOODS_3_120_CA_1_validation,2016-04-11,2,25.290338177589653
FOODS_3_120_CA_1_validation,2016-04-12,0,25.706530831622814
FOODS_3_120_CA_1_validation,2016-04-13,0,24.53973889213893
FOODS_3_120_CA_1_validation,2016-04-14,38,32.759634612631295
FOODS_3_120_CA_1_validation,2016-04-15,60,28.317212697735105
FOODS_3_120_CA_1_validation,2016-04-16,52,55.8562272081083
FOODS_3_120_CA_1_validation,2016-04-17,56,64.53521753982263
FOODS_3_120_CA_1_validation,2016-04-18,6,36.51292837299292
FOODS_3_120_CA_1_validation,2016-04-19,43,29.081094991982166
FOODS_3_120_CA_1_validation,2016-04-20,48,30.040881332318897
FOODS_3_120_CA_1_validation,2016-04-21,47,31.870154066093523
FOODS_3_120_CA_1_validation,2016-04-22,39,36.39748667391271
FOODS_3_120_CA_1_validation,2016-04-23,59,61.93602670912274
FOODS_3_120_CA_1_validation,2016-04-24,59,55.602612088161514
FOODS_3_120_CA_3_validation,2016-03-28,46,38.31122793250458
FOODS_3_120_CA_3_validation,2016-03-29,58,37.0946577086816
FOODS_3_120_CA_3_validation,2016-03-30,56,36.31262955194458
FOODS_3_120_CA_3_validation,2016-03-31,36,34.78405982932417
FOODS_3_120_CA_3_validation,2016-04-01,56,34.71011347579235
FOODS_3_120_CA_3_validation,2016-04-02,61,47.947869174020255
FOODS_3_120_CA_3_validation,2016-04-03,59,46.16197444982538
FOODS_3_120_CA_3_validation,2016-04-04,71,31.867057862257468
FOODS_3_120_CA_3_validation,2016-04-05,73,28.470144808431243
FOODS_3_120_CA_3_validation,2016-04-06,63,29.27929851507253
FOODS_3_120_CA_3_validation,2016-04-07,43,27.677643303625292
FOODS_3_120_CA_3_validation,2016-04-08,47,27.514928191638184
FOODS_3_120_CA_3_validation,2016-04-09,61,42.8193317989839
FOODS_3_120_CA_3_validation,2016-04-10,84,48.916973439296164
FOODS_3_120_CA_3_validation,2016-04-11,57,39.21998797802986
FOODS_3_120_CA_3_validation,2016-04-12,86,36.48990506521076
FOODS_3_120_CA_3_validation,2016-04-13,89,39.11798320833528
FOODS_3_120_CA_3_validation,2016-04-14,142,37.30462612350188
FOODS_3_120_CA_3_validation,2016-04-15,46,41.716267026627065
FOODS_3_120_CA_3_validation,2016-04-16,66,68.15584128805325
FOODS_3_120_CA_3_validation,2016-04-17,72,64.07520575687718
FOODS_3_120_CA_3_validation,2016-04-18,77,51.159284500440485
FOODS_3_120_CA_3_validation,2016-04-19,71,47.99040459204809
FOODS_3_120_CA_3_validation,2016-04-20,69,45.979420004126865
FOODS_3_120_CA_3_validation,2016-04-21,66,46.608583444461196
FOODS_3_120_CA_3_validation,2016-04-22,43,49.49614245699444
FOODS_3_120_CA_3_validation,2016-04-23,81,65.04782142839534
FOODS_3_120_CA_3_validation,2016-04-24,98,64.56880789949645
FOODS_3_120_WI_3_validation,2016-03-28,2,21.77344637093845
FOODS_3_120_WI_3_validation,2016-03-29,17,21.46050165706384
FOODS_3_120_WI_3_validation,2016-03-30,19,20.89487249106308
FOODS_3_120_WI_3_validation,2016-03-31,27,22.996606489404858
FOODS_3_120_WI_3_validation,2016-04-01,18,23.993133989920448
FOODS_3_120_WI_3_validation,2016-04-02,56,34.45563732544521
FOODS_3_120_WI_3_validation,2016-04-03,51,34.34130839043969
FOODS_3_120_WI_3_validation,2016-04-04,29,23.613432888399007
FOODS_3_120_WI_3_validation,2016-04-05,44,24.72339306389179
FOODS_3_120_WI_3_validation,2016-04-06,24,24.72339306389179
FOODS_3_120_WI_3_validation,2016-04-07,27,22.75315080918279
FOODS_3_120_WI_3_validation,2016-04-08,20,23.874655891517836
FOODS_3_120_WI_3_validation,2016-04-09,44,29.372957069942423
FOODS_3_120_WI_3_validation,2016-04-10,54,32.87760378089753
FOODS_3_120_WI_3_validation,2016-04-11,54,26.469201154621377
FOODS_3_120_WI_3_validation,2016-04-12,42,27.12973821564944
FOODS_3_120_WI_3_validation,2016-04-13,20,21.82293871729489
FOODS_3_120_WI_3_validation,2016-04-14,35,26.46235167635504
FOODS_3_120_WI_3_validation,2016-04-15,38,27.525985625830874
FOODS_3_120_WI_3_validation,2016-04-16,56,35.63055847829608
FOODS_3_120_WI_3_validation,2016-04-17,30,38.02212089459287
FOODS_3_120_WI_3_validation,2016-04-18,43,39.854573578077016
FOODS_3_120_WI_3_validation,2016-04-19,25,26.53811048854061
FOODS_3_120_WI_3_validation,2016-04-20,33,23.576983369903488
FOODS_3_120_WI_3_validation,2016-04-21,22,23.446676612713595
FOODS_3_120_WI_3_validation,2016-04-22,29,24.19787155778164
FOODS_3_120_WI_3_validation,2016-04-23,39,36.729197202960606
FOODS_3_120_WI_3_validation,2016-04-24,55,47.69901262098919
FOODS_3_202_CA_3_validation,2016-03-28,19,22.27298333791377
FOODS_3_202_CA_3_validation,2016-03-29,13,19.077812062438095
FOODS_3_202_CA_3_validation,2016-03-30,19,18.574083104916475
FOODS_3_202_CA_3_validation,2016-03-31,11,18.922101108782655
FOODS_3_202_CA_3_validation,2016-04-01,15,18.33910744570281
FOODS_3_202_CA_3_validation,2016-04-02,26,25.03384527265306
FOODS_3_202_CA_3_validation,2016-04-03,39,24.677784991438685
FOODS_3_202_CA_3_validation,2016-04-04,29,16.628551617562906
FOODS_3_202_CA_3_validation,2016-04-05,19,15.532156248961583
FOODS_3_202_CA_3_validation,2016-04-06,24,15.531273027516969
FOODS_3_202_CA_3_validation,2016-04-07,28,15.911309904888878
FOODS_3_202_CA_3_validation,2016-04-08,23,16.507874734969683
FOODS_3_202_CA_3_validation,2016-04-09,34,24.17174791433597
FOODS_3_202_CA_3_validation,2016-04-10,30,25.644600076651525
FOODS_3_202_CA_3_validation,2016-04-11,19,17.069651314331544
FOODS_3_202_CA_3_validation,2016-04-12,22,15.818132369745907
FOODS_3_202_CA_3_validation,2016-04-13,16,15.5644313174303
FOODS_3_202_CA_3_validation,2016-04-14,23,16.817806869223613
FOODS_3_202_CA_3_validation,2016-04-15,29,16.70946698246816
FOODS_3_202_CA_3_validation,2016-04-16,36,24.94150560044739
FOODS_3_202_CA_3_validation,2016-04-17,58,25.77677620843096
FOODS_3_202_CA_3_validation,2016-04-18,37,16.95570555226912
FOODS_3_202_CA_3_validation,2016-04-19,18,15.377259417154452
FOODS_3_202_CA_3_validation,2016-04-20,27,16.09825347850829
FOODS_3_202_CA_3_validation,2016-04-21,24,16.262525618697108
FOODS_3_202_CA_3_validation,2016-04-22,22,18.147187287872462
FOODS_3_202_CA_3_validation,2016-04-23,37,24.19031385968656
FOODS_3_202_CA_3_validation,2016-04-24,29,27.84309459606687
FOODS_3_202_TX_1_validation,2016-03-28,17,20.187955832630152
FOODS_3_202_TX_1_validation,2016-03-29,12,19.508516903487475
FOODS_3_202_TX_1_validation,2016-03-30,18,19.306280479559653
FOODS_3_202_TX_1_validation,2016-03-31,11,19.447061032981935
FOODS_3_202_TX_1_validation,2016-04-01,16,18.83121955703503
FOODS_3_202_TX_1_validation,2016-04-02,34,27.874697315294075
FOODS_3_202_TX_1_validation,2016-04-03,38,28.43579867004693
FOODS_3_202_TX_1_validation,2016-04-04,14,19.761053826555813
FOODS_3_202_TX_1_validation,2016-04-05,23,17.945295448279268
FOODS_3_202_TX_1_validation,2016-04-06,17,17.365962298441037
FOODS_3_202_TX_1_validation,2016-04-07,17,18.341924103203336
FOODS_3_202_TX_1_validation,2016-04-08,21,20.320953781365922
FOODS_3_202_TX_1_validation,2016-04-09,39,27.070491359460892
FOODS_3_202_TX_1_validation,2016-04-10,42,28.569145303373542
FOODS_3_202_TX_1_validation,2016-04-11,19,19.172645916197528
FOODS_3_202_TX_1_validation,2016-04-12,25,18.624665567068096
FOODS_3_202_TX_1_validation,2016-04-13,16,18.034243762063916
FOODS_3_202_TX_1_validation,2016-04-14,18,18.728750688956048
FOODS_3_202_TX_1_validation,2016-04-15,30,19.025327488920418
FOODS_3_202_TX_1_validation,2016-04-16,48,28.868683972900158
FOODS_3_202_TX_1_validation,2016-04-17,56,29.60325049960856
FOODS_3_202_TX_1_validation,2016-04-18,30,18.760699999215706
FOODS_3_202_TX_1_validation,2016-04-19,29,17.491722429568476
FOODS_3_202_TX_1_validation,2016-04-20,18,17.628955779683636
FOODS_3_202_TX_1_validation,2016-04-21,18,17.804458549779582
FOODS_3_202_TX_1_validation,2016-04-22,18,21.19057790554329
FOODS_3_202_TX_1_validation,2016-04-23,37,27.278281361481522
FOODS_3_202_TX_1_validation,2016-04-24,38,27.895668121273545
FOODS_3_202_TX_2_validation,2016-03-28,13,18.742449034604366
FOODS_3_202_TX_2_validation,2016-03-29,11,16.885770629084977
FOODS_3_202_TX_2_validation,2016-03-30,8,16.87361541369876
FOODS_3_202_TX_2_validation,2016-03-31,15,17.575008852128764
FOODS_3_202_TX_2_validation,2016-04-01,25,16.51074376877432
FOODS_3_202_TX_2_validation,2016-04-02,29,24.610046769910014
FOODS_3_202_TX_2_validation,2016-04-03,26,23.783656067370373
FOODS_3_202_TX_2_validation,2016-04-04,14,17.67859793191819
FOODS_3_202_TX_2_validation,2016-04-05,11,17.426902020066297
FOODS_3_202_TX_2_validation,2016-04-06,12,16.027823956571766
FOODS_3_202_TX_2_validation,2016-04-07,16,15.899249086920024
FOODS_3_202_TX_2_validation,2016-04-08,25,17.383671610117386
FOODS_3_202_TX_2_validation,2016-04-09,37,22.809226488177575
FOODS_3_202_TX_2_validation,2016-04-10,29,24.542057080301884
FOODS_3_202_TX_2_validation,2016-04-11,12,16.933743104825375
FOODS_3_202_TX_2_validation,2016-04-12,13,15.269793566527362
FOODS_3_202_TX_2_validation,2016-04-13,14,15.174104455297453
FOODS_3_202_TX_2_validation,2016-04-14,12,15.89983987014179
FOODS_3_202_TX_2_validation,2016-04-15,19,16.56948527967196
FOODS_3_202_TX_2_validation,2016-04-16,36,23.879607249778964
FOODS_3_202_TX_2_validation,2016-04-17,38,24.201384274381418
FOODS_3_202_TX_2_validation,2016-04-18,14,15.663064505664233
FOODS_3_202_TX_2_validation,2016-04-19,14,14.5087093544589
FOODS_3_202_TX_2_validation,2016-04-20,13,15.299511177668261
FOODS_3_202_TX_2_validation,2016-04-21,18,14.35149483169223
FOODS_3_202_TX_2_validation,2016-04-22,18,16.69478588560347
FOODS_3_202_TX_2_validation,2016-04-23,30,22.736903825975958
FOODS_3_202_TX_2_validation,2016-04-24,13,25.0912777550132
FOODS_3_202_TX_3_validation,2016-03-28,33,23.07655361149586
FOODS_3_202_TX_3_validation,2016-03-29,35,21.596677913480026
FOODS_3_202_TX_3_validation,2016-03-30,17,21.135781977474366
FOODS_3_202_TX_3_validation,2016-03-31,14,21.858718329070538
FOODS_3_202_TX_3_validation,2016-04-01,22,22.207026949755576
FOODS_3_202_TX_3_validation,2016-04-02,30,30.738549018483035
FOODS_3_202_TX_3_validation,2016-04-03,33,33.01603380551534
FOODS_3_202_TX_3_validation,2016-04-04,23,23.919272969168667
FOODS_3_202_TX_3_validation,2016-04-05,29,22.694054645749045
FOODS_3_202_TX_3_validation,2016-04-06,28,21.775435584829133
FOODS_3_202_TX_3_validation,2016-04-07,44,22.797934090691744
FOODS_3_202_TX_3_validation,2016-04-08,24,22.70971519414147
FOODS_3_202_TX_3_validation,2016-04-09,24,33.46089006861812
FOODS_3_202_TX_3_validation,2016-04-10,38,33.89958930818046
FOODS_3_202_TX_3_validation,2016-04-11,27,24.739080686514253
FOODS_3_202_TX_3_validation,2016-04-12,24,23.74614220514856
FOODS_3_202_TX_3_validation,2016-04-13,24,22.02021985782275
FOODS_3_202_TX_3_validation,2016-04-14,29,21.56872061329067
FOODS_3_202_TX_3_validation,2016-04-15,28,23.40644192912891
FOODS_3_202_TX_3_validation,2016-04-16,28,31.447394079823905
FOODS_3_202_TX_3_validation,2016-04-17,59,33.51996899833538
FOODS_3_202_TX_3_validation,2016-04-18,36,22.138189895866216
FOODS_3_202_TX_3_validation,2016-04-19,23,20.634747482173683
FOODS_3_202_TX_3_validation,2016-04-20,23,20.69649914141605
FOODS_3_202_TX_3_validation,2016-04-21,18,19.56175564846137
FOODS_3_202_TX_3_validation,2016-04-22,23,20.59825352589276
FOODS_3_202_TX_3_validation,2016-04-23,40,32.56350559435279
FOODS_3_202_TX_3_validation,2016-04-24,59,31.212092546648574
FOODS_3_226_WI_1_validation,2016-03-28,22,35.179995572576196
FOODS_3_226_WI_1_validation,2016-03-29,25,33.80564267851448
FOODS_3_226_WI_1_validation,2016-03-30,27,35.34252692866948
FOODS_3_226_WI_1_validation,2016-03-31,40,35.34102232105907
FOODS_3_226_WI_1_validation,2016-04-01,39,45.7501872090597
FOODS_3_226_WI_1_validation,2016-04-02,39,56.96360851761121
FOODS_3_226_WI_1_validation,2016-04-03,49,47.45028850748846
FOODS_3_226_WI_1_validation,2016-04-04,29,35.98418947021432
FOODS_3_226_WI_1_validation,2016-04-05,35,36.60436386545826
FOODS_3_226_WI_1_validation,2016-04-06,22,35.38083457502503
FOODS_3_226_WI_1_validation,2016-04-07,27,36.828397320696226
FOODS_3_226_WI_1_validation,2016-04-08,31,42.11482272764909
FOODS_3_226_WI_1_validation,2016-04-09,55,58.23786782600859
FOODS_3_226_WI_1_validation,2016-04-10,52,49.406762261730385
FOODS_3_226_WI_1_validation,2016-04-11,33,34.117580751648745
FOODS_3_226_WI_1_validation,2016-04-12,26,35.02651987056345
FOODS_3_226_WI_1_validation,2016-04-13,32,36.854976042006136
FOODS_3_226_WI_1_validation,2016-04-14,40,36.77279543740113
FOODS_3_226_WI_1_validation,2016-04-15,38,42.736158154731015
FOODS_3_226_WI_1_validation,2016-04-16,56,56.76642393772748
FOODS_3_226_WI_1_validation,2016-04-17,58,50.03159784580877
FOODS_3_226_WI_1_validation,2016-04-18,42,36.38488352274404
FOODS_3_226_WI_1_validation,2016-04-19,27,34.864535307227875
FOODS_3_226_WI_1_validation,2016-04-20,34,33.97885599355566
FOODS_3_226_WI_1_validation,2016-04-21,24,36.06445864818458
FOODS_3_226_WI_1_validation,2016-04-22,41,46.67137690317845
FOODS_3_226_WI_1_validation,2016-04-23,41,59.17147064718029
FOODS_3_226_WI_1_validation,2016-04-24,38,47.77225274161891
FOODS_3_226_WI_2_validation,2016-03-28,28,40.65954959606047
FOODS_3_226_WI_2_validation,2016-03-29,34,43.559769561114095
FOODS_3_226_WI_2_validation,2016-03-30,46,42.91591064397682
FOODS_3_226_WI_2_validation,2016-03-31,30,43.543794673519635
FOODS_3_226_WI_2_validation,2016-04-01,55,48.84803555567584
FOODS_3_226_WI_2_validation,2016-04-02,45,53.37407334837631
FOODS_3_226_WI_2_validation,2016-04-03,48,48.336710037705814
FOODS_3_226_WI_2_validation,2016-04-04,33,38.31246978836757
FOODS_3_226_WI_2_validation,2016-04-05,48,46.81465890979216
FOODS_3_226_WI_2_validation,2016-04-06,43,46.75503007244804
FOODS_3_226_WI_2_validation,2016-04-07,36,41.01696051094899
FOODS_3_226_WI_2_validation,2016-04-08,53,53.24349787131723
FOODS_3_226_WI_2_validation,2016-04-09,52,57.504011586135896
FOODS_3_226_WI_2_validation,2016-04-10,47,48.789977471235
FOODS_3_226_WI_2_validation,2016-04-11,46,47.64268616503803
FOODS_3_226_WI_2_validation,2016-04-12,38,49.939876755333664
FOODS_3_226_WI_2_validation,2016-04-13,43,44.25569712300778
FOODS_3_226_WI_2_validation,2016-04-14,58,48.85926861549761
FOODS_3_226_WI_2_validation,2016-04-15,60,48.987104200001056
FOODS_3_226_WI_2_validation,2016-04-16,56,48.47997802020828
FOODS_3_226_WI_2_validation,2016-04-17,67,45.274282612024
FOODS_3_226_WI_2_validation,2016-04-18,40,38.758462525431256
FOODS_3_226_WI_2_validation,2016-04-19,31,39.109719883114266
FOODS_3_226_WI_2_validation,2016-04-20,40,39.109719883114266
FOODS_3_226_WI_2_validation,2016-04-21,50,39.63136121615187
FOODS_3_226_WI_2_validation,2016-04-22,48,45.02732629013882
FOODS_3_226_WI_2_validation,2016-04-23,43,52.083589767846384
FOODS_3_226_WI_2_validation,2016-04-24,38,47.20129656779287
FOODS_3_226_WI_3_validation,2016-03-28,46,46.355621036387895
FOODS_3_226_WI_3_validation,2016-03-29,50,47.004078454710566
FOODS_3_226_WI_3_validation,2016-03-30,42,47.7395765121743
FOODS_3_226_WI_3_validation,2016-03-31,50,48.98191052423223
FOODS_3_226_WI_3_validation,2016-04-01,50,56.97804438867474
FOODS_3_226_WI_3_validation,2016-04-02,56,67.34023621771735
FOODS_3_226_WI_3_validation,2016-04-03,44,61.1872961234181
FOODS_3_226_WI_3_validation,2016-04-04,35,47.51417244642803
FOODS_3_226_WI_3_validation,2016-04-05,53,51.564023734021845
FOODS_3_226_WI_3_validation,2016-04-06,36,53.774338416641356
FOODS_3_226_WI_3_validation,2016-04-07,40,48.610161131378206
FOODS_3_226_WI_3_validation,2016-04-08,39,61.62472326775636
FOODS_3_226_WI_3_validation,2016-04-09,55,61.901188954783805
FOODS_3_226_WI_3_validation,2016-04-10,45,54.14443987104416
FOODS_3_226_WI_3_validation,2016-04-11,45,49.44619788325134
FOODS_3_226_WI_3_validation,2016-04-12,45,50.35767142910075
FOODS_3_226_WI_3_validation,2016-04-13,45,45.546488132892144
FOODS_3_226_WI_3_validation,2016-04-14,53,52.54170387072302
FOODS_3_226_WI_3_validation,2016-04-15,51,57.24778963265048
FOODS_3_226_WI_3_validation,2016-04-16,59,62.17753813171173
FOODS_3_226_WI_3_validation,2016-04-17,46,57.66792293063906
FOODS_3_226_WI_3_validation,2016-04-18,49,44.34384615831912
FOODS_3_226_WI_3_validation,2016-04-19,38,45.52114534320837
FOODS_3_226_WI_3_validation,2016-04-20,37,44.64040571985347
FOODS_3_226_WI_3_validation,2016-04-21,43,45.73539490729591
FOODS_3_226_WI_3_validation,2016-04-22,55,58.39515458752828
FOODS_3_226_WI_3_validation,2016-04-23,40,61.841265559564754
FOODS_3_226_WI_3_validation,2016-04-24,38,54.96315691695734
FOODS_3_234_CA_3_validation,2016-03-28,13,14.279152269796104
FOODS_3_234_CA_3_validation,2016-03-29,4,12.789871161441903
FOODS_3_234_CA_3_validation,2016-03-30,2,12.317426446825875
FOODS_3_234_CA_3_validation,2016-03-31,7,11.705340535141223
FOODS_3_234_CA_3_validation,2016-04-01,27,15.61775456340378
FOODS_3_234_CA_3_validation,2016-04-02,8,19.11542834156005
FOODS_3_234_CA_3_validation,2016-04-03,12,18.33210109991972
FOODS_3_234_CA_3_validation,2016-04-04,10,18.350033140508987
FOODS_3_234_CA_3_validation,2016-04-05,16,14.829551385812906
FOODS_3_234_CA_3_validation,2016-04-06,8,15.710824851660494
FOODS_3_234_CA_3_validation,2016-04-07,41,14.883784924315792
FOODS_3_234_CA_3_validation,2016-04-08,19,17.636463181346027
FOODS_3_234_CA_3_validation,2016-04-09,2,18.75396362826068
FOODS_3_234_CA_3_validation,2016-04-10,0,18.27215608422515
FOODS_3_234_CA_3_validation,2016-04-11,0,11.436323999934023
FOODS_3_234_CA_3_validation,2016-04-12,0,10.743861130408943
FOODS_3_234_CA_3_validation,2016-04-13,12,11.963487976047636
FOODS_3_234_CA_3_validation,2016-04-14,65,10.723300860530381
FOODS_3_234_CA_3_validation,2016-04-15,8,11.397354767905886
FOODS_3_234_CA_3_validation,2016-04-16,1,13.280521646252252
FOODS_3_234_CA_3_validation,2016-04-17,34,12.718338371595742
FOODS_3_234_CA_3_validation,2016-04-18,27,11.58492492904603
FOODS_3_234_CA_3_validation,2016-04-19,2,12.041274408561508
FOODS_3_234_CA_3_validation,2016-04-20,2,11.8477866549386
FOODS_3_234_CA_3_validation,2016-04-21,0,10.715964156791928
FOODS_3_234_CA_3_validation,2016-04-22,0,11.608133808633509
FOODS_3_234_CA_3_validation,2016-04-23,0,13.491300686979875
FOODS_3_234_CA_3_validation,2016-04-24,0,13.060165368509798
FOODS_3_234_WI_2_validation,2016-03-28,0,11.967831431196222
FOODS_3_234_WI_2_validation,2016-03-29,0,12.717119542138848
FOODS_3_234_WI_2_validation,2016-03-30,0,12.717119542138848
FOODS_3_234_WI_2_validation,2016-03-31,4,12.797401392400554
FOODS_3_234_WI_2_validation,2016-04-01,0,12.349800716181276
FOODS_3_234_WI_2_validation,2016-04-02,0,51.941323745990914
FOODS_3_234_WI_2_validation,2016-04-03,0,54.364652000689574
FOODS_3_234_WI_2_validation,2016-04-04,0,22.43669079277484
FOODS_3_234_WI_2_validation,2016-04-05,0,45.526041605167684
FOODS_3_234_WI_2_validation,2016-04-06,0,33.55581415763269
FOODS_3_234_WI_2_validation,2016-04-07,0,12.49579075149834
FOODS_3_234_WI_2_validation,2016-04-08,0,29.3868532890165
FOODS_3_234_WI_2_validation,2016-04-09,0,41.543643222410786
FOODS_3_234_WI_2_validation,2016-04-10,0,21.27263578194826
FOODS_3_234_WI_2_validation,2016-04-11,0,17.261100386211556
FOODS_3_234_WI_2_validation,2016-04-12,0,15.937865194735524
FOODS_3_234_WI_2_validation,2016-04-13,1,10.453059026806516
FOODS_3_234_WI_2_validation,2016-04-14,0,15.845328801342173
FOODS_3_234_WI_2_validation,2016-04-15,0,17.041179869178897
FOODS_3_234_WI_2_validation,2016-04-16,1,14.209591790064271
FOODS_3_234_WI_2_validation,2016-04-17,0,12.455834074176503
FOODS_3_234_WI_2_validation,2016-04-18,0,7.862597624373822
FOODS_3_234_WI_2_validation,2016-04-19,57,7.085311448363603
FOODS_3_234_WI_2_validation,2016-04-20,82,7.085311448363603
FOODS_3_234_WI_2_validation,2016-04-21,41,7.064751178485044
FOODS_3_234_WI_2_validation,2016-04-22,32,8.260602246321769
FOODS_3_234_WI_2_validation,2016-04-23,27,10.551767134759453
FOODS_3_234_WI_2_validation,2016-04-24,12,9.342676568675799
FOODS_3_234_WI_3_validation,2016-03-28,9,16.719398838881848
FOODS_3_234_WI_3_validation,2016-03-29,17,16.59493982817787
FOODS_3_234_WI_3_validation,2016-03-30,20,16.24964682389435
FOODS_3_234_WI_3_validation,2016-03-31,16,6.584172832093933
FOODS_3_234_WI_3_validation,2016-04-01,25,16.24254030959427
FOODS_3_234_WI_3_validation,2016-04-02,42,32.546458288992014
FOODS_3_234_WI_3_validation,2016-04-03,47,32.50847507286153
FOODS_3_234_WI_3_validation,2016-04-04,2,16.9369701718353
FOODS_3_234_WI_3_validation,2016-04-05,31,20.34371469740435
FOODS_3_234_WI_3_validation,2016-04-06,39,13.939478157343112
FOODS_3_234_WI_3_validation,2016-04-07,19,7.316151394606245
FOODS_3_234_WI_3_validation,2016-04-08,35,20.426641618685373
FOODS_3_234_WI_3_validation,2016-04-09,83,27.621356913207173
FOODS_3_234_WI_3_validation,2016-04-10,48,15.782705668682702
FOODS_3_234_WI_3_validation,2016-04-11,23,20.63278375281267
FOODS_3_234_WI_3_validation,2016-04-12,53,22.736635221945598
FOODS_3_234_WI_3_validation,2016-04-13,0,11.900093621150079
FOODS_3_234_WI_3_validation,2016-04-14,17,23.717095161986013
FOODS_3_234_WI_3_validation,2016-04-15,43,17.194568456543884
FOODS_3_234_WI_3_validation,2016-04-16,7,11.11123731108389
FOODS_3_234_WI_3_validation,2016-04-17,21,18.379955396995218
FOODS_3_234_WI_3_validation,2016-04-18,17,14.029133175586084
FOODS_3_234_WI_3_validation,2016-04-19,7,12.744604629347325
FOODS_3_234_WI_3_validation,2016-04-20,2,12.69723910596325
FOODS_3_234_WI_3_validation,2016-04-21,8,11.915618102423002
FOODS_3_234_WI_3_validation,2016-04-22,14,13.394353730644232
FOODS_3_234_WI_3_validation,2016-04-23,12,17.86645858804247
FOODS_3_234_WI_3_validation,2016-04-24,8,16.093191752305785
FOODS_3_252_CA_1_validation,2016-03-28,24,32.266114154753026
FOODS_3_252_CA_1_validation,2016-03-29,28,27.15271269165645
FOODS_3_252_CA_1_validation,2016-03-30,25,29.305819574313123
FOODS_3_252_CA_1_validation,2016-03-31,26,29.474628969687732
FOODS_3_252_CA_1_validation,2016-04-01,45,37.02529523950882
FOODS_3_252_CA_1_validation,2016-04-02,68,51.504985409141966
FOODS_3_252_CA_1_validation,2016-04-03,52,56.3540138186202
FOODS_3_252_CA_1_validation,2016-04-04,33,34.41559964936156
FOODS_3_252_CA_1_validation,2016-04-05,32,30.349767276712026
FOODS_3_252_CA_1_validation,2016-04-06,34,30.19569925488798
FOODS_3_252_CA_1_validation,2016-04-07,40,31.095802138932775
FOODS_3_252_CA_1_validation,2016-04-08,45,39.92972554500174
FOODS_3_252_CA_1_validation,2016-04-09,59,51.759885233056984
FOODS_3_252_CA_1_validation,2016-04-10,37,47.19860790413452
FOODS_3_252_CA_1_validation,2016-04-11,32,30.032411792635656
FOODS_3_252_CA_1_validation,2016-04-12,18,25.773909731942787
FOODS_3_252_CA_1_validation,2016-04-13,37,25.70149111011612
FOODS_3_252_CA_1_validation,2016-04-14,27,26.05232606340343
FOODS_3_252_CA_1_validation,2016-04-15,23,32.6677331171759
FOODS_3_252_CA_1_validation,2016-04-16,57,51.04156408654118
FOODS_3_252_CA_1_validation,2016-04-17,49,53.581142711072616
FOODS_3_252_CA_1_validation,2016-04-18,21,29.9073325828728
FOODS_3_252_CA_1_validation,2016-04-19,46,25.010807873185392
FOODS_3_252_CA_1_validation,2016-04-20,24,27.809714229031584
FOODS_3_252_CA_1_validation,2016-04-21,35,27.537587216274417
FOODS_3_252_CA_1_validation,2016-04-22,33,37.755715688547404
FOODS_3_252_CA_1_validation,2016-04-23,49,55.8994822899292
FOODS_3_252_CA_1_validation,2016-04-24,52,52.98568421234091
FOODS_3_252_CA_2_validation,2016-03-28,11,29.697402912573022
FOODS_3_252_CA_2_validation,2016-03-29,35,29.5520323695466
FOODS_3_252_CA_2_validation,2016-03-30,28,29.00269866493195
FOODS_3_252_CA_2_validation,2016-03-31,37,30.18815973879089
FOODS_3_252_CA_2_validation,2016-04-01,29,39.12654785891859
FOODS_3_252_CA_2_validation,2016-04-02,56,47.924721095939226
FOODS_3_252_CA_2_validation,2016-04-03,53,46.606932085302574
FOODS_3_252_CA_2_validation,2016-04-04,34,30.52908844199478
FOODS_3_252_CA_2_validation,2016-04-05,39,29.360485407839946
FOODS_3_252_CA_2_validation,2016-04-06,40,30.468541503662497
FOODS_3_252_CA_2_validation,2016-04-07,29,29.922558324601138
FOODS_3_252_CA_2_validation,2016-04-08,26,35.48229974699258
FOODS_3_252_CA_2_validation,2016-04-09,41,52.436082207584754
FOODS_3_252_CA_2_validation,2016-04-10,48,43.04157388483369
FOODS_3_252_CA_2_validation,2016-04-11,23,28.856534261572786
FOODS_3_252_CA_2_validation,2016-04-12,16,28.673077807773126
FOODS_3_252_CA_2_validation,2016-04-13,27,27.58946310500062
FOODS_3_252_CA_2_validation,2016-04-14,8,28.27436783267879
FOODS_3_252_CA_2_validation,2016-04-15,35,36.18891327843951
FOODS_3_252_CA_2_validation,2016-04-16,59,40.51715125735974
FOODS_3_252_CA_2_validation,2016-04-17,55,36.96313657434163
FOODS_3_252_CA_2_validation,2016-04-18,43,23.734849191523764
FOODS_3_252_CA_2_validation,2016-04-19,37,22.986161081357082
FOODS_3_252_CA_2_validation,2016-04-20,23,23.5595332688686
FOODS_3_252_CA_2_validation,2016-04-21,25,25.36489828539644
FOODS_3_252_CA_2_validation,2016-04-22,27,30.521122579673353
FOODS_3_252_CA_2_validation,2016-04-23,41,49.348830968862146
FOODS_3_252_CA_2_validation,2016-04-24,38,44.24881207267591
FOODS_3_252_CA_3_validation,2016-03-28,36,38.262343956175975
FOODS_3_252_CA_3_validation,2016-03-29,43,34.69778071734559
FOODS_3_252_CA_3_validation,2016-03-30,30,33.87004010992076
FOODS_3_252_CA_3_validation,2016-03-31,24,36.592670343964514
FOODS_3_252_CA_3_validation,2016-04-01,33,40.03843931636683
FOODS_3_252_CA_3_validation,2016-04-02,47,50.30506570001568
FOODS_3_252_CA_3_validation,2016-04-03,61,51.643704044709374
FOODS_3_252_CA_3_validation,2016-04-04,42,38.04904073389775
FOODS_3_252_CA_3_validation,2016-04-05,38,36.41879183314772
FOODS_3_252_CA_3_validation,2016-04-06,60,34.196226542528734
FOODS_3_252_CA_3_validation,2016-04-07,40,36.22977970135077
FOODS_3_252_CA_3_validation,2016-04-08,46,39.29730713694371
FOODS_3_252_CA_3_validation,2016-04-09,51,48.36850359832284
FOODS_3_252_CA_3_validation,2016-04-10,52,48.522812361649784
FOODS_3_252_CA_3_validation,2016-04-11,58,36.58600783466852
FOODS_3_252_CA_3_validation,2016-04-12,35,31.755610152642905
FOODS_3_252_CA_3_validation,2016-04-13,43,36.162730284940665
FOODS_3_252_CA_3_validation,2016-04-14,30,34.085264404246075
FOODS_3_252_CA_3_validation,2016-04-15,44,40.49496770802818
FOODS_3_252_CA_3_validation,2016-04-16,65,55.3089531849146
FOODS_3_252_CA_3_validation,2016-04-17,81,52.051501249180674
FOODS_3_252_CA_3_validation,2016-04-18,59,36.893687187050695
FOODS_3_252_CA_3_validation,2016-04-19,56,36.41803836069013
FOODS_3_252_CA_3_validation,2016-04-20,29,35.740880560388135
FOODS_3_252_CA_3_validation,2016-04-21,46,33.41563041849864
FOODS_3_252_CA_3_validation,2016-04-22,35,45.30441542365805
FOODS_3_252_CA_3_validation,2016-04-23,61,55.98469792430864
FOODS_3_252_CA_3_validation,2016-04-24,39,57.87498404901689
FOODS_3_252_TX_1_validation,2016-03-28,26,24.67024506214069
FOODS_3_252_TX_1_validation,2016-03-29,9,22.212991338553795
FOODS_3_252_TX_1_validation,2016-03-30,12,22.578860027251366
FOODS_3_252_TX_1_validation,2016-03-31,34,25.158210366246976
FOODS_3_252_TX_1_validation,2016-04-01,32,28.518192312322917
FOODS_3_252_TX_1_validation,2016-04-02,36,37.23823502453332
FOODS_3_252_TX_1_validation,2016-04-03,35,35.40856974027832
FOODS_3_252_TX_1_validation,2016-04-04,28,24.390269232844698
FOODS_3_252_TX_1_validation,2016-04-05,32,24.841815710264743
FOODS_3_252_TX_1_validation,2016-04-06,30,24.841815710264743
FOODS_3_252_TX_1_validation,2016-04-07,37,27.610673472859528
FOODS_3_252_TX_1_validation,2016-04-08,27,33.40623631449102
FOODS_3_252_TX_1_validation,2016-04-09,55,41.548569339486505
FOODS_3_252_TX_1_validation,2016-04-10,38,41.31556353987206
FOODS_3_252_TX_1_validation,2016-04-11,23,31.163487307508944
FOODS_3_252_TX_1_validation,2016-04-12,23,29.630655964655567
FOODS_3_252_TX_1_validation,2016-04-13,26,28.58167984168654
FOODS_3_252_TX_1_validation,2016-04-14,26,29.678796258084564
FOODS_3_252_TX_1_validation,2016-04-15,27,33.609126997036824
FOODS_3_252_TX_1_validation,2016-04-16,31,39.032553797926816
FOODS_3_252_TX_1_validation,2016-04-17,35,38.26674339862689
FOODS_3_252_TX_1_validation,2016-04-18,17,28.930403692695055
FOODS_3_252_TX_1_validation,2016-04-19,31,25.68019827277574
FOODS_3_252_TX_1_validation,2016-04-20,36,26.762162977964838
FOODS_3_252_TX_1_validation,2016-04-21,32,27.699680742967367
FOODS_3_252_TX_1_validation,2016-04-22,17,32.97019805272681
FOODS_3_252_TX_1_validation,2016-04-23,55,46.31610680569025
FOODS_3_252_TX_1_validation,2016-04-24,35,46.25058408387876
FOODS_3_252_TX_2_validation,2016-03-28,45,54.231696370686294
FOODS_3_252_TX_2_validation,2016-03-29,29,47.39106294982939
FOODS_3_252_TX_2_validation,2016-03-30,30,47.10887779051551
FOODS_3_252_TX_2_validation,2016-03-31,47,51.89133897124314
FOODS_3_252_TX_2_validation,2016-04-01,52,60.00115219353962
FOODS_3_252_TX_2_validation,2016-04-02,81,85.59496411028431
FOODS_3_252_TX_2_validation,2016-04-03,77,81.00627058446103
FOODS_3_252_TX_2_validation,2016-04-04,41,50.298330760362035
FOODS_3_252_TX_2_validation,2016-04-05,53,47.50260107885738
FOODS_3_252_TX_2_validation,2016-04-06,50,47.14489167322014
FOODS_3_252_TX_2_validation,2016-04-07,57,48.9139642958357
FOODS_3_252_TX_2_validation,2016-04-08,63,59.771100873733225
FOODS_3_252_TX_2_validation,2016-04-09,50,81.53525375909256
FOODS_3_252_TX_2_validation,2016-04-10,61,79.13519318185782
FOODS_3_252_TX_2_validation,2016-04-11,45,52.311744323304225
FOODS_3_252_TX_2_validation,2016-04-12,37,47.21193138213597
FOODS_3_252_TX_2_validation,2016-04-13,31,47.10542903911701
FOODS_3_252_TX_2_validation,2016-04-14,32,49.18833671889286
FOODS_3_252_TX_2_validation,2016-04-15,56,62.46090522851142
FOODS_3_252_TX_2_validation,2016-04-16,48,80.67152237848595
FOODS_3_252_TX_2_validation,2016-04-17,63,76.26529671154304
FOODS_3_252_TX_2_validation,2016-04-18,22,48.392156661421666
FOODS_3_252_TX_2_validation,2016-04-19,32,44.20613042273731
FOODS_3_252_TX_2_validation,2016-04-20,31,43.88272359260571
FOODS_3_252_TX_2_validation,2016-04-21,39,45.88103694683315
FOODS_3_252_TX_2_validation,2016-04-22,63,59.27638991825105
FOODS_3_252_TX_2_validation,2016-04-23,91,83.58370834132324
FOODS_3_252_TX_2_validation,2016-04-24,46,75.81791963382393
FOODS_3_252_TX_3_validation,2016-03-28,24,39.792610667766546
FOODS_3_252_TX_3_validation,2016-03-29,18,35.526595716472265
FOODS_3_252_TX_3_validation,2016-03-30,16,35.17120734391158
FOODS_3_252_TX_3_validation,2016-03-31,37,40.11777009413049
FOODS_3_252_TX_3_validation,2016-04-01,29,43.19026264498156
FOODS_3_252_TX_3_validation,2016-04-02,60,50.47251485681806
FOODS_3_252_TX_3_validation,2016-04-03,30,54.24725195379042
FOODS_3_252_TX_3_validation,2016-04-04,23,38.548789246869646
FOODS_3_252_TX_3_validation,2016-04-05,25,36.17984108648927
FOODS_3_252_TX_3_validation,2016-04-06,16,37.25841116460465
FOODS_3_252_TX_3_validation,2016-04-07,36,37.89379958323674
FOODS_3_252_TX_3_validation,2016-04-08,41,41.491363931119025
FOODS_3_252_TX_3_validation,2016-04-09,45,50.02938751078919
FOODS_3_252_TX_3_validation,2016-04-10,43,50.536266149086586
FOODS_3_252_TX_3_validation,2016-04-11,38,40.92460006549009
FOODS_3_252_TX_3_validation,2016-04-12,32,39.381119783656494
FOODS_3_252_TX_3_validation,2016-04-13,36,38.90759251374893
FOODS_3_252_TX_3_validation,2016-04-14,33,38.84132148605763
FOODS_3_252_TX_3_validation,2016-04-15,37,46.88981783629039
FOODS_3_252_TX_3_validation,2016-04-16,39,51.614098402515495
FOODS_3_252_TX_3_validation,2016-04-17,28,46.66896080272433
FOODS_3_252_TX_3_validation,2016-04-18,20,38.975121125132084
FOODS_3_252_TX_3_validation,2016-04-19,43,36.63787748054205
FOODS_3_252_TX_3_validation,2016-04-20,25,33.93459168829921
FOODS_3_252_TX_3_validation,2016-04-21,21,34.34868732022996
FOODS_3_252_TX_3_validation,2016-04-22,36,42.902904944165854
FOODS_3_252_TX_3_validation,2016-04-23,64,50.69626006537211
FOODS_3_252_TX_3_validation,2016-04-24,20,50.82639353495215
FOODS_3_252_WI_3_validation,2016-03-28,18,15.508154251076508
FOODS_3_252_WI_3_validation,2016-03-29,17,15.826632579424544
FOODS_3_252_WI_3_validation,2016-03-30,10,16.192501268122083
FOODS_3_252_WI_3_validation,2016-03-31,15,15.69459525123825
FOODS_3_252_WI_3_validation,2016-04-01,13,20.50963923251565
FOODS_3_252_WI_3_validation,2016-04-02,25,24.90477695834841
FOODS_3_252_WI_3_validation,2016-04-03,31,28.240666290917975
FOODS_3_252_WI_3_validation,2016-04-04,5,16.994949264884045
FOODS_3_252_WI_3_validation,2016-04-05,14,17.959221136827427
FOODS_3_252_WI_3_validation,2016-04-06,9,17.36645950166271
FOODS_3_252_WI_3_validation,2016-04-07,9,16.3169477908403
FOODS_3_252_WI_3_validation,2016-04-08,12,23.124151622917246
FOODS_3_252_WI_3_validation,2016-04-09,27,27.086442632241454
FOODS_3_252_WI_3_validation,2016-04-10,9,22.783811157860477
FOODS_3_252_WI_3_validation,2016-04-11,23,18.056685202851188
FOODS_3_252_WI_3_validation,2016-04-12,18,16.896659058530474
FOODS_3_252_WI_3_validation,2016-04-13,11,16.15669466197221
FOODS_3_252_WI_3_validation,2016-04-14,11,17.690140471048856
FOODS_3_252_WI_3_validation,2016-04-15,26,21.57573545060213
FOODS_3_252_WI_3_validation,2016-04-16,35,27.602198070408427
FOODS_3_252_WI_3_validation,2016-04-17,39,21.129715258882726
FOODS_3_252_WI_3_validation,2016-04-18,24,16.04543739103095
FOODS_3_252_WI_3_validation,2016-04-19,10,15.146645130806855
FOODS_3_252_WI_3_validation,2016-04-20,13,15.146645130806855
FOODS_3_252_WI_3_validation,2016-04-21,23,15.44030875255785
FOODS_3_252_WI_3_validation,2016-04-22,16,22.15849331138944
FOODS_3_252_WI_3_validation,2016-04-23,28,24.05164050036842
FOODS_3_252_WI_3_validation,2016-04-24,34,24.46975835666342
FOODS_3_281_CA_3_validation,2016-03-28,24,11.212142091486948
FOODS_3_281_CA_3_validation,2016-03-29,114,12.051609542079285
FOODS_3_281_CA_3_validation,2016-03-30,6,11.854684147491865
FOODS_3_281_CA_3_validation,2016-03-31,19,12.45946232319882
FOODS_3_281_CA_3_validation,2016-04-01,33,13.120751339320002
FOODS_3_281_CA_3_validation,2016-04-02,20,15.840023654690748
FOODS_3_281_CA_3_validation,2016-04-03,18,16.940999875148034
FOODS_3_281_CA_3_validation,2016-04-04,9,13.47274984060587
FOODS_3_281_CA_3_validation,2016-04-05,15,14.072686775537138
FOODS_3_281_CA_3_validation,2016-04-06,10,15.317351230153045
FOODS_3_281_CA_3_validation,2016-04-07,16,14.135975602515728
FOODS_3_281_CA_3_validation,2016-04-08,15,15.512159944248186
FOODS_3_281_CA_3_validation,2016-04-09,19,15.735694567179168
FOODS_3_281_CA_3_validation,2016-04-10,14,15.051456746046986
FOODS_3_281_CA_3_validation,2016-04-11,10,13.099432783278088
FOODS_3_281_CA_3_validation,2016-04-12,21,13.741974839283005
FOODS_3_281_CA_3_validation,2016-04-13,23,13.74438449681009
FOODS_3_281_CA_3_validation,2016-04-14,12,14.065723200048698
FOODS_3_281_CA_3_validation,2016-04-15,37,14.93865691423684
FOODS_3_281_CA_3_validation,2016-04-16,9,19.935799828032824
FOODS_3_281_CA_3_validation,2016-04-17,0,14.797068903300032
FOODS_3_281_CA_3_validation,2016-04-18,1,13.101842440805173
FOODS_3_281_CA_3_validation,2016-04-19,16,13.94130989139751
FOODS_3_281_CA_3_validation,2016-04-20,12,13.74438449681009
FOODS_3_281_CA_3_validation,2016-04-21,14,13.868797805461277
FOODS_3_281_CA_3_validation,2016-04-22,12,15.780653343198988
FOODS_3_281_CA_3_validation,2016-04-23,23,17.303689473980143
FOODS_3_281_CA_3_validation,2016-04-24,15,19.399299288048073
FOODS_3_282_CA_3_validation,2016-03-28,53,47.194077777528165
FOODS_3_282_CA_3_validation,2016-03-29,45,41.409962453029
FOODS_3_282_CA_3_validation,2016-03-30,35,40.474874180722374
FOODS_3_282_CA_3_validation,2016-03-31,22,35.798321507407614
FOODS_3_282_CA_3_validation,2016-04-01,34,41.05974464201947
FOODS_3_282_CA_3_validation,2016-04-02,63,55.55972774533815
FOODS_3_282_CA_3_validation,2016-04-03,85,61.50287774736988
FOODS_3_282_CA_3_validation,2016-04-04,55,53.82251716338057
FOODS_3_282_CA_3_validation,2016-04-05,46,48.74683347359199
FOODS_3_282_CA_3_validation,2016-04-06,35,44.46346917473785
FOODS_3_282_CA_3_validation,2016-04-07,36,47.27162590848462
FOODS_3_282_CA_3_validation,2016-04-08,32,44.832443434007246
FOODS_3_282_CA_3_validation,2016-04-09,54,61.264620750674965
FOODS_3_282_CA_3_validation,2016-04-10,85,61.35795985980053
FOODS_3_282_CA_3_validation,2016-04-11,43,52.96556719176776
FOODS_3_282_CA_3_validation,2016-04-12,31,45.529455680976355
FOODS_3_282_CA_3_validation,2016-04-13,47,47.16729720252739
FOODS_3_282_CA_3_validation,2016-04-14,33,44.815400163961094
FOODS_3_282_CA_3_validation,2016-04-15,31,50.72450207345139
FOODS_3_282_CA_3_validation,2016-04-16,47,61.814226917042134
FOODS_3_282_CA_3_validation,2016-04-17,73,67.41783732342523
FOODS_3_282_CA_3_validation,2016-04-18,39,54.63025562980317
FOODS_3_282_CA_3_validation,2016-04-19,46,47.00630614534924
FOODS_3_282_CA_3_validation,2016-04-20,26,43.41566877148191
FOODS_3_282_CA_3_validation,2016-04-21,20,46.350912122162995
FOODS_3_282_CA_3_validation,2016-04-22,11,42.346193588419744
FOODS_3_282_CA_3_validation,2016-04-23,20,65.7616032184871
FOODS_3_282_CA_3_validation,2016-04-24,38,68.13516385391121
FOODS_3_288_CA_3_validation,2016-03-28,29,35.23215802062988
FOODS_3_288_CA_3_validation,2016-03-29,21,31.451726756762778
FOODS_3_288_CA_3_validation,2016-03-30,34,31.093972734621367
FOODS_3_288_CA_3_validation,2016-03-31,33,32.309989266678045
FOODS_3_288_CA_3_validation,2016-04-01,32,32.581179201729505
FOODS_3_288_CA_3_validation,2016-04-02,38,42.07378980077277
FOODS_3_288_CA_3_validation,2016-04-03,66,43.71671640183415
FOODS_3_288_CA_3_validation,2016-04-04,31,34.82053030503382
FOODS_3_288_CA_3_validation,2016-04-05,43,33.42646837416957
FOODS_3_288_CA_3_validation,2016-04-06,28,33.209150114491486
FOODS_3_288_CA_3_validation,2016-04-07,25,30.902553757195502
FOODS_3_288_CA_3_validation,2016-04-08,31,30.99202138114687
FOODS_3_288_CA_3_validation,2016-04-09,44,42.6670473085525
FOODS_3_288_CA_3_validation,2016-04-10,59,42.76196521645601
FOODS_3_288_CA_3_validation,2016-04-11,32,34.48623290802468
FOODS_3_288_CA_3_validation,2016-04-12,18,32.05348384891437
FOODS_3_288_CA_3_validation,2016-04-13,26,30.522751981949785
FOODS_3_288_CA_3_validation,2016-04-14,26,29.50581345070197
FOODS_3_288_CA_3_validation,2016-04-15,23,30.42869058450319
FOODS_3_288_CA_3_validation,2016-04-16,48,41.179603608900436
FOODS_3_288_CA_3_validation,2016-04-17,52,42.609414932557236
FOODS_3_288_CA_3_validation,2016-04-18,37,35.61012376271935
FOODS_3_288_CA_3_validation,2016-04-19,33,32.76053465611791
FOODS_3_288_CA_3_validation,2016-04-20,14,32.784579586275875
FOODS_3_288_CA_3_validation,2016-04-21,28,32.18923089940941
FOODS_3_288_CA_3_validation,2016-04-22,21,33.76889157232043
FOODS_3_288_CA_3_validation,2016-04-23,41,41.47124879554628
FOODS_3_288_CA_3_validation,2016-04-24,64,43.8621786120344
FOODS_3_318_CA_3_validation,2016-03-28,6,17.17047390009093
FOODS_3_318_CA_3_validation,2016-03-29,10,20.188954535896485
FOODS_3_318_CA_3_validation,2016-03-30,20,18.14073744829083
FOODS_3_318_CA_3_validation,2016-03-31,26,18.43252080607894
FOODS_3_318_CA_3_validation,2016-04-01,33,23.318561489676178
FOODS_3_318_CA_3_validation,2016-04-02,41,29.16571933921472
FOODS_3_318_CA_3_validation,2016-04-03,20,25.81939832185438
FOODS_3_318_CA_3_validation,2016-04-04,30,21.5923214336177
FOODS_3_318_CA_3_validation,2016-04-05,13,19.306988047402765
FOODS_3_318_CA_3_validation,2016-04-06,24,19.782729634555675
FOODS_3_318_CA_3_validation,2016-04-07,25,19.0484356316747
FOODS_3_318_CA_3_validation,2016-04-08,11,21.519168396090173
FOODS_3_318_CA_3_validation,2016-04-09,31,21.06496145596698
FOODS_3_318_CA_3_validation,2016-04-10,26,21.001426768292305
FOODS_3_318_CA_3_validation,2016-04-11,23,16.42142135723265
FOODS_3_318_CA_3_validation,2016-04-12,12,17.027264141693784
FOODS_3_318_CA_3_validation,2016-04-13,32,15.826000489024908
FOODS_3_318_CA_3_validation,2016-04-14,32,16.398179675559057
FOODS_3_318_CA_3_validation,2016-04-15,13,19.0258771911961
FOODS_3_318_CA_3_validation,2016-04-16,18,24.93753888461601
FOODS_3_318_CA_3_validation,2016-04-17,0,23.571867425173416
FOODS_3_318_CA_3_validation,2016-04-18,37,18.097848348774328
FOODS_3_318_CA_3_validation,2016-04-19,23,16.17188152276325
FOODS_3_318_CA_3_validation,2016-04-20,16,16.147106220983964
FOODS_3_318_CA_3_validation,2016-04-21,23,17.58629718774117
FOODS_3_318_CA_3_validation,2016-04-22,25,22.260989859080937
FOODS_3_318_CA_3_validation,2016-04-23,29,28.079251197780323
FOODS_3_318_CA_3_validation,2016-04-24,28,27.561766439470528
FOODS_3_318_WI_3_validation,2016-03-28,25,20.204901100624355
FOODS_3_318_WI_3_validation,2016-03-29,11,19.492199196103556
FOODS_3_318_WI_3_validation,2016-03-30,5,21.08365392107499
FOODS_3_318_WI_3_validation,2016-03-31,14,22.302906901058638
FOODS_3_318_WI_3_validation,2016-04-01,28,24.915331158095707
FOODS_3_318_WI_3_validation,2016-04-02,25,35.69361678384188
FOODS_3_318_WI_3_validation,2016-04-03,38,30.403489595550617
FOODS_3_318_WI_3_validation,2016-04-04,22,21.779793722514963
FOODS_3_318_WI_3_validation,2016-04-05,22,23.508755095106057
FOODS_3_318_WI_3_validation,2016-04-06,16,24.328643531418646
FOODS_3_318_WI_3_validation,2016-04-07,24,20.195445366641493
FOODS_3_318_WI_3_validation,2016-04-08,14,26.80457124476072
FOODS_3_318_WI_3_validation,2016-04-09,23,31.75701711788083
FOODS_3_318_WI_3_validation,2016-04-10,26,27.70288757273318
FOODS_3_318_WI_3_validation,2016-04-11,35,24.160506933661345
FOODS_3_318_WI_3_validation,2016-04-12,22,25.81495267035417
FOODS_3_318_WI_3_validation,2016-04-13,23,20.993063986276333
FOODS_3_318_WI_3_validation,2016-04-14,18,24.179872348439563
FOODS_3_318_WI_3_validation,2016-04-15,25,28.768621884369306
FOODS_3_318_WI_3_validation,2016-04-16,48,35.58641223181534
FOODS_3_318_WI_3_validation,2016-04-17,28,29.390436537902843
FOODS_3_318_WI_3_validation,2016-04-18,18,23.07209491592432
FOODS_3_318_WI_3_validation,2016-04-19,14,21.55433487111
FOODS_3_318_WI_3_validation,2016-04-20,10,21.236088679004265
FOODS_3_318_WI_3_validation,2016-04-21,14,20.542545263493835
FOODS_3_318_WI_3_validation,2016-04-22,33,23.451151916548792
FOODS_3_318_WI_3_validation,2016-04-23,52,27.168876593748365
FOODS_3_318_WI_3_validation,2016-04-24,14,28.742231027475352
FOODS_3_319_CA_3_validation,2016-03-28,37,19.765341414416596
FOODS_3_319_CA_3_validation,2016-03-29,19,16.55596707454058
FOODS_3_319_CA_3_validation,2016-03-30,15,17.23015802251453
FOODS_3_319_CA_3_validation,2016-03-31,0,17.48723803773154
FOODS_3_319_CA_3_validation,2016-04-01,0,17.77687371807941
FOODS_3_319_CA_3_validation,2016-04-02,0,12.94628165785376
FOODS_3_319_CA_3_validation,2016-04-03,0,15.592865061833303
FOODS_3_319_CA_3_validation,2016-04-04,0,11.324620510758484
FOODS_3_319_CA_3_validation,2016-04-05,0,11.20319811824583
FOODS_3_319_CA_3_validation,2016-04-06,2,11.285745127684368
FOODS_3_319_CA_3_validation,2016-04-07,0,11.04234338262632
FOODS_3_319_CA_3_validation,2016-04-08,0,9.641514431453176
FOODS_3_319_CA_3_validation,2016-04-09,0,13.872121355889174
FOODS_3_319_CA_3_validation,2016-04-10,0,14.528230007844442
FOODS_3_319_CA_3_validation,2016-04-11,0,5.307003971877035
FOODS_3_319_CA_3_validation,2016-04-12,0,4.261390533810292
FOODS_3_319_CA_3_validation,2016-04-13,0,4.261390533810292
FOODS_3_319_CA_3_validation,2016-04-14,0,4.766960547063946
FOODS_3_319_CA_3_validation,2016-04-15,0,2.9790350261607177
FOODS_3_319_CA_3_validation,2016-04-16,0,6.540404789310875
FOODS_3_319_CA_3_validation,2016-04-17,0,6.969374792693094
FOODS_3_319_CA_3_validation,2016-04-18,0,4.733967031743269
FOODS_3_319_CA_3_validation,2016-04-19,0,4.935581481784239
FOODS_3_319_CA_3_validation,2016-04-20,0,3.9403080178963825
FOODS_3_319_CA_3_validation,2016-04-21,0,3.6670686491526996
FOODS_3_319_CA_3_validation,2016-04-22,0,2.913262020921929
FOODS_3_319_CA_3_validation,2016-04-23,0,6.212455819206442
FOODS_3_319_CA_3_validation,2016-04-24,0,6.135661294809627
FOODS_3_376_WI_2_validation,2016-03-28,18,22.13674450698054
FOODS_3_376_WI_2_validation,2016-03-29,23,24.064145852333944
FOODS_3_376_WI_2_validation,2016-03-30,17,24.48766762498526
FOODS_3_376_WI_2_validation,2016-03-31,39,26.58435981621459
FOODS_3_376_WI_2_validation,2016-04-01,38,26.322499037383107
FOODS_3_376_WI_2_validation,2016-04-02,42,36.859099809913346
FOODS_3_376_WI_2_validation,2016-04-03,56,35.122534148338104
FOODS_3_376_WI_2_validation,2016-04-04,22,23.84702573939159
FOODS_3_376_WI_2_validation,2016-04-05,28,30.233701756938675
FOODS_3_376_WI_2_validation,2016-04-06,49,31.642181006064025
FOODS_3_376_WI_2_validation,2016-04-07,38,24.062191310413567
FOODS_3_376_WI_2_validation,2016-04-08,44,32.188234056915746
FOODS_3_376_WI_2_validation,2016-04-09,75,38.68890993293425
FOODS_3_376_WI_2_validation,2016-04-10,36,31.855322349493605
FOODS_3_376_WI_2_validation,2016-04-11,61,32.929847713887604
FOODS_3_376_WI_2_validation,2016-04-12,38,33.71236700259913
FOODS_3_376_WI_2_validation,2016-04-13,36,26.096178727347542
FOODS_3_376_WI_2_validation,2016-04-14,74,32.925002435272496
FOODS_3_376_WI_2_validation,2016-04-15,71,33.16030170930936
FOODS_3_376_WI_2_validation,2016-04-16,46,32.52184616004886
FOODS_3_376_WI_2_validation,2016-04-17,69,28.25189949412122
FOODS_3_376_WI_2_validation,2016-04-18,5,22.655342837029032
FOODS_3_376_WI_2_validation,2016-04-19,7,21.819864207740626
FOODS_3_376_WI_2_validation,2016-04-20,24,21.14594834700312
FOODS_3_376_WI_2_validation,2016-04-21,30,21.033749548361282
FOODS_3_376_WI_2_validation,2016-04-22,26,21.151636516391317
FOODS_3_376_WI_2_validation,2016-04-23,69,25.216016079954684
FOODS_3_376_WI_2_validation,2016-04-24,70,24.564350796969066
FOODS_3_377_TX_2_validation,2016-03-28,24,29.55442546681915
FOODS_3_377_TX_2_validation,2016-03-29,22,29.54770613955532
FOODS_3_377_TX_2_validation,2016-03-30,19,28.514059664722055
FOODS_3_377_TX_2_validation,2016-03-31,16,30.506619331774214
FOODS_3_377_TX_2_validation,2016-04-01,32,35.50978951903068
FOODS_3_377_TX_2_validation,2016-04-02,34,38.94389804424771
FOODS_3_377_TX_2_validation,2016-04-03,27,38.740518316893386
FOODS_3_377_TX_2_validation,2016-04-04,30,29.349578801129997
FOODS_3_377_TX_2_validation,2016-04-05,31,29.668717785974422
FOODS_3_377_TX_2_validation,2016-04-06,13,29.851804646969352
FOODS_3_377_TX_2_validation,2016-04-07,27,28.997633524574656
FOODS_3_377_TX_2_validation,2016-04-08,32,30.39801545573222
FOODS_3_377_TX_2_validation,2016-04-09,26,38.67707393844262
FOODS_3_377_TX_2_validation,2016-04-10,30,36.27272938165905
FOODS_3_377_TX_2_validation,2016-04-11,22,29.3948705596526
FOODS_3_377_TX_2_validation,2016-04-12,27,27.998609440411457
FOODS_3_377_TX_2_validation,2016-04-13,21,27.644659336988653
FOODS_3_377_TX_2_validation,2016-04-14,22,24.904217131418125
FOODS_3_377_TX_2_validation,2016-04-15,39,33.05902638100739
FOODS_3_377_TX_2_validation,2016-04-16,36,34.94964813090253
FOODS_3_377_TX_2_validation,2016-04-17,32,35.87808085299964
FOODS_3_377_TX_2_validation,2016-04-18,18,27.463893396411844
FOODS_3_377_TX_2_validation,2016-04-19,25,24.21423242165114
FOODS_3_377_TX_2_validation,2016-04-20,28,25.525882310927983
FOODS_3_377_TX_2_validation,2016-04-21,22,25.393135828005835
FOODS_3_377_TX_2_validation,2016-04-22,28,31.803216311148713
FOODS_3_377_TX_2_validation,2016-04-23,39,34.94964813090253
FOODS_3_377_TX_2_validation,2016-04-24,28,33.6428530534787
FOODS_3_377_TX_3_validation,2016-03-28,41,35.728843421272416
FOODS_3_377_TX_3_validation,2016-03-29,27,35.79077336923266
FOODS_3_377_TX_3_validation,2016-03-30,28,35.78284511459497
FOODS_3_377_TX_3_validation,2016-03-31,38,37.78381525088241
FOODS_3_377_TX_3_validation,2016-04-01,56,44.817530400881395
FOODS_3_377_TX_3_validation,2016-04-02,44,47.03569888457907
FOODS_3_377_TX_3_validation,2016-04-03,39,48.26922651713247
FOODS_3_377_TX_3_validation,2016-04-04,44,40.63636516296136
FOODS_3_377_TX_3_validation,2016-04-05,43,38.543517328449255
FOODS_3_377_TX_3_validation,2016-04-06,33,38.240214430321885
FOODS_3_377_TX_3_validation,2016-04-07,39,38.77026053987066
FOODS_3_377_TX_3_validation,2016-04-08,44,42.192941385103694
FOODS_3_377_TX_3_validation,2016-04-09,57,48.04298864674309
FOODS_3_377_TX_3_validation,2016-04-10,40,45.50028393846794
FOODS_3_377_TX_3_validation,2016-04-11,38,40.64306353104091
FOODS_3_377_TX_3_validation,2016-04-12,56,39.7624403854511
FOODS_3_377_TX_3_validation,2016-04-13,41,40.00330486865557
FOODS_3_377_TX_3_validation,2016-04-14,42,38.589312709285
FOODS_3_377_TX_3_validation,2016-04-15,42,45.18969498287727
FOODS_3_377_TX_3_validation,2016-04-16,45,46.67760095920172
FOODS_3_377_TX_3_validation,2016-04-17,41,45.2268984946567
FOODS_3_377_TX_3_validation,2016-04-18,23,38.30769901755323
FOODS_3_377_TX_3_validation,2016-04-19,43,36.165604293118534
FOODS_3_377_TX_3_validation,2016-04-20,39,37.594624153715145
FOODS_3_377_TX_3_validation,2016-04-21,42,37.91754590337252
FOODS_3_377_TX_3_validation,2016-04-22,52,44.43073292415587
FOODS_3_377_TX_3_validation,2016-04-23,48,49.60443453086715
FOODS_3_377_TX_3_validation,2016-04-24,50,46.024823735690255
FOODS_3_412_WI_2_validation,2016-03-28,0,17.46702632664267
FOODS_3_412_WI_2_validation,2016-03-29,0,13.508408842907054
FOODS_3_412_WI_2_validation,2016-03-30,1,12.559571765601204
FOODS_3_412_WI_2_validation,2016-03-31,0,12.249095887596871
FOODS_3_412_WI_2_validation,2016-04-01,0,10.957126241389844
FOODS_3_412_WI_2_validation,2016-04-02,0,25.20262148696581
FOODS_3_412_WI_2_validation,2016-04-03,0,22.626702512750274
FOODS_3_412_WI_2_validation,2016-04-04,0,12.764984278471294
FOODS_3_412_WI_2_validation,2016-04-05,0,17.187568581702603
FOODS_3_412_WI_2_validation,2016-04-06,0,18.221946699061768
FOODS_3_412_WI_2_validation,2016-04-07,0,12.256264853125943
FOODS_3_412_WI_2_validation,2016-04-08,2,21.478522390568767
FOODS_3_412_WI_2_validation,2016-04-09,0,22.11404516593225
FOODS_3_412_WI_2_validation,2016-04-10,83,17.07950688956908
FOODS_3_412_WI_2_validation,2016-04-11,90,25.557940641204087
FOODS_3_412_WI_2_validation,2016-04-12,4,20.518174633163262
FOODS_3_412_WI_2_validation,2016-04-13,0,13.890730604638271
FOODS_3_412_WI_2_validation,2016-04-14,0,17.61479998753512
FOODS_3_412_WI_2_validation,2016-04-15,0,16.123362066204262
FOODS_3_412_WI_2_validation,2016-04-16,0,12.642191456203607
FOODS_3_412_WI_2_validation,2016-04-17,85,7.256880350089359
FOODS_3_412_WI_2_validation,2016-04-18,25,14.379248768069628
FOODS_3_412_WI_2_validation,2016-04-19,21,14.650185336321448
FOODS_3_412_WI_2_validation,2016-04-20,12,13.741074395990621
FOODS_3_412_WI_2_validation,2016-04-21,0,13.863608232618931
FOODS_3_412_WI_2_validation,2016-04-22,9,14.09409349649845
FOODS_3_412_WI_2_validation,2016-04-23,27,15.621169128437268
FOODS_3_412_WI_2_validation,2016-04-24,35,14.266898444118592
FOODS_3_462_WI_2_validation,2016-03-28,41,23.13155952079691
FOODS_3_462_WI_2_validation,2016-03-29,26,22.301168289685226
FOODS_3_462_WI_2_validation,2016-03-30,17,21.96146707741728
FOODS_3_462_WI_2_validation,2016-03-31,21,21.6956900124131
FOODS_3_462_WI_2_validation,2016-04-01,29,21.929621332358114
FOODS_3_462_WI_2_validation,2016-04-02,37,34.09445329591235
FOODS_3_462_WI_2_validation,2016-04-03,51,32.967153011685525
FOODS_3_462_WI_2_validation,2016-04-04,20,20.82956546978038
FOODS_3_462_WI_2_validation,2016-04-05,11,25.895970605777695
FOODS_3_462_WI_2_validation,2016-04-06,27,29.746129349550504
FOODS_3_462_WI_2_validation,2016-04-07,35,24.79867843233211
FOODS_3_462_WI_2_validation,2016-04-08,40,29.424756822565914
FOODS_3_462_WI_2_validation,2016-04-09,65,36.52936676658204
FOODS_3_462_WI_2_validation,2016-04-10,39,28.61948082078062
FOODS_3_462_WI_2_validation,2016-04-11,48,30.260726833497202
FOODS_3_462_WI_2_validation,2016-04-12,19,33.38820110019778
FOODS_3_462_WI_2_validation,2016-04-13,26,23.061036706948418
FOODS_3_462_WI_2_validation,2016-04-14,33,28.636997013850014
FOODS_3_462_WI_2_validation,2016-04-15,22,28.883158996926735
FOODS_3_462_WI_2_validation,2016-04-16,42,28.765066429432093
FOODS_3_462_WI_2_validation,2016-04-17,29,28.962238918958626
FOODS_3_462_WI_2_validation,2016-04-18,4,22.958497866393532
FOODS_3_462_WI_2_validation,2016-04-19,17,21.927618127651957
FOODS_3_462_WI_2_validation,2016-04-20,7,22.13557585766584
FOODS_3_462_WI_2_validation,2016-04-21,5,21.506529329541266
FOODS_3_462_WI_2_validation,2016-04-22,14,20.157013594686358
FOODS_3_462_WI_2_validation,2016-04-23,49,28.10656584866634
FOODS_3_462_WI_2_validation,2016-04-24,45,26.907337551264263
FOODS_3_501_CA_3_validation,2016-03-28,11,22.90215031407939
FOODS_3_501_CA_3_validation,2016-03-29,13,18.665583013358795
FOODS_3_501_CA_3_validation,2016-03-30,34,18.320259690214893
FOODS_3_501_CA_3_validation,2016-03-31,15,17.695856815973386
FOODS_3_501_CA_3_validation,2016-04-01,10,18.335937871764298
FOODS_3_501_CA_3_validation,2016-04-02,9,20.49384009608955
FOODS_3_501_CA_3_validation,2016-04-03,37,22.918853136417116
FOODS_3_501_CA_3_validation,2016-04-04,12,19.373183481832292
FOODS_3_501_CA_3_validation,2016-04-05,23,17.35929843204337
FOODS_3_501_CA_3_validation,2016-04-06,17,18.85083932069255
FOODS_3_501_CA_3_validation,2016-04-07,28,18.038426197720142
FOODS_3_501_CA_3_validation,2016-04-08,17,17.331671096488037
FOODS_3_501_CA_3_validation,2016-04-09,13,22.24248477199631
FOODS_3_501_CA_3_validation,2016-04-10,18,24.39225839128877
FOODS_3_501_CA_3_validation,2016-04-11,26,19.421393743253823
FOODS_3_501_CA_3_validation,2016-04-12,13,18.00241630098141
FOODS_3_501_CA_3_validation,2016-04-13,13,17.117654851737647
FOODS_3_501_CA_3_validation,2016-04-14,14,17.61291640736048
FOODS_3_501_CA_3_validation,2016-04-15,8,18.032402465999493
FOODS_3_501_CA_3_validation,2016-04-16,17,21.862348317844795
FOODS_3_501_CA_3_validation,2016-04-17,20,24.341672353722256
FOODS_3_501_CA_3_validation,2016-04-18,17,19.38127267011274
FOODS_3_501_CA_3_validation,2016-04-19,21,17.465256697746
FOODS_3_501_CA_3_validation,2016-04-20,8,17.463880861761258
FOODS_3_501_CA_3_validation,2016-04-21,12,16.864550496869857
FOODS_3_501_CA_3_validation,2016-04-22,8,18.935743472726216
FOODS_3_501_CA_3_validation,2016-04-23,16,23.702814446430178
FOODS_3_501_CA_3_validation,2016-04-24,23,23.91045896553489
FOODS_3_541_CA_3_validation,2016-03-28,23,31.614075224927827
FOODS_3_541_CA_3_validation,2016-03-29,21,26.757762668364595
FOODS_3_541_CA_3_validation,2016-03-30,17,24.93750940980153
FOODS_3_541_CA_3_validation,2016-03-31,0,26.880096940797333
FOODS_3_541_CA_3_validation,2016-04-01,0,22.577592453623247
FOODS_3_541_CA_3_validation,2016-04-02,0,32.98362154503999
FOODS_3_541_CA_3_validation,2016-04-03,0,38.33319174983067
FOODS_3_541_CA_3_validation,2016-04-04,0,28.00087484883389
FOODS_3_541_CA_3_validation,2016-04-05,0,21.695007243826478
FOODS_3_541_CA_3_validation,2016-04-06,0,21.681973959595044
FOODS_3_541_CA_3_validation,2016-04-07,0,22.661622447437203
FOODS_3_541_CA_3_validation,2016-04-08,0,19.27572704328056
FOODS_3_541_CA_3_validation,2016-04-09,0,32.49645492560449
FOODS_3_541_CA_3_validation,2016-04-10,0,31.975321129252354
FOODS_3_541_CA_3_validation,2016-04-11,0,28.154405348565394
FOODS_3_541_CA_3_validation,2016-04-12,0,21.83207717214192
FOODS_3_541_CA_3_validation,2016-04-13,0,21.415769719163677
FOODS_3_541_CA_3_validation,2016-04-14,0,22.370176090008712
FOODS_3_541_CA_3_validation,2016-04-15,0,19.637436500479176
FOODS_3_541_CA_3_validation,2016-04-16,0,31.110893758621
FOODS_3_541_CA_3_validation,2016-04-17,0,37.458663631548404
FOODS_3_541_CA_3_validation,2016-04-18,0,28.089842927085986
FOODS_3_541_CA_3_validation,2016-04-19,0,21.522455633695078
FOODS_3_541_CA_3_validation,2016-04-20,0,21.422315905029077
FOODS_3_541_CA_3_validation,2016-04-21,0,23.48352753202719
FOODS_3_541_CA_3_validation,2016-04-22,0,20.017638167386274
FOODS_3_541_CA_3_validation,2016-04-23,0,30.907206674893285
FOODS_3_541_CA_3_validation,2016-04-24,0,36.20245081692702
FOODS_3_547_WI_2_validation,2016-03-28,4,11.255638302524195
FOODS_3_547_WI_2_validation,2016-03-29,1,9.76286709302256
FOODS_3_547_WI_2_validation,2016-03-30,0,17.373740493874376
FOODS_3_547_WI_2_validation,2016-03-31,1,11.208038670511513
FOODS_3_547_WI_2_validation,2016-04-01,0,11.644859123129562
FOODS_3_547_WI_2_validation,2016-04-02,89,26.92948210694333
FOODS_3_547_WI_2_validation,2016-04-03,66,27.02764529103472
FOODS_3_547_WI_2_validation,2016-04-04,1,12.578331577349731
FOODS_3_547_WI_2_validation,2016-04-05,0,29.344247148884975
FOODS_3_547_WI_2_validation,2016-04-06,0,21.26185937479714
FOODS_3_547_WI_2_validation,2016-04-07,0,11.772333941930619
FOODS_3_547_WI_2_validation,2016-04-08,1,20.59661932446187
FOODS_3_547_WI_2_validation,2016-04-09,3,29.657447112282536
FOODS_3_547_WI_2_validation,2016-04-10,1,21.000432635307696
FOODS_3_547_WI_2_validation,2016-04-11,0,31.805718156503524
FOODS_3_547_WI_2_validation,2016-04-12,0,30.256135743864835
FOODS_3_547_WI_2_validation,2016-04-13,1,16.289816598115795
FOODS_3_547_WI_2_validation,2016-04-14,0,23.07626697001005
FOODS_3_547_WI_2_validation,2016-04-15,0,20.608389794013146
FOODS_3_547_WI_2_validation,2016-04-16,0,17.27234782358782
FOODS_3_547_WI_2_validation,2016-04-17,0,17.070997271012132
FOODS_3_547_WI_2_validation,2016-04-18,24,9.985639573266264
FOODS_3_547_WI_2_validation,2016-04-19,31,11.507736151519705
FOODS_3_547_WI_2_validation,2016-04-20,18,11.398817180225802
FOODS_3_547_WI_2_validation,2016-04-21,17,11.067909317792452
FOODS_3_547_WI_2_validation,2016-04-22,21,10.215871058353818
FOODS_3_547_WI_2_validation,2016-04-23,18,15.351692563072744
FOODS_3_547_WI_2_validation,2016-04-24,22,18.48928111907088
FOODS_3_555_CA_1_validation,2016-03-28,19,16.11120246557288
FOODS_3_555_CA_1_validation,2016-03-29,19,15.140162886779324
FOODS_3_555_CA_1_validation,2016-03-30,16,15.22090969553363
FOODS_3_555_CA_1_validation,2016-03-31,12,15.937613337518515
FOODS_3_555_CA_1_validation,2016-04-01,19,20.320184689583883
FOODS_3_555_CA_1_validation,2016-04-02,30,25.85172280683038
FOODS_3_555_CA_1_validation,2016-04-03,30,28.03460816771692
FOODS_3_555_CA_1_validation,2016-04-04,16,17.580385449796175
FOODS_3_555_CA_1_validation,2016-04-05,21,16.868923877572055
FOODS_3_555_CA_1_validation,2016-04-06,17,16.625570851257468
FOODS_3_555_CA_1_validation,2016-04-07,13,17.988985607295465
FOODS_3_555_CA_1_validation,2016-04-08,14,19.58727785540036
FOODS_3_555_CA_1_validation,2016-04-09,33,28.02579423012789
FOODS_3_555_CA_1_validation,2016-04-10,26,24.29372286555002
FOODS_3_555_CA_1_validation,2016-04-11,18,17.261785693792554
FOODS_3_555_CA_1_validation,2016-04-12,14,15.24188925872144
FOODS_3_555_CA_1_validation,2016-04-13,15,15.688504756173309
FOODS_3_555_CA_1_validation,2016-04-14,12,15.673471020763055
FOODS_3_555_CA_1_validation,2016-04-15,10,18.984861735271384
FOODS_3_555_CA_1_validation,2016-04-16,32,23.730401842858914
FOODS_3_555_CA_1_validation,2016-04-17,26,24.186106957642238
FOODS_3_555_CA_1_validation,2016-04-18,13,15.923357433673134
FOODS_3_555_CA_1_validation,2016-04-19,21,16.363978193630913
FOODS_3_555_CA_1_validation,2016-04-20,15,15.823122158843345
FOODS_3_555_CA_1_validation,2016-04-21,14,16.432756473198726
FOODS_3_555_CA_1_validation,2016-04-22,14,20.431371742592347
FOODS_3_555_CA_1_validation,2016-04-23,23,26.11604625954948
FOODS_3_555_CA_1_validation,2016-04-24,24,24.28623792051975
FOODS_3_555_CA_3_validation,2016-03-28,24,26.333834677051758
FOODS_3_555_CA_3_validation,2016-03-29,9,26.23827720399542
FOODS_3_555_CA_3_validation,2016-03-30,23,26.212291090053956
FOODS_3_555_CA_3_validation,2016-03-31,25,26.79457536916406
FOODS_3_555_CA_3_validation,2016-04-01,35,31.02333593902208
FOODS_3_555_CA_3_validation,2016-04-02,44,37.827161446287676
FOODS_3_555_CA_3_validation,2016-04-03,33,34.717769958138746
FOODS_3_555_CA_3_validation,2016-04-04,25,28.22547646835358
FOODS_3_555_CA_3_validation,2016-04-05,28,27.682928933109938
FOODS_3_555_CA_3_validation,2016-04-06,35,27.96040314586494
FOODS_3_555_CA_3_validation,2016-04-07,35,26.925424065674175
FOODS_3_555_CA_3_validation,2016-04-08,32,29.3547046262696
FOODS_3_555_CA_3_validation,2016-04-09,38,33.488338928943726
FOODS_3_555_CA_3_validation,2016-04-10,40,33.638529032723085
FOODS_3_555_CA_3_validation,2016-04-11,41,25.976745273921335
FOODS_3_555_CA_3_validation,2016-04-12,23,24.112229321758008
FOODS_3_555_CA_3_validation,2016-04-13,20,24.525857369263726
FOODS_3_555_CA_3_validation,2016-04-14,14,24.46554647935421
FOODS_3_555_CA_3_validation,2016-04-15,31,27.442813295025694
FOODS_3_555_CA_3_validation,2016-04-16,46,34.3306375178623
FOODS_3_555_CA_3_validation,2016-04-17,49,33.19811040381123
FOODS_3_555_CA_3_validation,2016-04-18,31,25.765081237172573
FOODS_3_555_CA_3_validation,2016-04-19,31,25.670044325812786
FOODS_3_555_CA_3_validation,2016-04-20,27,24.846159335559705
FOODS_3_555_CA_3_validation,2016-04-21,26,25.090155400011298
FOODS_3_555_CA_3_validation,2016-04-22,30,32.58070406432409
FOODS_3_555_CA_3_validation,2016-04-23,33,34.25892982368125
FOODS_3_555_CA_3_validation,2016-04-24,36,37.31675209070562
FOODS_3_555_TX_1_validation,2016-03-28,23,22.83969317053972
FOODS_3_555_TX_1_validation,2016-03-29,13,20.356592460248677
FOODS_3_555_TX_1_validation,2016-03-30,15,20.501600599678362
FOODS_3_555_TX_1_validation,2016-03-31,35,23.52103887181013
FOODS_3_555_TX_1_validation,2016-04-01,28,25.845120772779573
FOODS_3_555_TX_1_validation,2016-04-02,44,28.910250477999867
FOODS_3_555_TX_1_validation,2016-04-03,32,30.0335457123201
FOODS_3_555_TX_1_validation,2016-04-04,23,22.835932857472915
FOODS_3_555_TX_1_validation,2016-04-05,31,23.75523696775282
FOODS_3_555_TX_1_validation,2016-04-06,30,22.899324211061725
FOODS_3_555_TX_1_validation,2016-04-07,37,24.720962453288745
FOODS_3_555_TX_1_validation,2016-04-08,38,27.06571297190936
FOODS_3_555_TX_1_validation,2016-04-09,34,33.83425442525569
FOODS_3_555_TX_1_validation,2016-04-10,34,32.20773019563649
FOODS_3_555_TX_1_validation,2016-04-11,19,27.935048183793082
FOODS_3_555_TX_1_validation,2016-04-12,26,25.121683899340233
FOODS_3_555_TX_1_validation,2016-04-13,21,24.1154612094573
FOODS_3_555_TX_1_validation,2016-04-14,25,25.33964910166359
FOODS_3_555_TX_1_validation,2016-04-15,30,30.432609949557186
FOODS_3_555_TX_1_validation,2016-04-16,19,30.591121982832306
FOODS_3_555_TX_1_validation,2016-04-17,32,31.038428920812326
FOODS_3_555_TX_1_validation,2016-04-18,32,23.356712065014932
FOODS_3_555_TX_1_validation,2016-04-19,35,21.951252638665107
FOODS_3_555_TX_1_validation,2016-04-20,26,24.738993961612543
FOODS_3_555_TX_1_validation,2016-04-21,26,25.24190575223614
FOODS_3_555_TX_1_validation,2016-04-22,30,28.810893126900492
FOODS_3_555_TX_1_validation,2016-04-23,38,33.03569563661007
FOODS_3_555_TX_1_validation,2016-04-24,28,34.95113053576764
FOODS_3_555_TX_2_validation,2016-03-28,29,41.934694237704385
FOODS_3_555_TX_2_validation,2016-03-29,33,39.076064330531885
FOODS_3_555_TX_2_validation,2016-03-30,33,38.61603192428215
FOODS_3_555_TX_2_validation,2016-03-31,47,39.45218348798674
FOODS_3_555_TX_2_validation,2016-04-01,51,49.661405580858364
FOODS_3_555_TX_2_validation,2016-04-02,70,60.54836978071448
FOODS_3_555_TX_2_validation,2016-04-03,49,56.88077967703854
FOODS_3_555_TX_2_validation,2016-04-04,44,40.37400519205704
FOODS_3_555_TX_2_validation,2016-04-05,31,38.56216245248602
FOODS_3_555_TX_2_validation,2016-04-06,33,39.72761882359466
FOODS_3_555_TX_2_validation,2016-04-07,48,39.941803956468306
FOODS_3_555_TX_2_validation,2016-04-08,54,47.07577400633785
FOODS_3_555_TX_2_validation,2016-04-09,57,61.69239054112819
FOODS_3_555_TX_2_validation,2016-04-10,57,57.323833536220654
FOODS_3_555_TX_2_validation,2016-04-11,35,41.9524817502139
FOODS_3_555_TX_2_validation,2016-04-12,32,41.70841162933672
FOODS_3_555_TX_2_validation,2016-04-13,23,39.77754766098485
FOODS_3_555_TX_2_validation,2016-04-14,41,38.19365161150078
FOODS_3_555_TX_2_validation,2016-04-15,39,51.539747646071675
FOODS_3_555_TX_2_validation,2016-04-16,57,55.701725095393776
FOODS_3_555_TX_2_validation,2016-04-17,54,53.464475218640565
FOODS_3_555_TX_2_validation,2016-04-18,35,39.11520177605167
FOODS_3_555_TX_2_validation,2016-04-19,28,36.28017392777787
FOODS_3_555_TX_2_validation,2016-04-20,33,38.39751398644499
FOODS_3_555_TX_2_validation,2016-04-21,34,39.96812505684142
FOODS_3_555_TX_2_validation,2016-04-22,41,48.36703660205816
FOODS_3_555_TX_2_validation,2016-04-23,48,60.86072427715922
FOODS_3_555_TX_2_validation,2016-04-24,39,57.36120660494871
FOODS_3_555_TX_3_validation,2016-03-28,24,27.592624748058707
FOODS_3_555_TX_3_validation,2016-03-29,24,25.58626373245259
FOODS_3_555_TX_3_validation,2016-03-30,17,26.256688234149774
FOODS_3_555_TX_3_validation,2016-03-31,27,26.800937875537606
FOODS_3_555_TX_3_validation,2016-04-01,23,33.02958018919923
FOODS_3_555_TX_3_validation,2016-04-02,33,34.23665251459397
FOODS_3_555_TX_3_validation,2016-04-03,40,31.165004204955494
FOODS_3_555_TX_3_validation,2016-04-04,30,25.502789297634045
FOODS_3_555_TX_3_validation,2016-04-05,27,25.755186202747
FOODS_3_555_TX_3_validation,2016-04-06,24,25.686294239147333
FOODS_3_555_TX_3_validation,2016-04-07,26,27.10984928153174
FOODS_3_555_TX_3_validation,2016-04-08,35,26.332305986446823
FOODS_3_555_TX_3_validation,2016-04-09,37,33.557616903910045
FOODS_3_555_TX_3_validation,2016-04-10,38,32.687027638774765
FOODS_3_555_TX_3_validation,2016-04-11,23,27.630024262500733
FOODS_3_555_TX_3_validation,2016-04-12,23,27.34701675005492
FOODS_3_555_TX_3_validation,2016-04-13,18,28.34268962572316
FOODS_3_555_TX_3_validation,2016-04-14,30,24.754543953429057
FOODS_3_555_TX_3_validation,2016-04-15,30,29.19277658179948
FOODS_3_555_TX_3_validation,2016-04-16,27,29.985632828531028
FOODS_3_555_TX_3_validation,2016-04-17,29,26.993660124023997
FOODS_3_555_TX_3_validation,2016-04-18,4,22.157969450328093
FOODS_3_555_TX_3_validation,2016-04-19,28,21.39687449388602
FOODS_3_555_TX_3_validation,2016-04-20,29,21.407904254072687
FOODS_3_555_TX_3_validation,2016-04-21,28,21.702209562159933
FOODS_3_555_TX_3_validation,2016-04-22,40,25.087370295880156
FOODS_3_555_TX_3_validation,2016-04-23,50,30.335939458298746
FOODS_3_555_TX_3_validation,2016-04-24,17,32.20084084437568
FOODS_3_555_WI_3_validation,2016-03-28,22,21.216712529959015
FOODS_3_555_WI_3_validation,2016-03-29,24,21.88907523864471
FOODS_3_555_WI_3_validation,2016-03-30,22,21.555276855785955
FOODS_3_555_WI_3_validation,2016-03-31,13,22.159029951055423
FOODS_3_555_WI_3_validation,2016-04-01,20,26.248085947705544
FOODS_3_555_WI_3_validation,2016-04-02,47,32.826105858804134
FOODS_3_555_WI_3_validation,2016-04-03,51,28.786130197204553
FOODS_3_555_WI_3_validation,2016-04-04,18,25.497470953523102
FOODS_3_555_WI_3_validation,2016-04-05,15,24.864761399552297
FOODS_3_555_WI_3_validation,2016-04-06,20,22.96199485747547
FOODS_3_555_WI_3_validation,2016-04-07,26,23.18675568469985
FOODS_3_555_WI_3_validation,2016-04-08,18,27.51444836062079
FOODS_3_555_WI_3_validation,2016-04-09,41,32.826105858804134
FOODS_3_555_WI_3_validation,2016-04-10,28,30.94895139039693
FOODS_3_555_WI_3_validation,2016-04-11,21,23.120769872070976
FOODS_3_555_WI_3_validation,2016-04-12,17,23.165149123275913
FOODS_3_555_WI_3_validation,2016-04-13,16,22.856175110432325
FOODS_3_555_WI_3_validation,2016-04-14,28,24.011331240044825
FOODS_3_555_WI_3_validation,2016-04-15,25,27.340851859558917
FOODS_3_555_WI_3_validation,2016-04-16,43,33.11474602786212
FOODS_3_555_WI_3_validation,2016-04-17,37,28.13984982505066
FOODS_3_555_WI_3_validation,2016-04-18,41,20.752320104838493
FOODS_3_555_WI_3_validation,2016-04-19,30,20.86883299643404
FOODS_3_555_WI_3_validation,2016-04-20,23,19.688964423141908
FOODS_3_555_WI_3_validation,2016-04-21,24,20.33252451447207
FOODS_3_555_WI_3_validation,2016-04-22,26,27.32754154969613
FOODS_3_555_WI_3_validation,2016-04-23,43,34.110039928413414
FOODS_3_555_WI_3_validation,2016-04-24,25,30.95711347729559
FOODS_3_586_CA_1_validation,2016-03-28,27,33.17639341991885
FOODS_3_586_CA_1_validation,2016-03-29,32,28.915890292602516
FOODS_3_586_CA_1_validation,2016-03-30,26,30.604238182790407
FOODS_3_586_CA_1_validation,2016-03-31,28,31.5816460943137
FOODS_3_586_CA_1_validation,2016-04-01,36,39.141888005353756
FOODS_3_586_CA_1_validation,2016-04-02,65,48.85841799011055
FOODS_3_586_CA_1_validation,2016-04-03,54,54.42255542099487
FOODS_3_586_CA_1_validation,2016-04-04,30,37.267723122078166
FOODS_3_586_CA_1_validation,2016-04-05,37,35.857124525784755
FOODS_3_586_CA_1_validation,2016-04-06,27,34.132525039929966
FOODS_3_586_CA_1_validation,2016-04-07,35,35.61411046719943
FOODS_3_586_CA_1_validation,2016-04-08,41,37.870070891107304
FOODS_3_586_CA_1_validation,2016-04-09,60,48.72810264784214
FOODS_3_586_CA_1_validation,2016-04-10,48,47.46046699384482
FOODS_3_586_CA_1_validation,2016-04-11,36,34.339778653439446
FOODS_3_586_CA_1_validation,2016-04-12,29,30.00096360089449
FOODS_3_586_CA_1_validation,2016-04-13,20,30.03260849237392
FOODS_3_586_CA_1_validation,2016-04-14,43,31.862007638881998
FOODS_3_586_CA_1_validation,2016-04-15,32,36.68076935339944
FOODS_3_586_CA_1_validation,2016-04-16,37,46.93979046636171
FOODS_3_586_CA_1_validation,2016-04-17,64,49.49079035695668
FOODS_3_586_CA_1_validation,2016-04-18,30,32.96163790282232
FOODS_3_586_CA_1_validation,2016-04-19,40,29.53605894458568
FOODS_3_586_CA_1_validation,2016-04-20,31,30.350630380798357
FOODS_3_586_CA_1_validation,2016-04-21,45,31.218778695165874
FOODS_3_586_CA_1_validation,2016-04-22,28,39.414007772495815
FOODS_3_586_CA_1_validation,2016-04-23,40,54.58703675386033
FOODS_3_586_CA_1_validation,2016-04-24,54,57.0088086330257
FOODS_3_586_CA_2_validation,2016-03-28,26,30.39590513977616
FOODS_3_586_CA_2_validation,2016-03-29,27,30.76807490743236
FOODS_3_586_CA_2_validation,2016-03-30,26,30.848821716186666
FOODS_3_586_CA_2_validation,2016-03-31,28,30.246568108990747
FOODS_3_586_CA_2_validation,2016-04-01,30,37.852646845067625
FOODS_3_586_CA_2_validation,2016-04-02,49,50.13068811874771
FOODS_3_586_CA_2_validation,2016-04-03,34,46.56608179813426
FOODS_3_586_CA_2_validation,2016-04-04,26,31.15295795102511
FOODS_3_586_CA_2_validation,2016-04-05,25,30.638953364357167
FOODS_3_586_CA_2_validation,2016-04-06,27,32.108950954164904
FOODS_3_586_CA_2_validation,2016-04-07,33,33.55403444742015
FOODS_3_586_CA_2_validation,2016-04-08,36,37.67428518267361
FOODS_3_586_CA_2_validation,2016-04-09,49,45.32071851455915
FOODS_3_586_CA_2_validation,2016-04-10,30,42.85676058207836
FOODS_3_586_CA_2_validation,2016-04-11,38,31.88181716456503
FOODS_3_586_CA_2_validation,2016-04-12,24,28.814206640697844
FOODS_3_586_CA_2_validation,2016-04-13,29,29.683020013462556
FOODS_3_586_CA_2_validation,2016-04-14,18,29.105018473789748
FOODS_3_586_CA_2_validation,2016-04-15,24,34.69512927309028
FOODS_3_586_CA_2_validation,2016-04-16,47,40.21657833151608
FOODS_3_586_CA_2_validation,2016-04-17,39,36.77153208081006
FOODS_3_586_CA_2_validation,2016-04-18,26,26.388621867941186
FOODS_3_586_CA_2_validation,2016-04-19,45,26.893437875043702
FOODS_3_586_CA_2_validation,2016-04-20,42,25.317979867999284
FOODS_3_586_CA_2_validation,2016-04-21,30,29.99548493316014
FOODS_3_586_CA_2_validation,2016-04-22,34,37.03703200541567
FOODS_3_586_CA_2_validation,2016-04-23,39,48.93309510432948
FOODS_3_586_CA_2_validation,2016-04-24,36,49.5437260818622
FOODS_3_586_CA_3_validation,2016-03-28,60,64.2730891035938
FOODS_3_586_CA_3_validation,2016-03-29,53,62.13612667876951
FOODS_3_586_CA_3_validation,2016-03-30,44,59.614274252111976
FOODS_3_586_CA_3_validation,2016-03-31,42,62.216436845476444
FOODS_3_586_CA_3_validation,2016-04-01,62,64.69035254463635
FOODS_3_586_CA_3_validation,2016-04-02,72,78.77559440725766
FOODS_3_586_CA_3_validation,2016-04-03,73,81.8080662420122
FOODS_3_586_CA_3_validation,2016-04-04,60,67.23410314245983
FOODS_3_586_CA_3_validation,2016-04-05,70,61.47471182676638
FOODS_3_586_CA_3_validation,2016-04-06,75,61.39756556748564
FOODS_3_586_CA_3_validation,2016-04-07,69,60.30720853689839
FOODS_3_586_CA_3_validation,2016-04-08,58,65.39099390137054
FOODS_3_586_CA_3_validation,2016-04-09,84,79.13865880419715
FOODS_3_586_CA_3_validation,2016-04-10,85,81.62534948932603
FOODS_3_586_CA_3_validation,2016-04-11,76,61.594142622205815
FOODS_3_586_CA_3_validation,2016-04-12,60,56.7961628260315
FOODS_3_586_CA_3_validation,2016-04-13,52,54.12236177712055
FOODS_3_586_CA_3_validation,2016-04-14,63,59.083980563760356
FOODS_3_586_CA_3_validation,2016-04-15,57,61.184314565121085
FOODS_3_586_CA_3_validation,2016-04-16,85,70.82957804168743
FOODS_3_586_CA_3_validation,2016-04-17,91,77.9566669174743
FOODS_3_586_CA_3_validation,2016-04-18,77,55.82620723736863
FOODS_3_586_CA_3_validation,2016-04-19,75,54.41196918128416
FOODS_3_586_CA_3_validation,2016-04-20,70,59.25910426093163
FOODS_3_586_CA_3_validation,2016-04-21,48,60.54189009395233
FOODS_3_586_CA_3_validation,2016-04-22,61,66.68186581355168
FOODS_3_586_CA_3_validation,2016-04-23,74,79.19771770861418
FOODS_3_586_CA_3_validation,2016-04-24,78,81.16596989363423
FOODS_3_586_TX_1_validation,2016-03-28,54,43.085668188588144
FOODS_3_586_TX_1_validation,2016-03-29,22,41.57313177847435
FOODS_3_586_TX_1_validation,2016-03-30,38,42.81236911751544
FOODS_3_586_TX_1_validation,2016-03-31,44,43.375281825719895
FOODS_3_586_TX_1_validation,2016-04-01,40,47.691634504176626
FOODS_3_586_TX_1_validation,2016-04-02,55,60.89212234524269
FOODS_3_586_TX_1_validation,2016-04-03,74,62.37171952951805
FOODS_3_586_TX_1_validation,2016-04-04,61,45.427471300086765
FOODS_3_586_TX_1_validation,2016-04-05,65,45.19679530675455
FOODS_3_586_TX_1_validation,2016-04-06,44,43.99353855652542
FOODS_3_586_TX_1_validation,2016-04-07,74,46.68847224427885
FOODS_3_586_TX_1_validation,2016-04-08,54,48.82830784687807
FOODS_3_586_TX_1_validation,2016-04-09,52,62.269424604441824
FOODS_3_586_TX_1_validation,2016-04-10,75,59.07237975898026
FOODS_3_586_TX_1_validation,2016-04-11,38,46.3138213034238
FOODS_3_586_TX_1_validation,2016-04-12,39,48.312987203883715
FOODS_3_586_TX_1_validation,2016-04-13,47,44.88712845113027
FOODS_3_586_TX_1_validation,2016-04-14,42,44.58905968009021
FOODS_3_586_TX_1_validation,2016-04-15,53,50.15434953058544
FOODS_3_586_TX_1_validation,2016-04-16,50,56.10527608963783
FOODS_3_586_TX_1_validation,2016-04-17,68,53.284399958739726
FOODS_3_586_TX_1_validation,2016-04-18,72,41.17121425732915
FOODS_3_586_TX_1_validation,2016-04-19,81,41.79733336608676
FOODS_3_586_TX_1_validation,2016-04-20,45,43.68820165360722
FOODS_3_586_TX_1_validation,2016-04-21,59,42.715535952875776
FOODS_3_586_TX_1_validation,2016-04-22,50,50.62097332378736
FOODS_3_586_TX_1_validation,2016-04-23,56,62.5894462109337
FOODS_3_586_TX_1_validation,2016-04-24,58,62.74616820871192
FOODS_3_586_TX_2_validation,2016-03-28,59,76.59099298601632
FOODS_3_586_TX_2_validation,2016-03-29,51,74.8030128049729
FOODS_3_586_TX_2_validation,2016-03-30,61,73.88345410596997
FOODS_3_586_TX_2_validation,2016-03-31,79,76.45425039449633
FOODS_3_586_TX_2_validation,2016-04-01,77,93.8110036729758
FOODS_3_586_TX_2_validation,2016-04-02,98,109.29351559791662
FOODS_3_586_TX_2_validation,2016-04-03,107,111.10329157096693
FOODS_3_586_TX_2_validation,2016-04-04,68,79.48360063543835
FOODS_3_586_TX_2_validation,2016-04-05,74,79.83410615622974
FOODS_3_586_TX_2_validation,2016-04-06,72,82.54488571878538
FOODS_3_586_TX_2_validation,2016-04-07,87,84.5932787940399
FOODS_3_586_TX_2_validation,2016-04-08,79,91.25700587115634
FOODS_3_586_TX_2_validation,2016-04-09,100,117.51236042091351
FOODS_3_586_TX_2_validation,2016-04-10,114,108.21329076735657
FOODS_3_586_TX_2_validation,2016-04-11,66,86.37624909338133
FOODS_3_586_TX_2_validation,2016-04-12,53,82.96379522262222
FOODS_3_586_TX_2_validation,2016-04-13,62,79.58951645878906
FOODS_3_586_TX_2_validation,2016-04-14,69,80.09022561027771
FOODS_3_586_TX_2_validation,2016-04-15,80,96.38683930426086
FOODS_3_586_TX_2_validation,2016-04-16,78,112.48376245440873
FOODS_3_586_TX_2_validation,2016-04-17,102,111.3508356594542
FOODS_3_586_TX_2_validation,2016-04-18,54,78.64031535428579
FOODS_3_586_TX_2_validation,2016-04-19,67,74.55855114771764
FOODS_3_586_TX_2_validation,2016-04-20,57,75.5455569628417
FOODS_3_586_TX_2_validation,2016-04-21,59,74.77462769485932
FOODS_3_586_TX_2_validation,2016-04-22,80,90.54883661141906
FOODS_3_586_TX_2_validation,2016-04-23,100,107.54865646488634
FOODS_3_586_TX_2_validation,2016-04-24,75,108.13994108900478
FOODS_3_586_TX_3_validation,2016-03-28,45,67.03092434715946
FOODS_3_586_TX_3_validation,2016-03-29,46,62.413840482405796
FOODS_3_586_TX_3_validation,2016-03-30,45,60.19345093082559
FOODS_3_586_TX_3_validation,2016-03-31,54,63.779863426829905
FOODS_3_586_TX_3_validation,2016-04-01,61,75.18112713714996
FOODS_3_586_TX_3_validation,2016-04-02,62,85.71744754112717
FOODS_3_586_TX_3_validation,2016-04-03,72,81.18227575628877
FOODS_3_586_TX_3_validation,2016-04-04,54,70.2177979008121
FOODS_3_586_TX_3_validation,2016-04-05,77,63.78870207700415
FOODS_3_586_TX_3_validation,2016-04-06,45,64.17759210088091
FOODS_3_586_TX_3_validation,2016-04-07,51,67.21405554714562
FOODS_3_586_TX_3_validation,2016-04-08,68,69.81702103755592
FOODS_3_586_TX_3_validation,2016-04-09,77,82.68287140613654
FOODS_3_586_TX_3_validation,2016-04-10,72,80.03323684834633
FOODS_3_586_TX_3_validation,2016-04-11,58,67.76384731836302
FOODS_3_586_TX_3_validation,2016-04-12,43,62.814451386434776
FOODS_3_586_TX_3_validation,2016-04-13,67,64.88279602341012
FOODS_3_586_TX_3_validation,2016-04-14,55,59.74325549809448
FOODS_3_586_TX_3_validation,2016-04-15,56,67.4082188690062
FOODS_3_586_TX_3_validation,2016-04-16,67,79.84758239058705
FOODS_3_586_TX_3_validation,2016-04-17,69,78.16712993867529
FOODS_3_586_TX_3_validation,2016-04-18,49,63.21749803773902
FOODS_3_586_TX_3_validation,2016-04-19,55,59.00731919581236
FOODS_3_586_TX_3_validation,2016-04-20,60,55.291454267986026
FOODS_3_586_TX_3_validation,2016-04-21,55,56.27463629545973
FOODS_3_586_TX_3_validation,2016-04-22,55,67.18769840892315
FOODS_3_586_TX_3_validation,2016-04-23,66,79.91479624957448
FOODS_3_586_TX_3_validation,2016-04-24,47,79.10056518560327
FOODS_3_586_WI_3_validation,2016-03-28,29,27.269196177051807
FOODS_3_586_WI_3_validation,2016-03-29,24,24.30152278855094
FOODS_3_586_WI_3_validation,2016-03-30,27,26.67969242998732
FOODS_3_586_WI_3_validation,2016-03-31,20,27.831526948596036
FOODS_3_586_WI_3_validation,2016-04-01,37,33.06378123712239
FOODS_3_586_WI_3_validation,2016-04-02,34,43.42987093214543
FOODS_3_586_WI_3_validation,2016-04-03,37,41.97031897863458
FOODS_3_586_WI_3_validation,2016-04-04,21,27.717459101207325
FOODS_3_586_WI_3_validation,2016-04-05,15,33.2847996370295
FOODS_3_586_WI_3_validation,2016-04-06,35,30.71240541963036
FOODS_3_586_WI_3_validation,2016-04-07,33,27.94500342721343
FOODS_3_586_WI_3_validation,2016-04-08,25,35.606019964872104
FOODS_3_586_WI_3_validation,2016-04-09,35,42.4432498070113
FOODS_3_586_WI_3_validation,2016-04-10,38,39.505649195492644
FOODS_3_586_WI_3_validation,2016-04-11,32,30.05502940295937
FOODS_3_586_WI_3_validation,2016-04-12,16,30.183051206771346
FOODS_3_586_WI_3_validation,2016-04-13,27,28.13349653949441
FOODS_3_586_WI_3_validation,2016-04-14,29,29.572185200494015
FOODS_3_586_WI_3_validation,2016-04-15,37,36.64979457958569
FOODS_3_586_WI_3_validation,2016-04-16,48,40.05460375665194
FOODS_3_586_WI_3_validation,2016-04-17,40,41.354027825224286
FOODS_3_586_WI_3_validation,2016-04-18,35,27.951426352950318
FOODS_3_586_WI_3_validation,2016-04-19,22,27.30564625627991
FOODS_3_586_WI_3_validation,2016-04-20,25,26.799244806182518
FOODS_3_586_WI_3_validation,2016-04-21,31,26.5776685725655
FOODS_3_586_WI_3_validation,2016-04-22,35,38.323148146788554
FOODS_3_586_WI_3_validation,2016-04-23,47,42.6118744511891
FOODS_3_586_WI_3_validation,2016-04-24,44,36.36257252967458
FOODS_3_587_CA_1_validation,2016-03-28,38,28.028825694509624
FOODS_3_587_CA_1_validation,2016-03-29,26,26.283385703192923
FOODS_3_587_CA_1_validation,2016-03-30,25,24.17278544386544
FOODS_3_587_CA_1_validation,2016-03-31,15,24.35236265443479
FOODS_3_587_CA_1_validation,2016-04-01,15,24.945373348035627
FOODS_3_587_CA_1_validation,2016-04-02,27,31.38321443496542
FOODS_3_587_CA_1_validation,2016-04-03,29,40.389581698435684
FOODS_3_587_CA_1_validation,2016-04-04,23,30.097083024459327
FOODS_3_587_CA_1_validation,2016-04-05,21,25.739962381511987
FOODS_3_587_CA_1_validation,2016-04-06,21,26.932776825991457
FOODS_3_587_CA_1_validation,2016-04-07,16,25.517089941446784
FOODS_3_587_CA_1_validation,2016-04-08,22,27.53671640854039
FOODS_3_587_CA_1_validation,2016-04-09,24,34.40820676783076
FOODS_3_587_CA_1_validation,2016-04-10,43,35.29303940375766
FOODS_3_587_CA_1_validation,2016-04-11,33,30.45942199837
FOODS_3_587_CA_1_validation,2016-04-12,16,23.1561834357869
FOODS_3_587_CA_1_validation,2016-04-13,23,26.61178227634297
FOODS_3_587_CA_1_validation,2016-04-14,21,24.61906424691001
FOODS_3_587_CA_1_validation,2016-04-15,20,26.99881250290878
FOODS_3_587_CA_1_validation,2016-04-16,27,37.08523867477509
FOODS_3_587_CA_1_validation,2016-04-17,36,41.92271024597934
FOODS_3_587_CA_1_validation,2016-04-18,16,33.08025997757844
FOODS_3_587_CA_1_validation,2016-04-19,10,27.822516392357052
FOODS_3_587_CA_1_validation,2016-04-20,15,26.92787037283048
FOODS_3_587_CA_1_validation,2016-04-21,10,27.72149273250579
FOODS_3_587_CA_1_validation,2016-04-22,21,30.374359148611948
FOODS_3_587_CA_1_validation,2016-04-23,24,36.8672429683883
FOODS_3_587_CA_1_validation,2016-04-24,26,43.189131807751956
FOODS_3_587_CA_3_validation,2016-03-28,27,36.91986349399896
FOODS_3_587_CA_3_validation,2016-03-29,60,28.35783986652599
FOODS_3_587_CA_3_validation,2016-03-30,28,31.050246391902036
FOODS_3_587_CA_3_validation,2016-03-31,37,31.466327711325807
FOODS_3_587_CA_3_validation,2016-04-01,24,33.37577474338418
FOODS_3_587_CA_3_validation,2016-04-02,37,41.391941624872764
FOODS_3_587_CA_3_validation,2016-04-03,48,45.214353987506385
FOODS_3_587_CA_3_validation,2016-04-04,38,40.2523741176216
FOODS_3_587_CA_3_validation,2016-04-05,34,36.59304707989355
FOODS_3_587_CA_3_validation,2016-04-06,29,35.63656012898408
FOODS_3_587_CA_3_validation,2016-04-07,35,35.23578603939301
FOODS_3_587_CA_3_validation,2016-04-08,42,34.817899261879646
FOODS_3_587_CA_3_validation,2016-04-09,46,40.114557740860214
FOODS_3_587_CA_3_validation,2016-04-10,49,44.47614942457282
FOODS_3_587_CA_3_validation,2016-04-11,38,35.63085569390358
FOODS_3_587_CA_3_validation,2016-04-12,22,31.980329484149344
FOODS_3_587_CA_3_validation,2016-04-13,41,27.932302848313594
FOODS_3_587_CA_3_validation,2016-04-14,29,28.696669468332573
FOODS_3_587_CA_3_validation,2016-04-15,33,29.98808928860776
FOODS_3_587_CA_3_validation,2016-04-16,28,35.77177145574732
FOODS_3_587_CA_3_validation,2016-04-17,60,38.62641340557436
FOODS_3_587_CA_3_validation,2016-04-18,31,34.594859222054644
FOODS_3_587_CA_3_validation,2016-04-19,25,31.214476486464875
FOODS_3_587_CA_3_validation,2016-04-20,25,30.65927698204089
FOODS_3_587_CA_3_validation,2016-04-21,23,28.545149704088885
FOODS_3_587_CA_3_validation,2016-04-22,37,29.585575995714123
FOODS_3_587_CA_3_validation,2016-04-23,28,35.949899791936666
FOODS_3_587_CA_3_validation,2016-04-24,41,38.01064294169568
FOODS_3_587_TX_1_validation,2016-03-28,22,32.915610208962185
FOODS_3_587_TX_1_validation,2016-03-29,27,31.558239475026717
FOODS_3_587_TX_1_validation,2016-03-30,24,28.916109596894533
FOODS_3_587_TX_1_validation,2016-03-31,11,30.995027698692965
FOODS_3_587_TX_1_validation,2016-04-01,12,32.940049407983956
FOODS_3_587_TX_1_validation,2016-04-02,22,36.45395913270142
FOODS_3_587_TX_1_validation,2016-04-03,21,42.54041288560187
FOODS_3_587_TX_1_validation,2016-04-04,16,33.89279976493336
FOODS_3_587_TX_1_validation,2016-04-05,19,31.847707559016797
FOODS_3_587_TX_1_validation,2016-04-06,15,30.577314391175644
FOODS_3_587_TX_1_validation,2016-04-07,22,30.319647382454335
FOODS_3_587_TX_1_validation,2016-04-08,32,32.186188189853105
FOODS_3_587_TX_1_validation,2016-04-09,32,39.553061523221
FOODS_3_587_TX_1_validation,2016-04-10,24,41.234883970784644
FOODS_3_587_TX_1_validation,2016-04-11,29,34.809604462197086
FOODS_3_587_TX_1_validation,2016-04-12,32,30.400076245033066
FOODS_3_587_TX_1_validation,2016-04-13,29,33.57780805403316
FOODS_3_587_TX_1_validation,2016-04-14,24,29.731784982978986
FOODS_3_587_TX_1_validation,2016-04-15,38,31.239258380135457
FOODS_3_587_TX_1_validation,2016-04-16,24,38.24248277598459
FOODS_3_587_TX_1_validation,2016-04-17,16,38.40574199538355
FOODS_3_587_TX_1_validation,2016-04-18,23,30.586034726063115
FOODS_3_587_TX_1_validation,2016-04-19,28,31.98328467724817
FOODS_3_587_TX_1_validation,2016-04-20,21,29.23627937181311
FOODS_3_587_TX_1_validation,2016-04-21,17,29.844770855125596
FOODS_3_587_TX_1_validation,2016-04-22,17,32.308943962122335
FOODS_3_587_TX_1_validation,2016-04-23,32,39.1273379808454
FOODS_3_587_TX_1_validation,2016-04-24,24,40.95340942316103
FOODS_3_587_TX_2_validation,2016-03-28,27,33.02371108081591
FOODS_3_587_TX_2_validation,2016-03-29,22,28.52135674713461
FOODS_3_587_TX_2_validation,2016-03-30,21,28.640594999052617
FOODS_3_587_TX_2_validation,2016-03-31,25,28.25182592669882
FOODS_3_587_TX_2_validation,2016-04-01,21,30.477583392672713
FOODS_3_587_TX_2_validation,2016-04-02,33,36.287109787713625
FOODS_3_587_TX_2_validation,2016-04-03,34,39.712285025537845
FOODS_3_587_TX_2_validation,2016-04-04,31,31.98634822855822
FOODS_3_587_TX_2_validation,2016-04-05,14,29.57169046107264
FOODS_3_587_TX_2_validation,2016-04-06,25,28.792451834258355
FOODS_3_587_TX_2_validation,2016-04-07,35,29.6640246341573
FOODS_3_587_TX_2_validation,2016-04-08,28,28.389569158968357
FOODS_3_587_TX_2_validation,2016-04-09,32,35.98492366016882
FOODS_3_587_TX_2_validation,2016-04-10,54,36.58303126392627
FOODS_3_587_TX_2_validation,2016-04-11,32,35.06407735885647
FOODS_3_587_TX_2_validation,2016-04-12,23,29.945803551761863
FOODS_3_587_TX_2_validation,2016-04-13,22,29.086553371871823
FOODS_3_587_TX_2_validation,2016-04-14,20,27.56624341280458
FOODS_3_587_TX_2_validation,2016-04-15,27,29.757844750603464
FOODS_3_587_TX_2_validation,2016-04-16,26,35.79382745995465
FOODS_3_587_TX_2_validation,2016-04-17,36,39.885935836168
FOODS_3_587_TX_2_validation,2016-04-18,23,32.33258907588673
FOODS_3_587_TX_2_validation,2016-04-19,30,29.95246684002274
FOODS_3_587_TX_2_validation,2016-04-20,19,28.848547690081354
FOODS_3_587_TX_2_validation,2016-04-21,19,27.47317870438059
FOODS_3_587_TX_2_validation,2016-04-22,34,30.12187434358951
FOODS_3_587_TX_2_validation,2016-04-23,38,37.091111740398716
FOODS_3_587_TX_2_validation,2016-04-24,44,38.874968920922015
FOODS_3_587_TX_3_validation,2016-03-28,12,38.19525661650024
FOODS_3_587_TX_3_validation,2016-03-29,14,36.88706127899737
FOODS_3_587_TX_3_validation,2016-03-30,13,34.78015068403302
FOODS_3_587_TX_3_validation,2016-03-31,9,35.677436666835945
FOODS_3_587_TX_3_validation,2016-04-01,26,37.48451091904256
FOODS_3_587_TX_3_validation,2016-04-02,26,47.79231893826116
FOODS_3_587_TX_3_validation,2016-04-03,31,49.51105509605473
FOODS_3_587_TX_3_validation,2016-04-04,17,39.26454884766919
FOODS_3_587_TX_3_validation,2016-04-05,21,39.80288221549742
FOODS_3_587_TX_3_validation,2016-04-06,19,37.465147790863696
FOODS_3_587_TX_3_validation,2016-04-07,18,39.198816257392686
FOODS_3_587_TX_3_validation,2016-04-08,19,35.65791680797134
FOODS_3_587_TX_3_validation,2016-04-09,21,48.2423982061141
FOODS_3_587_TX_3_validation,2016-04-10,26,50.181791386822
FOODS_3_587_TX_3_validation,2016-04-11,25,42.50853395982964
FOODS_3_587_TX_3_validation,2016-04-12,20,39.9616566912937
FOODS_3_587_TX_3_validation,2016-04-13,28,39.24171326047345
FOODS_3_587_TX_3_validation,2016-04-14,19,36.448711405271645
FOODS_3_587_TX_3_validation,2016-04-15,27,36.513034872460594
FOODS_3_587_TX_3_validation,2016-04-16,23,45.41804541709123
FOODS_3_587_TX_3_validation,2016-04-17,25,48.764918631186745
FOODS_3_587_TX_3_validation,2016-04-18,22,40.04989764112267
FOODS_3_587_TX_3_validation,2016-04-19,15,35.261177017419904
FOODS_3_587_TX_3_validation,2016-04-20,16,32.560560742668805
FOODS_3_587_TX_3_validation,2016-04-21,14,30.943119539510562
FOODS_3_587_TX_3_validation,2016-04-22,25,30.88093757485842
FOODS_3_587_TX_3_validation,2016-04-23,18,37.20057530576852
FOODS_3_587_TX_3_validation,2016-04-24,20,37.411852937024996
FOODS_3_587_WI_3_validation,2016-03-28,32,23.31878915822231
FOODS_3_587_WI_3_validation,2016-03-29,43,20.512215277578377
FOODS_3_587_WI_3_validation,2016-03-30,37,19.71175743950838
FOODS_3_587_WI_3_validation,2016-03-31,37,19.359374642489204
FOODS_3_587_WI_3_validation,2016-04-01,39,20.616028913896784
FOODS_3_587_WI_3_validation,2016-04-02,55,27.46250604205035
FOODS_3_587_WI_3_validation,2016-04-03,71,26.555857603306002
FOODS_3_587_WI_3_validation,2016-04-04,37,19.385262277026957
FOODS_3_587_WI_3_validation,2016-04-05,44,17.54442840399787
FOODS_3_587_WI_3_validation,2016-04-06,44,17.391107281666415
FOODS_3_587_WI_3_validation,2016-04-07,27,15.542753428291597
FOODS_3_587_WI_3_validation,2016-04-08,32,15.808559321118706
FOODS_3_587_WI_3_validation,2016-04-09,45,18.929429845786103
FOODS_3_587_WI_3_validation,2016-04-10,44,30.217387206007086
FOODS_3_587_WI_3_validation,2016-04-11,50,25.382517652289067
FOODS_3_587_WI_3_validation,2016-04-12,22,24.951955645546953
FOODS_3_587_WI_3_validation,2016-04-13,21,26.334588950174393
FOODS_3_587_WI_3_validation,2016-04-14,23,26.777969292698543
FOODS_3_587_WI_3_validation,2016-04-15,26,27.483759447989357
FOODS_3_587_WI_3_validation,2016-04-16,21,33.64335146727797
FOODS_3_587_WI_3_validation,2016-04-17,38,37.22207761781457
FOODS_3_587_WI_3_validation,2016-04-18,42,28.28324083054521
FOODS_3_587_WI_3_validation,2016-04-19,15,26.86709109951024
FOODS_3_587_WI_3_validation,2016-04-20,17,24.99258929918756
FOODS_3_587_WI_3_validation,2016-04-21,14,22.715216854467048
FOODS_3_587_WI_3_validation,2016-04-22,17,27.058783510520048
FOODS_3_587_WI_3_validation,2016-04-23,30,33.12020663924011
FOODS_3_587_WI_3_validation,2016-04-24,29,35.157621447686665
FOODS_3_607_CA_3_validation,2016-03-28,12,14.133362769719529
FOODS_3_607_CA_3_validation,2016-03-29,9,13.459235942387496
FOODS_3_607_CA_3_validation,2016-03-30,12,13.229865688546921
FOODS_3_607_CA_3_validation,2016-03-31,6,13.368850134004198
FOODS_3_607_CA_3_validation,2016-04-01,16,15.344153604637043
FOODS_3_607_CA_3_validation,2016-04-02,19,16.2967260890573
FOODS_3_607_CA_3_validation,2016-04-03,27,17.91238255586065
FOODS_3_607_CA_3_validation,2016-04-04,10,17.02881210146118
FOODS_3_607_CA_3_validation,2016-04-05,20,16.930844556782453
FOODS_3_607_CA_3_validation,2016-04-06,9,14.881606027492357
FOODS_3_607_CA_3_validation,2016-04-07,11,15.006864738668249
FOODS_3_607_CA_3_validation,2016-04-08,9,14.736311237105257
FOODS_3_607_CA_3_validation,2016-04-09,17,18.345305175042455
FOODS_3_607_CA_3_validation,2016-04-10,21,18.3934715328884
FOODS_3_607_CA_3_validation,2016-04-11,12,14.798395081248138
FOODS_3_607_CA_3_validation,2016-04-12,17,13.236748886600628
FOODS_3_607_CA_3_validation,2016-04-13,9,13.403941028825587
FOODS_3_607_CA_3_validation,2016-04-14,17,13.375733332057905
FOODS_3_607_CA_3_validation,2016-04-15,9,14.275057065371636
FOODS_3_607_CA_3_validation,2016-04-16,13,15.848701136011595
FOODS_3_607_CA_3_validation,2016-04-17,27,21.3774020406003
FOODS_3_607_CA_3_validation,2016-04-18,10,16.988068665662617
FOODS_3_607_CA_3_validation,2016-04-19,5,14.253550136386066
FOODS_3_607_CA_3_validation,2016-04-20,8,13.867878101630579
FOODS_3_607_CA_3_validation,2016-04-21,9,14.545720138918199
FOODS_3_607_CA_3_validation,2016-04-22,5,16.756662238412222
FOODS_3_607_CA_3_validation,2016-04-23,9,20.395555779562066
FOODS_3_607_CA_3_validation,2016-04-24,18,21.82676823313142
FOODS_3_635_CA_3_validation,2016-03-28,32,30.148595790278335
FOODS_3_635_CA_3_validation,2016-03-29,28,26.83477174102501
FOODS_3_635_CA_3_validation,2016-03-30,51,28.000131674890977
FOODS_3_635_CA_3_validation,2016-03-31,2,25.060365923649304
FOODS_3_635_CA_3_validation,2016-04-01,0,24.69803852267824
FOODS_3_635_CA_3_validation,2016-04-02,0,35.09071692309227
FOODS_3_635_CA_3_validation,2016-04-03,0,39.98864179742137
FOODS_3_635_CA_3_validation,2016-04-04,0,37.0566959092387
FOODS_3_635_CA_3_validation,2016-04-05,0,26.263663856379836
FOODS_3_635_CA_3_validation,2016-04-06,0,27.28771133699053
FOODS_3_635_CA_3_validation,2016-04-07,0,27.130264408384473
FOODS_3_635_CA_3_validation,2016-04-08,0,23.946532815733367
FOODS_3_635_CA_3_validation,2016-04-09,0,35.499909352326156
FOODS_3_635_CA_3_validation,2016-04-10,0,36.84059271107957
FOODS_3_635_CA_3_validation,2016-04-11,0,33.56692784237017
FOODS_3_635_CA_3_validation,2016-04-12,0,27.39182071953041
FOODS_3_635_CA_3_validation,2016-04-13,0,25.90150691041073
FOODS_3_635_CA_3_validation,2016-04-14,0,27.071955872395726
FOODS_3_635_CA_3_validation,2016-04-15,0,23.922462293277174
FOODS_3_635_CA_3_validation,2016-04-16,0,37.98236830276894
FOODS_3_635_CA_3_validation,2016-04-17,0,42.83859759092466
FOODS_3_635_CA_3_validation,2016-04-18,0,34.03807149008068
FOODS_3_635_CA_3_validation,2016-04-19,0,27.687156818772806
FOODS_3_635_CA_3_validation,2016-04-20,0,29.45451506136757
FOODS_3_635_CA_3_validation,2016-04-21,0,27.39545498274043
FOODS_3_635_CA_3_validation,2016-04-22,0,26.485570474116848
FOODS_3_635_CA_3_validation,2016-04-23,0,4.84106629161563
FOODS_3_635_CA_3_validation,2016-04-24,0,5.356190865662532
FOODS_3_681_CA_3_validation,2016-03-28,14,36.01790587956578
FOODS_3_681_CA_3_validation,2016-03-29,31,37.265825381919626
FOODS_3_681_CA_3_validation,2016-03-30,14,33.3836278967878
FOODS_3_681_CA_3_validation,2016-03-31,44,34.9819579890079
FOODS_3_681_CA_3_validation,2016-04-01,46,37.632074049445244
FOODS_3_681_CA_3_validation,2016-04-02,38,47.369743589841484
FOODS_3_681_CA_3_validation,2016-04-03,14,43.66989339201347
FOODS_3_681_CA_3_validation,2016-04-04,8,32.32384362629702
FOODS_3_681_CA_3_validation,2016-04-05,37,30.725975951462846
FOODS_3_681_CA_3_validation,2016-04-06,37,30.234335096780892
FOODS_3_681_CA_3_validation,2016-04-07,39,33.840597628234235
FOODS_3_681_CA_3_validation,2016-04-08,41,38.15694195033628
FOODS_3_681_CA_3_validation,2016-04-09,63,46.54219193983461
FOODS_3_681_CA_3_validation,2016-04-10,29,43.768402459781704
FOODS_3_681_CA_3_validation,2016-04-11,21,32.00296722343364
FOODS_3_681_CA_3_validation,2016-04-12,48,30.961853621693134
FOODS_3_681_CA_3_validation,2016-04-13,32,32.89842593979302
FOODS_3_681_CA_3_validation,2016-04-14,28,29.111256554555823
FOODS_3_681_CA_3_validation,2016-04-15,47,38.4478254808593
FOODS_3_681_CA_3_validation,2016-04-16,26,45.477775599895985
FOODS_3_681_CA_3_validation,2016-04-17,51,40.349449114948065
FOODS_3_681_CA_3_validation,2016-04-18,40,31.90927258837848
FOODS_3_681_CA_3_validation,2016-04-19,31,30.556268881011434
FOODS_3_681_CA_3_validation,2016-04-20,42,30.512120834207796
FOODS_3_681_CA_3_validation,2016-04-21,24,32.73625214607209
FOODS_3_681_CA_3_validation,2016-04-22,55,39.38860484615129
FOODS_3_681_CA_3_validation,2016-04-23,52,44.08693904849249
FOODS_3_681_CA_3_validation,2016-04-24,15,38.84433865791308
FOODS_3_681_WI_3_validation,2016-03-28,1,31.506805885768596
FOODS_3_681_WI_3_validation,2016-03-29,27,31.43574761587159
FOODS_3_681_WI_3_validation,2016-03-30,32,32.35615053088365
FOODS_3_681_WI_3_validation,2016-03-31,30,36.391276451434
FOODS_3_681_WI_3_validation,2016-04-01,70,44.64843885018693
FOODS_3_681_WI_3_validation,2016-04-02,68,72.81130429123839
FOODS_3_681_WI_3_validation,2016-04-03,87,63.96498667446216
FOODS_3_681_WI_3_validation,2016-04-04,37,36.53577572890783
FOODS_3_681_WI_3_validation,2016-04-05,35,37.21137755560586
FOODS_3_681_WI_3_validation,2016-04-06,41,35.27105712267406
FOODS_3_681_WI_3_validation,2016-04-07,32,36.344700283160684
FOODS_3_681_WI_3_validation,2016-04-08,46,45.91624369015695
FOODS_3_681_WI_3_validation,2016-04-09,66,61.5397201480082
FOODS_3_681_WI_3_validation,2016-04-10,62,51.516943291305665
FOODS_3_681_WI_3_validation,2016-04-11,35,43.460720591812255
FOODS_3_681_WI_3_validation,2016-04-12,40,34.1789605684376
FOODS_3_681_WI_3_validation,2016-04-13,21,31.562228115804842
FOODS_3_681_WI_3_validation,2016-04-14,44,37.12999693773069
FOODS_3_681_WI_3_validation,2016-04-15,56,51.422532044494
FOODS_3_681_WI_3_validation,2016-04-16,98,80.53285880695283
FOODS_3_681_WI_3_validation,2016-04-17,64,59.78071062446664
FOODS_3_681_WI_3_validation,2016-04-18,66,39.23545746703588
FOODS_3_681_WI_3_validation,2016-04-19,34,36.62074464677508
FOODS_3_681_WI_3_validation,2016-04-20,9,36.41938852768864
FOODS_3_681_WI_3_validation,2016-04-21,38,37.610420940931874
FOODS_3_681_WI_3_validation,2016-04-22,43,47.17378770953425
FOODS_3_681_WI_3_validation,2016-04-23,83,73.31521475427678
FOODS_3_681_WI_3_validation,2016-04-24,54,53.19099079024039
FOODS_3_694_CA_3_validation,2016-03-28,18,16.445223969879144
FOODS_3_694_CA_3_validation,2016-03-29,12,16.751286134102212
FOODS_3_694_CA_3_validation,2016-03-30,18,17.077560314072755
FOODS_3_694_CA_3_validation,2016-03-31,21,17.827922167916984
FOODS_3_694_CA_3_validation,2016-04-01,18,19.87057377545533
FOODS_3_694_CA_3_validation,2016-04-02,27,21.927887063117435
FOODS_3_694_CA_3_validation,2016-04-03,25,21.824860155491624
FOODS_3_694_CA_3_validation,2016-04-04,24,18.24566936886194
FOODS_3_694_CA_3_validation,2016-04-05,18,17.92592307073942
FOODS_3_694_CA_3_validation,2016-04-06,20,17.96157355239078
FOODS_3_694_CA_3_validation,2016-04-07,31,17.645990682145378
FOODS_3_694_CA_3_validation,2016-04-08,29,19.148245658026514
FOODS_3_694_CA_3_validation,2016-04-09,23,21.188315045811283
FOODS_3_694_CA_3_validation,2016-04-10,27,21.085288138185472
FOODS_3_694_CA_3_validation,2016-04-11,15,16.21219020612588
FOODS_3_694_CA_3_validation,2016-04-12,22,16.848143242728376
FOODS_3_694_CA_3_validation,2016-04-13,9,16.518252370348947
FOODS_3_694_CA_3_validation,2016-04-14,17,17.59488840416372
FOODS_3_694_CA_3_validation,2016-04-15,8,19.22902217870446
FOODS_3_694_CA_3_validation,2016-04-16,16,20.908179581537226
FOODS_3_694_CA_3_validation,2016-04-17,20,22.35519363814062
FOODS_3_694_CA_3_validation,2016-04-18,17,16.21219020612588
FOODS_3_694_CA_3_validation,2016-04-19,20,16.848143242728376
FOODS_3_694_CA_3_validation,2016-04-20,16,17.17441742269892
FOODS_3_694_CA_3_validation,2016-04-21,19,17.202819420168673
FOODS_3_694_CA_3_validation,2016-04-22,22,19.814815982434844
FOODS_3_694_CA_3_validation,2016-04-23,24,21.395559334307954
FOODS_3_694_CA_3_validation,2016-04-24,24,22.35519363814062
FOODS_3_694_TX_1_validation,2016-03-28,13,17.602525054493242
FOODS_3_694_TX_1_validation,2016-03-29,18,18.22967633245922
FOODS_3_694_TX_1_validation,2016-03-30,17,17.345830768615958
FOODS_3_694_TX_1_validation,2016-03-31,12,19.36199598709313
FOODS_3_694_TX_1_validation,2016-04-01,24,20.786947515575946
FOODS_3_694_TX_1_validation,2016-04-02,26,22.685865807046028
FOODS_3_694_TX_1_validation,2016-04-03,26,21.679430389655927
FOODS_3_694_TX_1_validation,2016-04-04,17,18.875121916065353
FOODS_3_694_TX_1_validation,2016-04-05,18,17.321759537314666
FOODS_3_694_TX_1_validation,2016-04-06,22,16.434113627926514
FOODS_3_694_TX_1_validation,2016-04-07,21,17.96420164706402
FOODS_3_694_TX_1_validation,2016-04-08,25,21.00055162676167
FOODS_3_694_TX_1_validation,2016-04-09,31,24.328443492223307
FOODS_3_694_TX_1_validation,2016-04-10,22,26.188236850963868
FOODS_3_694_TX_1_validation,2016-04-11,18,19.261454571095143
FOODS_3_694_TX_1_validation,2016-04-12,11,21.977144850390108
FOODS_3_694_TX_1_validation,2016-04-13,11,19.02668786289111
FOODS_3_694_TX_1_validation,2016-04-14,19,20.833821163946986
FOODS_3_694_TX_1_validation,2016-04-15,16,22.319316242737433
FOODS_3_694_TX_1_validation,2016-04-16,17,25.82128674274634
FOODS_3_694_TX_1_validation,2016-04-17,25,25.74315201095058
FOODS_3_694_TX_1_validation,2016-04-18,17,18.832480260020017
FOODS_3_694_TX_1_validation,2016-04-19,21,17.752348278130285
FOODS_3_694_TX_1_validation,2016-04-20,12,17.60188854691845
FOODS_3_694_TX_1_validation,2016-04-21,16,18.1001122963728
FOODS_3_694_TX_1_validation,2016-04-22,16,21.627079829186794
FOODS_3_694_TX_1_validation,2016-04-23,22,26.271111694021208
FOODS_3_694_TX_1_validation,2016-04-24,29,25.72005232015169
FOODS_3_694_WI_1_validation,2016-03-28,12,16.516091255371357
FOODS_3_694_WI_1_validation,2016-03-29,16,16.11216397050705
FOODS_3_694_WI_1_validation,2016-03-30,18,17.184260057551334
FOODS_3_694_WI_1_validation,2016-03-31,18,17.26635775321511
FOODS_3_694_WI_1_validation,2016-04-01,31,20.962781443807597
FOODS_3_694_WI_1_validation,2016-04-02,26,27.825799952715013
FOODS_3_694_WI_1_validation,2016-04-03,28,24.011423833285313
FOODS_3_694_WI_1_validation,2016-04-04,16,17.694808894169178
FOODS_3_694_WI_1_validation,2016-04-05,16,17.663188593958775
FOODS_3_694_WI_1_validation,2016-04-06,12,17.939196368306295
FOODS_3_694_WI_1_validation,2016-04-07,16,18.683509828181787
FOODS_3_694_WI_1_validation,2016-04-08,21,21.610093071526816
FOODS_3_694_WI_1_validation,2016-04-09,24,29.053137277402346
FOODS_3_694_WI_1_validation,2016-04-10,27,27.654109086550044
FOODS_3_694_WI_1_validation,2016-04-11,21,18.151788678835338
FOODS_3_694_WI_1_validation,2016-04-12,17,17.45194866815605
FOODS_3_694_WI_1_validation,2016-04-13,16,16.637464774692656
FOODS_3_694_WI_1_validation,2016-04-14,14,16.52070686345214
FOODS_3_694_WI_1_validation,2016-04-15,21,18.90127923239988
FOODS_3_694_WI_1_validation,2016-04-16,34,27.428096244544793
FOODS_3_694_WI_1_validation,2016-04-17,32,24.48151774044576
FOODS_3_694_WI_1_validation,2016-04-18,27,15.956590461517425
FOODS_3_694_WI_1_validation,2016-04-19,14,15.882566767730468
FOODS_3_694_WI_1_validation,2016-04-20,12,15.415257290472779
FOODS_3_694_WI_1_validation,2016-04-21,14,15.864564524973947
FOODS_3_694_WI_1_validation,2016-04-22,18,19.523582015205246
FOODS_3_694_WI_1_validation,2016-04-23,28,27.746436281280506
FOODS_3_694_WI_1_validation,2016-04-24,24,24.597389665768876
FOODS_3_694_WI_2_validation,2016-03-28,30,33.5198983417773
FOODS_3_694_WI_2_validation,2016-03-29,24,36.797397262200796
FOODS_3_694_WI_2_validation,2016-03-30,37,36.797397262200796
FOODS_3_694_WI_2_validation,2016-03-31,35,37.22358482130804
FOODS_3_694_WI_2_validation,2016-04-01,52,41.65800257740542
FOODS_3_694_WI_2_validation,2016-04-02,44,47.8277040982429
FOODS_3_694_WI_2_validation,2016-04-03,41,46.22033812469371
FOODS_3_694_WI_2_validation,2016-04-04,32,38.21942944163976
FOODS_3_694_WI_2_validation,2016-04-05,33,42.53208472675306
FOODS_3_694_WI_2_validation,2016-04-06,36,42.327523399058904
FOODS_3_694_WI_2_validation,2016-04-07,37,37.71761154566361
FOODS_3_694_WI_2_validation,2016-04-08,37,44.73679434998384
FOODS_3_694_WI_2_validation,2016-04-09,43,50.14783623640895
FOODS_3_694_WI_2_validation,2016-04-10,34,43.409376382255594
FOODS_3_694_WI_2_validation,2016-04-11,45,41.860347505248974
FOODS_3_694_WI_2_validation,2016-04-12,37,42.898372968048676
FOODS_3_694_WI_2_validation,2016-04-13,27,37.4292573852095
FOODS_3_694_WI_2_validation,2016-04-14,45,38.609936642088435
FOODS_3_694_WI_2_validation,2016-04-15,41,45.759718241775275
FOODS_3_694_WI_2_validation,2016-04-16,44,45.58112618125039
FOODS_3_694_WI_2_validation,2016-04-17,52,42.675899561823805
FOODS_3_694_WI_2_validation,2016-04-18,38,34.112379567323906
FOODS_3_694_WI_2_validation,2016-04-19,31,36.184999713496765
FOODS_3_694_WI_2_validation,2016-04-20,32,35.27543394772671
FOODS_3_694_WI_2_validation,2016-04-21,32,35.17891176797263
FOODS_3_694_WI_2_validation,2016-04-22,31,42.52318873357329
FOODS_3_694_WI_2_validation,2016-04-23,33,48.052062489148625
FOODS_3_694_WI_2_validation,2016-04-24,29,41.805633752177435
FOODS_3_694_WI_3_validation,2016-03-28,36,38.99881204295944
FOODS_3_694_WI_3_validation,2016-03-29,44,40.66927838395487
FOODS_3_694_WI_3_validation,2016-03-30,39,42.11019032576552
FOODS_3_694_WI_3_validation,2016-03-31,39,43.537983848996184
FOODS_3_694_WI_3_validation,2016-04-01,46,51.298699181103
FOODS_3_694_WI_3_validation,2016-04-02,56,60.934572168735116
FOODS_3_694_WI_3_validation,2016-04-03,54,50.50993661903641
FOODS_3_694_WI_3_validation,2016-04-04,29,39.52752275305254
FOODS_3_694_WI_3_validation,2016-04-05,43,45.35834150329281
FOODS_3_694_WI_3_validation,2016-04-06,31,44.97160939885222
FOODS_3_694_WI_3_validation,2016-04-07,34,42.04205846220077
FOODS_3_694_WI_3_validation,2016-04-08,48,52.714756664365254
FOODS_3_694_WI_3_validation,2016-04-09,61,59.188669459136875
FOODS_3_694_WI_3_validation,2016-04-10,42,46.999325414704835
FOODS_3_694_WI_3_validation,2016-04-11,41,43.94239649499774
FOODS_3_694_WI_3_validation,2016-04-12,34,42.49595582701766
FOODS_3_694_WI_3_validation,2016-04-13,37,38.940923530867984
FOODS_3_694_WI_3_validation,2016-04-14,51,45.681386690452385
FOODS_3_694_WI_3_validation,2016-04-15,65,48.65970838983025
FOODS_3_694_WI_3_validation,2016-04-16,58,53.045206026122614
FOODS_3_694_WI_3_validation,2016-04-17,59,48.46725790370934
FOODS_3_694_WI_3_validation,2016-04-18,54,40.958171264104514
FOODS_3_694_WI_3_validation,2016-04-19,42,40.65144179110354
FOODS_3_694_WI_3_validation,2016-04-20,34,39.60712967554902
FOODS_3_694_WI_3_validation,2016-04-21,34,37.5921485732138
FOODS_3_694_WI_3_validation,2016-04-22,46,51.928907679644915
FOODS_3_694_WI_3_validation,2016-04-23,46,57.4089525516361
FOODS_3_694_WI_3_validation,2016-04-24,48,48.79197285296066
FOODS_3_711_CA_3_validation,2016-03-28,13,11.071595221827991
FOODS_3_711_CA_3_validation,2016-03-29,1,6.527098254898914
FOODS_3_711_CA_3_validation,2016-03-30,7,14.868797170080095
FOODS_3_711_CA_3_validation,2016-03-31,11,15.9995840519103
FOODS_3_711_CA_3_validation,2016-04-01,33,17.81939785454452
FOODS_3_711_CA_3_validation,2016-04-02,4,20.55372732376241
FOODS_3_711_CA_3_validation,2016-04-03,1,21.341664195239087
FOODS_3_711_CA_3_validation,2016-04-04,0,22.344088243633344
FOODS_3_711_CA_3_validation,2016-04-05,0,17.88608739222464
FOODS_3_711_CA_3_validation,2016-04-06,33,16.33837490948846
FOODS_3_711_CA_3_validation,2016-04-07,26,15.079039241826992
FOODS_3_711_CA_3_validation,2016-04-08,6,14.366070636364505
FOODS_3_711_CA_3_validation,2016-04-09,6,17.583867841874405
FOODS_3_711_CA_3_validation,2016-04-10,18,20.719991550792393
FOODS_3_711_CA_3_validation,2016-04-11,21,11.453798062307662
FOODS_3_711_CA_3_validation,2016-04-12,7,11.319732814442304
FOODS_3_711_CA_3_validation,2016-04-13,0,11.319732814442304
FOODS_3_711_CA_3_validation,2016-04-14,0,11.483985518178365
FOODS_3_711_CA_3_validation,2016-04-15,15,10.226725912699058
FOODS_3_711_CA_3_validation,2016-04-16,3,12.281677747610876
FOODS_3_711_CA_3_validation,2016-04-17,15,12.536905336847289
FOODS_3_711_CA_3_validation,2016-04-18,28,13.82966185788525
FOODS_3_711_CA_3_validation,2016-04-19,2,11.319732814442304
FOODS_3_711_CA_3_validation,2016-04-20,2,11.317712956116761
FOODS_3_711_CA_3_validation,2016-04-21,0,11.183474184765764
FOODS_3_711_CA_3_validation,2016-04-22,0,9.923804921759372
FOODS_3_711_CA_3_validation,2016-04-23,4,12.736392959113042
FOODS_3_711_CA_3_validation,2016-04-24,6,13.492092919912706
FOODS_3_711_WI_2_validation,2016-03-28,10,15.826143057244902
FOODS_3_711_WI_2_validation,2016-03-29,57,14.31354144242897
FOODS_3_711_WI_2_validation,2016-03-30,0,13.195017252928773
FOODS_3_711_WI_2_validation,2016-03-31,0,6.82045459680305
FOODS_3_711_WI_2_validation,2016-04-01,0,12.667766971028126
FOODS_3_711_WI_2_validation,2016-04-02,0,31.170443471374515
FOODS_3_711_WI_2_validation,2016-04-03,1,25.45241175929086
FOODS_3_711_WI_2_validation,2016-04-04,0,14.078088610981842
FOODS_3_711_WI_2_validation,2016-04-05,0,19.310333372565893
FOODS_3_711_WI_2_validation,2016-04-06,0,19.36625524936273
FOODS_3_711_WI_2_validation,2016-04-07,0,11.876556274169445
FOODS_3_711_WI_2_validation,2016-04-08,1,20.079194131310313
FOODS_3_711_WI_2_validation,2016-04-09,1,29.950312601780457
FOODS_3_711_WI_2_validation,2016-04-10,0,19.841517062091665
FOODS_3_711_WI_2_validation,2016-04-11,0,27.60926896928901
FOODS_3_711_WI_2_validation,2016-04-12,0,24.601249603104044
FOODS_3_711_WI_2_validation,2016-04-13,2,15.173192312675093
FOODS_3_711_WI_2_validation,2016-04-14,0,22.467315625032843
FOODS_3_711_WI_2_validation,2016-04-15,0,22.372019481699905
FOODS_3_711_WI_2_validation,2016-04-16,0,19.397959047154544
FOODS_3_711_WI_2_validation,2016-04-17,0,17.09496706750092
FOODS_3_711_WI_2_validation,2016-04-18,47,15.028700486825278
FOODS_3_711_WI_2_validation,2016-04-19,38,14.262822872485351
FOODS_3_711_WI_2_validation,2016-04-20,8,14.00942539703184
FOODS_3_711_WI_2_validation,2016-04-21,20,14.067755171900934
FOODS_3_711_WI_2_validation,2016-04-22,26,12.043590769589107
FOODS_3_711_WI_2_validation,2016-04-23,21,18.422882236873413
FOODS_3_711_WI_2_validation,2016-04-24,18,17.473175770966936
FOODS_3_714_CA_1_validation,2016-03-28,11,17.64458773276217
FOODS_3_714_CA_1_validation,2016-03-29,4,15.680929165010856
FOODS_3_714_CA_1_validation,2016-03-30,13,15.761675973765161
FOODS_3_714_CA_1_validation,2016-03-31,19,17.02881772221763
FOODS_3_714_CA_1_validation,2016-04-01,29,20.19533373361065
FOODS_3_714_CA_1_validation,2016-04-02,40,27.9956337117622
FOODS_3_714_CA_1_validation,2016-04-03,23,28.624058801173568
FOODS_3_714_CA_1_validation,2016-04-04,25,16.94431930092863
FOODS_3_714_CA_1_validation,2016-04-05,19,15.863284832043634
FOODS_3_714_CA_1_validation,2016-04-06,15,16.748990013499796
FOODS_3_714_CA_1_validation,2016-04-07,15,18.199844423092813
FOODS_3_714_CA_1_validation,2016-04-08,18,20.495812090744007
FOODS_3_714_CA_1_validation,2016-04-09,33,29.64938455141782
FOODS_3_714_CA_1_validation,2016-04-10,25,25.334711982767235
FOODS_3_714_CA_1_validation,2016-04-11,7,17.315602969893327
FOODS_3_714_CA_1_validation,2016-04-12,5,15.569171510891534
FOODS_3_714_CA_1_validation,2016-04-13,11,15.64991831964584
FOODS_3_714_CA_1_validation,2016-04-14,9,16.000753272933157
FOODS_3_714_CA_1_validation,2016-04-15,20,20.161048397187905
FOODS_3_714_CA_1_validation,2016-04-16,37,30.84574486879547
FOODS_3_714_CA_1_validation,2016-04-17,37,28.335095332029287
FOODS_3_714_CA_1_validation,2016-04-18,15,16.949734281195756
FOODS_3_714_CA_1_validation,2016-04-19,6,16.699368932665156
FOODS_3_714_CA_1_validation,2016-04-20,10,17.350374200874274
FOODS_3_714_CA_1_validation,2016-04-21,12,17.052627838458132
FOODS_3_714_CA_1_validation,2016-04-22,18,23.31050712444654
FOODS_3_714_CA_1_validation,2016-04-23,22,33.29482684275641
FOODS_3_714_CA_1_validation,2016-04-24,27,30.906057038101665
FOODS_3_714_CA_3_validation,2016-03-28,26,25.132448262658542
FOODS_3_714_CA_3_validation,2016-03-29,28,23.624764841026582
FOODS_3_714_CA_3_validation,2016-03-30,34,22.89645826659268
FOODS_3_714_CA_3_validation,2016-03-31,25,23.501324008714477
FOODS_3_714_CA_3_validation,2016-04-01,34,27.392836291663354
FOODS_3_714_CA_3_validation,2016-04-02,39,36.84793480971839
FOODS_3_714_CA_3_validation,2016-04-03,35,35.31320282851817
FOODS_3_714_CA_3_validation,2016-04-04,29,25.507035104892914
FOODS_3_714_CA_3_validation,2016-04-05,45,25.06078654660477
FOODS_3_714_CA_3_validation,2016-04-06,41,25.420841399082626
FOODS_3_714_CA_3_validation,2016-04-07,38,24.700586137842564
FOODS_3_714_CA_3_validation,2016-04-08,30,29.415334227430087
FOODS_3_714_CA_3_validation,2016-04-09,32,34.229589845667846
FOODS_3_714_CA_3_validation,2016-04-10,13,31.621225078814295
FOODS_3_714_CA_3_validation,2016-04-11,18,24.69711471980506
FOODS_3_714_CA_3_validation,2016-04-12,24,22.089230053999433
FOODS_3_714_CA_3_validation,2016-04-13,41,21.68664150922148
FOODS_3_714_CA_3_validation,2016-04-14,29,24.34448758581729
FOODS_3_714_CA_3_validation,2016-04-15,31,27.880261895712167
FOODS_3_714_CA_3_validation,2016-04-16,35,35.82242270340466
FOODS_3_714_CA_3_validation,2016-04-17,57,34.1019757452861
FOODS_3_714_CA_3_validation,2016-04-18,24,25.28724744824325
FOODS_3_714_CA_3_validation,2016-04-19,25,24.076712837838304
FOODS_3_714_CA_3_validation,2016-04-20,33,23.69210379797178
FOODS_3_714_CA_3_validation,2016-04-21,23,25.314503128184597
FOODS_3_714_CA_3_validation,2016-04-22,20,28.579722602723535
FOODS_3_714_CA_3_validation,2016-04-23,42,37.767801488904745
FOODS_3_714_CA_3_validation,2016-04-24,40,34.38927346299026
FOODS_3_714_TX_1_validation,2016-03-28,9,17.89250907378566
FOODS_3_714_TX_1_validation,2016-03-29,15,15.792494785187037
FOODS_3_714_TX_1_validation,2016-03-30,14,16.499234672569518
FOODS_3_714_TX_1_validation,2016-03-31,12,17.998861519352655
FOODS_3_714_TX_1_validation,2016-04-01,25,20.452202387625114
FOODS_3_714_TX_1_validation,2016-04-02,21,26.588820253447697
FOODS_3_714_TX_1_validation,2016-04-03,28,25.83426099746357
FOODS_3_714_TX_1_validation,2016-04-04,14,17.966664630171064
FOODS_3_714_TX_1_validation,2016-04-05,23,16.482594807442975
FOODS_3_714_TX_1_validation,2016-04-06,16,16.482594807442975
FOODS_3_714_TX_1_validation,2016-04-07,23,16.571606766433355
FOODS_3_714_TX_1_validation,2016-04-08,24,20.498976633433696
FOODS_3_714_TX_1_validation,2016-04-09,30,26.19150702608953
FOODS_3_714_TX_1_validation,2016-04-10,34,24.21962233741199
FOODS_3_714_TX_1_validation,2016-04-11,19,20.362559191258523
FOODS_3_714_TX_1_validation,2016-04-12,19,19.648665653153703
FOODS_3_714_TX_1_validation,2016-04-13,13,17.862270082241288
FOODS_3_714_TX_1_validation,2016-04-14,21,19.132473277737486
FOODS_3_714_TX_1_validation,2016-04-15,17,21.393805320947514
FOODS_3_714_TX_1_validation,2016-04-16,31,24.048611471254326
FOODS_3_714_TX_1_validation,2016-04-17,21,22.843571655367622
FOODS_3_714_TX_1_validation,2016-04-18,14,17.37934030059032
FOODS_3_714_TX_1_validation,2016-04-19,10,17.050619219540664
FOODS_3_714_TX_1_validation,2016-04-20,20,17.050619219540664
FOODS_3_714_TX_1_validation,2016-04-21,14,17.035585484130404
FOODS_3_714_TX_1_validation,2016-04-22,21,20.170023169551673
FOODS_3_714_TX_1_validation,2016-04-23,32,23.068864278396514
FOODS_3_714_TX_1_validation,2016-04-24,20,24.253805568852652
FOODS_3_714_TX_2_validation,2016-03-28,23,21.202027023215894
FOODS_3_714_TX_2_validation,2016-03-29,23,19.618127123040455
FOODS_3_714_TX_2_validation,2016-03-30,16,19.210613936942774
FOODS_3_714_TX_2_validation,2016-03-31,22,22.79686060987993
FOODS_3_714_TX_2_validation,2016-04-01,21,28.160304357439795
FOODS_3_714_TX_2_validation,2016-04-02,34,33.54346521488994
FOODS_3_714_TX_2_validation,2016-04-03,42,31.394713985605996
FOODS_3_714_TX_2_validation,2016-04-04,18,23.32226313635573
FOODS_3_714_TX_2_validation,2016-04-05,18,19.885354416448312
FOODS_3_714_TX_2_validation,2016-04-06,15,20.63281322992276
FOODS_3_714_TX_2_validation,2016-04-07,23,22.226547126210253
FOODS_3_714_TX_2_validation,2016-04-08,28,26.856130971003548
FOODS_3_714_TX_2_validation,2016-04-09,26,33.56246745278643
FOODS_3_714_TX_2_validation,2016-04-10,22,32.38216817236488
FOODS_3_714_TX_2_validation,2016-04-11,25,24.60666643800771
FOODS_3_714_TX_2_validation,2016-04-12,13,22.015652422968337
FOODS_3_714_TX_2_validation,2016-04-13,13,21.43779002157709
FOODS_3_714_TX_2_validation,2016-04-14,18,22.384518239096238
FOODS_3_714_TX_2_validation,2016-04-15,29,28.435664549036886
FOODS_3_714_TX_2_validation,2016-04-16,17,33.19632209260347
FOODS_3_714_TX_2_validation,2016-04-17,30,32.45687905440132
FOODS_3_714_TX_2_validation,2016-04-18,13,23.27788129385897
FOODS_3_714_TX_2_validation,2016-04-19,21,22.84565971756018
FOODS_3_714_TX_2_validation,2016-04-20,12,22.794477957957373
FOODS_3_714_TX_2_validation,2016-04-21,32,22.984032280563476
FOODS_3_714_TX_2_validation,2016-04-22,39,28.86104737276421
FOODS_3_714_TX_2_validation,2016-04-23,20,36.0947336396363
FOODS_3_714_TX_2_validation,2016-04-24,15,34.26620043375606
FOODS_3_714_TX_3_validation,2016-03-28,8,21.14245825791822
FOODS_3_714_TX_3_validation,2016-03-29,21,20.563005383733444
FOODS_3_714_TX_3_validation,2016-03-30,24,20.156747254848877
FOODS_3_714_TX_3_validation,2016-03-31,28,21.44756725196115
FOODS_3_714_TX_3_validation,2016-04-01,22,24.076922228405365
FOODS_3_714_TX_3_validation,2016-04-02,27,29.96092548504751
FOODS_3_714_TX_3_validation,2016-04-03,29,29.357762076597513
FOODS_3_714_TX_3_validation,2016-04-04,42,21.722728467973585
FOODS_3_714_TX_3_validation,2016-04-05,33,20.157755849943992
FOODS_3_714_TX_3_validation,2016-04-06,29,20.157755849943992
FOODS_3_714_TX_3_validation,2016-04-07,24,21.319317788961378
FOODS_3_714_TX_3_validation,2016-04-08,23,25.74944599278288
FOODS_3_714_TX_3_validation,2016-04-09,28,31.29802454157819
FOODS_3_714_TX_3_validation,2016-04-10,24,29.199724131289088
FOODS_3_714_TX_3_validation,2016-04-11,11,24.19222440418805
FOODS_3_714_TX_3_validation,2016-04-12,17,22.071266228304303
FOODS_3_714_TX_3_validation,2016-04-13,23,23.514219010039728
FOODS_3_714_TX_3_validation,2016-04-14,17,21.232954487283475
FOODS_3_714_TX_3_validation,2016-04-15,29,27.397446431612398
FOODS_3_714_TX_3_validation,2016-04-16,26,27.10014269649568
FOODS_3_714_TX_3_validation,2016-04-17,27,30.183849444957147
FOODS_3_714_TX_3_validation,2016-04-18,13,21.45985439791126
FOODS_3_714_TX_3_validation,2016-04-19,19,20.28198441578053
FOODS_3_714_TX_3_validation,2016-04-20,8,20.425916461008793
FOODS_3_714_TX_3_validation,2016-04-21,15,18.77255718635893
FOODS_3_714_TX_3_validation,2016-04-22,17,26.395534506289344
FOODS_3_714_TX_3_validation,2016-04-23,30,30.09018176111372
FOODS_3_714_TX_3_validation,2016-04-24,19,25.392026781459677
FOODS_3_714_WI_3_validation,2016-03-28,11,19.77597255618083
FOODS_3_714_WI_3_validation,2016-03-29,33,19.671642011921065
FOODS_3_714_WI_3_validation,2016-03-30,13,19.671642011921065
FOODS_3_714_WI_3_validation,2016-03-31,4,22.353395094442835
FOODS_3_714_WI_3_validation,2016-04-01,32,26.96097944639412
FOODS_3_714_WI_3_validation,2016-04-02,21,29.31140416038614
FOODS_3_714_WI_3_validation,2016-04-03,13,25.185583008649918
FOODS_3_714_WI_3_validation,2016-04-04,11,22.30540203801449
FOODS_3_714_WI_3_validation,2016-04-05,21,25.123184985905993
FOODS_3_714_WI_3_validation,2016-04-06,8,24.92945653643404
FOODS_3_714_WI_3_validation,2016-04-07,9,23.26953051810384
FOODS_3_714_WI_3_validation,2016-04-08,24,28.52175094585169
FOODS_3_714_WI_3_validation,2016-04-09,22,34.389579764575934
FOODS_3_714_WI_3_validation,2016-04-10,16,29.516568549055567
FOODS_3_714_WI_3_validation,2016-04-11,19,23.679949219590995
FOODS_3_714_WI_3_validation,2016-04-12,16,23.246726094003847
FOODS_3_714_WI_3_validation,2016-04-13,13,20.64218657480626
FOODS_3_714_WI_3_validation,2016-04-14,30,23.353630841705154
FOODS_3_714_WI_3_validation,2016-04-15,31,25.20102631798107
FOODS_3_714_WI_3_validation,2016-04-16,40,29.657228036559374
FOODS_3_714_WI_3_validation,2016-04-17,10,25.058118460019706
FOODS_3_714_WI_3_validation,2016-04-18,20,17.968714159131167
FOODS_3_714_WI_3_validation,2016-04-19,18,18.99917030256711
FOODS_3_714_WI_3_validation,2016-04-20,16,18.448732196099506
FOODS_3_714_WI_3_validation,2016-04-21,25,20.512496717240527
FOODS_3_714_WI_3_validation,2016-04-22,26,24.202257774023014
FOODS_3_714_WI_3_validation,2016-04-23,36,29.4204273818184
FOODS_3_714_WI_3_validation,2016-04-24,20,27.779185249086186
FOODS_3_723_CA_3_validation,2016-03-28,14,21.88278633738104
FOODS_3_723_CA_3_validation,2016-03-29,19,19.988863762161532
FOODS_3_723_CA_3_validation,2016-03-30,14,20.36984088174687
FOODS_3_723_CA_3_validation,2016-03-31,56,20.739881310236182
FOODS_3_723_CA_3_validation,2016-04-01,31,29.921304600004948
FOODS_3_723_CA_3_validation,2016-04-02,35,29.131919894477537
FOODS_3_723_CA_3_validation,2016-04-03,19,29.044096073947088
FOODS_3_723_CA_3_validation,2016-04-04,30,20.52383389872652
FOODS_3_723_CA_3_validation,2016-04-05,22,20.130231423931118
FOODS_3_723_CA_3_validation,2016-04-06,12,21.66370593970475
FOODS_3_723_CA_3_validation,2016-04-07,30,23.3642495586497
FOODS_3_723_CA_3_validation,2016-04-08,26,26.082239036963912
FOODS_3_723_CA_3_validation,2016-04-09,34,30.524369933990467
FOODS_3_723_CA_3_validation,2016-04-10,28,26.10223299101114
FOODS_3_723_CA_3_validation,2016-04-11,17,19.878356434126456
FOODS_3_723_CA_3_validation,2016-04-12,18,20.149291118485078
FOODS_3_723_CA_3_validation,2016-04-13,22,19.31299868097271
FOODS_3_723_CA_3_validation,2016-04-14,18,19.27324861750066
FOODS_3_723_CA_3_validation,2016-04-15,28,24.883291332522933
FOODS_3_723_CA_3_validation,2016-04-16,32,32.01286268177871
FOODS_3_723_CA_3_validation,2016-04-17,42,24.84153349242532
FOODS_3_723_CA_3_validation,2016-04-18,21,18.435348852034775
FOODS_3_723_CA_3_validation,2016-04-19,18,17.55160836735061
FOODS_3_723_CA_3_validation,2016-04-20,26,17.898708264202952
FOODS_3_723_CA_3_validation,2016-04-21,12,18.460847332308916
FOODS_3_723_CA_3_validation,2016-04-22,31,27.986064168035018
FOODS_3_723_CA_3_validation,2016-04-23,48,33.07342933389217
FOODS_3_723_CA_3_validation,2016-04-24,23,28.661884108705326
FOODS_3_723_WI_3_validation,2016-03-28,30,23.896441144708273
FOODS_3_723_WI_3_validation,2016-03-29,23,22.117177714570154
FOODS_3_723_WI_3_validation,2016-03-30,17,22.155447625295682
FOODS_3_723_WI_3_validation,2016-03-31,18,25.46103553343027
FOODS_3_723_WI_3_validation,2016-04-01,39,34.32047788027274
FOODS_3_723_WI_3_validation,2016-04-02,40,47.4563136779337
FOODS_3_723_WI_3_validation,2016-04-03,30,34.63467976771884
FOODS_3_723_WI_3_validation,2016-04-04,24,23.700572771501008
FOODS_3_723_WI_3_validation,2016-04-05,20,25.338100953150835
FOODS_3_723_WI_3_validation,2016-04-06,21,25.419368156261147
FOODS_3_723_WI_3_validation,2016-04-07,20,23.957493841448965
FOODS_3_723_WI_3_validation,2016-04-08,26,29.36722387838873
FOODS_3_723_WI_3_validation,2016-04-09,43,34.91277209790371
FOODS_3_723_WI_3_validation,2016-04-10,34,32.092298132084004
FOODS_3_723_WI_3_validation,2016-04-11,23,22.831878493360403
FOODS_3_723_WI_3_validation,2016-04-12,25,28.969159987661616
FOODS_3_723_WI_3_validation,2016-04-13,19,22.446475168686142
FOODS_3_723_WI_3_validation,2016-04-14,32,25.954311106995718
FOODS_3_723_WI_3_validation,2016-04-15,30,31.42693805280002
FOODS_3_723_WI_3_validation,2016-04-16,37,41.612389007805895
FOODS_3_723_WI_3_validation,2016-04-17,38,35.40554250742935
FOODS_3_723_WI_3_validation,2016-04-18,21,23.713426790700954
FOODS_3_723_WI_3_validation,2016-04-19,15,21.81109453714508
FOODS_3_723_WI_3_validation,2016-04-20,24,21.847081069253658
FOODS_3_723_WI_3_validation,2016-04-21,16,21.17364216673708
FOODS_3_723_WI_3_validation,2016-04-22,27,28.692241252037377
FOODS_3_723_WI_3_validation,2016-04-23,42,42.74898974273853
FOODS_3_723_WI_3_validation,2016-04-24,41,39.09888574218763
FOODS_3_752_CA_3_validation,2016-03-28,15,13.085625384297826
FOODS_3_752_CA_3_validation,2016-03-29,9,13.37301957118988
FOODS_3_752_CA_3_validation,2016-03-30,12,13.37301957118988
FOODS_3_752_CA_3_validation,2016-03-31,6,13.457470920305637
FOODS_3_752_CA_3_validation,2016-04-01,7,18.017525432306453
FOODS_3_752_CA_3_validation,2016-04-02,13,18.798410068130984
FOODS_3_752_CA_3_validation,2016-04-03,14,18.857339288319412
FOODS_3_752_CA_3_validation,2016-04-04,15,19.53692131372746
FOODS_3_752_CA_3_validation,2016-04-05,4,17.726053165177856
FOODS_3_752_CA_3_validation,2016-04-06,23,17.782099567269018
FOODS_3_752_CA_3_validation,2016-04-07,10,17.62590285347299
FOODS_3_752_CA_3_validation,2016-04-08,51,20.494790465962996
FOODS_3_752_CA_3_validation,2016-04-09,7,20.375770052812637
FOODS_3_752_CA_3_validation,2016-04-10,29,21.956866181575066
FOODS_3_752_CA_3_validation,2016-04-11,9,15.206238558972098
FOODS_3_752_CA_3_validation,2016-04-12,37,15.504466121011065
FOODS_3_752_CA_3_validation,2016-04-13,1,16.28279304826961
FOODS_3_752_CA_3_validation,2016-04-14,1,15.297443995172822
FOODS_3_752_CA_3_validation,2016-04-15,21,16.549404993532463
FOODS_3_752_CA_3_validation,2016-04-16,13,16.27775293967034
FOODS_3_752_CA_3_validation,2016-04-17,26,16.853804591967307
FOODS_3_752_CA_3_validation,2016-04-18,61,15.085875519844778
FOODS_3_752_CA_3_validation,2016-04-19,6,15.298505200337742
FOODS_3_752_CA_3_validation,2016-04-20,19,14.86068544914176
FOODS_3_752_CA_3_validation,2016-04-21,10,15.004115838330806
FOODS_3_752_CA_3_validation,2016-04-22,2,17.113484137504823
FOODS_3_752_CA_3_validation,2016-04-23,1,16.69312351195543
FOODS_3_752_CA_3_validation,2016-04-24,3,16.97416763109462
FOODS_3_804_CA_3_validation,2016-03-28,18,14.394042452871126
FOODS_3_804_CA_3_validation,2016-03-29,0,16.001843366236916
FOODS_3_804_CA_3_validation,2016-03-30,13,16.73193430502547
FOODS_3_804_CA_3_validation,2016-03-31,10,14.884252025180903
FOODS_3_804_CA_3_validation,2016-04-01,14,18.971888978637413
FOODS_3_804_CA_3_validation,2016-04-02,28,17.026086693583796
FOODS_3_804_CA_3_validation,2016-04-03,15,19.094283274840546
FOODS_3_804_CA_3_validation,2016-04-04,17,17.45579142336478
FOODS_3_804_CA_3_validation,2016-04-05,14,18.458268631103383
FOODS_3_804_CA_3_validation,2016-04-06,0,17.101006250655306
FOODS_3_804_CA_3_validation,2016-04-07,0,16.427603675272447
FOODS_3_804_CA_3_validation,2016-04-08,0,18.219083888742713
FOODS_3_804_CA_3_validation,2016-04-09,0,18.340722944681815
FOODS_3_804_CA_3_validation,2016-04-10,0,21.081442257381635
FOODS_3_804_CA_3_validation,2016-04-11,0,13.645815127599013
FOODS_3_804_CA_3_validation,2016-04-12,0,12.932386027320742
FOODS_3_804_CA_3_validation,2016-04-13,0,13.12931142190816
FOODS_3_804_CA_3_validation,2016-04-14,0,15.790036500942461
FOODS_3_804_CA_3_validation,2016-04-15,16,14.265777871828682
FOODS_3_804_CA_3_validation,2016-04-16,22,15.855847995309066
FOODS_3_804_CA_3_validation,2016-04-17,1,14.923174641134763
FOODS_3_804_CA_3_validation,2016-04-18,24,15.162074830555724
FOODS_3_804_CA_3_validation,2016-04-19,16,13.254403235289576
FOODS_3_804_CA_3_validation,2016-04-20,17,13.254403235289576
FOODS_3_804_CA_3_validation,2016-04-21,17,12.825551217603469
FOODS_3_804_CA_3_validation,2016-04-22,45,13.803480307692706
FOODS_3_804_CA_3_validation,2016-04-23,0,15.390817509388663
FOODS_3_804_CA_3_validation,2016-04-24,18,15.322866783167878
FOODS_3_808_CA_1_validation,2016-03-28,16,10.53132471958576
FOODS_3_808_CA_1_validation,2016-03-29,1,8.349969932332057
FOODS_3_808_CA_1_validation,2016-03-30,3,8.32298080272264
FOODS_3_808_CA_1_validation,2016-03-31,13,8.113812197401758
FOODS_3_808_CA_1_validation,2016-04-01,6,9.778201205895096
FOODS_3_808_CA_1_validation,2016-04-02,0,13.07862379513759
FOODS_3_808_CA_1_validation,2016-04-03,0,17.502244133632946
FOODS_3_808_CA_1_validation,2016-04-04,0,13.89637396928304
FOODS_3_808_CA_1_validation,2016-04-05,0,9.397290684906949
FOODS_3_808_CA_1_validation,2016-04-06,0,9.208286300566476
FOODS_3_808_CA_1_validation,2016-04-07,0,10.665932269262992
FOODS_3_808_CA_1_validation,2016-04-08,0,11.517290175311919
FOODS_3_808_CA_1_validation,2016-04-09,0,15.263557841357832
FOODS_3_808_CA_1_validation,2016-04-10,0,16.667481038781748
FOODS_3_808_CA_1_validation,2016-04-11,0,14.738297574700974
FOODS_3_808_CA_1_validation,2016-04-12,0,11.661114621285646
FOODS_3_808_CA_1_validation,2016-04-13,0,11.63412549167623
FOODS_3_808_CA_1_validation,2016-04-14,0,11.598552706528995
FOODS_3_808_CA_1_validation,2016-04-15,0,12.81657946103884
FOODS_3_808_CA_1_validation,2016-04-16,0,15.949979355099046
FOODS_3_808_CA_1_validation,2016-04-17,0,18.046021935612227
FOODS_3_808_CA_1_validation,2016-04-18,0,15.738988348587913
FOODS_3_808_CA_1_validation,2016-04-19,0,11.906747155615966
FOODS_3_808_CA_1_validation,2016-04-20,0,11.879758026006549
FOODS_3_808_CA_1_validation,2016-04-21,0,11.844185240859314
FOODS_3_808_CA_1_validation,2016-04-22,0,13.062211995369148
FOODS_3_808_CA_1_validation,2016-04-23,0,15.73998990147293
FOODS_3_808_CA_1_validation,2016-04-24,0,17.82415690688353
FOODS_3_808_CA_3_validation,2016-03-28,37,41.56661744156399
FOODS_3_808_CA_3_validation,2016-03-29,27,32.93011177162882
FOODS_3_808_CA_3_validation,2016-03-30,41,32.044415478008844
FOODS_3_808_CA_3_validation,2016-03-31,1,30.835086193993842
FOODS_3_808_CA_3_validation,2016-04-01,0,29.140323588571675
FOODS_3_808_CA_3_validation,2016-04-02,0,19.9385009404568
FOODS_3_808_CA_3_validation,2016-04-03,0,16.88874671500202
FOODS_3_808_CA_3_validation,2016-04-04,0,9.750590194687712
FOODS_3_808_CA_3_validation,2016-04-05,0,14.022892635404643
FOODS_3_808_CA_3_validation,2016-04-06,4,15.747081837206181
FOODS_3_808_CA_3_validation,2016-04-07,0,12.218675037365879
FOODS_3_808_CA_3_validation,2016-04-08,0,16.88614079226548
FOODS_3_808_CA_3_validation,2016-04-09,0,16.716512483731748
FOODS_3_808_CA_3_validation,2016-04-10,0,16.032794556841502
FOODS_3_808_CA_3_validation,2016-04-11,0,0.0
FOODS_3_808_CA_3_validation,2016-04-12,0,7.627018522590644
FOODS_3_808_CA_3_validation,2016-04-13,0,6.920775644095188
FOODS_3_808_CA_3_validation,2016-04-14,0,8.793638484344285
FOODS_3_808_CA_3_validation,2016-04-15,0,10.734384221711126
FOODS_3_808_CA_3_validation,2016-04-16,2,11.910744813096692
FOODS_3_808_CA_3_validation,2016-04-17,0,9.151992422070888
FOODS_3_808_CA_3_validation,2016-04-18,0,0.5254011855493029
FOODS_3_808_CA_3_validation,2016-04-19,0,0.0
FOODS_3_808_CA_3_validation,2016-04-20,0,7.418526461618097
FOODS_3_808_CA_3_validation,2016-04-21,0,6.178120694610761
FOODS_3_808_CA_3_validation,2016-04-22,0,10.371501124373209
FOODS_3_808_CA_3_validation,2016-04-23,0,12.887477257018325
FOODS_3_808_CA_3_validation,2016-04-24,0,7.41586626914719
HOUSEHOLD_1_118_CA_3_validation,2016-03-28,16,19.386653480815998
HOUSEHOLD_1_118_CA_3_validation,2016-03-29,14,17.857952267810695
HOUSEHOLD_1_118_CA_3_validation,2016-03-30,39,17.640936055136983
HOUSEHOLD_1_118_CA_3_validation,2016-03-31,17,17.87740937213764
HOUSEHOLD_1_118_CA_3_validation,2016-04-01,19,17.00558289702185
HOUSEHOLD_1_118_CA_3_validation,2016-04-02,27,24.17288028852495
HOUSEHOLD_1_118_CA_3_validation,2016-04-03,30,25.873824206571754
HOUSEHOLD_1_118_CA_3_validation,2016-04-04,35,21.67463726095404
HOUSEHOLD_1_118_CA_3_validation,2016-04-05,25,21.67252667679543
HOUSEHOLD_1_118_CA_3_validation,2016-04-06,21,19.903742748654775
HOUSEHOLD_1_118_CA_3_validation,2016-04-07,41,18.664579146091455
HOUSEHOLD_1_118_CA_3_validation,2016-04-08,8,19.084548540524896
HOUSEHOLD_1_118_CA_3_validation,2016-04-09,24,22.81234850107678
HOUSEHOLD_1_118_CA_3_validation,2016-04-10,24,26.59916723620372
HOUSEHOLD_1_118_CA_3_validation,2016-04-11,16,21.07794099020189
HOUSEHOLD_1_118_CA_3_validation,2016-04-12,20,18.734580516588927
HOUSEHOLD_1_118_CA_3_validation,2016-04-13,9,18.35897700182032
HOUSEHOLD_1_118_CA_3_validation,2016-04-14,11,18.116491030373446
HOUSEHOLD_1_118_CA_3_validation,2016-04-15,21,17.13589995265202
HOUSEHOLD_1_118_CA_3_validation,2016-04-16,20,23.670414353763988
HOUSEHOLD_1_118_CA_3_validation,2016-04-17,38,24.974829697178656
HOUSEHOLD_1_118_CA_3_validation,2016-04-18,13,19.143014895330506
HOUSEHOLD_1_118_CA_3_validation,2016-04-19,22,17.435317312470602
HOUSEHOLD_1_118_CA_3_validation,2016-04-20,19,17.435317312470602
HOUSEHOLD_1_118_CA_3_validation,2016-04-21,52,17.02678187482978
HOUSEHOLD_1_118_CA_3_validation,2016-04-22,14,16.713526652788328
HOUSEHOLD_1_118_CA_3_validation,2016-04-23,25,24.127801542022322
HOUSEHOLD_1_118_CA_3_validation,2016-04-24,31,23.284285287549604
HOUSEHOLD_1_334_CA_3_validation,2016-03-28,7,15.52720154467917
HOUSEHOLD_1_334_CA_3_validation,2016-03-29,23,14.43172058371175
HOUSEHOLD_1_334_CA_3_validation,2016-03-30,4,16.80579544573134
HOUSEHOLD_1_334_CA_3_validation,2016-03-31,43,14.411160313833191
HOUSEHOLD_1_334_CA_3_validation,2016-04-01,24,15.00616312544459
HOUSEHOLD_1_334_CA_3_validation,2016-04-02,31,20.782935740485588
HOUSEHOLD_1_334_CA_3_validation,2016-04-03,28,21.325023395958052
HOUSEHOLD_1_334_CA_3_validation,2016-04-04,15,16.507133105737662
HOUSEHOLD_1_334_CA_3_validation,2016-04-05,21,16.298522035851033
HOUSEHOLD_1_334_CA_3_validation,2016-04-06,19,15.276039219907307
HOUSEHOLD_1_334_CA_3_validation,2016-04-07,12,15.860594409069025
HOUSEHOLD_1_334_CA_3_validation,2016-04-08,18,16.211734277685576
HOUSEHOLD_1_334_CA_3_validation,2016-04-09,17,18.80531464091469
HOUSEHOLD_1_334_CA_3_validation,2016-04-10,42,22.40714314857191
HOUSEHOLD_1_334_CA_3_validation,2016-04-11,22,15.650493970488391
HOUSEHOLD_1_334_CA_3_validation,2016-04-12,25,16.260102745915464
HOUSEHOLD_1_334_CA_3_validation,2016-04-13,27,14.920881698218546
HOUSEHOLD_1_334_CA_3_validation,2016-04-14,25,15.266190117037558
HOUSEHOLD_1_334_CA_3_validation,2016-04-15,14,15.60047248260707
HOUSEHOLD_1_334_CA_3_validation,2016-04-16,37,19.95382918474648
HOUSEHOLD_1_334_CA_3_validation,2016-04-17,29,18.283855784915716
HOUSEHOLD_1_334_CA_3_validation,2016-04-18,19,17.755975307429612
HOUSEHOLD_1_334_CA_3_validation,2016-04-19,27,15.28675038691612
HOUSEHOLD_1_334_CA_3_validation,2016-04-20,19,15.28675038691612
HOUSEHOLD_1_334_CA_3_validation,2016-04-21,20,15.658259101032604
HOUSEHOLD_1_334_CA_3_validation,2016-04-22,21,15.60047248260707
HOUSEHOLD_1_334_CA_3_validation,2016-04-23,27,22.929694308370646
HOUSEHOLD_1_334_CA_3_validation,2016-04-24,29,21.477426169201202
HOUSEHOLD_1_459_CA_3_validation,2016-03-28,32,18.26911353481879
HOUSEHOLD_1_459_CA_3_validation,2016-03-29,13,15.876209693541421
HOUSEHOLD_1_459_CA_3_validation,2016-03-30,16,18.150791233736797
HOUSEHOLD_1_459_CA_3_validation,2016-03-31,30,16.320157698712308
HOUSEHOLD_1_459_CA_3_validation,2016-04-01,23,16.67387289187416
HOUSEHOLD_1_459_CA_3_validation,2016-04-02,32,21.837644793349273
HOUSEHOLD_1_459_CA_3_validation,2016-04-03,34,23.966814985411286
HOUSEHOLD_1_459_CA_3_validation,2016-04-04,21,17.740336204690834
HOUSEHOLD_1_459_CA_3_validation,2016-04-05,23,17.14240256042828
HOUSEHOLD_1_459_CA_3_validation,2016-04-06,18,15.98030319210585
HOUSEHOLD_1_459_CA_3_validation,2016-04-07,36,15.558289861447323
HOUSEHOLD_1_459_CA_3_validation,2016-04-08,40,18.778433086517683
HOUSEHOLD_1_459_CA_3_validation,2016-04-09,34,20.235903867029403
HOUSEHOLD_1_459_CA_3_validation,2016-04-10,30,23.121150158275064
HOUSEHOLD_1_459_CA_3_validation,2016-04-11,16,16.866344648977595
HOUSEHOLD_1_459_CA_3_validation,2016-04-12,21,15.765825851000207
HOUSEHOLD_1_459_CA_3_validation,2016-04-13,9,16.681459249288643
HOUSEHOLD_1_459_CA_3_validation,2016-04-14,34,17.33136555368324
HOUSEHOLD_1_459_CA_3_validation,2016-04-15,35,17.258921402178384
HOUSEHOLD_1_459_CA_3_validation,2016-04-16,29,22.125613181189028
HOUSEHOLD_1_459_CA_3_validation,2016-04-17,42,21.759056927447194
HOUSEHOLD_1_459_CA_3_validation,2016-04-18,37,18.171683209539204
HOUSEHOLD_1_459_CA_3_validation,2016-04-19,27,18.49303314101095
HOUSEHOLD_1_459_CA_3_validation,2016-04-20,21,17.042293401516762
HOUSEHOLD_1_459_CA_3_validation,2016-04-21,7,18.47247287113239
HOUSEHOLD_1_459_CA_3_validation,2016-04-22,33,16.893052713480813
HOUSEHOLD_1_459_CA_3_validation,2016-04-23,32,24.119451072282008
HOUSEHOLD_1_459_CA_3_validation,2016-04-24,35,24.412774857871014
