id,date,sales,forecast
FOODS_1_218_TX_2_validation,2016-03-28,4,10.71207405964924
FOODS_1_218_TX_2_validation,2016-03-29,6,10.746273201898589
FOODS_1_218_TX_2_validation,2016-03-30,15,12.737599745860166
FOODS_1_218_TX_2_validation,2016-03-31,20,13.072328591940959
FOODS_1_218_TX_2_validation,2016-04-01,31,16.44591303880486
FOODS_1_218_TX_2_validation,2016-04-02,19,21.37211996557255
FOODS_1_218_TX_2_validation,2016-04-03,16,25.839137069026037
FOODS_1_218_TX_2_validation,2016-04-04,10,12.876022377386562
FOODS_1_218_TX_2_validation,2016-04-05,4,14.004281404572112
FOODS_1_218_TX_2_validation,2016-04-06,9,13.72129879006161
FOODS_1_218_TX_2_validation,2016-04-07,8,13.25615081920148
FOODS_1_218_TX_2_validation,2016-04-08,16,14.352328276175172
FOODS_1_218_TX_2_validation,2016-04-09,22,23.821594318221628
FOODS_1_218_TX_2_validation,2016-04-10,14,18.905784494250838
FOODS_1_218_TX_2_validation,2016-04-11,11,11.692240226410377
FOODS_1_218_TX_2_validation,2016-04-12,10,13.311642138400885
FOODS_1_218_TX_2_validation,2016-04-13,8,15.810516314775441
FOODS_1_218_TX_2_validation,2016-04-14,3,11.742200920413211
FOODS_1_218_TX_2_validation,2016-04-15,18,14.736791219007841
FOODS_1_218_TX_2_validation,2016-04-16,19,18.622200922008687
FOODS_1_218_TX_2_validation,2016-04-17,17,20.696705146925638
FOODS_1_218_TX_2_validation,2016-04-18,13,11.59641535186654
FOODS_1_218_TX_2_validation,2016-04-19,13,11.04083525752219
FOODS_1_218_TX_2_validation,2016-04-20,11,13.289431343586216
FOODS_1_218_TX_2_validation,2016-04-21,16,12.437476548944232
FOODS_1_218_TX_2_validation,2016-04-22,9,14.763550243230043
FOODS_1_218_TX_2_validation,2016-04-23,17,19.39519977243151
FOODS_1_218_TX_2_validation,2016-04-24,14,20.809559823732684
FOODS_2_197_CA_1_validation,2016-03-28,26,9.785283772060097
FOODS_2_197_CA_1_validation,2016-03-29,12,9.963701410412455
FOODS_2_197_CA_1_validation,2016-03-30,12,12.347062664104328
FOODS_2_197_CA_1_validation,2016-03-31,9,10.388933534239527
FOODS_2_197_CA_1_validation,2016-04-01,9,17.047447633871343
FOODS_2_197_CA_1_validation,2016-04-02,23,25.422608173040317
FOODS_2_197_CA_1_validation,2016-04-03,25,25.560780928601048
FOODS_2_197_CA_1_validation,2016-04-04,28,15.258107654576975
FOODS_2_197_CA_1_validation,2016-04-05,12,14.284068771416287
FOODS_2_197_CA_1_validation,2016-04-06,23,15.94869273347365
FOODS_2_197_CA_1_validation,2016-04-07,12,15.07917997095933
FOODS_2_197_CA_1_validation,2016-04-08,35,14.882610245873366
FOODS_2_197_CA_1_validation,2016-04-09,37,22.336564032750175
FOODS_2_197_CA_1_validation,2016-04-10,23,23.964265300299758
FOODS_2_197_CA_1_validation,2016-04-11,20,11.267880072310504
FOODS_2_197_CA_1_validation,2016-04-12,40,9.647246900339724
FOODS_2_197_CA_1_validation,2016-04-13,7,10.031045835475993
FOODS_2_197_CA_1_validation,2016-04-14,9,10.371129772496943
FOODS_2_197_CA_1_validation,2016-04-15,9,11.48548124403203
FOODS_2_197_CA_1_validation,2016-04-16,22,19.234716218254448
FOODS_2_197_CA_1_validation,2016-04-17,24,21.253467745267812
FOODS_2_197_CA_1_validation,2016-04-18,21,10.736593118377982
FOODS_2_197_CA_1_validation,2016-04-19,22,9.083029135397851
FOODS_2_197_CA_1_validation,2016-04-20,25,8.407324721902569
FOODS_2_197_CA_1_validation,2016-04-21,11,9.783818927640027
FOODS_2_197_CA_1_validation,2016-04-22,11,11.674347328190265
FOODS_2_197_CA_1_validation,2016-04-23,19,17.759571988546668
FOODS_2_197_CA_1_validation,2016-04-24,33,18.021289362243806
FOODS_2_197_CA_3_validation,2016-03-28,9,10.97582797642167
FOODS_2_197_CA_3_validation,2016-03-29,7,10.802657842205235
FOODS_2_197_CA_3_validation,2016-03-30,7,9.488186054281869
FOODS_2_197_CA_3_validation,2016-03-31,10,10.070860687127492
FOODS_2_197_CA_3_validation,2016-04-01,14,15.47733810727243
FOODS_2_197_CA_3_validation,2016-04-02,14,22.610638283152298
FOODS_2_197_CA_3_validation,2016-04-03,18,24.228972750387925
FOODS_2_197_CA_3_validation,2016-04-04,10,13.515688302956164
FOODS_2_197_CA_3_validation,2016-04-05,13,15.669903089063041
FOODS_2_197_CA_3_validation,2016-04-06,9,16.448154937477852
FOODS_2_197_CA_3_validation,2016-04-07,13,15.106218537841414
FOODS_2_197_CA_3_validation,2016-04-08,7,15.297563777735036
FOODS_2_197_CA_3_validation,2016-04-09,14,25.228402383659727
FOODS_2_197_CA_3_validation,2016-04-10,18,24.591787219922367
FOODS_2_197_CA_3_validation,2016-04-11,12,10.714989862190123
FOODS_2_197_CA_3_validation,2016-04-12,8,10.607394783344716
FOODS_2_197_CA_3_validation,2016-04-13,11,9.503048421064136
FOODS_2_197_CA_3_validation,2016-04-14,7,10.913078896312982
FOODS_2_197_CA_3_validation,2016-04-15,6,11.788057901021148
FOODS_2_197_CA_3_validation,2016-04-16,17,20.440762073440055
FOODS_2_197_CA_3_validation,2016-04-17,14,20.518054556510492
FOODS_2_197_CA_3_validation,2016-04-18,8,10.536576395004545
FOODS_2_197_CA_3_validation,2016-04-19,3,9.680272800870853
FOODS_2_197_CA_3_validation,2016-04-20,3,12.60076988005892
FOODS_2_197_CA_3_validation,2016-04-21,8,11.315909135488937
FOODS_2_197_CA_3_validation,2016-04-22,5,11.966036479774061
FOODS_2_197_CA_3_validation,2016-04-23,19,20.660428128746844
FOODS_2_197_CA_3_validation,2016-04-24,9,19.37737272972106
FOODS_2_276_CA_3_validation,2016-03-28,8,4.432897925356656
FOODS_2_276_CA_3_validation,2016-03-29,11,5.746482176982795
FOODS_2_276_CA_3_validation,2016-03-30,9,4.968681775791083
FOODS_2_276_CA_3_validation,2016-03-31,10,7.135078685904546
FOODS_2_276_CA_3_validation,2016-04-01,7,10.837476698247315
FOODS_2_276_CA_3_validation,2016-04-02,8,18.182960601256923
FOODS_2_276_CA_3_validation,2016-04-03,14,17.3934674037356
FOODS_2_276_CA_3_validation,2016-04-04,12,9.08445764469127
FOODS_2_276_CA_3_validation,2016-04-05,16,9.953378685239272
FOODS_2_276_CA_3_validation,2016-04-06,8,11.891671753308401
FOODS_2_276_CA_3_validation,2016-04-07,5,10.70337704434769
FOODS_2_276_CA_3_validation,2016-04-08,6,9.852054150524623
FOODS_2_276_CA_3_validation,2016-04-09,15,19.025316900774783
FOODS_2_276_CA_3_validation,2016-04-10,15,19.691409501499493
FOODS_2_276_CA_3_validation,2016-04-11,10,6.277789024997105
FOODS_2_276_CA_3_validation,2016-04-12,12,5.78217121819398
FOODS_2_276_CA_3_validation,2016-04-13,4,8.201727215591745
FOODS_2_276_CA_3_validation,2016-04-14,7,6.393452241312389
FOODS_2_276_CA_3_validation,2016-04-15,8,7.984744829386273
FOODS_2_276_CA_3_validation,2016-04-16,8,15.090288841798497
FOODS_2_276_CA_3_validation,2016-04-17,6,16.338674668630233
FOODS_2_276_CA_3_validation,2016-04-18,7,7.068937138503202
FOODS_2_276_CA_3_validation,2016-04-19,9,7.204542178619022
FOODS_2_276_CA_3_validation,2016-04-20,7,6.743238821468935
FOODS_2_276_CA_3_validation,2016-04-21,9,7.474239875881722
FOODS_2_276_CA_3_validation,2016-04-22,5,6.586514533764785
FOODS_2_276_CA_3_validation,2016-04-23,7,14.357771422120322
FOODS_2_276_CA_3_validation,2016-04-24,3,16.2680094285339
FOODS_2_360_CA_3_validation,2016-03-28,18,2.72334392654534
FOODS_2_360_CA_3_validation,2016-03-29,15,3.099154513609051
FOODS_2_360_CA_3_validation,2016-03-30,11,3.4614971308210443
FOODS_2_360_CA_3_validation,2016-03-31,14,4.792489203917398
FOODS_2_360_CA_3_validation,2016-04-01,14,12.062435795513807
FOODS_2_360_CA_3_validation,2016-04-02,27,19.44032492486531
FOODS_2_360_CA_3_validation,2016-04-03,7,17.868762997912427
FOODS_2_360_CA_3_validation,2016-04-04,19,9.908312606300342
FOODS_2_360_CA_3_validation,2016-04-05,14,12.015770991935028
FOODS_2_360_CA_3_validation,2016-04-06,42,9.12305190421398
FOODS_2_360_CA_3_validation,2016-04-07,17,14.501106378311533
FOODS_2_360_CA_3_validation,2016-04-08,6,10.063468359231592
FOODS_2_360_CA_3_validation,2016-04-09,25,18.890574364835516
FOODS_2_360_CA_3_validation,2016-04-10,26,22.94845513501275
FOODS_2_360_CA_3_validation,2016-04-11,32,6.7565945793239734
FOODS_2_360_CA_3_validation,2016-04-12,25,8.661390359839174
FOODS_2_360_CA_3_validation,2016-04-13,31,9.239947721651447
FOODS_2_360_CA_3_validation,2016-04-14,14,8.57394871943427
FOODS_2_360_CA_3_validation,2016-04-15,16,12.157859139242419
FOODS_2_360_CA_3_validation,2016-04-16,17,18.937495496329348
FOODS_2_360_CA_3_validation,2016-04-17,22,19.494864535698298
FOODS_2_360_CA_3_validation,2016-04-18,17,10.621392381432202
FOODS_2_360_CA_3_validation,2016-04-19,11,14.71557324151388
FOODS_2_360_CA_3_validation,2016-04-20,21,13.174154448923332
FOODS_2_360_CA_3_validation,2016-04-21,15,10.021921605933017
FOODS_2_360_CA_3_validation,2016-04-22,16,13.599536991715581
FOODS_2_360_CA_3_validation,2016-04-23,4,20.442840892591903
FOODS_2_360_CA_3_validation,2016-04-24,31,21.934375951851166
FOODS_2_360_TX_3_validation,2016-03-28,12,0.4486112949392691
FOODS_2_360_TX_3_validation,2016-03-29,1,0.8799193811050827
FOODS_2_360_TX_3_validation,2016-03-30,19,1.3112274672708963
FOODS_2_360_TX_3_validation,2016-03-31,25,1.7425355534368236
FOODS_2_360_TX_3_validation,2016-04-01,0,5.486174512488105
FOODS_2_360_TX_3_validation,2016-04-02,0,9.368477487229143
FOODS_2_360_TX_3_validation,2016-04-03,26,13.191516879398137
FOODS_2_360_TX_3_validation,2016-04-04,0,6.386105989329508
FOODS_2_360_TX_3_validation,2016-04-05,0,12.140942468843264
FOODS_2_360_TX_3_validation,2016-04-06,17,10.071637912222513
FOODS_2_360_TX_3_validation,2016-04-07,19,14.370803662942535
FOODS_2_360_TX_3_validation,2016-04-08,4,8.676750861730397
FOODS_2_360_TX_3_validation,2016-04-09,16,16.38594415384864
FOODS_2_360_TX_3_validation,2016-04-10,18,13.425520934011274
FOODS_2_360_TX_3_validation,2016-04-11,48,11.069167706990129
FOODS_2_360_TX_3_validation,2016-04-12,24,8.631191060760898
FOODS_2_360_TX_3_validation,2016-04-13,23,7.848398906688885
FOODS_2_360_TX_3_validation,2016-04-14,20,6.240799296445402
FOODS_2_360_TX_3_validation,2016-04-15,27,11.194386073649525
FOODS_2_360_TX_3_validation,2016-04-16,26,14.534156523826368
FOODS_2_360_TX_3_validation,2016-04-17,9,17.466936273731335
FOODS_2_360_TX_3_validation,2016-04-18,13,8.5339894837565
FOODS_2_360_TX_3_validation,2016-04-19,20,6.969671072912433
FOODS_2_360_TX_3_validation,2016-04-20,36,8.094232996630694
FOODS_2_360_TX_3_validation,2016-04-21,9,9.61044270081777
FOODS_2_360_TX_3_validation,2016-04-22,25,8.915765570784629
FOODS_2_360_TX_3_validation,2016-04-23,18,14.28728239486054
FOODS_2_360_TX_3_validation,2016-04-24,11,16.687620071211768
FOODS_2_360_WI_2_validation,2016-03-28,32,0.71870552761618
FOODS_2_360_WI_2_validation,2016-03-29,24,1.1500136137819936
FOODS_2_360_WI_2_validation,2016-03-30,28,1.5813216999478072
FOODS_2_360_WI_2_validation,2016-03-31,30,2.0126297861137346
FOODS_2_360_WI_2_validation,2016-04-01,54,22.49799421197679
FOODS_2_360_WI_2_validation,2016-04-02,106,72.89622429202689
FOODS_2_360_WI_2_validation,2016-04-03,70,63.84194173262438
FOODS_2_360_WI_2_validation,2016-04-04,76,33.149326409953005
FOODS_2_360_WI_2_validation,2016-04-05,101,41.03748697849653
FOODS_2_360_WI_2_validation,2016-04-06,86,25.754427514235772
FOODS_2_360_WI_2_validation,2016-04-07,70,26.212444719855057
FOODS_2_360_WI_2_validation,2016-04-08,95,25.441819405833144
FOODS_2_360_WI_2_validation,2016-04-09,169,31.863381141324226
FOODS_2_360_WI_2_validation,2016-04-10,79,31.682658862170115
FOODS_2_360_WI_2_validation,2016-04-11,122,48.33931938759008
FOODS_2_360_WI_2_validation,2016-04-12,123,25.69776982940641
FOODS_2_360_WI_2_validation,2016-04-13,40,23.27693986097279
FOODS_2_360_WI_2_validation,2016-04-14,84,38.443631098535775
FOODS_2_360_WI_2_validation,2016-04-15,73,38.09709842820462
FOODS_2_360_WI_2_validation,2016-04-16,51,39.34547852891808
FOODS_2_360_WI_2_validation,2016-04-17,35,42.172795166626315
FOODS_2_360_WI_2_validation,2016-04-18,42,26.952716188908084
FOODS_2_360_WI_2_validation,2016-04-19,43,33.368825648032384
FOODS_2_360_WI_2_validation,2016-04-20,34,31.935275293960444
FOODS_2_360_WI_2_validation,2016-04-21,68,32.587200665449245
FOODS_2_360_WI_2_validation,2016-04-22,51,37.9297613484797
FOODS_2_360_WI_2_validation,2016-04-23,46,41.51313633521795
FOODS_2_360_WI_2_validation,2016-04-24,30,41.15577033931379
FOODS_3_007_WI_2_validation,2016-03-28,0,2.66026613301176
FOODS_3_007_WI_2_validation,2016-03-29,0,3.0915742191775735
FOODS_3_007_WI_2_validation,2016-03-30,0,3.522882305343387
FOODS_3_007_WI_2_validation,2016-03-31,0,3.9541903915092007
FOODS_3_007_WI_2_validation,2016-04-01,0,4.306098044557302
FOODS_3_007_WI_2_validation,2016-04-02,0,14.776330539268201
FOODS_3_007_WI_2_validation,2016-04-03,0,15.207638625434129
FOODS_3_007_WI_2_validation,2016-04-04,0,2.385332607857549
FOODS_3_007_WI_2_validation,2016-04-05,4,6.208372000026543
FOODS_3_007_WI_2_validation,2016-04-06,75,6.639680086192357
FOODS_3_007_WI_2_validation,2016-04-07,128,3.67925686635499
FOODS_3_007_WI_2_validation,2016-04-08,87,7.502296258523984
FOODS_3_007_WI_2_validation,2016-04-09,85,14.776330539268201
FOODS_3_007_WI_2_validation,2016-04-10,89,11.815907319430949
FOODS_3_007_WI_2_validation,2016-04-11,12,5.777063913860729
FOODS_3_007_WI_2_validation,2016-04-12,1,6.208372000026543
FOODS_3_007_WI_2_validation,2016-04-13,3,3.2479487801891764
FOODS_3_007_WI_2_validation,2016-04-14,43,7.07098817235817
FOODS_3_007_WI_2_validation,2016-04-15,121,7.502296258523984
FOODS_3_007_WI_2_validation,2016-04-16,5,11.384599233265021
FOODS_3_007_WI_2_validation,2016-04-17,0,11.815907319430949
FOODS_3_007_WI_2_validation,2016-04-18,42,2.385332607857549
FOODS_3_007_WI_2_validation,2016-04-19,39,2.816640694023363
FOODS_3_007_WI_2_validation,2016-04-20,6,3.2479487801891764
FOODS_3_007_WI_2_validation,2016-04-21,16,3.67925686635499
FOODS_3_007_WI_2_validation,2016-04-22,24,4.110564952520804
FOODS_3_007_WI_2_validation,2016-04-23,58,11.384599233265021
FOODS_3_007_WI_2_validation,2016-04-24,42,11.815907319430949
FOODS_3_030_TX_2_validation,2016-03-28,22,14.680521196531231
FOODS_3_030_TX_2_validation,2016-03-29,5,15.74898786431072
FOODS_3_030_TX_2_validation,2016-03-30,12,15.81083298568251
FOODS_3_030_TX_2_validation,2016-03-31,17,17.109300042377413
FOODS_3_030_TX_2_validation,2016-04-01,19,23.896071120685406
FOODS_3_030_TX_2_validation,2016-04-02,20,24.396456281459564
FOODS_3_030_TX_2_validation,2016-04-03,29,28.57183938447008
FOODS_3_030_TX_2_validation,2016-04-04,27,17.584139059691097
FOODS_3_030_TX_2_validation,2016-04-05,20,19.607304542064185
FOODS_3_030_TX_2_validation,2016-04-06,16,19.399079969750574
FOODS_3_030_TX_2_validation,2016-04-07,14,20.898230327910028
FOODS_3_030_TX_2_validation,2016-04-08,23,17.13470819308668
FOODS_3_030_TX_2_validation,2016-04-09,20,26.061175421853022
FOODS_3_030_TX_2_validation,2016-04-10,36,24.5940463300401
FOODS_3_030_TX_2_validation,2016-04-11,18,17.192358201912384
FOODS_3_030_TX_2_validation,2016-04-12,15,18.147817357949407
FOODS_3_030_TX_2_validation,2016-04-13,14,19.888346901003956
FOODS_3_030_TX_2_validation,2016-04-14,26,16.19362237398957
FOODS_3_030_TX_2_validation,2016-04-15,13,18.06062328297139
FOODS_3_030_TX_2_validation,2016-04-16,19,24.974780193982497
FOODS_3_030_TX_2_validation,2016-04-17,21,25.762382290076516
FOODS_3_030_TX_2_validation,2016-04-18,16,13.100924180126412
FOODS_3_030_TX_2_validation,2016-04-19,12,13.82062202048553
FOODS_3_030_TX_2_validation,2016-04-20,11,14.04727650431414
FOODS_3_030_TX_2_validation,2016-04-21,20,18.157870174026357
FOODS_3_030_TX_2_validation,2016-04-22,12,17.407734194943373
FOODS_3_030_TX_2_validation,2016-04-23,33,25.528258904696713
FOODS_3_030_TX_2_validation,2016-04-24,24,28.543981703907207
FOODS_3_030_TX_3_validation,2016-03-28,16,16.004220916976465
FOODS_3_030_TX_3_validation,2016-03-29,20,17.78559515178972
FOODS_3_030_TX_3_validation,2016-03-30,30,21.482025242106488
FOODS_3_030_TX_3_validation,2016-03-31,11,16.929047549449365
FOODS_3_030_TX_3_validation,2016-04-01,24,22.559489994198316
FOODS_3_030_TX_3_validation,2016-04-02,18,28.860633784854713
FOODS_3_030_TX_3_validation,2016-04-03,22,28.561915135461845
FOODS_3_030_TX_3_validation,2016-04-04,14,16.835849141419885
FOODS_3_030_TX_3_validation,2016-04-05,18,19.42449396041593
FOODS_3_030_TX_3_validation,2016-04-06,18,18.452864132480045
FOODS_3_030_TX_3_validation,2016-04-07,19,18.980628597862733
FOODS_3_030_TX_3_validation,2016-04-08,21,17.288910011300572
FOODS_3_030_TX_3_validation,2016-04-09,18,26.327354086350056
FOODS_3_030_TX_3_validation,2016-04-10,23,22.17084262437993
FOODS_3_030_TX_3_validation,2016-04-11,16,17.246325318070262
FOODS_3_030_TX_3_validation,2016-04-12,4,17.747330699511622
FOODS_3_030_TX_3_validation,2016-04-13,17,22.966256286297494
FOODS_3_030_TX_3_validation,2016-04-14,20,14.851328218466392
FOODS_3_030_TX_3_validation,2016-04-15,17,22.11851311969633
FOODS_3_030_TX_3_validation,2016-04-16,27,23.739236951700832
FOODS_3_030_TX_3_validation,2016-04-17,27,24.179607269546523
FOODS_3_030_TX_3_validation,2016-04-18,16,14.599734295079998
FOODS_3_030_TX_3_validation,2016-04-19,21,15.189765494778726
FOODS_3_030_TX_3_validation,2016-04-20,15,16.207628867767426
FOODS_3_030_TX_3_validation,2016-04-21,24,13.635526740473097
FOODS_3_030_TX_3_validation,2016-04-22,20,17.279595420274973
FOODS_3_030_TX_3_validation,2016-04-23,24,29.508075989558392
FOODS_3_030_TX_3_validation,2016-04-24,17,28.328572848763315
FOODS_3_080_CA_1_validation,2016-03-28,16,11.762843067823042
FOODS_3_080_CA_1_validation,2016-03-29,27,10.920959429560071
FOODS_3_080_CA_1_validation,2016-03-30,7,11.345214350465199
FOODS_3_080_CA_1_validation,2016-03-31,13,11.415850983050973
FOODS_3_080_CA_1_validation,2016-04-01,28,15.451200774041126
FOODS_3_080_CA_1_validation,2016-04-02,31,24.709873260887207
FOODS_3_080_CA_1_validation,2016-04-03,20,27.66020677074812
FOODS_3_080_CA_1_validation,2016-04-04,21,13.67887581743696
FOODS_3_080_CA_1_validation,2016-04-05,17,14.087481524226064
FOODS_3_080_CA_1_validation,2016-04-06,26,14.520905687861955
FOODS_3_080_CA_1_validation,2016-04-07,11,14.70597379919002
FOODS_3_080_CA_1_validation,2016-04-08,14,16.641589451107734
FOODS_3_080_CA_1_validation,2016-04-09,21,29.646339545684555
FOODS_3_080_CA_1_validation,2016-04-10,12,23.82763058152966
FOODS_3_080_CA_1_validation,2016-04-11,19,10.00319521349013
FOODS_3_080_CA_1_validation,2016-04-12,17,9.647357680419077
FOODS_3_080_CA_1_validation,2016-04-13,17,10.803042478542693
FOODS_3_080_CA_1_validation,2016-04-14,10,10.143583034873814
FOODS_3_080_CA_1_validation,2016-04-15,16,15.395219740841526
FOODS_3_080_CA_1_validation,2016-04-16,23,22.499318471865422
FOODS_3_080_CA_1_validation,2016-04-17,23,22.779730766638295
FOODS_3_080_CA_1_validation,2016-04-18,15,11.330616533325156
FOODS_3_080_CA_1_validation,2016-04-19,12,14.632637383238489
FOODS_3_080_CA_1_validation,2016-04-20,30,11.973391777808956
FOODS_3_080_CA_1_validation,2016-04-21,13,17.6407306246158
FOODS_3_080_CA_1_validation,2016-04-22,10,14.94221474168694
FOODS_3_080_CA_1_validation,2016-04-23,25,22.721847428096453
FOODS_3_080_CA_1_validation,2016-04-24,25,21.760519804530645
FOODS_3_080_TX_2_validation,2016-03-28,9,12.710329813019484
FOODS_3_080_TX_2_validation,2016-03-29,24,14.887994013462162
FOODS_3_080_TX_2_validation,2016-03-30,12,15.123415110678593
FOODS_3_080_TX_2_validation,2016-03-31,15,16.66002864747645
FOODS_3_080_TX_2_validation,2016-04-01,22,20.303163323237754
FOODS_3_080_TX_2_validation,2016-04-02,10,24.352736312945012
FOODS_3_080_TX_2_validation,2016-04-03,14,29.17491371864878
FOODS_3_080_TX_2_validation,2016-04-04,17,13.82379569975069
FOODS_3_080_TX_2_validation,2016-04-05,8,17.973346400542255
FOODS_3_080_TX_2_validation,2016-04-06,19,18.10163526325016
FOODS_3_080_TX_2_validation,2016-04-07,14,20.12384079298647
FOODS_3_080_TX_2_validation,2016-04-08,21,16.20237737863488
FOODS_3_080_TX_2_validation,2016-04-09,12,26.84901793671156
FOODS_3_080_TX_2_validation,2016-04-10,25,23.270816365344785
FOODS_3_080_TX_2_validation,2016-04-11,14,17.26210985317755
FOODS_3_080_TX_2_validation,2016-04-12,12,17.308171491914322
FOODS_3_080_TX_2_validation,2016-04-13,16,17.97464464155621
FOODS_3_080_TX_2_validation,2016-04-14,12,16.011023963564185
FOODS_3_080_TX_2_validation,2016-04-15,22,20.51133891328311
FOODS_3_080_TX_2_validation,2016-04-16,20,22.90464980931506
FOODS_3_080_TX_2_validation,2016-04-17,21,23.016320904112717
FOODS_3_080_TX_2_validation,2016-04-18,15,14.019427270480833
FOODS_3_080_TX_2_validation,2016-04-19,16,14.306668105763947
FOODS_3_080_TX_2_validation,2016-04-20,8,15.200772340556
FOODS_3_080_TX_2_validation,2016-04-21,23,15.56239471909305
FOODS_3_080_TX_2_validation,2016-04-22,12,16.597558936306427
FOODS_3_080_TX_2_validation,2016-04-23,18,22.503036561611566
FOODS_3_080_TX_2_validation,2016-04-24,16,22.85408610753393
FOODS_3_090_CA_1_validation,2016-03-28,25,48.29750029291972
FOODS_3_090_CA_1_validation,2016-03-29,47,48.69757474431799
FOODS_3_090_CA_1_validation,2016-03-30,23,51.94610154641157
FOODS_3_090_CA_1_validation,2016-03-31,21,51.173934810421315
FOODS_3_090_CA_1_validation,2016-04-01,72,59.28838517381939
FOODS_3_090_CA_1_validation,2016-04-02,58,66.32477637620548
FOODS_3_090_CA_1_validation,2016-04-03,54,62.016471759581236
FOODS_3_090_CA_1_validation,2016-04-04,42,62.65983582143292
FOODS_3_090_CA_1_validation,2016-04-05,29,50.515402912658374
FOODS_3_090_CA_1_validation,2016-04-06,53,51.03581241014092
FOODS_3_090_CA_1_validation,2016-04-07,39,53.352452639465696
FOODS_3_090_CA_1_validation,2016-04-08,42,58.60047575804731
FOODS_3_090_CA_1_validation,2016-04-09,83,64.63495151550671
FOODS_3_090_CA_1_validation,2016-04-10,83,64.91914113349776
FOODS_3_090_CA_1_validation,2016-04-11,48,49.33613192754558
FOODS_3_090_CA_1_validation,2016-04-12,26,46.755794555561806
FOODS_3_090_CA_1_validation,2016-04-13,41,48.77787388182742
FOODS_3_090_CA_1_validation,2016-04-14,44,50.14823972356203
FOODS_3_090_CA_1_validation,2016-04-15,47,50.348232906581984
FOODS_3_090_CA_1_validation,2016-04-16,82,68.04010604217456
FOODS_3_090_CA_1_validation,2016-04-17,83,62.969779945463415
FOODS_3_090_CA_1_validation,2016-04-18,30,48.30546649393557
FOODS_3_090_CA_1_validation,2016-04-19,45,48.00962772356115
FOODS_3_090_CA_1_validation,2016-04-20,29,46.96728780176886
FOODS_3_090_CA_1_validation,2016-04-21,53,51.45102272024474
FOODS_3_090_CA_1_validation,2016-04-22,87,54.36322231703127
FOODS_3_090_CA_1_validation,2016-04-23,95,70.22283929066418
FOODS_3_090_CA_1_validation,2016-04-24,42,74.06679422415175
FOODS_3_090_CA_2_validation,2016-03-28,50,37.159970145798525
FOODS_3_090_CA_2_validation,2016-03-29,18,35.56066470073506
FOODS_3_090_CA_2_validation,2016-03-30,30,34.44523679929205
FOODS_3_090_CA_2_validation,2016-03-31,32,33.97747552932151
FOODS_3_090_CA_2_validation,2016-04-01,53,38.81293256771869
FOODS_3_090_CA_2_validation,2016-04-02,59,50.48375801384691
FOODS_3_090_CA_2_validation,2016-04-03,53,51.91894216992421
FOODS_3_090_CA_2_validation,2016-04-04,19,35.8575013697623
FOODS_3_090_CA_2_validation,2016-04-05,21,39.65388302478209
FOODS_3_090_CA_2_validation,2016-04-06,29,42.353745506975656
FOODS_3_090_CA_2_validation,2016-04-07,41,38.977358995569034
FOODS_3_090_CA_2_validation,2016-04-08,70,45.41302866272463
FOODS_3_090_CA_2_validation,2016-04-09,82,55.598871258342115
FOODS_3_090_CA_2_validation,2016-04-10,62,50.35737458253527
FOODS_3_090_CA_2_validation,2016-04-11,27,32.494733460136786
FOODS_3_090_CA_2_validation,2016-04-12,34,35.87590441948214
FOODS_3_090_CA_2_validation,2016-04-13,37,40.11109735504749
FOODS_3_090_CA_2_validation,2016-04-14,49,37.014838546774286
FOODS_3_090_CA_2_validation,2016-04-15,70,40.99233754693739
FOODS_3_090_CA_2_validation,2016-04-16,79,45.051069114163624
FOODS_3_090_CA_2_validation,2016-04-17,62,41.879248368070876
FOODS_3_090_CA_2_validation,2016-04-18,65,32.172430329999315
FOODS_3_090_CA_2_validation,2016-04-19,29,34.63016751795419
FOODS_3_090_CA_2_validation,2016-04-20,40,37.93080061101682
FOODS_3_090_CA_2_validation,2016-04-21,24,35.54590872745348
FOODS_3_090_CA_2_validation,2016-04-22,91,49.17636762695895
FOODS_3_090_CA_2_validation,2016-04-23,73,63.41336789219588
FOODS_3_090_CA_2_validation,2016-04-24,60,56.13205043389178
FOODS_3_090_CA_3_validation,2016-03-28,61,83.55042459633
FOODS_3_090_CA_3_validation,2016-03-29,62,98.72411159637068
FOODS_3_090_CA_3_validation,2016-03-30,71,94.96839582012842
FOODS_3_090_CA_3_validation,2016-03-31,130,90.26011416882113
FOODS_3_090_CA_3_validation,2016-04-01,156,98.76320940335972
FOODS_3_090_CA_3_validation,2016-04-02,133,107.90195486361938
FOODS_3_090_CA_3_validation,2016-04-03,114,105.1344897635579
FOODS_3_090_CA_3_validation,2016-04-04,80,88.26748624392565
FOODS_3_090_CA_3_validation,2016-04-05,75,95.05598938270543
FOODS_3_090_CA_3_validation,2016-04-06,113,96.60199669104668
FOODS_3_090_CA_3_validation,2016-04-07,81,101.2827982382588
FOODS_3_090_CA_3_validation,2016-04-08,107,104.51866860959979
FOODS_3_090_CA_3_validation,2016-04-09,160,116.98257504853814
FOODS_3_090_CA_3_validation,2016-04-10,124,107.59700766468859
FOODS_3_090_CA_3_validation,2016-04-11,107,87.3411106068495
FOODS_3_090_CA_3_validation,2016-04-12,84,87.37446199546753
FOODS_3_090_CA_3_validation,2016-04-13,88,85.98438387924307
FOODS_3_090_CA_3_validation,2016-04-14,90,89.57658660166521
FOODS_3_090_CA_3_validation,2016-04-15,129,91.00060893549005
FOODS_3_090_CA_3_validation,2016-04-16,160,115.70639979831253
FOODS_3_090_CA_3_validation,2016-04-17,204,101.72048403286283
FOODS_3_090_CA_3_validation,2016-04-18,86,82.03854728758722
FOODS_3_090_CA_3_validation,2016-04-19,100,86.09255893896318
FOODS_3_090_CA_3_validation,2016-04-20,88,88.94209142640761
FOODS_3_090_CA_3_validation,2016-04-21,77,84.97653590662924
FOODS_3_090_CA_3_validation,2016-04-22,141,102.3106377436427
FOODS_3_090_CA_3_validation,2016-04-23,139,123.70431624450873
FOODS_3_090_CA_3_validation,2016-04-24,130,125.78859838886194
FOODS_3_090_CA_4_validation,2016-03-28,19,22.86842031727906
FOODS_3_090_CA_4_validation,2016-03-29,20,23.24589750776056
FOODS_3_090_CA_4_validation,2016-03-30,18,20.94993350794107
FOODS_3_090_CA_4_validation,2016-03-31,20,24.48765949081644
FOODS_3_090_CA_4_validation,2016-04-01,52,28.939754914463947
FOODS_3_090_CA_4_validation,2016-04-02,34,36.222058340615604
FOODS_3_090_CA_4_validation,2016-04-03,30,35.57113237757801
FOODS_3_090_CA_4_validation,2016-04-04,19,24.276875759099767
FOODS_3_090_CA_4_validation,2016-04-05,16,25.755726981894895
FOODS_3_090_CA_4_validation,2016-04-06,22,25.976445045805576
FOODS_3_090_CA_4_validation,2016-04-07,31,24.815998135341943
FOODS_3_090_CA_4_validation,2016-04-08,30,26.247912833439955
FOODS_3_090_CA_4_validation,2016-04-09,32,36.848298031295826
FOODS_3_090_CA_4_validation,2016-04-10,32,33.118191241957334
FOODS_3_090_CA_4_validation,2016-04-11,23,19.33708371220689
FOODS_3_090_CA_4_validation,2016-04-12,26,19.615563369195684
FOODS_3_090_CA_4_validation,2016-04-13,17,20.629515963066297
FOODS_3_090_CA_4_validation,2016-04-14,17,20.565091916740244
FOODS_3_090_CA_4_validation,2016-04-15,48,23.331970506895573
FOODS_3_090_CA_4_validation,2016-04-16,32,30.28667124456672
FOODS_3_090_CA_4_validation,2016-04-17,36,29.78959926802986
FOODS_3_090_CA_4_validation,2016-04-18,30,19.664901519512682
FOODS_3_090_CA_4_validation,2016-04-19,19,20.036291136555178
FOODS_3_090_CA_4_validation,2016-04-20,35,22.333433876678214
FOODS_3_090_CA_4_validation,2016-04-21,31,25.122305366053524
FOODS_3_090_CA_4_validation,2016-04-22,15,23.304311605501198
FOODS_3_090_CA_4_validation,2016-04-23,24,37.40728991795493
FOODS_3_090_CA_4_validation,2016-04-24,18,44.41771289863311
FOODS_3_090_TX_1_validation,2016-03-28,36,49.6849880397026
FOODS_3_090_TX_1_validation,2016-03-29,35,56.89965925138961
FOODS_3_090_TX_1_validation,2016-03-30,43,50.44277925542542
FOODS_3_090_TX_1_validation,2016-03-31,57,51.45001837046016
FOODS_3_090_TX_1_validation,2016-04-01,44,60.2926302037223
FOODS_3_090_TX_1_validation,2016-04-02,81,62.33523827234387
FOODS_3_090_TX_1_validation,2016-04-03,67,74.59988606963657
FOODS_3_090_TX_1_validation,2016-04-04,56,54.133923838072405
FOODS_3_090_TX_1_validation,2016-04-05,50,54.851597839997225
FOODS_3_090_TX_1_validation,2016-04-06,43,62.929553514169015
FOODS_3_090_TX_1_validation,2016-04-07,42,57.04800332657908
FOODS_3_090_TX_1_validation,2016-04-08,59,53.817970816994716
FOODS_3_090_TX_1_validation,2016-04-09,64,76.12062819311495
FOODS_3_090_TX_1_validation,2016-04-10,79,65.60941182402667
FOODS_3_090_TX_1_validation,2016-04-11,55,58.997121669027365
FOODS_3_090_TX_1_validation,2016-04-12,35,55.26065652495879
FOODS_3_090_TX_1_validation,2016-04-13,35,53.764188819583524
FOODS_3_090_TX_1_validation,2016-04-14,36,51.77987014632072
FOODS_3_090_TX_1_validation,2016-04-15,60,57.91562490645288
FOODS_3_090_TX_1_validation,2016-04-16,68,59.387829548985565
FOODS_3_090_TX_1_validation,2016-04-17,69,61.463379454767846
FOODS_3_090_TX_1_validation,2016-04-18,48,46.050430173739755
FOODS_3_090_TX_1_validation,2016-04-19,34,49.91711072799251
FOODS_3_090_TX_1_validation,2016-04-20,49,50.021009640885495
FOODS_3_090_TX_1_validation,2016-04-21,39,51.50597867166948
FOODS_3_090_TX_1_validation,2016-04-22,59,57.30551052156443
FOODS_3_090_TX_1_validation,2016-04-23,45,63.81933638592477
FOODS_3_090_TX_1_validation,2016-04-24,58,74.79469622772388
FOODS_3_090_TX_2_validation,2016-03-28,48,63.74883982192307
FOODS_3_090_TX_2_validation,2016-03-29,23,60.7571931473874
FOODS_3_090_TX_2_validation,2016-03-30,45,62.589984884913065
FOODS_3_090_TX_2_validation,2016-03-31,60,62.56006743466105
FOODS_3_090_TX_2_validation,2016-04-01,48,66.8976144501919
FOODS_3_090_TX_2_validation,2016-04-02,101,73.2642551838536
FOODS_3_090_TX_2_validation,2016-04-03,107,73.00366186831218
FOODS_3_090_TX_2_validation,2016-04-04,61,60.71514984704697
FOODS_3_090_TX_2_validation,2016-04-05,50,58.61854038766808
FOODS_3_090_TX_2_validation,2016-04-06,31,58.87683470979778
FOODS_3_090_TX_2_validation,2016-04-07,49,65.36112951780274
FOODS_3_090_TX_2_validation,2016-04-08,86,61.92829692931821
FOODS_3_090_TX_2_validation,2016-04-09,102,75.27033693640612
FOODS_3_090_TX_2_validation,2016-04-10,69,76.5594224151414
FOODS_3_090_TX_2_validation,2016-04-11,53,64.44010755588329
FOODS_3_090_TX_2_validation,2016-04-12,48,61.42643458921566
FOODS_3_090_TX_2_validation,2016-04-13,34,73.19085468214348
FOODS_3_090_TX_2_validation,2016-04-14,40,56.98409972011541
FOODS_3_090_TX_2_validation,2016-04-15,68,63.81199875789389
FOODS_3_090_TX_2_validation,2016-04-16,124,74.5106913588337
FOODS_3_090_TX_2_validation,2016-04-17,86,81.32838605340214
FOODS_3_090_TX_2_validation,2016-04-18,43,55.75096154904918
FOODS_3_090_TX_2_validation,2016-04-19,61,57.60730885547332
FOODS_3_090_TX_2_validation,2016-04-20,46,59.23310771396507
FOODS_3_090_TX_2_validation,2016-04-21,35,61.09251700428479
FOODS_3_090_TX_2_validation,2016-04-22,54,69.62275473058492
FOODS_3_090_TX_2_validation,2016-04-23,83,78.26126802052136
FOODS_3_090_TX_2_validation,2016-04-24,73,91.47157685242507
FOODS_3_090_TX_3_validation,2016-03-28,42,62.023109225479516
FOODS_3_090_TX_3_validation,2016-03-29,10,57.73190400783756
FOODS_3_090_TX_3_validation,2016-03-30,50,69.87304798981586
FOODS_3_090_TX_3_validation,2016-03-31,68,61.397281971912435
FOODS_3_090_TX_3_validation,2016-04-01,59,67.40410063346997
FOODS_3_090_TX_3_validation,2016-04-02,74,69.9323793554438
FOODS_3_090_TX_3_validation,2016-04-03,74,73.01456789258987
FOODS_3_090_TX_3_validation,2016-04-04,41,57.05524203374898
FOODS_3_090_TX_3_validation,2016-04-05,45,66.85321517160116
FOODS_3_090_TX_3_validation,2016-04-06,61,63.10652199786773
FOODS_3_090_TX_3_validation,2016-04-07,45,66.7266736159778
FOODS_3_090_TX_3_validation,2016-04-08,56,64.88825568335005
FOODS_3_090_TX_3_validation,2016-04-09,97,80.86579934946519
FOODS_3_090_TX_3_validation,2016-04-10,85,73.82087709381358
FOODS_3_090_TX_3_validation,2016-04-11,74,69.86026224566888
FOODS_3_090_TX_3_validation,2016-04-12,43,60.44377791171519
FOODS_3_090_TX_3_validation,2016-04-13,48,71.38394943269304
FOODS_3_090_TX_3_validation,2016-04-14,48,61.80385495301948
FOODS_3_090_TX_3_validation,2016-04-15,84,65.8453310664247
FOODS_3_090_TX_3_validation,2016-04-16,75,76.59929092642676
FOODS_3_090_TX_3_validation,2016-04-17,83,76.19769615711368
FOODS_3_090_TX_3_validation,2016-04-18,81,57.760330199009104
FOODS_3_090_TX_3_validation,2016-04-19,46,56.84860463568975
FOODS_3_090_TX_3_validation,2016-04-20,53,57.642036092362446
FOODS_3_090_TX_3_validation,2016-04-21,43,57.06740667197573
FOODS_3_090_TX_3_validation,2016-04-22,70,66.8972029114708
FOODS_3_090_TX_3_validation,2016-04-23,102,75.89452903555866
FOODS_3_090_TX_3_validation,2016-04-24,66,77.59383314945103
FOODS_3_090_WI_3_validation,2016-03-28,7,70.24230498000804
FOODS_3_090_WI_3_validation,2016-03-29,63,68.33127144754837
FOODS_3_090_WI_3_validation,2016-03-30,70,72.80890671298994
FOODS_3_090_WI_3_validation,2016-03-31,64,76.76964219186777
FOODS_3_090_WI_3_validation,2016-04-01,101,79.58881769981576
FOODS_3_090_WI_3_validation,2016-04-02,119,104.90360686658414
FOODS_3_090_WI_3_validation,2016-04-03,110,88.97821926242352
FOODS_3_090_WI_3_validation,2016-04-04,71,75.40144391026013
FOODS_3_090_WI_3_validation,2016-04-05,46,70.19563613414323
FOODS_3_090_WI_3_validation,2016-04-06,43,71.62997435793773
FOODS_3_090_WI_3_validation,2016-04-07,43,68.39876380558007
FOODS_3_090_WI_3_validation,2016-04-08,107,78.65266802906706
FOODS_3_090_WI_3_validation,2016-04-09,131,100.81830960724392
FOODS_3_090_WI_3_validation,2016-04-10,108,88.53391637363495
FOODS_3_090_WI_3_validation,2016-04-11,50,85.97130364854513
FOODS_3_090_WI_3_validation,2016-04-12,52,70.8411631614689
FOODS_3_090_WI_3_validation,2016-04-13,52,67.15379075235523
FOODS_3_090_WI_3_validation,2016-04-14,68,74.94538071815828
FOODS_3_090_WI_3_validation,2016-04-15,102,79.4991822153919
FOODS_3_090_WI_3_validation,2016-04-16,146,87.11012310762362
FOODS_3_090_WI_3_validation,2016-04-17,112,80.03115621871996
FOODS_3_090_WI_3_validation,2016-04-18,70,63.40689575531508
FOODS_3_090_WI_3_validation,2016-04-19,61,62.081009831826464
FOODS_3_090_WI_3_validation,2016-04-20,60,62.947830759593444
FOODS_3_090_WI_3_validation,2016-04-21,70,67.93011292387382
FOODS_3_090_WI_3_validation,2016-04-22,70,79.45166255514914
FOODS_3_090_WI_3_validation,2016-04-23,171,91.61300684651883
FOODS_3_090_WI_3_validation,2016-04-24,91,96.8447238291551
FOODS_3_099_TX_2_validation,2016-03-28,13,14.575525573263008
FOODS_3_099_TX_2_validation,2016-03-29,18,15.233860101135633
FOODS_3_099_TX_2_validation,2016-03-30,8,19.336506638006995
FOODS_3_099_TX_2_validation,2016-03-31,17,15.219204573707884
FOODS_3_099_TX_2_validation,2016-04-01,9,17.22542519069566
FOODS_3_099_TX_2_validation,2016-04-02,12,21.5481028895897
FOODS_3_099_TX_2_validation,2016-04-03,25,28.93402429020466
FOODS_3_099_TX_2_validation,2016-04-04,15,12.300144179740983
FOODS_3_099_TX_2_validation,2016-04-05,10,17.857462720947865
FOODS_3_099_TX_2_validation,2016-04-06,15,18.100448548646796
FOODS_3_099_TX_2_validation,2016-04-07,10,17.972003827004983
FOODS_3_099_TX_2_validation,2016-04-08,12,13.815227613095544
FOODS_3_099_TX_2_validation,2016-04-09,23,27.608237772724465
FOODS_3_099_TX_2_validation,2016-04-10,23,25.069753542956278
FOODS_3_099_TX_2_validation,2016-04-11,15,20.85860504757943
FOODS_3_099_TX_2_validation,2016-04-12,20,17.94167965630163
FOODS_3_099_TX_2_validation,2016-04-13,10,20.61999752328245
FOODS_3_099_TX_2_validation,2016-04-14,13,14.597112732941355
FOODS_3_099_TX_2_validation,2016-04-15,10,19.15940673900559
FOODS_3_099_TX_2_validation,2016-04-16,16,22.03273329423496
FOODS_3_099_TX_2_validation,2016-04-17,21,22.674783026608907
FOODS_3_099_TX_2_validation,2016-04-18,15,14.507474415669776
FOODS_3_099_TX_2_validation,2016-04-19,14,14.151466530360835
FOODS_3_099_TX_2_validation,2016-04-20,13,14.229805053509835
FOODS_3_099_TX_2_validation,2016-04-21,9,13.55988874712159
FOODS_3_099_TX_2_validation,2016-04-22,17,16.565884184111383
FOODS_3_099_TX_2_validation,2016-04-23,19,22.464598368703832
FOODS_3_099_TX_2_validation,2016-04-24,17,24.782315167411298
FOODS_3_120_CA_1_validation,2016-03-28,34,23.304258523101225
FOODS_3_120_CA_1_validation,2016-03-29,62,23.22318192243506
FOODS_3_120_CA_1_validation,2016-03-30,21,22.220028089807442
FOODS_3_120_CA_1_validation,2016-03-31,29,21.730232472296052
FOODS_3_120_CA_1_validation,2016-04-01,44,25.066103383142035
FOODS_3_120_CA_1_validation,2016-04-02,109,30.782217633353184
FOODS_3_120_CA_1_validation,2016-04-03,126,30.174876579835654
FOODS_3_120_CA_1_validation,2016-04-04,24,20.205503304284434
FOODS_3_120_CA_1_validation,2016-04-05,0,20.284250442299935
FOODS_3_120_CA_1_validation,2016-04-06,0,20.088016245176732
FOODS_3_120_CA_1_validation,2016-04-07,0,20.13652427602665
FOODS_3_120_CA_1_validation,2016-04-08,58,20.406010940102533
FOODS_3_120_CA_1_validation,2016-04-09,55,27.116535431095258
FOODS_3_120_CA_1_validation,2016-04-10,0,40.14644495785706
FOODS_3_120_CA_1_validation,2016-04-11,2,15.63368612224724
FOODS_3_120_CA_1_validation,2016-04-12,0,23.72187235618469
FOODS_3_120_CA_1_validation,2016-04-13,0,21.749756194822567
FOODS_3_120_CA_1_validation,2016-04-14,38,27.200415917941086
FOODS_3_120_CA_1_validation,2016-04-15,60,22.611413922093107
FOODS_3_120_CA_1_validation,2016-04-16,52,37.59472358272228
FOODS_3_120_CA_1_validation,2016-04-17,56,55.30260053832103
FOODS_3_120_CA_1_validation,2016-04-18,6,22.13920373035603
FOODS_3_120_CA_1_validation,2016-04-19,43,18.00360671771182
FOODS_3_120_CA_1_validation,2016-04-20,48,23.7031304501877
FOODS_3_120_CA_1_validation,2016-04-21,47,26.202086047314424
FOODS_3_120_CA_1_validation,2016-04-22,39,26.7172207398944
FOODS_3_120_CA_1_validation,2016-04-23,59,44.58787721831084
FOODS_3_120_CA_1_validation,2016-04-24,59,42.06359552293088
FOODS_3_120_CA_3_validation,2016-03-28,46,33.26649560265844
FOODS_3_120_CA_3_validation,2016-03-29,58,31.87477902383023
FOODS_3_120_CA_3_validation,2016-03-30,56,30.791584020778032
FOODS_3_120_CA_3_validation,2016-03-31,36,29.590563102360193
FOODS_3_120_CA_3_validation,2016-04-01,56,32.62907824285196
FOODS_3_120_CA_3_validation,2016-04-02,61,38.65994910253278
FOODS_3_120_CA_3_validation,2016-04-03,59,37.727372630442574
FOODS_3_120_CA_3_validation,2016-04-04,71,27.507246136204344
FOODS_3_120_CA_3_validation,2016-04-05,73,26.750058049923382
FOODS_3_120_CA_3_validation,2016-04-06,63,26.1967544461304
FOODS_3_120_CA_3_validation,2016-04-07,43,25.665335822821703
FOODS_3_120_CA_3_validation,2016-04-08,47,25.37513510257861
FOODS_3_120_CA_3_validation,2016-04-09,61,31.777597432445077
FOODS_3_120_CA_3_validation,2016-04-10,84,44.65179464602977
FOODS_3_120_CA_3_validation,2016-04-11,57,32.63030446221387
FOODS_3_120_CA_3_validation,2016-04-12,86,33.53947115214305
FOODS_3_120_CA_3_validation,2016-04-13,89,35.54077800748826
FOODS_3_120_CA_3_validation,2016-04-14,142,34.926482519076785
FOODS_3_120_CA_3_validation,2016-04-15,46,37.32958065953778
FOODS_3_120_CA_3_validation,2016-04-16,66,49.97330537962705
FOODS_3_120_CA_3_validation,2016-04-17,72,46.55392922335261
FOODS_3_120_CA_3_validation,2016-04-18,77,45.82206998181118
FOODS_3_120_CA_3_validation,2016-04-19,71,38.44127931331002
FOODS_3_120_CA_3_validation,2016-04-20,69,38.464488587367896
FOODS_3_120_CA_3_validation,2016-04-21,66,38.39012844514184
FOODS_3_120_CA_3_validation,2016-04-22,43,41.53701340041391
FOODS_3_120_CA_3_validation,2016-04-23,81,52.59868313463767
FOODS_3_120_CA_3_validation,2016-04-24,98,52.73769521428733
FOODS_3_120_WI_3_validation,2016-03-28,2,18.77213546931057
FOODS_3_120_WI_3_validation,2016-03-29,17,18.0913700852268
FOODS_3_120_WI_3_validation,2016-03-30,19,18.004746988150032
FOODS_3_120_WI_3_validation,2016-03-31,27,17.515012495765973
FOODS_3_120_WI_3_validation,2016-04-01,18,17.369211408439355
FOODS_3_120_WI_3_validation,2016-04-02,56,27.238472125424778
FOODS_3_120_WI_3_validation,2016-04-03,51,27.31627595092698
FOODS_3_120_WI_3_validation,2016-04-04,29,14.041737833003822
FOODS_3_120_WI_3_validation,2016-04-05,44,17.309483731051955
FOODS_3_120_WI_3_validation,2016-04-06,24,17.44833742559308
FOODS_3_120_WI_3_validation,2016-04-07,27,14.02790511606554
FOODS_3_120_WI_3_validation,2016-04-08,20,17.472998578275792
FOODS_3_120_WI_3_validation,2016-04-09,44,24.282229489659926
FOODS_3_120_WI_3_validation,2016-04-10,54,29.470775542809633
FOODS_3_120_WI_3_validation,2016-04-11,54,25.084550076768778
FOODS_3_120_WI_3_validation,2016-04-12,42,23.081545441462936
FOODS_3_120_WI_3_validation,2016-04-13,20,18.28734869226696
FOODS_3_120_WI_3_validation,2016-04-14,35,23.917583478143342
FOODS_3_120_WI_3_validation,2016-04-15,38,24.470763529782857
FOODS_3_120_WI_3_validation,2016-04-16,56,32.0751111273122
FOODS_3_120_WI_3_validation,2016-04-17,30,33.83434308476683
FOODS_3_120_WI_3_validation,2016-04-18,43,26.73606936674264
FOODS_3_120_WI_3_validation,2016-04-19,25,21.09559722281142
FOODS_3_120_WI_3_validation,2016-04-20,33,20.481976324318794
FOODS_3_120_WI_3_validation,2016-04-21,22,20.378212156619497
FOODS_3_120_WI_3_validation,2016-04-22,29,21.44485394657397
FOODS_3_120_WI_3_validation,2016-04-23,39,33.92426575693685
FOODS_3_120_WI_3_validation,2016-04-24,55,37.64308156614891
FOODS_3_202_CA_3_validation,2016-03-28,19,19.789085590414857
FOODS_3_202_CA_3_validation,2016-03-29,13,16.854221713782636
FOODS_3_202_CA_3_validation,2016-03-30,19,17.151109165535672
FOODS_3_202_CA_3_validation,2016-03-31,11,17.45372877299019
FOODS_3_202_CA_3_validation,2016-04-01,15,20.60478024135898
FOODS_3_202_CA_3_validation,2016-04-02,26,28.40176788530937
FOODS_3_202_CA_3_validation,2016-04-03,39,29.08721426196314
FOODS_3_202_CA_3_validation,2016-04-04,29,18.235984672385143
FOODS_3_202_CA_3_validation,2016-04-05,19,18.86866706426713
FOODS_3_202_CA_3_validation,2016-04-06,24,18.29756961009423
FOODS_3_202_CA_3_validation,2016-04-07,28,18.218107957881102
FOODS_3_202_CA_3_validation,2016-04-08,23,21.169865358288007
FOODS_3_202_CA_3_validation,2016-04-09,34,28.459869512558498
FOODS_3_202_CA_3_validation,2016-04-10,30,29.962358665442252
FOODS_3_202_CA_3_validation,2016-04-11,19,15.510981725382521
FOODS_3_202_CA_3_validation,2016-04-12,22,15.88960818804594
FOODS_3_202_CA_3_validation,2016-04-13,16,15.657638062252204
FOODS_3_202_CA_3_validation,2016-04-14,23,17.316960175438112
FOODS_3_202_CA_3_validation,2016-04-15,29,16.23996044421949
FOODS_3_202_CA_3_validation,2016-04-16,36,25.819267161552602
FOODS_3_202_CA_3_validation,2016-04-17,58,27.732108135579665
FOODS_3_202_CA_3_validation,2016-04-18,37,15.01334980656361
FOODS_3_202_CA_3_validation,2016-04-19,18,14.889571044857803
FOODS_3_202_CA_3_validation,2016-04-20,27,17.24964129060652
FOODS_3_202_CA_3_validation,2016-04-21,24,14.68078194381576
FOODS_3_202_CA_3_validation,2016-04-22,22,18.492316950515033
FOODS_3_202_CA_3_validation,2016-04-23,37,24.838669766485168
FOODS_3_202_CA_3_validation,2016-04-24,29,31.306238254643745
FOODS_3_202_TX_1_validation,2016-03-28,17,14.879463065646291
FOODS_3_202_TX_1_validation,2016-03-29,12,15.39648720507273
FOODS_3_202_TX_1_validation,2016-03-30,18,15.339260616877255
FOODS_3_202_TX_1_validation,2016-03-31,11,13.914135177232879
FOODS_3_202_TX_1_validation,2016-04-01,16,18.1623832805534
FOODS_3_202_TX_1_validation,2016-04-02,34,24.974106873057167
FOODS_3_202_TX_1_validation,2016-04-03,38,30.54044841978873
FOODS_3_202_TX_1_validation,2016-04-04,14,14.26832617945422
FOODS_3_202_TX_1_validation,2016-04-05,23,17.100861954188417
FOODS_3_202_TX_1_validation,2016-04-06,17,15.788827962952837
FOODS_3_202_TX_1_validation,2016-04-07,17,18.67490869895289
FOODS_3_202_TX_1_validation,2016-04-08,21,17.3068746730479
FOODS_3_202_TX_1_validation,2016-04-09,39,26.974377851472468
FOODS_3_202_TX_1_validation,2016-04-10,42,27.618829406895884
FOODS_3_202_TX_1_validation,2016-04-11,19,16.846164666994696
FOODS_3_202_TX_1_validation,2016-04-12,25,18.603503474230138
FOODS_3_202_TX_1_validation,2016-04-13,16,17.756944853095206
FOODS_3_202_TX_1_validation,2016-04-14,18,14.14307707884052
FOODS_3_202_TX_1_validation,2016-04-15,30,18.11423743772957
FOODS_3_202_TX_1_validation,2016-04-16,48,25.786775973410386
FOODS_3_202_TX_1_validation,2016-04-17,56,27.083882004521797
FOODS_3_202_TX_1_validation,2016-04-18,30,12.35665776307087
FOODS_3_202_TX_1_validation,2016-04-19,29,12.620745104267371
FOODS_3_202_TX_1_validation,2016-04-20,18,13.643367649358993
FOODS_3_202_TX_1_validation,2016-04-21,18,13.618982266932676
FOODS_3_202_TX_1_validation,2016-04-22,18,17.880918579072045
FOODS_3_202_TX_1_validation,2016-04-23,37,23.84429919865181
FOODS_3_202_TX_1_validation,2016-04-24,38,30.664105150825208
FOODS_3_202_TX_2_validation,2016-03-28,13,16.528405198195856
FOODS_3_202_TX_2_validation,2016-03-29,11,17.361369521829147
FOODS_3_202_TX_2_validation,2016-03-30,8,17.137355661375864
FOODS_3_202_TX_2_validation,2016-03-31,15,18.884153867384725
FOODS_3_202_TX_2_validation,2016-04-01,25,21.207445195261243
FOODS_3_202_TX_2_validation,2016-04-02,29,26.1455808779001
FOODS_3_202_TX_2_validation,2016-04-03,26,30.657263757855844
FOODS_3_202_TX_2_validation,2016-04-04,14,16.38367329890275
FOODS_3_202_TX_2_validation,2016-04-05,11,21.790147729431283
FOODS_3_202_TX_2_validation,2016-04-06,12,20.420518351156716
FOODS_3_202_TX_2_validation,2016-04-07,16,20.055988229297782
FOODS_3_202_TX_2_validation,2016-04-08,25,16.777391438380732
FOODS_3_202_TX_2_validation,2016-04-09,37,28.402828890996034
FOODS_3_202_TX_2_validation,2016-04-10,29,27.005008397427446
FOODS_3_202_TX_2_validation,2016-04-11,12,20.23488974879649
FOODS_3_202_TX_2_validation,2016-04-12,13,19.192846608889795
FOODS_3_202_TX_2_validation,2016-04-13,14,19.41084116878085
FOODS_3_202_TX_2_validation,2016-04-14,12,16.82202966769728
FOODS_3_202_TX_2_validation,2016-04-15,19,21.493307487428865
FOODS_3_202_TX_2_validation,2016-04-16,36,22.9652671369264
FOODS_3_202_TX_2_validation,2016-04-17,38,26.71892214221998
FOODS_3_202_TX_2_validation,2016-04-18,14,14.486443999832318
FOODS_3_202_TX_2_validation,2016-04-19,14,14.337039936576048
FOODS_3_202_TX_2_validation,2016-04-20,13,14.255496248946656
FOODS_3_202_TX_2_validation,2016-04-21,18,15.530168914625392
FOODS_3_202_TX_2_validation,2016-04-22,18,17.958952941182247
FOODS_3_202_TX_2_validation,2016-04-23,30,28.903223856963677
FOODS_3_202_TX_2_validation,2016-04-24,13,31.687261379608685
FOODS_3_202_TX_3_validation,2016-03-28,33,19.502448725853014
FOODS_3_202_TX_3_validation,2016-03-29,35,19.736651992376892
FOODS_3_202_TX_3_validation,2016-03-30,17,21.12215078838517
FOODS_3_202_TX_3_validation,2016-03-31,14,20.63682302252232
FOODS_3_202_TX_3_validation,2016-04-01,22,24.075844223719628
FOODS_3_202_TX_3_validation,2016-04-02,30,29.60423160943924
FOODS_3_202_TX_3_validation,2016-04-03,33,36.26393009778826
FOODS_3_202_TX_3_validation,2016-04-04,23,21.846600212015005
FOODS_3_202_TX_3_validation,2016-04-05,29,24.559496899310943
FOODS_3_202_TX_3_validation,2016-04-06,28,22.345600962717413
FOODS_3_202_TX_3_validation,2016-04-07,44,25.24103028915215
FOODS_3_202_TX_3_validation,2016-04-08,24,22.869058371944334
FOODS_3_202_TX_3_validation,2016-04-09,24,35.17854465121991
FOODS_3_202_TX_3_validation,2016-04-10,38,34.62159976965779
FOODS_3_202_TX_3_validation,2016-04-11,27,26.46692105870477
FOODS_3_202_TX_3_validation,2016-04-12,24,27.1333120613009
FOODS_3_202_TX_3_validation,2016-04-13,24,25.12673720261614
FOODS_3_202_TX_3_validation,2016-04-14,29,22.439789538828222
FOODS_3_202_TX_3_validation,2016-04-15,28,26.812515358211954
FOODS_3_202_TX_3_validation,2016-04-16,28,29.48973614778845
FOODS_3_202_TX_3_validation,2016-04-17,59,32.77449240451267
FOODS_3_202_TX_3_validation,2016-04-18,36,20.50659450041792
FOODS_3_202_TX_3_validation,2016-04-19,23,19.75237436409941
FOODS_3_202_TX_3_validation,2016-04-20,23,19.15961662949246
FOODS_3_202_TX_3_validation,2016-04-21,18,18.69845176765898
FOODS_3_202_TX_3_validation,2016-04-22,23,19.02155157331822
FOODS_3_202_TX_3_validation,2016-04-23,40,33.46188959795063
FOODS_3_202_TX_3_validation,2016-04-24,59,37.77725188518332
FOODS_3_226_WI_1_validation,2016-03-28,22,32.56901031290647
FOODS_3_226_WI_1_validation,2016-03-29,25,31.88376045153393
FOODS_3_226_WI_1_validation,2016-03-30,27,34.48319913018247
FOODS_3_226_WI_1_validation,2016-03-31,40,33.727345452885515
FOODS_3_226_WI_1_validation,2016-04-01,39,36.64506507602334
FOODS_3_226_WI_1_validation,2016-04-02,39,50.22981381235536
FOODS_3_226_WI_1_validation,2016-04-03,49,47.80211491194916
FOODS_3_226_WI_1_validation,2016-04-04,29,33.54380450467818
FOODS_3_226_WI_1_validation,2016-04-05,35,37.508077355191176
FOODS_3_226_WI_1_validation,2016-04-06,22,36.95082223580073
FOODS_3_226_WI_1_validation,2016-04-07,27,34.701894194704664
FOODS_3_226_WI_1_validation,2016-04-08,31,38.03747373924955
FOODS_3_226_WI_1_validation,2016-04-09,55,51.909910212134264
FOODS_3_226_WI_1_validation,2016-04-10,52,45.415645840956586
FOODS_3_226_WI_1_validation,2016-04-11,33,34.862103344871684
FOODS_3_226_WI_1_validation,2016-04-12,26,36.131803141232695
FOODS_3_226_WI_1_validation,2016-04-13,32,35.336666019756535
FOODS_3_226_WI_1_validation,2016-04-14,40,38.273061628788014
FOODS_3_226_WI_1_validation,2016-04-15,38,37.64606918246511
FOODS_3_226_WI_1_validation,2016-04-16,56,46.11602773984532
FOODS_3_226_WI_1_validation,2016-04-17,58,46.142242322634274
FOODS_3_226_WI_1_validation,2016-04-18,42,33.30502418607841
FOODS_3_226_WI_1_validation,2016-04-19,27,33.03078784833326
FOODS_3_226_WI_1_validation,2016-04-20,34,32.42567742570077
FOODS_3_226_WI_1_validation,2016-04-21,24,34.668850419289925
FOODS_3_226_WI_1_validation,2016-04-22,41,37.95389868129348
FOODS_3_226_WI_1_validation,2016-04-23,41,48.44726988009734
FOODS_3_226_WI_1_validation,2016-04-24,38,44.048814811127386
FOODS_3_226_WI_2_validation,2016-03-28,28,39.76727029816959
FOODS_3_226_WI_2_validation,2016-03-29,34,41.14033157864503
FOODS_3_226_WI_2_validation,2016-03-30,46,43.17554734307805
FOODS_3_226_WI_2_validation,2016-03-31,30,43.67984205459368
FOODS_3_226_WI_2_validation,2016-04-01,55,43.160550200455305
FOODS_3_226_WI_2_validation,2016-04-02,45,53.58338357509922
FOODS_3_226_WI_2_validation,2016-04-03,48,52.28971503773755
FOODS_3_226_WI_2_validation,2016-04-04,33,38.29259457174544
FOODS_3_226_WI_2_validation,2016-04-05,48,45.30121314905762
FOODS_3_226_WI_2_validation,2016-04-06,43,46.1656579822444
FOODS_3_226_WI_2_validation,2016-04-07,36,40.05843034603879
FOODS_3_226_WI_2_validation,2016-04-08,53,50.04618526374554
FOODS_3_226_WI_2_validation,2016-04-09,52,57.54576898045627
FOODS_3_226_WI_2_validation,2016-04-10,47,50.256263269610486
FOODS_3_226_WI_2_validation,2016-04-11,46,45.28664300347282
FOODS_3_226_WI_2_validation,2016-04-12,38,47.96136928655949
FOODS_3_226_WI_2_validation,2016-04-13,43,43.90820784027551
FOODS_3_226_WI_2_validation,2016-04-14,58,47.59357153599524
FOODS_3_226_WI_2_validation,2016-04-15,60,44.88404512582849
FOODS_3_226_WI_2_validation,2016-04-16,56,48.36954024683325
FOODS_3_226_WI_2_validation,2016-04-17,67,47.90566665829044
FOODS_3_226_WI_2_validation,2016-04-18,40,37.92995848624082
FOODS_3_226_WI_2_validation,2016-04-19,31,38.300822144292056
FOODS_3_226_WI_2_validation,2016-04-20,40,38.242385615174044
FOODS_3_226_WI_2_validation,2016-04-21,50,38.86662251358405
FOODS_3_226_WI_2_validation,2016-04-22,48,39.69581978400015
FOODS_3_226_WI_2_validation,2016-04-23,43,51.074575317131576
FOODS_3_226_WI_2_validation,2016-04-24,38,49.03037573967845
FOODS_3_226_WI_3_validation,2016-03-28,46,42.18096919693744
FOODS_3_226_WI_3_validation,2016-03-29,50,41.56666093171077
FOODS_3_226_WI_3_validation,2016-03-30,42,44.368684186902556
FOODS_3_226_WI_3_validation,2016-03-31,50,45.886482519726314
FOODS_3_226_WI_3_validation,2016-04-01,50,46.56722788324248
FOODS_3_226_WI_3_validation,2016-04-02,56,58.132422671684935
FOODS_3_226_WI_3_validation,2016-04-03,44,60.07197624488913
FOODS_3_226_WI_3_validation,2016-04-04,35,44.35690490992965
FOODS_3_226_WI_3_validation,2016-04-05,53,48.23212505424112
FOODS_3_226_WI_3_validation,2016-04-06,36,51.807903518401304
FOODS_3_226_WI_3_validation,2016-04-07,40,44.255877983109144
FOODS_3_226_WI_3_validation,2016-04-08,39,51.63940691684115
FOODS_3_226_WI_3_validation,2016-04-09,55,55.0466767899934
FOODS_3_226_WI_3_validation,2016-04-10,45,51.96104318231471
FOODS_3_226_WI_3_validation,2016-04-11,45,44.958047802641886
FOODS_3_226_WI_3_validation,2016-04-12,45,45.790285939488285
FOODS_3_226_WI_3_validation,2016-04-13,45,41.48100419019079
FOODS_3_226_WI_3_validation,2016-04-14,53,49.2292299755004
FOODS_3_226_WI_3_validation,2016-04-15,51,47.67507572142654
FOODS_3_226_WI_3_validation,2016-04-16,59,54.18018812769219
FOODS_3_226_WI_3_validation,2016-04-17,46,55.05481958618782
FOODS_3_226_WI_3_validation,2016-04-18,49,40.749503412161516
FOODS_3_226_WI_3_validation,2016-04-19,38,41.529632010478736
FOODS_3_226_WI_3_validation,2016-04-20,37,40.7860251669224
FOODS_3_226_WI_3_validation,2016-04-21,43,42.31378800647508
FOODS_3_226_WI_3_validation,2016-04-22,55,48.15809856733915
FOODS_3_226_WI_3_validation,2016-04-23,40,54.2781884975293
FOODS_3_226_WI_3_validation,2016-04-24,38,54.19937110967203
FOODS_3_234_CA_3_validation,2016-03-28,13,15.426886493168809
FOODS_3_234_CA_3_validation,2016-03-29,4,15.210482010056808
FOODS_3_234_CA_3_validation,2016-03-30,2,13.296283669716559
FOODS_3_234_CA_3_validation,2016-03-31,7,12.855448448993684
FOODS_3_234_CA_3_validation,2016-04-01,27,15.09132329962813
FOODS_3_234_CA_3_validation,2016-04-02,8,23.435984836405055
FOODS_3_234_CA_3_validation,2016-04-03,12,24.346555763125252
FOODS_3_234_CA_3_validation,2016-04-04,10,17.36608947575587
FOODS_3_234_CA_3_validation,2016-04-05,16,12.924333025089936
FOODS_3_234_CA_3_validation,2016-04-06,8,15.24965906870716
FOODS_3_234_CA_3_validation,2016-04-07,41,13.280722855022532
FOODS_3_234_CA_3_validation,2016-04-08,19,18.222685720517916
FOODS_3_234_CA_3_validation,2016-04-09,2,22.469076566423723
FOODS_3_234_CA_3_validation,2016-04-10,0,22.581689114649862
FOODS_3_234_CA_3_validation,2016-04-11,0,11.447095370905117
FOODS_3_234_CA_3_validation,2016-04-12,0,9.297873480996259
FOODS_3_234_CA_3_validation,2016-04-13,12,13.3371903111057
FOODS_3_234_CA_3_validation,2016-04-14,65,9.814741444702008
FOODS_3_234_CA_3_validation,2016-04-15,8,13.047767947584816
FOODS_3_234_CA_3_validation,2016-04-16,1,20.182798213609544
FOODS_3_234_CA_3_validation,2016-04-17,34,19.38032224661879
FOODS_3_234_CA_3_validation,2016-04-18,27,8.046104206713949
FOODS_3_234_CA_3_validation,2016-04-19,2,13.91800429279931
FOODS_3_234_CA_3_validation,2016-04-20,2,14.0845085307501
FOODS_3_234_CA_3_validation,2016-04-21,0,9.504545189745272
FOODS_3_234_CA_3_validation,2016-04-22,0,9.61106264797877
FOODS_3_234_CA_3_validation,2016-04-23,0,16.661535548084316
FOODS_3_234_CA_3_validation,2016-04-24,0,16.785819630107085
FOODS_3_234_WI_2_validation,2016-03-28,0,14.540327787792307
FOODS_3_234_WI_2_validation,2016-03-29,0,14.902000891001421
FOODS_3_234_WI_2_validation,2016-03-30,0,15.333308977167235
FOODS_3_234_WI_2_validation,2016-03-31,4,15.107845302025225
FOODS_3_234_WI_2_validation,2016-04-01,0,13.796619694789001
FOODS_3_234_WI_2_validation,2016-04-02,0,23.16772985360228
FOODS_3_234_WI_2_validation,2016-04-03,0,22.602370812768527
FOODS_3_234_WI_2_validation,2016-04-04,0,9.582959975550011
FOODS_3_234_WI_2_validation,2016-04-05,0,13.13282076950668
FOODS_3_234_WI_2_validation,2016-04-06,0,11.733631823211113
FOODS_3_234_WI_2_validation,2016-04-07,0,8.760434543759743
FOODS_3_234_WI_2_validation,2016-04-08,0,12.583473935928737
FOODS_3_234_WI_2_validation,2016-04-09,0,19.771792163412442
FOODS_3_234_WI_2_validation,2016-04-10,0,16.797082934698324
FOODS_3_234_WI_2_validation,2016-04-11,0,7.816275242325332
FOODS_3_234_WI_2_validation,2016-04-12,0,7.903023900075823
FOODS_3_234_WI_2_validation,2016-04-13,1,4.942600680238456
FOODS_3_234_WI_2_validation,2016-04-14,0,8.76564007240745
FOODS_3_234_WI_2_validation,2016-04-15,0,9.184139169756122
FOODS_3_234_WI_2_validation,2016-04-16,1,12.040848566954537
FOODS_3_234_WI_2_validation,2016-04-17,0,11.572469735495815
FOODS_3_234_WI_2_validation,2016-04-18,0,1.6857409239419212
FOODS_3_234_WI_2_validation,2016-04-19,57,2.0571050716063155
FOODS_3_234_WI_2_validation,2016-04-20,82,2.488413157772129
FOODS_3_234_WI_2_validation,2016-04-21,41,2.9197212439379427
FOODS_3_234_WI_2_validation,2016-04-22,32,3.3510293301037564
FOODS_3_234_WI_2_validation,2016-04-23,27,10.611561703039001
FOODS_3_234_WI_2_validation,2016-04-24,12,11.042869789204815
FOODS_3_234_WI_3_validation,2016-03-28,9,18.272665727280582
FOODS_3_234_WI_3_validation,2016-03-29,17,17.60355879001861
FOODS_3_234_WI_3_validation,2016-03-30,20,16.60410638178996
FOODS_3_234_WI_3_validation,2016-03-31,16,13.744206716115741
FOODS_3_234_WI_3_validation,2016-04-01,25,22.554173720644826
FOODS_3_234_WI_3_validation,2016-04-02,42,35.92557966953882
FOODS_3_234_WI_3_validation,2016-04-03,47,37.29396122016567
FOODS_3_234_WI_3_validation,2016-04-04,2,18.060980526968933
FOODS_3_234_WI_3_validation,2016-04-05,31,16.81340647409843
FOODS_3_234_WI_3_validation,2016-04-06,39,16.731815333857185
FOODS_3_234_WI_3_validation,2016-04-07,19,13.13820874465182
FOODS_3_234_WI_3_validation,2016-04-08,35,15.670664173625937
FOODS_3_234_WI_3_validation,2016-04-09,83,28.38617169875988
FOODS_3_234_WI_3_validation,2016-04-10,48,22.11031558883235
FOODS_3_234_WI_3_validation,2016-04-11,23,15.508018462903578
FOODS_3_234_WI_3_validation,2016-04-12,53,26.21929488033436
FOODS_3_234_WI_3_validation,2016-04-13,0,25.732508250382693
FOODS_3_234_WI_3_validation,2016-04-14,17,17.98196453457342
FOODS_3_234_WI_3_validation,2016-04-15,43,17.1427904380688
FOODS_3_234_WI_3_validation,2016-04-16,7,19.823901315320768
FOODS_3_234_WI_3_validation,2016-04-17,21,25.031717630705998
FOODS_3_234_WI_3_validation,2016-04-18,17,15.099561403146708
FOODS_3_234_WI_3_validation,2016-04-19,7,18.01363508107363
FOODS_3_234_WI_3_validation,2016-04-20,2,15.147589438931277
FOODS_3_234_WI_3_validation,2016-04-21,8,13.234288947667778
FOODS_3_234_WI_3_validation,2016-04-22,14,13.047717763241735
FOODS_3_234_WI_3_validation,2016-04-23,12,25.790908054090664
FOODS_3_234_WI_3_validation,2016-04-24,8,23.0185923662159
FOODS_3_252_CA_1_validation,2016-03-28,24,26.970904853512934
FOODS_3_252_CA_1_validation,2016-03-29,28,27.89711604814761
FOODS_3_252_CA_1_validation,2016-03-30,25,30.174034627650258
FOODS_3_252_CA_1_validation,2016-03-31,26,30.297551071296766
FOODS_3_252_CA_1_validation,2016-04-01,45,32.87368066272745
FOODS_3_252_CA_1_validation,2016-04-02,68,44.18655060567562
FOODS_3_252_CA_1_validation,2016-04-03,52,50.51842912601762
FOODS_3_252_CA_1_validation,2016-04-04,33,31.126329939709308
FOODS_3_252_CA_1_validation,2016-04-05,32,32.6709802149436
FOODS_3_252_CA_1_validation,2016-04-06,34,32.05051239497709
FOODS_3_252_CA_1_validation,2016-04-07,40,33.69150342034027
FOODS_3_252_CA_1_validation,2016-04-08,45,36.375513680970585
FOODS_3_252_CA_1_validation,2016-04-09,59,43.531117078323405
FOODS_3_252_CA_1_validation,2016-04-10,37,42.389377310337636
FOODS_3_252_CA_1_validation,2016-04-11,32,28.043488860403954
FOODS_3_252_CA_1_validation,2016-04-12,18,26.976482099216923
FOODS_3_252_CA_1_validation,2016-04-13,37,27.780766891483722
FOODS_3_252_CA_1_validation,2016-04-14,27,28.0262302992262
FOODS_3_252_CA_1_validation,2016-04-15,23,29.798984454270226
FOODS_3_252_CA_1_validation,2016-04-16,57,41.176365020126696
FOODS_3_252_CA_1_validation,2016-04-17,49,42.77291638024337
FOODS_3_252_CA_1_validation,2016-04-18,21,24.71914819846279
FOODS_3_252_CA_1_validation,2016-04-19,46,24.83993550896264
FOODS_3_252_CA_1_validation,2016-04-20,24,29.136386349896497
FOODS_3_252_CA_1_validation,2016-04-21,35,28.427923544840837
FOODS_3_252_CA_1_validation,2016-04-22,33,33.04913912071572
FOODS_3_252_CA_1_validation,2016-04-23,49,46.49034275903455
FOODS_3_252_CA_1_validation,2016-04-24,52,43.11791955424019
FOODS_3_252_CA_2_validation,2016-03-28,11,20.20218930386818
FOODS_3_252_CA_2_validation,2016-03-29,35,22.709680792471772
FOODS_3_252_CA_2_validation,2016-03-30,28,22.735782869419722
FOODS_3_252_CA_2_validation,2016-03-31,37,24.4396181499078
FOODS_3_252_CA_2_validation,2016-04-01,29,29.17385325577777
FOODS_3_252_CA_2_validation,2016-04-02,56,36.356874597744536
FOODS_3_252_CA_2_validation,2016-04-03,53,38.771121014857385
FOODS_3_252_CA_2_validation,2016-04-04,34,23.987291482824503
FOODS_3_252_CA_2_validation,2016-04-05,39,24.29717925319676
FOODS_3_252_CA_2_validation,2016-04-06,40,26.228298834323482
FOODS_3_252_CA_2_validation,2016-04-07,29,24.705483046903737
FOODS_3_252_CA_2_validation,2016-04-08,26,25.2707698437448
FOODS_3_252_CA_2_validation,2016-04-09,41,39.247000242778086
FOODS_3_252_CA_2_validation,2016-04-10,48,35.339847436349714
FOODS_3_252_CA_2_validation,2016-04-11,23,19.957294090248524
FOODS_3_252_CA_2_validation,2016-04-12,16,21.794839806492746
FOODS_3_252_CA_2_validation,2016-04-13,27,19.317915270902972
FOODS_3_252_CA_2_validation,2016-04-14,8,20.956015412655233
FOODS_3_252_CA_2_validation,2016-04-15,35,24.186180171253568
FOODS_3_252_CA_2_validation,2016-04-16,59,28.26756196528379
FOODS_3_252_CA_2_validation,2016-04-17,55,27.868285129562196
FOODS_3_252_CA_2_validation,2016-04-18,43,16.102659804493783
FOODS_3_252_CA_2_validation,2016-04-19,37,18.327891221931054
FOODS_3_252_CA_2_validation,2016-04-20,23,19.04202018099943
FOODS_3_252_CA_2_validation,2016-04-21,25,21.26701229553362
FOODS_3_252_CA_2_validation,2016-04-22,27,20.95351446966322
FOODS_3_252_CA_2_validation,2016-04-23,41,36.122830752114965
FOODS_3_252_CA_2_validation,2016-04-24,38,34.503970612893795
FOODS_3_252_CA_3_validation,2016-03-28,36,35.868826111056705
FOODS_3_252_CA_3_validation,2016-03-29,43,35.847332644348285
FOODS_3_252_CA_3_validation,2016-03-30,30,35.00292515720605
FOODS_3_252_CA_3_validation,2016-03-31,24,37.45380471962994
FOODS_3_252_CA_3_validation,2016-04-01,33,36.36100179550988
FOODS_3_252_CA_3_validation,2016-04-02,47,48.050328086304035
FOODS_3_252_CA_3_validation,2016-04-03,61,51.248667348812205
FOODS_3_252_CA_3_validation,2016-04-04,42,36.985503034349335
FOODS_3_252_CA_3_validation,2016-04-05,38,38.92104094698402
FOODS_3_252_CA_3_validation,2016-04-06,60,35.654960093141995
FOODS_3_252_CA_3_validation,2016-04-07,40,39.38088355170453
FOODS_3_252_CA_3_validation,2016-04-08,46,37.43808818375703
FOODS_3_252_CA_3_validation,2016-04-09,51,45.75777625577666
FOODS_3_252_CA_3_validation,2016-04-10,52,47.28434607070005
FOODS_3_252_CA_3_validation,2016-04-11,58,32.36027404757988
FOODS_3_252_CA_3_validation,2016-04-12,35,31.62480820122869
FOODS_3_252_CA_3_validation,2016-04-13,43,38.13041250180106
FOODS_3_252_CA_3_validation,2016-04-14,30,38.64049775095532
FOODS_3_252_CA_3_validation,2016-04-15,44,36.629564890602296
FOODS_3_252_CA_3_validation,2016-04-16,65,49.275752725497114
FOODS_3_252_CA_3_validation,2016-04-17,81,48.02848046542897
FOODS_3_252_CA_3_validation,2016-04-18,59,33.77738522242885
FOODS_3_252_CA_3_validation,2016-04-19,56,38.16498187363118
FOODS_3_252_CA_3_validation,2016-04-20,29,36.71802066256578
FOODS_3_252_CA_3_validation,2016-04-21,46,33.94735452023724
FOODS_3_252_CA_3_validation,2016-04-22,35,41.088813918973415
FOODS_3_252_CA_3_validation,2016-04-23,61,52.855390494904555
FOODS_3_252_CA_3_validation,2016-04-24,39,52.69052947069929
FOODS_3_252_TX_1_validation,2016-03-28,26,22.06917661808768
FOODS_3_252_TX_1_validation,2016-03-29,9,19.910593213151174
FOODS_3_252_TX_1_validation,2016-03-30,12,22.12189782810583
FOODS_3_252_TX_1_validation,2016-03-31,34,26.184698883334477
FOODS_3_252_TX_1_validation,2016-04-01,32,27.83549229869311
FOODS_3_252_TX_1_validation,2016-04-02,36,34.97147444984262
FOODS_3_252_TX_1_validation,2016-04-03,35,36.95315337970851
FOODS_3_252_TX_1_validation,2016-04-04,28,21.580036105527824
FOODS_3_252_TX_1_validation,2016-04-05,32,25.0789475282661
FOODS_3_252_TX_1_validation,2016-04-06,30,25.387883493190316
FOODS_3_252_TX_1_validation,2016-04-07,37,29.81743184142772
FOODS_3_252_TX_1_validation,2016-04-08,27,29.485494666250815
FOODS_3_252_TX_1_validation,2016-04-09,55,39.75240565829711
FOODS_3_252_TX_1_validation,2016-04-10,38,38.76092947678433
FOODS_3_252_TX_1_validation,2016-04-11,23,29.09837945119284
FOODS_3_252_TX_1_validation,2016-04-12,23,30.659346087939753
FOODS_3_252_TX_1_validation,2016-04-13,26,28.84777618366502
FOODS_3_252_TX_1_validation,2016-04-14,26,28.520772745871227
FOODS_3_252_TX_1_validation,2016-04-15,27,30.02314907806624
FOODS_3_252_TX_1_validation,2016-04-16,31,35.60798385178555
FOODS_3_252_TX_1_validation,2016-04-17,35,35.82485830358951
FOODS_3_252_TX_1_validation,2016-04-18,17,24.603714259297476
FOODS_3_252_TX_1_validation,2016-04-19,31,23.65412403017183
FOODS_3_252_TX_1_validation,2016-04-20,36,25.663752863936793
FOODS_3_252_TX_1_validation,2016-04-21,32,26.72036855434976
FOODS_3_252_TX_1_validation,2016-04-22,17,28.17661831845203
FOODS_3_252_TX_1_validation,2016-04-23,55,40.03715895350001
FOODS_3_252_TX_1_validation,2016-04-24,35,41.373325710445215
FOODS_3_252_TX_2_validation,2016-03-28,45,51.205557085551504
FOODS_3_252_TX_2_validation,2016-03-29,29,51.452728160395054
FOODS_3_252_TX_2_validation,2016-03-30,30,47.72777757111112
FOODS_3_252_TX_2_validation,2016-03-31,47,53.516441002809984
FOODS_3_252_TX_2_validation,2016-04-01,52,55.22396345076527
FOODS_3_252_TX_2_validation,2016-04-02,81,63.725402278916704
FOODS_3_252_TX_2_validation,2016-04-03,77,67.4131156263719
FOODS_3_252_TX_2_validation,2016-04-04,41,47.98344919384124
FOODS_3_252_TX_2_validation,2016-04-05,53,50.44843183316482
FOODS_3_252_TX_2_validation,2016-04-06,50,49.555709068842475
FOODS_3_252_TX_2_validation,2016-04-07,57,52.03415697005971
FOODS_3_252_TX_2_validation,2016-04-08,63,54.32123730972319
FOODS_3_252_TX_2_validation,2016-04-09,50,64.61705732918608
FOODS_3_252_TX_2_validation,2016-04-10,61,63.31866181843884
FOODS_3_252_TX_2_validation,2016-04-11,45,51.84374398636771
FOODS_3_252_TX_2_validation,2016-04-12,37,56.96404627049992
FOODS_3_252_TX_2_validation,2016-04-13,31,50.67022108354229
FOODS_3_252_TX_2_validation,2016-04-14,32,53.83973712418356
FOODS_3_252_TX_2_validation,2016-04-15,56,57.04911941575358
FOODS_3_252_TX_2_validation,2016-04-16,48,62.4236249533559
FOODS_3_252_TX_2_validation,2016-04-17,63,60.45028881619464
FOODS_3_252_TX_2_validation,2016-04-18,22,45.178609342183336
FOODS_3_252_TX_2_validation,2016-04-19,32,44.977030878468895
FOODS_3_252_TX_2_validation,2016-04-20,31,43.78694239495246
FOODS_3_252_TX_2_validation,2016-04-21,39,48.32737350223988
FOODS_3_252_TX_2_validation,2016-04-22,63,51.70909718885605
FOODS_3_252_TX_2_validation,2016-04-23,91,64.92727227004309
FOODS_3_252_TX_2_validation,2016-04-24,46,60.17278317387604
FOODS_3_252_TX_3_validation,2016-03-28,24,36.017011780007465
FOODS_3_252_TX_3_validation,2016-03-29,18,34.203147260997525
FOODS_3_252_TX_3_validation,2016-03-30,16,34.9047765465574
FOODS_3_252_TX_3_validation,2016-03-31,37,40.639304817163975
FOODS_3_252_TX_3_validation,2016-04-01,29,39.29375901472406
FOODS_3_252_TX_3_validation,2016-04-02,60,45.4728460566472
FOODS_3_252_TX_3_validation,2016-04-03,30,52.02905429989403
FOODS_3_252_TX_3_validation,2016-04-04,23,33.54239611225614
FOODS_3_252_TX_3_validation,2016-04-05,25,34.41273069392594
FOODS_3_252_TX_3_validation,2016-04-06,16,36.86931990475716
FOODS_3_252_TX_3_validation,2016-04-07,36,38.110101561757574
FOODS_3_252_TX_3_validation,2016-04-08,41,35.488404378815176
FOODS_3_252_TX_3_validation,2016-04-09,45,47.929029241990975
FOODS_3_252_TX_3_validation,2016-04-10,43,46.10768967020397
FOODS_3_252_TX_3_validation,2016-04-11,38,40.155550781350485
FOODS_3_252_TX_3_validation,2016-04-12,32,40.39528380126626
FOODS_3_252_TX_3_validation,2016-04-13,36,41.06288182643357
FOODS_3_252_TX_3_validation,2016-04-14,33,39.5419051599946
FOODS_3_252_TX_3_validation,2016-04-15,37,42.40707178884156
FOODS_3_252_TX_3_validation,2016-04-16,39,45.42209260897948
FOODS_3_252_TX_3_validation,2016-04-17,28,42.931727355036855
FOODS_3_252_TX_3_validation,2016-04-18,20,34.546014836526524
FOODS_3_252_TX_3_validation,2016-04-19,43,34.2179429565432
FOODS_3_252_TX_3_validation,2016-04-20,25,31.513456913323353
FOODS_3_252_TX_3_validation,2016-04-21,21,33.12636655828146
FOODS_3_252_TX_3_validation,2016-04-22,36,52.28068747929228
FOODS_3_252_TX_3_validation,2016-04-23,64,43.82426967156755
FOODS_3_252_TX_3_validation,2016-04-24,20,45.77817158399455
FOODS_3_252_WI_3_validation,2016-03-28,18,17.14266544001339
FOODS_3_252_WI_3_validation,2016-03-29,17,17.469002270448186
FOODS_3_252_WI_3_validation,2016-03-30,10,19.1193696039702
FOODS_3_252_WI_3_validation,2016-03-31,15,17.25568813994505
FOODS_3_252_WI_3_validation,2016-04-01,13,20.03867859911918
FOODS_3_252_WI_3_validation,2016-04-02,25,31.380050228730056
FOODS_3_252_WI_3_validation,2016-04-03,31,36.58019797225484
FOODS_3_252_WI_3_validation,2016-04-04,5,19.402897898643346
FOODS_3_252_WI_3_validation,2016-04-05,14,23.02685151430296
FOODS_3_252_WI_3_validation,2016-04-06,9,22.351736340378693
FOODS_3_252_WI_3_validation,2016-04-07,9,19.33444008571462
FOODS_3_252_WI_3_validation,2016-04-08,12,25.199282549032546
FOODS_3_252_WI_3_validation,2016-04-09,27,33.19749894447125
FOODS_3_252_WI_3_validation,2016-04-10,9,29.10650787946338
FOODS_3_252_WI_3_validation,2016-04-11,23,22.364427108226323
FOODS_3_252_WI_3_validation,2016-04-12,18,21.729055872800018
FOODS_3_252_WI_3_validation,2016-04-13,11,19.50637749597479
FOODS_3_252_WI_3_validation,2016-04-14,11,22.990622818156908
FOODS_3_252_WI_3_validation,2016-04-15,26,24.00728864820519
FOODS_3_252_WI_3_validation,2016-04-16,35,29.94002679134485
FOODS_3_252_WI_3_validation,2016-04-17,39,27.656769774160125
FOODS_3_252_WI_3_validation,2016-04-18,24,17.984488457939165
FOODS_3_252_WI_3_validation,2016-04-19,10,17.69305918927671
FOODS_3_252_WI_3_validation,2016-04-20,13,17.306699031827407
FOODS_3_252_WI_3_validation,2016-04-21,23,17.417549424712547
FOODS_3_252_WI_3_validation,2016-04-22,16,21.636479930303153
FOODS_3_252_WI_3_validation,2016-04-23,28,27.4144612597554
FOODS_3_252_WI_3_validation,2016-04-24,34,29.594527259811002
FOODS_3_281_CA_3_validation,2016-03-28,24,10.699933033646062
FOODS_3_281_CA_3_validation,2016-03-29,114,12.763616588150512
FOODS_3_281_CA_3_validation,2016-03-30,6,11.31478767088663
FOODS_3_281_CA_3_validation,2016-03-31,19,14.308838852051508
FOODS_3_281_CA_3_validation,2016-04-01,33,16.94076692752924
FOODS_3_281_CA_3_validation,2016-04-02,20,25.0367337280029
FOODS_3_281_CA_3_validation,2016-04-03,18,26.996167865246775
FOODS_3_281_CA_3_validation,2016-04-04,9,14.981765894458931
FOODS_3_281_CA_3_validation,2016-04-05,15,15.988699137596768
FOODS_3_281_CA_3_validation,2016-04-06,10,18.535540261046776
FOODS_3_281_CA_3_validation,2016-04-07,16,15.976099087866487
FOODS_3_281_CA_3_validation,2016-04-08,15,18.140699546605788
FOODS_3_281_CA_3_validation,2016-04-09,19,23.8170708385054
FOODS_3_281_CA_3_validation,2016-04-10,14,25.0362911413456
FOODS_3_281_CA_3_validation,2016-04-11,10,11.636956673719965
FOODS_3_281_CA_3_validation,2016-04-12,21,11.64062910021994
FOODS_3_281_CA_3_validation,2016-04-13,23,12.019412421144239
FOODS_3_281_CA_3_validation,2016-04-14,12,13.400235956303277
FOODS_3_281_CA_3_validation,2016-04-15,37,12.137037654055348
FOODS_3_281_CA_3_validation,2016-04-16,9,23.320821587939122
FOODS_3_281_CA_3_validation,2016-04-17,0,20.239775809831485
FOODS_3_281_CA_3_validation,2016-04-18,1,10.554952243109142
FOODS_3_281_CA_3_validation,2016-04-19,16,12.226033282633693
FOODS_3_281_CA_3_validation,2016-04-20,12,11.618752509452861
FOODS_3_281_CA_3_validation,2016-04-21,14,11.952187765415033
FOODS_3_281_CA_3_validation,2016-04-22,12,14.539656785202851
FOODS_3_281_CA_3_validation,2016-04-23,23,21.977682027526726
FOODS_3_281_CA_3_validation,2016-04-24,15,24.397141392781123
FOODS_3_282_CA_3_validation,2016-03-28,53,36.311800647362816
FOODS_3_282_CA_3_validation,2016-03-29,45,35.88361032349246
FOODS_3_282_CA_3_validation,2016-03-30,35,34.49455859335069
FOODS_3_282_CA_3_validation,2016-03-31,22,30.680843424143063
FOODS_3_282_CA_3_validation,2016-04-01,34,29.95067235980639
FOODS_3_282_CA_3_validation,2016-04-02,63,48.47228016654606
FOODS_3_282_CA_3_validation,2016-04-03,85,53.74102566945396
FOODS_3_282_CA_3_validation,2016-04-04,55,45.28748681272043
FOODS_3_282_CA_3_validation,2016-04-05,46,43.21564590547382
FOODS_3_282_CA_3_validation,2016-04-06,35,40.52925186908317
FOODS_3_282_CA_3_validation,2016-04-07,36,43.19264090325953
FOODS_3_282_CA_3_validation,2016-04-08,32,44.943387784627134
FOODS_3_282_CA_3_validation,2016-04-09,54,57.45545145842209
FOODS_3_282_CA_3_validation,2016-04-10,85,65.7334797888376
FOODS_3_282_CA_3_validation,2016-04-11,43,42.38436279800351
FOODS_3_282_CA_3_validation,2016-04-12,31,41.81475995919345
FOODS_3_282_CA_3_validation,2016-04-13,47,43.96858414277233
FOODS_3_282_CA_3_validation,2016-04-14,33,41.800454463276424
FOODS_3_282_CA_3_validation,2016-04-15,31,45.42676288960536
FOODS_3_282_CA_3_validation,2016-04-16,47,56.13369302943215
FOODS_3_282_CA_3_validation,2016-04-17,73,53.46365161077529
FOODS_3_282_CA_3_validation,2016-04-18,39,43.34162037096553
FOODS_3_282_CA_3_validation,2016-04-19,46,42.81421664544666
FOODS_3_282_CA_3_validation,2016-04-20,26,39.420271848252014
FOODS_3_282_CA_3_validation,2016-04-21,20,42.757335855605334
FOODS_3_282_CA_3_validation,2016-04-22,11,40.721625613170204
FOODS_3_282_CA_3_validation,2016-04-23,20,55.14140525565938
FOODS_3_282_CA_3_validation,2016-04-24,38,61.97970956290567
FOODS_3_288_CA_3_validation,2016-03-28,29,26.13118948158217
FOODS_3_288_CA_3_validation,2016-03-29,21,24.1506844847396
FOODS_3_288_CA_3_validation,2016-03-30,34,23.477754007604062
FOODS_3_288_CA_3_validation,2016-03-31,33,26.04389500136608
FOODS_3_288_CA_3_validation,2016-04-01,32,29.55568089909741
FOODS_3_288_CA_3_validation,2016-04-02,38,42.323094497852935
FOODS_3_288_CA_3_validation,2016-04-03,66,44.00228690311428
FOODS_3_288_CA_3_validation,2016-04-04,31,31.767629468104815
FOODS_3_288_CA_3_validation,2016-04-05,43,31.29441265716207
FOODS_3_288_CA_3_validation,2016-04-06,28,31.374434242875623
FOODS_3_288_CA_3_validation,2016-04-07,25,30.01856539680432
FOODS_3_288_CA_3_validation,2016-04-08,31,30.829797113377253
FOODS_3_288_CA_3_validation,2016-04-09,44,40.54745582003022
FOODS_3_288_CA_3_validation,2016-04-10,59,38.51598125582632
FOODS_3_288_CA_3_validation,2016-04-11,32,25.06159043784237
FOODS_3_288_CA_3_validation,2016-04-12,18,24.61723390137763
FOODS_3_288_CA_3_validation,2016-04-13,26,23.662990992580603
FOODS_3_288_CA_3_validation,2016-04-14,26,23.021539356819744
FOODS_3_288_CA_3_validation,2016-04-15,23,24.566621958155338
FOODS_3_288_CA_3_validation,2016-04-16,48,36.47452932811825
FOODS_3_288_CA_3_validation,2016-04-17,52,35.62400048410541
FOODS_3_288_CA_3_validation,2016-04-18,37,25.837635090905906
FOODS_3_288_CA_3_validation,2016-04-19,33,26.858880428256953
FOODS_3_288_CA_3_validation,2016-04-20,14,26.50359914836497
FOODS_3_288_CA_3_validation,2016-04-21,28,25.311117583635337
FOODS_3_288_CA_3_validation,2016-04-22,21,28.66060022427382
FOODS_3_288_CA_3_validation,2016-04-23,41,40.558630527722926
FOODS_3_288_CA_3_validation,2016-04-24,64,40.47769928425271
FOODS_3_318_CA_3_validation,2016-03-28,6,19.091230718076986
FOODS_3_318_CA_3_validation,2016-03-29,10,23.72072899171576
FOODS_3_318_CA_3_validation,2016-03-30,20,19.950784227410168
FOODS_3_318_CA_3_validation,2016-03-31,26,20.692311368344463
FOODS_3_318_CA_3_validation,2016-04-01,33,24.85539096023774
FOODS_3_318_CA_3_validation,2016-04-02,41,37.415865595398145
FOODS_3_318_CA_3_validation,2016-04-03,20,34.28618672200491
FOODS_3_318_CA_3_validation,2016-04-04,30,22.955242162248055
FOODS_3_318_CA_3_validation,2016-04-05,13,22.083433030222295
FOODS_3_318_CA_3_validation,2016-04-06,24,23.39147198833018
FOODS_3_318_CA_3_validation,2016-04-07,25,24.089254115635185
FOODS_3_318_CA_3_validation,2016-04-08,11,23.228333781753463
FOODS_3_318_CA_3_validation,2016-04-09,31,31.02648943098859
FOODS_3_318_CA_3_validation,2016-04-10,26,30.89498946481592
FOODS_3_318_CA_3_validation,2016-04-11,23,19.25293778862249
FOODS_3_318_CA_3_validation,2016-04-12,12,20.52899339117755
FOODS_3_318_CA_3_validation,2016-04-13,32,19.347563835940946
FOODS_3_318_CA_3_validation,2016-04-14,32,17.94075034942182
FOODS_3_318_CA_3_validation,2016-04-15,13,20.850091962518604
FOODS_3_318_CA_3_validation,2016-04-16,18,32.80490264368132
FOODS_3_318_CA_3_validation,2016-04-17,0,30.394285023295538
FOODS_3_318_CA_3_validation,2016-04-18,37,19.356760993600915
FOODS_3_318_CA_3_validation,2016-04-19,23,18.741209653706164
FOODS_3_318_CA_3_validation,2016-04-20,16,17.7807652694504
FOODS_3_318_CA_3_validation,2016-04-21,23,23.239039771206194
FOODS_3_318_CA_3_validation,2016-04-22,25,22.93756719911562
FOODS_3_318_CA_3_validation,2016-04-23,29,35.50697959183162
FOODS_3_318_CA_3_validation,2016-04-24,28,35.995121777874374
FOODS_3_318_WI_3_validation,2016-03-28,25,16.476449453435407
FOODS_3_318_WI_3_validation,2016-03-29,11,16.35859318642906
FOODS_3_318_WI_3_validation,2016-03-30,5,19.340915345526355
FOODS_3_318_WI_3_validation,2016-03-31,14,20.449194269554482
FOODS_3_318_WI_3_validation,2016-04-01,28,19.29904823196466
FOODS_3_318_WI_3_validation,2016-04-02,25,35.24556971529978
FOODS_3_318_WI_3_validation,2016-04-03,38,33.6080587396342
FOODS_3_318_WI_3_validation,2016-04-04,22,17.0818550549958
FOODS_3_318_WI_3_validation,2016-04-05,22,23.671219070769325
FOODS_3_318_WI_3_validation,2016-04-06,16,22.33341428349638
FOODS_3_318_WI_3_validation,2016-04-07,24,17.20712357694299
FOODS_3_318_WI_3_validation,2016-04-08,14,24.12299346178395
FOODS_3_318_WI_3_validation,2016-04-09,23,33.63778380044846
FOODS_3_318_WI_3_validation,2016-04-10,26,29.97412888563099
FOODS_3_318_WI_3_validation,2016-04-11,35,20.2591365236093
FOODS_3_318_WI_3_validation,2016-04-12,22,26.65889525947648
FOODS_3_318_WI_3_validation,2016-04-13,23,20.291376974673767
FOODS_3_318_WI_3_validation,2016-04-14,18,24.217252092835224
FOODS_3_318_WI_3_validation,2016-04-15,25,24.157790176911703
FOODS_3_318_WI_3_validation,2016-04-16,48,32.32957676489707
FOODS_3_318_WI_3_validation,2016-04-17,28,30.265591717764778
FOODS_3_318_WI_3_validation,2016-04-18,18,18.77370318945782
FOODS_3_318_WI_3_validation,2016-04-19,14,17.98117459356274
FOODS_3_318_WI_3_validation,2016-04-20,10,16.932439997473466
FOODS_3_318_WI_3_validation,2016-04-21,14,15.346828101278561
FOODS_3_318_WI_3_validation,2016-04-22,33,19.217494989602528
FOODS_3_318_WI_3_validation,2016-04-23,52,26.58454878047246
FOODS_3_318_WI_3_validation,2016-04-24,14,32.20367929628435
FOODS_3_319_CA_3_validation,2016-03-28,37,15.25539307919803
FOODS_3_319_CA_3_validation,2016-03-29,19,14.355405580294928
FOODS_3_319_CA_3_validation,2016-03-30,15,16.16359370919247
FOODS_3_319_CA_3_validation,2016-03-31,0,16.742162241476535
FOODS_3_319_CA_3_validation,2016-04-01,0,18.99912390762006
FOODS_3_319_CA_3_validation,2016-04-02,0,26.73130426812577
FOODS_3_319_CA_3_validation,2016-04-03,0,28.784102892394003
FOODS_3_319_CA_3_validation,2016-04-04,0,20.580275279647594
FOODS_3_319_CA_3_validation,2016-04-05,0,17.157910247427935
FOODS_3_319_CA_3_validation,2016-04-06,2,18.803113085826567
FOODS_3_319_CA_3_validation,2016-04-07,0,18.951600299089932
FOODS_3_319_CA_3_validation,2016-04-08,0,18.478348286397136
FOODS_3_319_CA_3_validation,2016-04-09,0,28.752236096639308
FOODS_3_319_CA_3_validation,2016-04-10,0,28.168660626863243
FOODS_3_319_CA_3_validation,2016-04-11,0,15.341688393990921
FOODS_3_319_CA_3_validation,2016-04-12,0,15.268613693438283
FOODS_3_319_CA_3_validation,2016-04-13,0,15.291426131443473
FOODS_3_319_CA_3_validation,2016-04-14,0,16.80638847232956
FOODS_3_319_CA_3_validation,2016-04-15,0,14.37423499552608
FOODS_3_319_CA_3_validation,2016-04-16,0,26.22638875715768
FOODS_3_319_CA_3_validation,2016-04-17,0,23.639563961487283
FOODS_3_319_CA_3_validation,2016-04-18,0,13.8730117096718
FOODS_3_319_CA_3_validation,2016-04-19,0,15.502031399272141
FOODS_3_319_CA_3_validation,2016-04-20,0,13.607150605120637
FOODS_3_319_CA_3_validation,2016-04-21,0,15.419368349497859
FOODS_3_319_CA_3_validation,2016-04-22,0,14.488032858105157
FOODS_3_319_CA_3_validation,2016-04-23,0,23.970244259442097
FOODS_3_319_CA_3_validation,2016-04-24,0,23.241685730864674
FOODS_3_376_WI_2_validation,2016-03-28,18,25.97160959758105
FOODS_3_376_WI_2_validation,2016-03-29,23,22.720183564387753
FOODS_3_376_WI_2_validation,2016-03-30,17,22.078835233433665
FOODS_3_376_WI_2_validation,2016-03-31,39,22.14883551006335
FOODS_3_376_WI_2_validation,2016-04-01,38,22.745434546381944
FOODS_3_376_WI_2_validation,2016-04-02,42,34.37458685511797
FOODS_3_376_WI_2_validation,2016-04-03,56,35.3186477478705
FOODS_3_376_WI_2_validation,2016-04-04,22,17.9108210393606
FOODS_3_376_WI_2_validation,2016-04-05,28,24.117574242860428
FOODS_3_376_WI_2_validation,2016-04-06,49,32.129335511610975
FOODS_3_376_WI_2_validation,2016-04-07,38,25.96646067343579
FOODS_3_376_WI_2_validation,2016-04-08,44,28.685460468233714
FOODS_3_376_WI_2_validation,2016-04-09,75,34.1600356274879
FOODS_3_376_WI_2_validation,2016-04-10,36,34.50976819231107
FOODS_3_376_WI_2_validation,2016-04-11,61,31.013021381972862
FOODS_3_376_WI_2_validation,2016-04-12,38,31.234914312819683
FOODS_3_376_WI_2_validation,2016-04-13,36,24.341260718006765
FOODS_3_376_WI_2_validation,2016-04-14,74,30.83787550468969
FOODS_3_376_WI_2_validation,2016-04-15,71,26.50404233200436
FOODS_3_376_WI_2_validation,2016-04-16,46,30.70225454799447
FOODS_3_376_WI_2_validation,2016-04-17,69,32.112874470319866
FOODS_3_376_WI_2_validation,2016-04-18,5,18.51773887144816
FOODS_3_376_WI_2_validation,2016-04-19,7,15.730582498741228
FOODS_3_376_WI_2_validation,2016-04-20,24,16.801764983777616
FOODS_3_376_WI_2_validation,2016-04-21,30,16.419704409492397
FOODS_3_376_WI_2_validation,2016-04-22,26,15.932598706463978
FOODS_3_376_WI_2_validation,2016-04-23,69,23.152128022786087
FOODS_3_376_WI_2_validation,2016-04-24,70,30.47574538252468
FOODS_3_377_TX_2_validation,2016-03-28,24,27.22243164997508
FOODS_3_377_TX_2_validation,2016-03-29,22,30.51614270032985
FOODS_3_377_TX_2_validation,2016-03-30,19,28.0395005165733
FOODS_3_377_TX_2_validation,2016-03-31,16,31.501946440922552
FOODS_3_377_TX_2_validation,2016-04-01,32,32.62679744242723
FOODS_3_377_TX_2_validation,2016-04-02,34,37.92001091295958
FOODS_3_377_TX_2_validation,2016-04-03,27,41.591022786663984
FOODS_3_377_TX_2_validation,2016-04-04,30,27.81379140713375
FOODS_3_377_TX_2_validation,2016-04-05,31,31.69292828672235
FOODS_3_377_TX_2_validation,2016-04-06,13,32.73570521719
FOODS_3_377_TX_2_validation,2016-04-07,27,31.01483777300541
FOODS_3_377_TX_2_validation,2016-04-08,32,27.05560782146972
FOODS_3_377_TX_2_validation,2016-04-09,26,39.927765762098375
FOODS_3_377_TX_2_validation,2016-04-10,30,36.65815125157735
FOODS_3_377_TX_2_validation,2016-04-11,22,29.79564262044687
FOODS_3_377_TX_2_validation,2016-04-12,27,29.344474294393308
FOODS_3_377_TX_2_validation,2016-04-13,21,28.443880601637716
FOODS_3_377_TX_2_validation,2016-04-14,22,26.03826314296657
FOODS_3_377_TX_2_validation,2016-04-15,39,32.47454646681808
FOODS_3_377_TX_2_validation,2016-04-16,36,34.2872915970662
FOODS_3_377_TX_2_validation,2016-04-17,32,36.06726923506551
FOODS_3_377_TX_2_validation,2016-04-18,18,25.13313632864981
FOODS_3_377_TX_2_validation,2016-04-19,25,23.59793982895053
FOODS_3_377_TX_2_validation,2016-04-20,28,25.71652444893357
FOODS_3_377_TX_2_validation,2016-04-21,22,25.03352824746696
FOODS_3_377_TX_2_validation,2016-04-22,28,28.5816613069062
FOODS_3_377_TX_2_validation,2016-04-23,39,33.971720342829144
FOODS_3_377_TX_2_validation,2016-04-24,28,33.96816906027368
FOODS_3_377_TX_3_validation,2016-03-28,41,28.43328778682337
FOODS_3_377_TX_3_validation,2016-03-29,27,31.097408522728074
FOODS_3_377_TX_3_validation,2016-03-30,28,32.4297002873102
FOODS_3_377_TX_3_validation,2016-03-31,38,36.12425608285537
FOODS_3_377_TX_3_validation,2016-04-01,56,38.11291248985526
FOODS_3_377_TX_3_validation,2016-04-02,44,42.518921948297475
FOODS_3_377_TX_3_validation,2016-04-03,39,47.96288473787047
FOODS_3_377_TX_3_validation,2016-04-04,44,34.35187121598676
FOODS_3_377_TX_3_validation,2016-04-05,43,35.10344465473736
FOODS_3_377_TX_3_validation,2016-04-06,33,35.13527172223132
FOODS_3_377_TX_3_validation,2016-04-07,39,36.17198264681167
FOODS_3_377_TX_3_validation,2016-04-08,44,33.656007517516514
FOODS_3_377_TX_3_validation,2016-04-09,57,47.465040344580416
FOODS_3_377_TX_3_validation,2016-04-10,40,42.35640470352962
FOODS_3_377_TX_3_validation,2016-04-11,38,36.573286923923774
FOODS_3_377_TX_3_validation,2016-04-12,56,37.92516028511545
FOODS_3_377_TX_3_validation,2016-04-13,41,39.24894160040651
FOODS_3_377_TX_3_validation,2016-04-14,42,35.58152874091263
FOODS_3_377_TX_3_validation,2016-04-15,42,39.30620287478621
FOODS_3_377_TX_3_validation,2016-04-16,45,43.69598142637085
FOODS_3_377_TX_3_validation,2016-04-17,41,44.95493554397524
FOODS_3_377_TX_3_validation,2016-04-18,23,32.297825021999984
FOODS_3_377_TX_3_validation,2016-04-19,43,32.153985900239036
FOODS_3_377_TX_3_validation,2016-04-20,39,34.40493118547124
FOODS_3_377_TX_3_validation,2016-04-21,42,34.39345708458154
FOODS_3_377_TX_3_validation,2016-04-22,52,38.66794761654876
FOODS_3_377_TX_3_validation,2016-04-23,48,46.652921402318725
FOODS_3_377_TX_3_validation,2016-04-24,50,42.85059893399159
FOODS_3_412_WI_2_validation,2016-03-28,0,20.940512192341316
FOODS_3_412_WI_2_validation,2016-03-29,0,18.2778602842601
FOODS_3_412_WI_2_validation,2016-03-30,1,28.185583496881122
FOODS_3_412_WI_2_validation,2016-03-31,0,18.93464669786397
FOODS_3_412_WI_2_validation,2016-04-01,0,15.45438604848232
FOODS_3_412_WI_2_validation,2016-04-02,0,31.406294147210588
FOODS_3_412_WI_2_validation,2016-04-03,0,25.025888269548204
FOODS_3_412_WI_2_validation,2016-04-04,0,11.689285932408438
FOODS_3_412_WI_2_validation,2016-04-05,0,14.963683370454874
FOODS_3_412_WI_2_validation,2016-04-06,0,13.691639967593687
FOODS_3_412_WI_2_validation,2016-04-07,0,9.829231347935092
FOODS_3_412_WI_2_validation,2016-04-08,2,30.581943540417228
FOODS_3_412_WI_2_validation,2016-04-09,0,29.092551174221626
FOODS_3_412_WI_2_validation,2016-04-10,83,25.34555484903194
FOODS_3_412_WI_2_validation,2016-04-11,90,24.325462508032842
FOODS_3_412_WI_2_validation,2016-04-12,4,15.295718689412297
FOODS_3_412_WI_2_validation,2016-04-13,0,11.694094904026201
FOODS_3_412_WI_2_validation,2016-04-14,0,14.7523808006423
FOODS_3_412_WI_2_validation,2016-04-15,0,13.799612561620847
FOODS_3_412_WI_2_validation,2016-04-16,0,16.663270661760862
FOODS_3_412_WI_2_validation,2016-04-17,85,44.72099867406905
FOODS_3_412_WI_2_validation,2016-04-18,25,16.217983169347008
FOODS_3_412_WI_2_validation,2016-04-19,21,16.925675811317774
FOODS_3_412_WI_2_validation,2016-04-20,12,13.78559357808183
FOODS_3_412_WI_2_validation,2016-04-21,0,12.824756219084179
FOODS_3_412_WI_2_validation,2016-04-22,9,13.927602490938511
FOODS_3_412_WI_2_validation,2016-04-23,27,20.834118107373115
FOODS_3_412_WI_2_validation,2016-04-24,35,19.282570264302535
FOODS_3_462_WI_2_validation,2016-03-28,41,18.03584350725623
FOODS_3_462_WI_2_validation,2016-03-29,26,18.956692332036937
FOODS_3_462_WI_2_validation,2016-03-30,17,18.21281911912024
FOODS_3_462_WI_2_validation,2016-03-31,21,18.812808290293788
FOODS_3_462_WI_2_validation,2016-04-01,29,18.570502179783375
FOODS_3_462_WI_2_validation,2016-04-02,37,33.71324530429729
FOODS_3_462_WI_2_validation,2016-04-03,51,32.50278149221015
FOODS_3_462_WI_2_validation,2016-04-04,20,15.668412771300837
FOODS_3_462_WI_2_validation,2016-04-05,11,20.427776300796154
FOODS_3_462_WI_2_validation,2016-04-06,27,28.349352550158642
FOODS_3_462_WI_2_validation,2016-04-07,35,25.65009560276485
FOODS_3_462_WI_2_validation,2016-04-08,40,24.93658844520826
FOODS_3_462_WI_2_validation,2016-04-09,65,34.62893020472791
FOODS_3_462_WI_2_validation,2016-04-10,39,27.612669788767334
FOODS_3_462_WI_2_validation,2016-04-11,48,23.071360949103223
FOODS_3_462_WI_2_validation,2016-04-12,19,28.75934626193566
FOODS_3_462_WI_2_validation,2016-04-13,26,18.96324520781991
FOODS_3_462_WI_2_validation,2016-04-14,33,25.164696751153997
FOODS_3_462_WI_2_validation,2016-04-15,22,25.361333826149234
FOODS_3_462_WI_2_validation,2016-04-16,42,26.289577024721893
FOODS_3_462_WI_2_validation,2016-04-17,29,30.966669709223765
FOODS_3_462_WI_2_validation,2016-04-18,4,21.09513087786172
FOODS_3_462_WI_2_validation,2016-04-19,17,18.29184556375344
FOODS_3_462_WI_2_validation,2016-04-20,7,18.756901163564294
FOODS_3_462_WI_2_validation,2016-04-21,5,18.517050062789394
FOODS_3_462_WI_2_validation,2016-04-22,14,15.776712117807506
FOODS_3_462_WI_2_validation,2016-04-23,49,31.35799790806186
FOODS_3_462_WI_2_validation,2016-04-24,45,30.45289399391345
FOODS_3_501_CA_3_validation,2016-03-28,11,18.457660696619996
FOODS_3_501_CA_3_validation,2016-03-29,13,15.010317416618818
FOODS_3_501_CA_3_validation,2016-03-30,34,15.474979931964413
FOODS_3_501_CA_3_validation,2016-03-31,15,15.170299293310222
FOODS_3_501_CA_3_validation,2016-04-01,10,19.391305061440903
FOODS_3_501_CA_3_validation,2016-04-02,9,25.708292116259145
FOODS_3_501_CA_3_validation,2016-04-03,37,27.746326866144955
FOODS_3_501_CA_3_validation,2016-04-04,12,18.489106349076337
FOODS_3_501_CA_3_validation,2016-04-05,23,18.492442974917026
FOODS_3_501_CA_3_validation,2016-04-06,17,20.595572727429044
FOODS_3_501_CA_3_validation,2016-04-07,28,20.20778781768206
FOODS_3_501_CA_3_validation,2016-04-08,17,18.57305372042663
FOODS_3_501_CA_3_validation,2016-04-09,13,28.019747953276237
FOODS_3_501_CA_3_validation,2016-04-10,18,28.581719021051526
FOODS_3_501_CA_3_validation,2016-04-11,26,15.058738126091612
FOODS_3_501_CA_3_validation,2016-04-12,13,16.26143971950296
FOODS_3_501_CA_3_validation,2016-04-13,13,15.326702188468175
FOODS_3_501_CA_3_validation,2016-04-14,14,16.440308363732697
FOODS_3_501_CA_3_validation,2016-04-15,8,16.289405830842497
FOODS_3_501_CA_3_validation,2016-04-16,17,24.27231799514209
FOODS_3_501_CA_3_validation,2016-04-17,20,28.17352300035634
FOODS_3_501_CA_3_validation,2016-04-18,17,16.46722346694969
FOODS_3_501_CA_3_validation,2016-04-19,21,15.684876108601543
FOODS_3_501_CA_3_validation,2016-04-20,8,15.882270811278659
FOODS_3_501_CA_3_validation,2016-04-21,12,15.099629515331344
FOODS_3_501_CA_3_validation,2016-04-22,8,17.24258866001537
FOODS_3_501_CA_3_validation,2016-04-23,16,25.52343619488647
FOODS_3_501_CA_3_validation,2016-04-24,23,24.309591167026838
FOODS_3_541_CA_3_validation,2016-03-28,23,21.430594533158796
FOODS_3_541_CA_3_validation,2016-03-29,21,24.74955393910659
FOODS_3_541_CA_3_validation,2016-03-30,17,23.299089840887063
FOODS_3_541_CA_3_validation,2016-03-31,0,25.74093676319137
FOODS_3_541_CA_3_validation,2016-04-01,0,28.60013225796024
FOODS_3_541_CA_3_validation,2016-04-02,0,32.48403804921861
FOODS_3_541_CA_3_validation,2016-04-03,0,36.83280513886291
FOODS_3_541_CA_3_validation,2016-04-04,0,21.809353178519586
FOODS_3_541_CA_3_validation,2016-04-05,0,21.282915195823875
FOODS_3_541_CA_3_validation,2016-04-06,0,23.86750759727329
FOODS_3_541_CA_3_validation,2016-04-07,0,26.35586278448727
FOODS_3_541_CA_3_validation,2016-04-08,0,21.99597655622597
FOODS_3_541_CA_3_validation,2016-04-09,0,28.41348297514446
FOODS_3_541_CA_3_validation,2016-04-10,0,30.695201742771133
FOODS_3_541_CA_3_validation,2016-04-11,0,18.78394982266957
FOODS_3_541_CA_3_validation,2016-04-12,0,19.422748512467365
FOODS_3_541_CA_3_validation,2016-04-13,0,16.056311306233397
FOODS_3_541_CA_3_validation,2016-04-14,0,20.797175119348594
FOODS_3_541_CA_3_validation,2016-04-15,0,18.831394682343443
FOODS_3_541_CA_3_validation,2016-04-16,0,27.609033516837826
FOODS_3_541_CA_3_validation,2016-04-17,0,30.26895822043025
FOODS_3_541_CA_3_validation,2016-04-18,0,19.009459873903097
FOODS_3_541_CA_3_validation,2016-04-19,0,17.800145949457715
FOODS_3_541_CA_3_validation,2016-04-20,0,18.95712714547153
FOODS_3_541_CA_3_validation,2016-04-21,0,21.945741456900237
FOODS_3_541_CA_3_validation,2016-04-22,0,21.07352095446572
FOODS_3_541_CA_3_validation,2016-04-23,0,27.413463017618596
FOODS_3_541_CA_3_validation,2016-04-24,0,31.808926846964937
FOODS_3_547_WI_2_validation,2016-03-28,4,13.396514106333939
FOODS_3_547_WI_2_validation,2016-03-29,1,18.647439939212063
FOODS_3_547_WI_2_validation,2016-03-30,0,25.42240658598371
FOODS_3_547_WI_2_validation,2016-03-31,1,21.894605251280495
FOODS_3_547_WI_2_validation,2016-04-01,0,14.445136867278734
FOODS_3_547_WI_2_validation,2016-04-02,89,29.757714130756995
FOODS_3_547_WI_2_validation,2016-04-03,66,26.729438161878875
FOODS_3_547_WI_2_validation,2016-04-04,1,12.664459886310965
FOODS_3_547_WI_2_validation,2016-04-05,0,28.980026921643685
FOODS_3_547_WI_2_validation,2016-04-06,0,26.27862582528178
FOODS_3_547_WI_2_validation,2016-04-07,0,16.913472685070246
FOODS_3_547_WI_2_validation,2016-04-08,1,25.708006235168796
FOODS_3_547_WI_2_validation,2016-04-09,3,32.37389573820417
FOODS_3_547_WI_2_validation,2016-04-10,1,32.72927872462731
FOODS_3_547_WI_2_validation,2016-04-11,0,32.09911571701059
FOODS_3_547_WI_2_validation,2016-04-12,0,31.36438000679209
FOODS_3_547_WI_2_validation,2016-04-13,1,16.529514956981075
FOODS_3_547_WI_2_validation,2016-04-14,0,19.691865034271927
FOODS_3_547_WI_2_validation,2016-04-15,0,19.252300769181602
FOODS_3_547_WI_2_validation,2016-04-16,0,22.0542633921508
FOODS_3_547_WI_2_validation,2016-04-17,0,21.5612905258987
FOODS_3_547_WI_2_validation,2016-04-18,24,20.315102747804758
FOODS_3_547_WI_2_validation,2016-04-19,31,18.008992373275078
FOODS_3_547_WI_2_validation,2016-04-20,18,18.372849939165008
FOODS_3_547_WI_2_validation,2016-04-21,17,19.002585793549883
FOODS_3_547_WI_2_validation,2016-04-22,21,14.857033642952615
FOODS_3_547_WI_2_validation,2016-04-23,18,23.302515314003813
FOODS_3_547_WI_2_validation,2016-04-24,22,26.88520843566323
FOODS_3_555_CA_1_validation,2016-03-28,19,13.771076294480054
FOODS_3_555_CA_1_validation,2016-03-29,19,14.962231641460221
FOODS_3_555_CA_1_validation,2016-03-30,16,14.727541366317155
FOODS_3_555_CA_1_validation,2016-03-31,12,16.030085479678633
FOODS_3_555_CA_1_validation,2016-04-01,19,20.987036800064743
FOODS_3_555_CA_1_validation,2016-04-02,30,28.749073248937975
FOODS_3_555_CA_1_validation,2016-04-03,30,31.697638609888486
FOODS_3_555_CA_1_validation,2016-04-04,16,18.595127156357535
FOODS_3_555_CA_1_validation,2016-04-05,21,19.2535425074675
FOODS_3_555_CA_1_validation,2016-04-06,17,19.098896228188437
FOODS_3_555_CA_1_validation,2016-04-07,13,20.9399121084291
FOODS_3_555_CA_1_validation,2016-04-08,14,19.667933024960917
FOODS_3_555_CA_1_validation,2016-04-09,33,31.187679193826966
FOODS_3_555_CA_1_validation,2016-04-10,26,29.012520090389557
FOODS_3_555_CA_1_validation,2016-04-11,18,16.45928546154721
FOODS_3_555_CA_1_validation,2016-04-12,14,14.090877905284287
FOODS_3_555_CA_1_validation,2016-04-13,15,16.12893249517174
FOODS_3_555_CA_1_validation,2016-04-14,12,16.092754628061243
FOODS_3_555_CA_1_validation,2016-04-15,10,16.922560579091055
FOODS_3_555_CA_1_validation,2016-04-16,32,24.797604285551415
FOODS_3_555_CA_1_validation,2016-04-17,26,25.637023729955104
FOODS_3_555_CA_1_validation,2016-04-18,13,13.909721922429526
FOODS_3_555_CA_1_validation,2016-04-19,21,16.605973751764964
FOODS_3_555_CA_1_validation,2016-04-20,15,16.365612397097266
FOODS_3_555_CA_1_validation,2016-04-21,14,17.235030109630543
FOODS_3_555_CA_1_validation,2016-04-22,14,18.80644143802317
FOODS_3_555_CA_1_validation,2016-04-23,23,26.575248737554602
FOODS_3_555_CA_1_validation,2016-04-24,24,26.13143055194473
FOODS_3_555_CA_3_validation,2016-03-28,24,25.71023521485813
FOODS_3_555_CA_3_validation,2016-03-29,9,27.183241707122647
FOODS_3_555_CA_3_validation,2016-03-30,23,27.56586185798801
FOODS_3_555_CA_3_validation,2016-03-31,25,28.738603461242974
FOODS_3_555_CA_3_validation,2016-04-01,35,31.217368972326994
FOODS_3_555_CA_3_validation,2016-04-02,44,42.81088261552566
FOODS_3_555_CA_3_validation,2016-04-03,33,39.820835982382164
FOODS_3_555_CA_3_validation,2016-04-04,25,28.92048955242558
FOODS_3_555_CA_3_validation,2016-04-05,28,29.847580317987763
FOODS_3_555_CA_3_validation,2016-04-06,35,30.43460726010335
FOODS_3_555_CA_3_validation,2016-04-07,35,29.51467349191853
FOODS_3_555_CA_3_validation,2016-04-08,32,30.258935269522226
FOODS_3_555_CA_3_validation,2016-04-09,38,38.43161954984919
FOODS_3_555_CA_3_validation,2016-04-10,40,38.96028606348921
FOODS_3_555_CA_3_validation,2016-04-11,41,26.182097046315903
FOODS_3_555_CA_3_validation,2016-04-12,23,24.668824320943827
FOODS_3_555_CA_3_validation,2016-04-13,20,26.66441989574821
FOODS_3_555_CA_3_validation,2016-04-14,14,26.177048583692
FOODS_3_555_CA_3_validation,2016-04-15,31,26.411251850215876
FOODS_3_555_CA_3_validation,2016-04-16,46,36.899495838579355
FOODS_3_555_CA_3_validation,2016-04-17,49,35.90858215342996
FOODS_3_555_CA_3_validation,2016-04-18,31,24.789073918873328
FOODS_3_555_CA_3_validation,2016-04-19,31,27.218567327518826
FOODS_3_555_CA_3_validation,2016-04-20,27,25.79021598364659
FOODS_3_555_CA_3_validation,2016-04-21,26,26.381053539676827
FOODS_3_555_CA_3_validation,2016-04-22,30,31.946800067854383
FOODS_3_555_CA_3_validation,2016-04-23,33,36.72296222797377
FOODS_3_555_CA_3_validation,2016-04-24,36,39.4924120491155
FOODS_3_555_TX_1_validation,2016-03-28,23,19.266514911879312
FOODS_3_555_TX_1_validation,2016-03-29,13,17.35201108077763
FOODS_3_555_TX_1_validation,2016-03-30,15,18.05865133740747
FOODS_3_555_TX_1_validation,2016-03-31,35,22.52823552603013
FOODS_3_555_TX_1_validation,2016-04-01,28,24.200824226524674
FOODS_3_555_TX_1_validation,2016-04-02,44,28.183988707756498
FOODS_3_555_TX_1_validation,2016-04-03,32,33.3988118451349
FOODS_3_555_TX_1_validation,2016-04-04,23,20.362114075082786
FOODS_3_555_TX_1_validation,2016-04-05,31,24.616253629591142
FOODS_3_555_TX_1_validation,2016-04-06,30,23.12403384664958
FOODS_3_555_TX_1_validation,2016-04-07,37,25.059758679923107
FOODS_3_555_TX_1_validation,2016-04-08,38,22.26832990088849
FOODS_3_555_TX_1_validation,2016-04-09,34,36.02976080466817
FOODS_3_555_TX_1_validation,2016-04-10,34,32.53057197832254
FOODS_3_555_TX_1_validation,2016-04-11,19,25.672814819413247
FOODS_3_555_TX_1_validation,2016-04-12,26,24.375101915483697
FOODS_3_555_TX_1_validation,2016-04-13,21,23.510174792847693
FOODS_3_555_TX_1_validation,2016-04-14,25,23.09121110428555
FOODS_3_555_TX_1_validation,2016-04-15,30,26.864545926399387
FOODS_3_555_TX_1_validation,2016-04-16,19,28.76582376466456
FOODS_3_555_TX_1_validation,2016-04-17,32,31.138049338122414
FOODS_3_555_TX_1_validation,2016-04-18,32,19.29162923179115
FOODS_3_555_TX_1_validation,2016-04-19,35,18.98371608339562
FOODS_3_555_TX_1_validation,2016-04-20,26,23.812478250560048
FOODS_3_555_TX_1_validation,2016-04-21,26,23.646683690184204
FOODS_3_555_TX_1_validation,2016-04-22,30,24.417331221764243
FOODS_3_555_TX_1_validation,2016-04-23,38,31.085517373967605
FOODS_3_555_TX_1_validation,2016-04-24,28,34.38791514933462
FOODS_3_555_TX_2_validation,2016-03-28,29,41.4619205654476
FOODS_3_555_TX_2_validation,2016-03-29,33,40.05810563847763
FOODS_3_555_TX_2_validation,2016-03-30,33,39.21940346071926
FOODS_3_555_TX_2_validation,2016-03-31,47,39.725257919452815
FOODS_3_555_TX_2_validation,2016-04-01,51,46.350968103413834
FOODS_3_555_TX_2_validation,2016-04-02,70,52.04972420933552
FOODS_3_555_TX_2_validation,2016-04-03,49,54.9028328204804
FOODS_3_555_TX_2_validation,2016-04-04,44,40.10181248756385
FOODS_3_555_TX_2_validation,2016-04-05,31,41.080785399972
FOODS_3_555_TX_2_validation,2016-04-06,33,42.9051142128078
FOODS_3_555_TX_2_validation,2016-04-07,48,42.93665250401648
FOODS_3_555_TX_2_validation,2016-04-08,54,41.150799186316476
FOODS_3_555_TX_2_validation,2016-04-09,57,55.261282093380146
FOODS_3_555_TX_2_validation,2016-04-10,57,53.90462510934083
FOODS_3_555_TX_2_validation,2016-04-11,35,43.80892700575487
FOODS_3_555_TX_2_validation,2016-04-12,32,43.283183598920004
FOODS_3_555_TX_2_validation,2016-04-13,23,42.455421077276014
FOODS_3_555_TX_2_validation,2016-04-14,41,39.21730213652222
FOODS_3_555_TX_2_validation,2016-04-15,39,50.327492792602015
FOODS_3_555_TX_2_validation,2016-04-16,57,49.7533159166602
FOODS_3_555_TX_2_validation,2016-04-17,54,49.19578745235708
FOODS_3_555_TX_2_validation,2016-04-18,35,37.70926684598135
FOODS_3_555_TX_2_validation,2016-04-19,28,36.74089214782009
FOODS_3_555_TX_2_validation,2016-04-20,33,38.679410002658756
FOODS_3_555_TX_2_validation,2016-04-21,34,39.339572238770984
FOODS_3_555_TX_2_validation,2016-04-22,41,42.527236716737434
FOODS_3_555_TX_2_validation,2016-04-23,48,54.80443979958841
FOODS_3_555_TX_2_validation,2016-04-24,39,54.562668284465985
FOODS_3_555_TX_3_validation,2016-03-28,24,22.654176773571862
FOODS_3_555_TX_3_validation,2016-03-29,24,21.885952571773714
FOODS_3_555_TX_3_validation,2016-03-30,17,26.52687383427042
FOODS_3_555_TX_3_validation,2016-03-31,27,27.774669644058918
FOODS_3_555_TX_3_validation,2016-04-01,23,32.75714048054829
FOODS_3_555_TX_3_validation,2016-04-02,33,34.19731050307132
FOODS_3_555_TX_3_validation,2016-04-03,40,34.280964139304615
FOODS_3_555_TX_3_validation,2016-04-04,30,22.2843067955406
FOODS_3_555_TX_3_validation,2016-04-05,27,24.43888719296217
FOODS_3_555_TX_3_validation,2016-04-06,24,26.72330554785924
FOODS_3_555_TX_3_validation,2016-04-07,26,29.10881822411727
FOODS_3_555_TX_3_validation,2016-04-08,35,23.74109776415753
FOODS_3_555_TX_3_validation,2016-04-09,37,37.52899874962361
FOODS_3_555_TX_3_validation,2016-04-10,38,34.82622832347772
FOODS_3_555_TX_3_validation,2016-04-11,23,27.09915759439059
FOODS_3_555_TX_3_validation,2016-04-12,23,27.358229950236478
FOODS_3_555_TX_3_validation,2016-04-13,18,29.77564822037857
FOODS_3_555_TX_3_validation,2016-04-14,30,21.267741637693234
FOODS_3_555_TX_3_validation,2016-04-15,30,27.90293693857359
FOODS_3_555_TX_3_validation,2016-04-16,27,31.48673346894759
FOODS_3_555_TX_3_validation,2016-04-17,29,27.753115365047734
FOODS_3_555_TX_3_validation,2016-04-18,4,19.8923110068406
FOODS_3_555_TX_3_validation,2016-04-19,28,20.67229490354839
FOODS_3_555_TX_3_validation,2016-04-20,29,20.352196969240367
FOODS_3_555_TX_3_validation,2016-04-21,28,22.24105742888662
FOODS_3_555_TX_3_validation,2016-04-22,40,26.46093305940883
FOODS_3_555_TX_3_validation,2016-04-23,50,33.86743713391638
FOODS_3_555_TX_3_validation,2016-04-24,17,36.961659782897755
FOODS_3_555_WI_3_validation,2016-03-28,22,20.950512598085652
FOODS_3_555_WI_3_validation,2016-03-29,24,22.33919011227772
FOODS_3_555_WI_3_validation,2016-03-30,22,22.080569179449526
FOODS_3_555_WI_3_validation,2016-03-31,13,22.664539860435752
FOODS_3_555_WI_3_validation,2016-04-01,20,22.796389097545557
FOODS_3_555_WI_3_validation,2016-04-02,47,34.91312931994901
FOODS_3_555_WI_3_validation,2016-04-03,51,33.99147215038886
FOODS_3_555_WI_3_validation,2016-04-04,18,25.018237309839606
FOODS_3_555_WI_3_validation,2016-04-05,15,25.97009810327563
FOODS_3_555_WI_3_validation,2016-04-06,20,23.56855429623681
FOODS_3_555_WI_3_validation,2016-04-07,26,23.29898533505741
FOODS_3_555_WI_3_validation,2016-04-08,18,26.00401013046826
FOODS_3_555_WI_3_validation,2016-04-09,41,34.737957111016954
FOODS_3_555_WI_3_validation,2016-04-10,28,33.13159491555234
FOODS_3_555_WI_3_validation,2016-04-11,21,24.376298006309753
FOODS_3_555_WI_3_validation,2016-04-12,17,25.175095780391075
FOODS_3_555_WI_3_validation,2016-04-13,16,22.687791635170015
FOODS_3_555_WI_3_validation,2016-04-14,28,26.088049370301633
FOODS_3_555_WI_3_validation,2016-04-15,25,26.256573186912078
FOODS_3_555_WI_3_validation,2016-04-16,43,32.75298598180382
FOODS_3_555_WI_3_validation,2016-04-17,37,30.608174880418915
FOODS_3_555_WI_3_validation,2016-04-18,41,20.085838071957482
FOODS_3_555_WI_3_validation,2016-04-19,30,21.19598021261504
FOODS_3_555_WI_3_validation,2016-04-20,23,19.85935786645416
FOODS_3_555_WI_3_validation,2016-04-21,24,21.21904601532276
FOODS_3_555_WI_3_validation,2016-04-22,26,25.21250505505145
FOODS_3_555_WI_3_validation,2016-04-23,43,35.592275030564906
FOODS_3_555_WI_3_validation,2016-04-24,25,33.372329966783695
FOODS_3_586_CA_1_validation,2016-03-28,27,37.37538988780818
FOODS_3_586_CA_1_validation,2016-03-29,32,37.562319310285034
FOODS_3_586_CA_1_validation,2016-03-30,26,39.50193521383528
FOODS_3_586_CA_1_validation,2016-03-31,28,39.49079169844504
FOODS_3_586_CA_1_validation,2016-04-01,36,42.495898796779215
FOODS_3_586_CA_1_validation,2016-04-02,65,51.700093673482
FOODS_3_586_CA_1_validation,2016-04-03,54,55.193018550107354
FOODS_3_586_CA_1_validation,2016-04-04,30,42.65179019205277
FOODS_3_586_CA_1_validation,2016-04-05,37,44.10116572651725
FOODS_3_586_CA_1_validation,2016-04-06,27,43.32280685054934
FOODS_3_586_CA_1_validation,2016-04-07,35,45.07295422087327
FOODS_3_586_CA_1_validation,2016-04-08,41,40.72784815672344
FOODS_3_586_CA_1_validation,2016-04-09,60,52.25149065478399
FOODS_3_586_CA_1_validation,2016-04-10,48,51.35668475170496
FOODS_3_586_CA_1_validation,2016-04-11,36,39.02387002570322
FOODS_3_586_CA_1_validation,2016-04-12,29,36.69281133224922
FOODS_3_586_CA_1_validation,2016-04-13,20,37.13434750223553
FOODS_3_586_CA_1_validation,2016-04-14,43,39.9946769273962
FOODS_3_586_CA_1_validation,2016-04-15,32,38.929322690626464
FOODS_3_586_CA_1_validation,2016-04-16,37,48.49294166949835
FOODS_3_586_CA_1_validation,2016-04-17,64,50.428957598142574
FOODS_3_586_CA_1_validation,2016-04-18,30,36.454351448541274
FOODS_3_586_CA_1_validation,2016-04-19,40,36.15638736408209
FOODS_3_586_CA_1_validation,2016-04-20,31,38.53356883028414
FOODS_3_586_CA_1_validation,2016-04-21,45,39.59016123942479
FOODS_3_586_CA_1_validation,2016-04-22,28,42.052652874748446
FOODS_3_586_CA_1_validation,2016-04-23,40,53.554782341919804
FOODS_3_586_CA_1_validation,2016-04-24,54,54.28316471684866
FOODS_3_586_CA_2_validation,2016-03-28,26,28.782151127539464
FOODS_3_586_CA_2_validation,2016-03-29,27,31.351392030044963
FOODS_3_586_CA_2_validation,2016-03-30,26,31.91619746844151
FOODS_3_586_CA_2_validation,2016-03-31,28,31.666961773163393
FOODS_3_586_CA_2_validation,2016-04-01,30,36.52266719781994
FOODS_3_586_CA_2_validation,2016-04-02,49,47.16578007624605
FOODS_3_586_CA_2_validation,2016-04-03,34,47.54004050346191
FOODS_3_586_CA_2_validation,2016-04-04,26,32.08470708461391
FOODS_3_586_CA_2_validation,2016-04-05,25,33.2100667634827
FOODS_3_586_CA_2_validation,2016-04-06,27,35.73914109163593
FOODS_3_586_CA_2_validation,2016-04-07,33,36.54043123429085
FOODS_3_586_CA_2_validation,2016-04-08,36,36.1261760063818
FOODS_3_586_CA_2_validation,2016-04-09,49,44.12978872738768
FOODS_3_586_CA_2_validation,2016-04-10,30,43.60262725381165
FOODS_3_586_CA_2_validation,2016-04-11,38,30.687972111318118
FOODS_3_586_CA_2_validation,2016-04-12,24,28.99873263808479
FOODS_3_586_CA_2_validation,2016-04-13,29,31.186411310108042
FOODS_3_586_CA_2_validation,2016-04-14,18,28.499514829040436
FOODS_3_586_CA_2_validation,2016-04-15,24,29.887918731068112
FOODS_3_586_CA_2_validation,2016-04-16,47,36.79666544585905
FOODS_3_586_CA_2_validation,2016-04-17,39,34.13267597494246
FOODS_3_586_CA_2_validation,2016-04-18,26,26.479993703778746
FOODS_3_586_CA_2_validation,2016-04-19,45,28.52164104570852
FOODS_3_586_CA_2_validation,2016-04-20,42,28.028057706626782
FOODS_3_586_CA_2_validation,2016-04-21,30,31.773269112065805
FOODS_3_586_CA_2_validation,2016-04-22,34,32.29234712075959
FOODS_3_586_CA_2_validation,2016-04-23,39,44.00305290764129
FOODS_3_586_CA_2_validation,2016-04-24,36,45.60895566881254
FOODS_3_586_CA_3_validation,2016-03-28,60,59.1213009203301
FOODS_3_586_CA_3_validation,2016-03-29,53,62.05339186632091
FOODS_3_586_CA_3_validation,2016-03-30,44,60.494159089974005
FOODS_3_586_CA_3_validation,2016-03-31,42,61.436887493260656
FOODS_3_586_CA_3_validation,2016-04-01,62,62.90944093159703
FOODS_3_586_CA_3_validation,2016-04-02,72,72.91448710133909
FOODS_3_586_CA_3_validation,2016-04-03,73,76.25691877647057
FOODS_3_586_CA_3_validation,2016-04-04,60,66.2096294302695
FOODS_3_586_CA_3_validation,2016-04-05,70,63.371419547129676
FOODS_3_586_CA_3_validation,2016-04-06,75,63.053453803167486
FOODS_3_586_CA_3_validation,2016-04-07,69,60.825835360779706
FOODS_3_586_CA_3_validation,2016-04-08,58,63.3387326474691
FOODS_3_586_CA_3_validation,2016-04-09,84,73.75686325998674
FOODS_3_586_CA_3_validation,2016-04-10,85,78.46090269417391
FOODS_3_586_CA_3_validation,2016-04-11,76,57.08707233196503
FOODS_3_586_CA_3_validation,2016-04-12,60,54.80787809148194
FOODS_3_586_CA_3_validation,2016-04-13,52,56.70481656025754
FOODS_3_586_CA_3_validation,2016-04-14,63,58.62275871021768
FOODS_3_586_CA_3_validation,2016-04-15,57,56.743053691554564
FOODS_3_586_CA_3_validation,2016-04-16,85,66.0052844077901
FOODS_3_586_CA_3_validation,2016-04-17,91,69.20642045629029
FOODS_3_586_CA_3_validation,2016-04-18,77,52.855147335569086
FOODS_3_586_CA_3_validation,2016-04-19,75,57.70689316429036
FOODS_3_586_CA_3_validation,2016-04-20,70,59.38481550002962
FOODS_3_586_CA_3_validation,2016-04-21,48,60.944822896871074
FOODS_3_586_CA_3_validation,2016-04-22,61,61.464571336188214
FOODS_3_586_CA_3_validation,2016-04-23,74,76.53505547657642
FOODS_3_586_CA_3_validation,2016-04-24,78,79.96016898644086
FOODS_3_586_TX_1_validation,2016-03-28,54,45.266731535739495
FOODS_3_586_TX_1_validation,2016-03-29,22,45.213486345748606
FOODS_3_586_TX_1_validation,2016-03-30,38,47.26596742478637
FOODS_3_586_TX_1_validation,2016-03-31,44,48.73356605976744
FOODS_3_586_TX_1_validation,2016-04-01,40,48.75430544995936
FOODS_3_586_TX_1_validation,2016-04-02,55,57.25290113531298
FOODS_3_586_TX_1_validation,2016-04-03,74,60.97052459278552
FOODS_3_586_TX_1_validation,2016-04-04,61,46.08413576624798
FOODS_3_586_TX_1_validation,2016-04-05,65,48.24208988117698
FOODS_3_586_TX_1_validation,2016-04-06,44,48.19777072599777
FOODS_3_586_TX_1_validation,2016-04-07,74,51.26595951534682
FOODS_3_586_TX_1_validation,2016-04-08,54,47.14483108623119
FOODS_3_586_TX_1_validation,2016-04-09,52,60.625464962350975
FOODS_3_586_TX_1_validation,2016-04-10,75,56.24945037345401
FOODS_3_586_TX_1_validation,2016-04-11,38,47.59560861574357
FOODS_3_586_TX_1_validation,2016-04-12,39,50.80009242454764
FOODS_3_586_TX_1_validation,2016-04-13,47,48.20355605943564
FOODS_3_586_TX_1_validation,2016-04-14,42,48.156853848907645
FOODS_3_586_TX_1_validation,2016-04-15,53,51.10558264017425
FOODS_3_586_TX_1_validation,2016-04-16,50,53.55023088111716
FOODS_3_586_TX_1_validation,2016-04-17,68,52.383434664469064
FOODS_3_586_TX_1_validation,2016-04-18,72,42.24986312868975
FOODS_3_586_TX_1_validation,2016-04-19,81,44.232384061983566
FOODS_3_586_TX_1_validation,2016-04-20,45,50.173928578685945
FOODS_3_586_TX_1_validation,2016-04-21,59,46.07338708946304
FOODS_3_586_TX_1_validation,2016-04-22,50,50.57696370872259
FOODS_3_586_TX_1_validation,2016-04-23,56,60.78711775735485
FOODS_3_586_TX_1_validation,2016-04-24,58,60.43177033446955
FOODS_3_586_TX_2_validation,2016-03-28,59,73.58366829431736
FOODS_3_586_TX_2_validation,2016-03-29,51,80.97494817107861
FOODS_3_586_TX_2_validation,2016-03-30,61,76.07926114339045
FOODS_3_586_TX_2_validation,2016-03-31,79,81.73172774651016
FOODS_3_586_TX_2_validation,2016-04-01,77,84.33128738868083
FOODS_3_586_TX_2_validation,2016-04-02,98,89.25348073608825
FOODS_3_586_TX_2_validation,2016-04-03,107,99.37862850602176
FOODS_3_586_TX_2_validation,2016-04-04,68,75.39814198352224
FOODS_3_586_TX_2_validation,2016-04-05,74,78.38949451003293
FOODS_3_586_TX_2_validation,2016-04-06,72,81.26514644195822
FOODS_3_586_TX_2_validation,2016-04-07,87,83.67525592757715
FOODS_3_586_TX_2_validation,2016-04-08,79,79.6586550525999
FOODS_3_586_TX_2_validation,2016-04-09,100,95.28285403175221
FOODS_3_586_TX_2_validation,2016-04-10,114,92.2807797998912
FOODS_3_586_TX_2_validation,2016-04-11,66,81.00386629555601
FOODS_3_586_TX_2_validation,2016-04-12,53,85.30025263519815
FOODS_3_586_TX_2_validation,2016-04-13,62,78.6536903925263
FOODS_3_586_TX_2_validation,2016-04-14,69,82.38252164010976
FOODS_3_586_TX_2_validation,2016-04-15,80,85.48208342807436
FOODS_3_586_TX_2_validation,2016-04-16,78,88.41670350053369
FOODS_3_586_TX_2_validation,2016-04-17,102,88.38060695546153
FOODS_3_586_TX_2_validation,2016-04-18,54,72.75577657950237
FOODS_3_586_TX_2_validation,2016-04-19,67,72.3731354343588
FOODS_3_586_TX_2_validation,2016-04-20,57,73.58517884992648
FOODS_3_586_TX_2_validation,2016-04-21,59,74.4556456078916
FOODS_3_586_TX_2_validation,2016-04-22,80,81.11026563720338
FOODS_3_586_TX_2_validation,2016-04-23,100,93.70081987432013
FOODS_3_586_TX_2_validation,2016-04-24,75,88.69167922492693
FOODS_3_586_TX_3_validation,2016-03-28,45,66.17273274361673
FOODS_3_586_TX_3_validation,2016-03-29,46,64.72708997792893
FOODS_3_586_TX_3_validation,2016-03-30,45,63.32032971259548
FOODS_3_586_TX_3_validation,2016-03-31,54,66.1399029014982
FOODS_3_586_TX_3_validation,2016-04-01,61,70.0555183932006
FOODS_3_586_TX_3_validation,2016-04-02,62,72.3293299389801
FOODS_3_586_TX_3_validation,2016-04-03,72,73.88990362706681
FOODS_3_586_TX_3_validation,2016-04-04,54,63.69725759674088
FOODS_3_586_TX_3_validation,2016-04-05,77,62.80818233634977
FOODS_3_586_TX_3_validation,2016-04-06,45,64.02965069026288
FOODS_3_586_TX_3_validation,2016-04-07,51,64.87709870033905
FOODS_3_586_TX_3_validation,2016-04-08,68,65.32212786381115
FOODS_3_586_TX_3_validation,2016-04-09,77,72.91932508523075
FOODS_3_586_TX_3_validation,2016-04-10,72,68.8578145102947
FOODS_3_586_TX_3_validation,2016-04-11,58,66.85914139511226
FOODS_3_586_TX_3_validation,2016-04-12,43,61.58013375255052
FOODS_3_586_TX_3_validation,2016-04-13,67,66.02507471691604
FOODS_3_586_TX_3_validation,2016-04-14,55,59.84991604767356
FOODS_3_586_TX_3_validation,2016-04-15,56,63.66125674461523
FOODS_3_586_TX_3_validation,2016-04-16,67,68.12264737532098
FOODS_3_586_TX_3_validation,2016-04-17,69,68.824441204609
FOODS_3_586_TX_3_validation,2016-04-18,49,56.970701372490225
FOODS_3_586_TX_3_validation,2016-04-19,55,55.631714268095266
FOODS_3_586_TX_3_validation,2016-04-20,60,54.99137098797871
FOODS_3_586_TX_3_validation,2016-04-21,55,57.92466371058845
FOODS_3_586_TX_3_validation,2016-04-22,55,64.58749739641758
FOODS_3_586_TX_3_validation,2016-04-23,66,73.3878305537736
FOODS_3_586_TX_3_validation,2016-04-24,47,74.89082648792089
FOODS_3_586_WI_3_validation,2016-03-28,29,34.50355292892368
FOODS_3_586_WI_3_validation,2016-03-29,24,32.113200235916906
FOODS_3_586_WI_3_validation,2016-03-30,27,34.99101588717053
FOODS_3_586_WI_3_validation,2016-03-31,20,36.13448233428642
FOODS_3_586_WI_3_validation,2016-04-01,37,36.46136106738368
FOODS_3_586_WI_3_validation,2016-04-02,34,49.86530019194231
FOODS_3_586_WI_3_validation,2016-04-03,37,50.73754988808855
FOODS_3_586_WI_3_validation,2016-04-04,21,34.82416891158255
FOODS_3_586_WI_3_validation,2016-04-05,15,42.12998664672125
FOODS_3_586_WI_3_validation,2016-04-06,35,40.898178234321676
FOODS_3_586_WI_3_validation,2016-04-07,33,37.107558779616056
FOODS_3_586_WI_3_validation,2016-04-08,25,41.734199902418595
FOODS_3_586_WI_3_validation,2016-04-09,35,50.38847904340116
FOODS_3_586_WI_3_validation,2016-04-10,38,47.31005226512718
FOODS_3_586_WI_3_validation,2016-04-11,32,38.58704097552595
FOODS_3_586_WI_3_validation,2016-04-12,16,39.575994402324795
FOODS_3_586_WI_3_validation,2016-04-13,27,37.074261897243446
FOODS_3_586_WI_3_validation,2016-04-14,29,39.35402440596272
FOODS_3_586_WI_3_validation,2016-04-15,37,42.35157912860154
FOODS_3_586_WI_3_validation,2016-04-16,48,46.22143823353804
FOODS_3_586_WI_3_validation,2016-04-17,40,49.52456809897285
FOODS_3_586_WI_3_validation,2016-04-18,35,35.841861382724915
FOODS_3_586_WI_3_validation,2016-04-19,22,35.37275441393331
FOODS_3_586_WI_3_validation,2016-04-20,25,34.206483008707096
FOODS_3_586_WI_3_validation,2016-04-21,31,35.34586233030973
FOODS_3_586_WI_3_validation,2016-04-22,35,41.20024409580037
FOODS_3_586_WI_3_validation,2016-04-23,47,48.648144261428
FOODS_3_586_WI_3_validation,2016-04-24,44,44.534111244143105
FOODS_3_587_CA_1_validation,2016-03-28,38,18.95376949052411
FOODS_3_587_CA_1_validation,2016-03-29,26,21.750127457113194
FOODS_3_587_CA_1_validation,2016-03-30,25,20.048074475244334
FOODS_3_587_CA_1_validation,2016-03-31,15,20.71773067658637
FOODS_3_587_CA_1_validation,2016-04-01,15,22.175169539753142
FOODS_3_587_CA_1_validation,2016-04-02,27,30.66100255968513
FOODS_3_587_CA_1_validation,2016-04-03,29,37.663488369864695
FOODS_3_587_CA_1_validation,2016-04-04,23,21.923657670845387
FOODS_3_587_CA_1_validation,2016-04-05,21,23.063229820583274
FOODS_3_587_CA_1_validation,2016-04-06,21,25.185664534898706
FOODS_3_587_CA_1_validation,2016-04-07,16,23.143124025460224
FOODS_3_587_CA_1_validation,2016-04-08,22,24.977528165389344
FOODS_3_587_CA_1_validation,2016-04-09,24,33.14062414362877
FOODS_3_587_CA_1_validation,2016-04-10,43,26.870434640767826
FOODS_3_587_CA_1_validation,2016-04-11,33,21.51305047895164
FOODS_3_587_CA_1_validation,2016-04-12,16,17.16052957067825
FOODS_3_587_CA_1_validation,2016-04-13,23,23.586186617926387
FOODS_3_587_CA_1_validation,2016-04-14,21,20.853915122055582
FOODS_3_587_CA_1_validation,2016-04-15,20,21.820517953677268
FOODS_3_587_CA_1_validation,2016-04-16,27,36.13666078226447
FOODS_3_587_CA_1_validation,2016-04-17,36,36.05456507111671
FOODS_3_587_CA_1_validation,2016-04-18,16,25.389909807287722
FOODS_3_587_CA_1_validation,2016-04-19,10,22.973140383894133
FOODS_3_587_CA_1_validation,2016-04-20,15,22.610515333692092
FOODS_3_587_CA_1_validation,2016-04-21,10,24.666783913123368
FOODS_3_587_CA_1_validation,2016-04-22,21,26.852516707325663
FOODS_3_587_CA_1_validation,2016-04-23,24,33.5146202095832
FOODS_3_587_CA_1_validation,2016-04-24,26,36.886086932533885
FOODS_3_587_CA_3_validation,2016-03-28,27,31.849807487814815
FOODS_3_587_CA_3_validation,2016-03-29,60,26.27551378446492
FOODS_3_587_CA_3_validation,2016-03-30,28,30.435204630929434
FOODS_3_587_CA_3_validation,2016-03-31,37,31.4984842572145
FOODS_3_587_CA_3_validation,2016-04-01,24,32.627203598560186
FOODS_3_587_CA_3_validation,2016-04-02,37,43.06989641384985
FOODS_3_587_CA_3_validation,2016-04-03,48,47.90692134268397
FOODS_3_587_CA_3_validation,2016-04-04,38,34.92438756047227
FOODS_3_587_CA_3_validation,2016-04-05,34,36.20383440434341
FOODS_3_587_CA_3_validation,2016-04-06,29,40.798141858314125
FOODS_3_587_CA_3_validation,2016-04-07,35,34.64445056352645
FOODS_3_587_CA_3_validation,2016-04-08,42,34.62318666231113
FOODS_3_587_CA_3_validation,2016-04-09,46,41.19038419806088
FOODS_3_587_CA_3_validation,2016-04-10,49,42.97263561992315
FOODS_3_587_CA_3_validation,2016-04-11,38,29.723560218633793
FOODS_3_587_CA_3_validation,2016-04-12,22,30.761161711481463
FOODS_3_587_CA_3_validation,2016-04-13,41,27.214309482847625
FOODS_3_587_CA_3_validation,2016-04-14,29,28.73710815086463
FOODS_3_587_CA_3_validation,2016-04-15,33,30.199504482480506
FOODS_3_587_CA_3_validation,2016-04-16,28,36.06753219391612
FOODS_3_587_CA_3_validation,2016-04-17,60,36.1719613542632
FOODS_3_587_CA_3_validation,2016-04-18,31,28.83776708106302
FOODS_3_587_CA_3_validation,2016-04-19,25,29.902161353386077
FOODS_3_587_CA_3_validation,2016-04-20,25,27.85682283746712
FOODS_3_587_CA_3_validation,2016-04-21,23,26.66134856263386
FOODS_3_587_CA_3_validation,2016-04-22,37,27.813927102962452
FOODS_3_587_CA_3_validation,2016-04-23,28,35.90495268002803
FOODS_3_587_CA_3_validation,2016-04-24,41,35.981222306563154
FOODS_3_587_TX_1_validation,2016-03-28,22,22.310387912038436
FOODS_3_587_TX_1_validation,2016-03-29,27,24.954684324812888
FOODS_3_587_TX_1_validation,2016-03-30,24,23.16083414697698
FOODS_3_587_TX_1_validation,2016-03-31,11,25.665274193531218
FOODS_3_587_TX_1_validation,2016-04-01,12,29.464991020708112
FOODS_3_587_TX_1_validation,2016-04-02,22,31.561830064914375
FOODS_3_587_TX_1_validation,2016-04-03,21,41.1524200498925
FOODS_3_587_TX_1_validation,2016-04-04,16,23.719013233514715
FOODS_3_587_TX_1_validation,2016-04-05,19,28.189801333536252
FOODS_3_587_TX_1_validation,2016-04-06,15,26.509054086667675
FOODS_3_587_TX_1_validation,2016-04-07,22,28.21047283597636
FOODS_3_587_TX_1_validation,2016-04-08,32,27.13823740096791
FOODS_3_587_TX_1_validation,2016-04-09,32,38.96424698920646
FOODS_3_587_TX_1_validation,2016-04-10,24,37.653970240411695
FOODS_3_587_TX_1_validation,2016-04-11,29,27.962791270607454
FOODS_3_587_TX_1_validation,2016-04-12,32,25.136608371611032
FOODS_3_587_TX_1_validation,2016-04-13,29,32.179062432356545
FOODS_3_587_TX_1_validation,2016-04-14,24,23.420006043877606
FOODS_3_587_TX_1_validation,2016-04-15,38,27.752028876074974
FOODS_3_587_TX_1_validation,2016-04-16,24,33.06377422794924
FOODS_3_587_TX_1_validation,2016-04-17,16,33.055201084959776
FOODS_3_587_TX_1_validation,2016-04-18,23,21.513069885864866
FOODS_3_587_TX_1_validation,2016-04-19,28,26.808387318053178
FOODS_3_587_TX_1_validation,2016-04-20,21,24.135010088194917
FOODS_3_587_TX_1_validation,2016-04-21,17,23.98572994503263
FOODS_3_587_TX_1_validation,2016-04-22,17,26.428167635710906
FOODS_3_587_TX_1_validation,2016-04-23,32,33.95707400475487
FOODS_3_587_TX_1_validation,2016-04-24,24,35.95016087283068
FOODS_3_587_TX_2_validation,2016-03-28,27,26.298805977613938
FOODS_3_587_TX_2_validation,2016-03-29,22,26.39325459364636
FOODS_3_587_TX_2_validation,2016-03-30,21,28.665702035959384
FOODS_3_587_TX_2_validation,2016-03-31,25,28.462980461425445
FOODS_3_587_TX_2_validation,2016-04-01,21,32.5758713283044
FOODS_3_587_TX_2_validation,2016-04-02,33,37.413428580456184
FOODS_3_587_TX_2_validation,2016-04-03,34,41.69102353581309
FOODS_3_587_TX_2_validation,2016-04-04,31,27.71337728399783
FOODS_3_587_TX_2_validation,2016-04-05,14,30.731778120594186
FOODS_3_587_TX_2_validation,2016-04-06,25,29.968930894217465
FOODS_3_587_TX_2_validation,2016-04-07,35,32.53087423649549
FOODS_3_587_TX_2_validation,2016-04-08,28,29.984706278123326
FOODS_3_587_TX_2_validation,2016-04-09,32,40.26605704722408
FOODS_3_587_TX_2_validation,2016-04-10,54,36.402926477804954
FOODS_3_587_TX_2_validation,2016-04-11,32,32.222797553540545
FOODS_3_587_TX_2_validation,2016-04-12,23,31.487012858670482
FOODS_3_587_TX_2_validation,2016-04-13,22,31.446492567749033
FOODS_3_587_TX_2_validation,2016-04-14,20,29.287040558948092
FOODS_3_587_TX_2_validation,2016-04-15,27,31.178990476695276
FOODS_3_587_TX_2_validation,2016-04-16,26,37.80234364119269
FOODS_3_587_TX_2_validation,2016-04-17,36,39.310739452596295
FOODS_3_587_TX_2_validation,2016-04-18,23,27.124067095371515
FOODS_3_587_TX_2_validation,2016-04-19,30,29.655444802442275
FOODS_3_587_TX_2_validation,2016-04-20,19,29.30025550312473
FOODS_3_587_TX_2_validation,2016-04-21,19,25.998596691311604
FOODS_3_587_TX_2_validation,2016-04-22,34,30.198553434850055
FOODS_3_587_TX_2_validation,2016-04-23,38,38.597705002543535
FOODS_3_587_TX_2_validation,2016-04-24,44,38.03599271615053
FOODS_3_587_TX_3_validation,2016-03-28,12,31.520801452890964
FOODS_3_587_TX_3_validation,2016-03-29,14,33.68826371555417
FOODS_3_587_TX_3_validation,2016-03-30,13,36.94102876590921
FOODS_3_587_TX_3_validation,2016-03-31,9,38.43333804467545
FOODS_3_587_TX_3_validation,2016-04-01,26,35.85857041508655
FOODS_3_587_TX_3_validation,2016-04-02,26,43.37230001328601
FOODS_3_587_TX_3_validation,2016-04-03,31,48.40362624659872
FOODS_3_587_TX_3_validation,2016-04-04,17,37.95579776204215
FOODS_3_587_TX_3_validation,2016-04-05,21,38.26752552658331
FOODS_3_587_TX_3_validation,2016-04-06,19,36.29998716542241
FOODS_3_587_TX_3_validation,2016-04-07,18,40.73692457165521
FOODS_3_587_TX_3_validation,2016-04-08,19,34.97503579914019
FOODS_3_587_TX_3_validation,2016-04-09,21,46.0828153198014
FOODS_3_587_TX_3_validation,2016-04-10,26,48.49327983104024
FOODS_3_587_TX_3_validation,2016-04-11,25,36.67189790756834
FOODS_3_587_TX_3_validation,2016-04-12,20,37.67197408631296
FOODS_3_587_TX_3_validation,2016-04-13,28,38.69324409169133
FOODS_3_587_TX_3_validation,2016-04-14,19,36.83028346977699
FOODS_3_587_TX_3_validation,2016-04-15,27,36.465372206224856
FOODS_3_587_TX_3_validation,2016-04-16,23,41.527640162552416
FOODS_3_587_TX_3_validation,2016-04-17,25,44.56723840923814
FOODS_3_587_TX_3_validation,2016-04-18,22,33.65602641559144
FOODS_3_587_TX_3_validation,2016-04-19,15,32.3751503809101
FOODS_3_587_TX_3_validation,2016-04-20,16,29.458518004875828
FOODS_3_587_TX_3_validation,2016-04-21,14,26.889735081116328
FOODS_3_587_TX_3_validation,2016-04-22,25,27.81070791452032
FOODS_3_587_TX_3_validation,2016-04-23,18,34.85888361062291
FOODS_3_587_TX_3_validation,2016-04-24,20,35.29377993201422
FOODS_3_587_WI_3_validation,2016-03-28,32,15.386914801911871
FOODS_3_587_WI_3_validation,2016-03-29,43,15.16723180269014
FOODS_3_587_WI_3_validation,2016-03-30,37,14.685784032578567
FOODS_3_587_WI_3_validation,2016-03-31,37,14.447758444219062
FOODS_3_587_WI_3_validation,2016-04-01,39,14.41569343815081
FOODS_3_587_WI_3_validation,2016-04-02,55,24.62579356581807
FOODS_3_587_WI_3_validation,2016-04-03,71,24.56991152152409
FOODS_3_587_WI_3_validation,2016-04-04,37,11.381571426589176
FOODS_3_587_WI_3_validation,2016-04-05,44,14.668306695224487
FOODS_3_587_WI_3_validation,2016-04-06,44,14.631151301308932
FOODS_3_587_WI_3_validation,2016-04-07,27,11.255771189080292
FOODS_3_587_WI_3_validation,2016-04-08,32,14.561786232921236
FOODS_3_587_WI_3_validation,2016-04-09,45,21.271488490931574
FOODS_3_587_WI_3_validation,2016-04-10,44,33.25603038613383
FOODS_3_587_WI_3_validation,2016-04-11,50,23.289486928330234
FOODS_3_587_WI_3_validation,2016-04-12,22,24.58851232069594
FOODS_3_587_WI_3_validation,2016-04-13,21,23.70361581913687
FOODS_3_587_WI_3_validation,2016-04-14,23,23.730960551325893
FOODS_3_587_WI_3_validation,2016-04-15,26,26.28229494592108
FOODS_3_587_WI_3_validation,2016-04-16,21,31.113821636969192
FOODS_3_587_WI_3_validation,2016-04-17,38,32.78712912785147
FOODS_3_587_WI_3_validation,2016-04-18,42,22.328172291438136
FOODS_3_587_WI_3_validation,2016-04-19,15,22.971819460043093
FOODS_3_587_WI_3_validation,2016-04-20,17,20.116958588369016
FOODS_3_587_WI_3_validation,2016-04-21,14,19.461969034153526
FOODS_3_587_WI_3_validation,2016-04-22,17,23.14065757764331
FOODS_3_587_WI_3_validation,2016-04-23,30,32.437204340993276
FOODS_3_587_WI_3_validation,2016-04-24,29,33.63303664906255
FOODS_3_607_CA_3_validation,2016-03-28,12,9.05543533380694
FOODS_3_607_CA_3_validation,2016-03-29,9,11.92614371512218
FOODS_3_607_CA_3_validation,2016-03-30,12,11.773745837758497
FOODS_3_607_CA_3_validation,2016-03-31,6,11.757071164526678
FOODS_3_607_CA_3_validation,2016-04-01,16,15.356667274831125
FOODS_3_607_CA_3_validation,2016-04-02,19,22.25090506376762
FOODS_3_607_CA_3_validation,2016-04-03,27,24.269766511908756
FOODS_3_607_CA_3_validation,2016-04-04,10,15.176845541826196
FOODS_3_607_CA_3_validation,2016-04-05,20,17.39172927756067
FOODS_3_607_CA_3_validation,2016-04-06,9,14.892436217512568
FOODS_3_607_CA_3_validation,2016-04-07,11,15.399305010856551
FOODS_3_607_CA_3_validation,2016-04-08,9,15.011689414691887
FOODS_3_607_CA_3_validation,2016-04-09,17,24.73101346461158
FOODS_3_607_CA_3_validation,2016-04-10,21,23.10392134871222
FOODS_3_607_CA_3_validation,2016-04-11,12,11.11483904062618
FOODS_3_607_CA_3_validation,2016-04-12,17,10.292684983899221
FOODS_3_607_CA_3_validation,2016-04-13,9,12.539142159263179
FOODS_3_607_CA_3_validation,2016-04-14,17,12.11404500900585
FOODS_3_607_CA_3_validation,2016-04-15,9,12.856745985827729
FOODS_3_607_CA_3_validation,2016-04-16,13,20.961259799748177
FOODS_3_607_CA_3_validation,2016-04-17,27,24.790940233073684
FOODS_3_607_CA_3_validation,2016-04-18,10,13.445428975268555
FOODS_3_607_CA_3_validation,2016-04-19,5,12.634017426984883
FOODS_3_607_CA_3_validation,2016-04-20,8,12.639135379593654
FOODS_3_607_CA_3_validation,2016-04-21,9,14.04122476370776
FOODS_3_607_CA_3_validation,2016-04-22,5,15.557505820528945
FOODS_3_607_CA_3_validation,2016-04-23,9,27.001342258803334
FOODS_3_607_CA_3_validation,2016-04-24,18,25.60708260448189
FOODS_3_635_CA_3_validation,2016-03-28,32,20.495706807988086
FOODS_3_635_CA_3_validation,2016-03-29,28,25.993681545886943
FOODS_3_635_CA_3_validation,2016-03-30,51,28.899310645443506
FOODS_3_635_CA_3_validation,2016-03-31,2,24.433009024140006
FOODS_3_635_CA_3_validation,2016-04-01,0,28.16466976260574
FOODS_3_635_CA_3_validation,2016-04-02,0,37.541387223031506
FOODS_3_635_CA_3_validation,2016-04-03,0,39.21448800037365
FOODS_3_635_CA_3_validation,2016-04-04,0,28.335648811555416
FOODS_3_635_CA_3_validation,2016-04-05,0,24.898459955885187
FOODS_3_635_CA_3_validation,2016-04-06,0,28.339349521268105
FOODS_3_635_CA_3_validation,2016-04-07,0,28.743465236996485
FOODS_3_635_CA_3_validation,2016-04-08,0,27.132295082359065
FOODS_3_635_CA_3_validation,2016-04-09,0,38.68257649243867
FOODS_3_635_CA_3_validation,2016-04-10,0,36.269769511695245
FOODS_3_635_CA_3_validation,2016-04-11,0,24.254302027048652
FOODS_3_635_CA_3_validation,2016-04-12,0,24.389814335987012
FOODS_3_635_CA_3_validation,2016-04-13,0,24.185929726505947
FOODS_3_635_CA_3_validation,2016-04-14,0,26.347826367188645
FOODS_3_635_CA_3_validation,2016-04-15,0,24.205344917931257
FOODS_3_635_CA_3_validation,2016-04-16,0,35.684520729710925
FOODS_3_635_CA_3_validation,2016-04-17,0,37.614715931801584
FOODS_3_635_CA_3_validation,2016-04-18,0,22.560943958656594
FOODS_3_635_CA_3_validation,2016-04-19,0,24.551872915340255
FOODS_3_635_CA_3_validation,2016-04-20,0,27.019809424109212
FOODS_3_635_CA_3_validation,2016-04-21,0,24.981281280155144
FOODS_3_635_CA_3_validation,2016-04-22,0,26.33237761030989
FOODS_3_635_CA_3_validation,2016-04-23,0,38.606282589369016
FOODS_3_635_CA_3_validation,2016-04-24,0,35.33140759131038
FOODS_3_681_CA_3_validation,2016-03-28,14,40.365805637270114
FOODS_3_681_CA_3_validation,2016-03-29,31,37.82695901583065
FOODS_3_681_CA_3_validation,2016-03-30,14,35.57802072069808
FOODS_3_681_CA_3_validation,2016-03-31,44,36.91706632571004
FOODS_3_681_CA_3_validation,2016-04-01,46,38.37319272281593
FOODS_3_681_CA_3_validation,2016-04-02,38,45.99515530318354
FOODS_3_681_CA_3_validation,2016-04-03,14,45.23501242490579
FOODS_3_681_CA_3_validation,2016-04-04,8,31.677596126920093
FOODS_3_681_CA_3_validation,2016-04-05,37,33.83067443252173
FOODS_3_681_CA_3_validation,2016-04-06,37,33.150978968398135
FOODS_3_681_CA_3_validation,2016-04-07,39,40.30179086261285
FOODS_3_681_CA_3_validation,2016-04-08,41,36.964131464038815
FOODS_3_681_CA_3_validation,2016-04-09,63,43.89455355136454
FOODS_3_681_CA_3_validation,2016-04-10,29,44.575763643998584
FOODS_3_681_CA_3_validation,2016-04-11,21,27.33084876353405
FOODS_3_681_CA_3_validation,2016-04-12,48,28.46687204715829
FOODS_3_681_CA_3_validation,2016-04-13,32,30.435059968462042
FOODS_3_681_CA_3_validation,2016-04-14,28,28.305645341583045
FOODS_3_681_CA_3_validation,2016-04-15,47,32.43325818188623
FOODS_3_681_CA_3_validation,2016-04-16,26,47.546794673942145
FOODS_3_681_CA_3_validation,2016-04-17,51,35.764018101685
FOODS_3_681_CA_3_validation,2016-04-18,40,25.297300653231446
FOODS_3_681_CA_3_validation,2016-04-19,31,26.70270407790099
FOODS_3_681_CA_3_validation,2016-04-20,42,27.484199832772674
FOODS_3_681_CA_3_validation,2016-04-21,24,29.058371372696342
FOODS_3_681_CA_3_validation,2016-04-22,55,34.53969672332016
FOODS_3_681_CA_3_validation,2016-04-23,52,48.42467468016332
FOODS_3_681_CA_3_validation,2016-04-24,15,31.60522706034908
FOODS_3_681_WI_3_validation,2016-03-28,1,30.06455442596416
FOODS_3_681_WI_3_validation,2016-03-29,27,30.477449906097945
FOODS_3_681_WI_3_validation,2016-03-30,32,31.78753126248307
FOODS_3_681_WI_3_validation,2016-03-31,30,37.04734499322353
FOODS_3_681_WI_3_validation,2016-04-01,70,36.005232899901216
FOODS_3_681_WI_3_validation,2016-04-02,68,54.96138700998381
FOODS_3_681_WI_3_validation,2016-04-03,87,59.094179325550385
FOODS_3_681_WI_3_validation,2016-04-04,37,33.85089021159854
FOODS_3_681_WI_3_validation,2016-04-05,35,39.500502122789385
FOODS_3_681_WI_3_validation,2016-04-06,41,36.273727043603344
FOODS_3_681_WI_3_validation,2016-04-07,32,33.99309134571956
FOODS_3_681_WI_3_validation,2016-04-08,46,39.724010015791805
FOODS_3_681_WI_3_validation,2016-04-09,66,48.80056419241021
FOODS_3_681_WI_3_validation,2016-04-10,62,45.12707990984097
FOODS_3_681_WI_3_validation,2016-04-11,35,43.31053522754166
FOODS_3_681_WI_3_validation,2016-04-12,40,36.264535991022285
FOODS_3_681_WI_3_validation,2016-04-13,21,31.363586388628505
FOODS_3_681_WI_3_validation,2016-04-14,44,40.55354721529011
FOODS_3_681_WI_3_validation,2016-04-15,56,45.11579868138335
FOODS_3_681_WI_3_validation,2016-04-16,98,54.09536938937504
FOODS_3_681_WI_3_validation,2016-04-17,64,48.05707037974207
FOODS_3_681_WI_3_validation,2016-04-18,66,36.67202240122117
FOODS_3_681_WI_3_validation,2016-04-19,34,33.840077253345726
FOODS_3_681_WI_3_validation,2016-04-20,9,32.87152128552634
FOODS_3_681_WI_3_validation,2016-04-21,38,36.86401265029576
FOODS_3_681_WI_3_validation,2016-04-22,43,40.17454452217805
FOODS_3_681_WI_3_validation,2016-04-23,83,59.598617539559086
FOODS_3_681_WI_3_validation,2016-04-24,54,42.07335491714116
FOODS_3_694_CA_3_validation,2016-03-28,18,15.684179028192261
FOODS_3_694_CA_3_validation,2016-03-29,12,17.100421677325244
FOODS_3_694_CA_3_validation,2016-03-30,18,17.59971936023362
FOODS_3_694_CA_3_validation,2016-03-31,21,18.539452436769807
FOODS_3_694_CA_3_validation,2016-04-01,18,21.56284308214356
FOODS_3_694_CA_3_validation,2016-04-02,27,29.890906102226268
FOODS_3_694_CA_3_validation,2016-04-03,25,30.4774055158706
FOODS_3_694_CA_3_validation,2016-04-04,24,20.063522203658977
FOODS_3_694_CA_3_validation,2016-04-05,18,20.267294263590543
FOODS_3_694_CA_3_validation,2016-04-06,20,20.738229896250232
FOODS_3_694_CA_3_validation,2016-04-07,31,19.92529758875901
FOODS_3_694_CA_3_validation,2016-04-08,29,19.737300896345914
FOODS_3_694_CA_3_validation,2016-04-09,23,29.446166929198284
FOODS_3_694_CA_3_validation,2016-04-10,27,29.81629418821251
FOODS_3_694_CA_3_validation,2016-04-11,15,15.265993032987012
FOODS_3_694_CA_3_validation,2016-04-12,22,17.040264797245186
FOODS_3_694_CA_3_validation,2016-04-13,9,17.402737578447272
FOODS_3_694_CA_3_validation,2016-04-14,17,18.472444807355373
FOODS_3_694_CA_3_validation,2016-04-15,8,18.240528426882065
FOODS_3_694_CA_3_validation,2016-04-16,16,25.879365526398942
FOODS_3_694_CA_3_validation,2016-04-17,20,27.3547405958775
FOODS_3_694_CA_3_validation,2016-04-18,17,15.13232223070861
FOODS_3_694_CA_3_validation,2016-04-19,20,17.653137296062937
FOODS_3_694_CA_3_validation,2016-04-20,16,18.167581683000094
FOODS_3_694_CA_3_validation,2016-04-21,19,17.813347001079705
FOODS_3_694_CA_3_validation,2016-04-22,22,18.955644082542335
FOODS_3_694_CA_3_validation,2016-04-23,24,26.215460104941144
FOODS_3_694_CA_3_validation,2016-04-24,24,27.784773740607307
FOODS_3_694_TX_1_validation,2016-03-28,13,12.993544867672426
FOODS_3_694_TX_1_validation,2016-03-29,18,14.647142517247971
FOODS_3_694_TX_1_validation,2016-03-30,17,13.77477641718724
FOODS_3_694_TX_1_validation,2016-03-31,12,16.427076309212453
FOODS_3_694_TX_1_validation,2016-04-01,24,20.979414923709555
FOODS_3_694_TX_1_validation,2016-04-02,26,22.553678717649973
FOODS_3_694_TX_1_validation,2016-04-03,26,27.27653903086366
FOODS_3_694_TX_1_validation,2016-04-04,17,15.024553033855113
FOODS_3_694_TX_1_validation,2016-04-05,18,17.8270637803887
FOODS_3_694_TX_1_validation,2016-04-06,22,17.826698428111854
FOODS_3_694_TX_1_validation,2016-04-07,21,19.98663241404836
FOODS_3_694_TX_1_validation,2016-04-08,25,16.363121179290488
FOODS_3_694_TX_1_validation,2016-04-09,31,27.605370967172576
FOODS_3_694_TX_1_validation,2016-04-10,22,25.850530799664853
FOODS_3_694_TX_1_validation,2016-04-11,18,19.321095027264164
FOODS_3_694_TX_1_validation,2016-04-12,11,21.83125759431971
FOODS_3_694_TX_1_validation,2016-04-13,11,19.797632960915507
FOODS_3_694_TX_1_validation,2016-04-14,19,17.944958107592925
FOODS_3_694_TX_1_validation,2016-04-15,16,21.05525521917332
FOODS_3_694_TX_1_validation,2016-04-16,17,24.19424293021757
FOODS_3_694_TX_1_validation,2016-04-17,25,25.59339899805923
FOODS_3_694_TX_1_validation,2016-04-18,17,14.170621396049683
FOODS_3_694_TX_1_validation,2016-04-19,21,13.896503587996563
FOODS_3_694_TX_1_validation,2016-04-20,12,14.424914431667048
FOODS_3_694_TX_1_validation,2016-04-21,16,15.281275490304665
FOODS_3_694_TX_1_validation,2016-04-22,16,17.437839365792456
FOODS_3_694_TX_1_validation,2016-04-23,22,25.116028536142494
FOODS_3_694_TX_1_validation,2016-04-24,29,25.48070625305138
FOODS_3_694_WI_1_validation,2016-03-28,12,13.778303150166607
FOODS_3_694_WI_1_validation,2016-03-29,16,13.826788301292595
FOODS_3_694_WI_1_validation,2016-03-30,18,16.23911366952916
FOODS_3_694_WI_1_validation,2016-03-31,18,16.094274813988704
FOODS_3_694_WI_1_validation,2016-04-01,31,18.84564933346587
FOODS_3_694_WI_1_validation,2016-04-02,26,29.7671058904117
FOODS_3_694_WI_1_validation,2016-04-03,28,29.224287350999248
FOODS_3_694_WI_1_validation,2016-04-04,16,16.252156779319307
FOODS_3_694_WI_1_validation,2016-04-05,16,19.234802882673307
FOODS_3_694_WI_1_validation,2016-04-06,12,19.99298231986984
FOODS_3_694_WI_1_validation,2016-04-07,16,17.906694431860842
FOODS_3_694_WI_1_validation,2016-04-08,21,21.5358594259842
FOODS_3_694_WI_1_validation,2016-04-09,24,30.59686010930841
FOODS_3_694_WI_1_validation,2016-04-10,27,28.573063755975568
FOODS_3_694_WI_1_validation,2016-04-11,21,19.54740035190673
FOODS_3_694_WI_1_validation,2016-04-12,17,19.40837386362159
FOODS_3_694_WI_1_validation,2016-04-13,16,14.869535184355527
FOODS_3_694_WI_1_validation,2016-04-14,14,19.1417436755155
FOODS_3_694_WI_1_validation,2016-04-15,21,19.37078701908024
FOODS_3_694_WI_1_validation,2016-04-16,34,25.489498041602587
FOODS_3_694_WI_1_validation,2016-04-17,32,25.820019564359768
FOODS_3_694_WI_1_validation,2016-04-18,27,14.596851366467718
FOODS_3_694_WI_1_validation,2016-04-19,14,15.1470984352311
FOODS_3_694_WI_1_validation,2016-04-20,12,13.990502945779212
FOODS_3_694_WI_1_validation,2016-04-21,14,14.886384677422257
FOODS_3_694_WI_1_validation,2016-04-22,18,16.926021938238023
FOODS_3_694_WI_1_validation,2016-04-23,28,26.484221408301096
FOODS_3_694_WI_1_validation,2016-04-24,24,25.70414420832435
FOODS_3_694_WI_2_validation,2016-03-28,30,27.861735993448974
FOODS_3_694_WI_2_validation,2016-03-29,24,31.806768267971506
FOODS_3_694_WI_2_validation,2016-03-30,37,32.37017848353685
FOODS_3_694_WI_2_validation,2016-03-31,35,33.220514480025486
FOODS_3_694_WI_2_validation,2016-04-01,52,33.103700399131185
FOODS_3_694_WI_2_validation,2016-04-02,44,43.516177731545895
FOODS_3_694_WI_2_validation,2016-04-03,41,45.64190707354578
FOODS_3_694_WI_2_validation,2016-04-04,32,32.45188177321279
FOODS_3_694_WI_2_validation,2016-04-05,33,37.1036882216913
FOODS_3_694_WI_2_validation,2016-04-06,36,37.20664654706525
FOODS_3_694_WI_2_validation,2016-04-07,37,32.04757924389742
FOODS_3_694_WI_2_validation,2016-04-08,37,35.62385459759321
FOODS_3_694_WI_2_validation,2016-04-09,43,46.51410583668178
FOODS_3_694_WI_2_validation,2016-04-10,34,40.566657875116334
FOODS_3_694_WI_2_validation,2016-04-11,45,34.60452925391701
FOODS_3_694_WI_2_validation,2016-04-12,37,37.25675570716328
FOODS_3_694_WI_2_validation,2016-04-13,27,31.6196817609665
FOODS_3_694_WI_2_validation,2016-04-14,45,33.62300326404295
FOODS_3_694_WI_2_validation,2016-04-15,41,37.0283448317341
FOODS_3_694_WI_2_validation,2016-04-16,44,40.405991954729984
FOODS_3_694_WI_2_validation,2016-04-17,52,41.13926239684383
FOODS_3_694_WI_2_validation,2016-04-18,38,27.959947741059864
FOODS_3_694_WI_2_validation,2016-04-19,31,30.940414949808996
FOODS_3_694_WI_2_validation,2016-04-20,32,30.40905713521022
FOODS_3_694_WI_2_validation,2016-04-21,32,30.205813227172257
FOODS_3_694_WI_2_validation,2016-04-22,31,33.52226887905442
FOODS_3_694_WI_2_validation,2016-04-23,33,44.12639541883448
FOODS_3_694_WI_2_validation,2016-04-24,29,39.34240363392132
FOODS_3_694_WI_3_validation,2016-03-28,36,31.619840637074844
FOODS_3_694_WI_3_validation,2016-03-29,44,33.06990147051863
FOODS_3_694_WI_3_validation,2016-03-30,39,34.835434185366694
FOODS_3_694_WI_3_validation,2016-03-31,39,36.87612295190104
FOODS_3_694_WI_3_validation,2016-04-01,46,38.471041677053336
FOODS_3_694_WI_3_validation,2016-04-02,56,52.508330137747976
FOODS_3_694_WI_3_validation,2016-04-03,54,46.513449092435735
FOODS_3_694_WI_3_validation,2016-04-04,29,32.7521364204847
FOODS_3_694_WI_3_validation,2016-04-05,43,40.14848531182463
FOODS_3_694_WI_3_validation,2016-04-06,31,38.238568664012746
FOODS_3_694_WI_3_validation,2016-04-07,34,36.87060354004859
FOODS_3_694_WI_3_validation,2016-04-08,48,41.38321932743486
FOODS_3_694_WI_3_validation,2016-04-09,61,49.42775467007391
FOODS_3_694_WI_3_validation,2016-04-10,42,42.66396723704247
FOODS_3_694_WI_3_validation,2016-04-11,41,35.826187761961364
FOODS_3_694_WI_3_validation,2016-04-12,34,35.35040649342989
FOODS_3_694_WI_3_validation,2016-04-13,37,32.73904886247203
FOODS_3_694_WI_3_validation,2016-04-14,51,38.743657200851544
FOODS_3_694_WI_3_validation,2016-04-15,65,36.466178474059916
FOODS_3_694_WI_3_validation,2016-04-16,58,43.191026158008185
FOODS_3_694_WI_3_validation,2016-04-17,59,43.751072400095495
FOODS_3_694_WI_3_validation,2016-04-18,54,33.65416190131725
FOODS_3_694_WI_3_validation,2016-04-19,42,33.21940269855918
FOODS_3_694_WI_3_validation,2016-04-20,34,33.08796834355269
FOODS_3_694_WI_3_validation,2016-04-21,34,31.592129890974093
FOODS_3_694_WI_3_validation,2016-04-22,46,38.72787365749025
FOODS_3_694_WI_3_validation,2016-04-23,46,47.43010195845795
FOODS_3_694_WI_3_validation,2016-04-24,48,43.587601515198344
FOODS_3_711_CA_3_validation,2016-03-28,13,9.705274220036927
FOODS_3_711_CA_3_validation,2016-03-29,1,32.978054700082225
FOODS_3_711_CA_3_validation,2016-03-30,7,14.811449954154682
FOODS_3_711_CA_3_validation,2016-03-31,11,17.326301879145262
FOODS_3_711_CA_3_validation,2016-04-01,33,16.842739496498666
FOODS_3_711_CA_3_validation,2016-04-02,4,23.12528795841297
FOODS_3_711_CA_3_validation,2016-04-03,1,27.261169561566703
FOODS_3_711_CA_3_validation,2016-04-04,0,19.434415448494633
FOODS_3_711_CA_3_validation,2016-04-05,0,15.154239538661955
FOODS_3_711_CA_3_validation,2016-04-06,33,13.29865625821833
FOODS_3_711_CA_3_validation,2016-04-07,26,13.131511123498171
FOODS_3_711_CA_3_validation,2016-04-08,6,14.869425421187657
FOODS_3_711_CA_3_validation,2016-04-09,6,23.51180673518138
FOODS_3_711_CA_3_validation,2016-04-10,18,26.927173408012095
FOODS_3_711_CA_3_validation,2016-04-11,21,10.751186151889897
FOODS_3_711_CA_3_validation,2016-04-12,7,10.155752687544123
FOODS_3_711_CA_3_validation,2016-04-13,0,11.043989976825287
FOODS_3_711_CA_3_validation,2016-04-14,0,9.811211386219043
FOODS_3_711_CA_3_validation,2016-04-15,15,10.341566856941881
FOODS_3_711_CA_3_validation,2016-04-16,3,18.751776090463522
FOODS_3_711_CA_3_validation,2016-04-17,15,20.219346221305386
FOODS_3_711_CA_3_validation,2016-04-18,28,14.762503132864481
FOODS_3_711_CA_3_validation,2016-04-19,2,11.257506179334428
FOODS_3_711_CA_3_validation,2016-04-20,2,11.276811109807909
FOODS_3_711_CA_3_validation,2016-04-21,0,11.772079294708874
FOODS_3_711_CA_3_validation,2016-04-22,0,12.133422100432313
FOODS_3_711_CA_3_validation,2016-04-23,4,21.61575435482473
FOODS_3_711_CA_3_validation,2016-04-24,6,18.080174348710898
FOODS_3_711_WI_2_validation,2016-03-28,10,16.863241025913
FOODS_3_711_WI_2_validation,2016-03-29,57,17.170408020563855
FOODS_3_711_WI_2_validation,2016-03-30,0,13.394182073714205
FOODS_3_711_WI_2_validation,2016-03-31,0,26.29359574210423
FOODS_3_711_WI_2_validation,2016-04-01,0,14.32500251521435
FOODS_3_711_WI_2_validation,2016-04-02,0,37.59117055589559
FOODS_3_711_WI_2_validation,2016-04-03,1,26.59417796132277
FOODS_3_711_WI_2_validation,2016-04-04,0,13.020512082543405
FOODS_3_711_WI_2_validation,2016-04-05,0,16.486401252793485
FOODS_3_711_WI_2_validation,2016-04-06,0,17.069570842784856
FOODS_3_711_WI_2_validation,2016-04-07,0,21.095618158642765
FOODS_3_711_WI_2_validation,2016-04-08,1,26.33948442253461
FOODS_3_711_WI_2_validation,2016-04-09,1,30.438819771180306
FOODS_3_711_WI_2_validation,2016-04-10,0,31.652477581530547
FOODS_3_711_WI_2_validation,2016-04-11,0,22.68555194078374
FOODS_3_711_WI_2_validation,2016-04-12,0,17.235217314062766
FOODS_3_711_WI_2_validation,2016-04-13,2,13.069857636691381
FOODS_3_711_WI_2_validation,2016-04-14,0,15.845364155776451
FOODS_3_711_WI_2_validation,2016-04-15,0,24.329714189898596
FOODS_3_711_WI_2_validation,2016-04-16,0,26.00741123186299
FOODS_3_711_WI_2_validation,2016-04-17,0,34.57642781601078
FOODS_3_711_WI_2_validation,2016-04-18,47,15.147752033572601
FOODS_3_711_WI_2_validation,2016-04-19,38,11.638325347471891
FOODS_3_711_WI_2_validation,2016-04-20,8,11.726892963623527
FOODS_3_711_WI_2_validation,2016-04-21,20,11.716280087329437
FOODS_3_711_WI_2_validation,2016-04-22,26,11.49084258571213
FOODS_3_711_WI_2_validation,2016-04-23,21,28.0775840444054
FOODS_3_711_WI_2_validation,2016-04-24,18,24.12374225684823
FOODS_3_714_CA_1_validation,2016-03-28,11,13.195001594217842
FOODS_3_714_CA_1_validation,2016-03-29,4,11.360769728849164
FOODS_3_714_CA_1_validation,2016-03-30,13,12.155274630906092
FOODS_3_714_CA_1_validation,2016-03-31,19,14.372746562087968
FOODS_3_714_CA_1_validation,2016-04-01,29,18.24617192858807
FOODS_3_714_CA_1_validation,2016-04-02,40,26.68733208263359
FOODS_3_714_CA_1_validation,2016-04-03,23,28.248742235973737
FOODS_3_714_CA_1_validation,2016-04-04,25,15.566257980849059
FOODS_3_714_CA_1_validation,2016-04-05,19,14.765622276696945
FOODS_3_714_CA_1_validation,2016-04-06,15,17.331496632866333
FOODS_3_714_CA_1_validation,2016-04-07,15,18.833065550024457
FOODS_3_714_CA_1_validation,2016-04-08,18,18.52763190080566
FOODS_3_714_CA_1_validation,2016-04-09,33,28.056298169064462
FOODS_3_714_CA_1_validation,2016-04-10,25,25.301356790856516
FOODS_3_714_CA_1_validation,2016-04-11,7,12.564687880309748
FOODS_3_714_CA_1_validation,2016-04-12,5,10.875718857842685
FOODS_3_714_CA_1_validation,2016-04-13,11,12.181993810640506
FOODS_3_714_CA_1_validation,2016-04-14,9,12.056775592752842
FOODS_3_714_CA_1_validation,2016-04-15,20,14.68480871273357
FOODS_3_714_CA_1_validation,2016-04-16,37,25.61187599061634
FOODS_3_714_CA_1_validation,2016-04-17,37,24.454958815402506
FOODS_3_714_CA_1_validation,2016-04-18,15,12.073907311472794
FOODS_3_714_CA_1_validation,2016-04-19,6,13.489637394645115
FOODS_3_714_CA_1_validation,2016-04-20,10,14.36579017105521
FOODS_3_714_CA_1_validation,2016-04-21,12,13.716291887544685
FOODS_3_714_CA_1_validation,2016-04-22,18,17.356335125430405
FOODS_3_714_CA_1_validation,2016-04-23,22,28.193956718637082
FOODS_3_714_CA_1_validation,2016-04-24,27,26.12086714403506
FOODS_3_714_CA_3_validation,2016-03-28,26,23.293461396715543
FOODS_3_714_CA_3_validation,2016-03-29,28,24.189868645003912
FOODS_3_714_CA_3_validation,2016-03-30,34,22.525737462688426
FOODS_3_714_CA_3_validation,2016-03-31,25,24.06867827670328
FOODS_3_714_CA_3_validation,2016-04-01,34,26.099279064795383
FOODS_3_714_CA_3_validation,2016-04-02,39,38.27387473528597
FOODS_3_714_CA_3_validation,2016-04-03,35,37.339513707049264
FOODS_3_714_CA_3_validation,2016-04-04,29,24.893748686236563
FOODS_3_714_CA_3_validation,2016-04-05,45,26.928260558919078
FOODS_3_714_CA_3_validation,2016-04-06,41,26.92561021840936
FOODS_3_714_CA_3_validation,2016-04-07,38,26.539927008253812
FOODS_3_714_CA_3_validation,2016-04-08,30,28.70585246860992
FOODS_3_714_CA_3_validation,2016-04-09,32,35.413303696666276
FOODS_3_714_CA_3_validation,2016-04-10,13,33.91044429125827
FOODS_3_714_CA_3_validation,2016-04-11,18,22.828370045425913
FOODS_3_714_CA_3_validation,2016-04-12,24,22.229747326398524
FOODS_3_714_CA_3_validation,2016-04-13,41,21.587298439629876
FOODS_3_714_CA_3_validation,2016-04-14,29,25.627585301533372
FOODS_3_714_CA_3_validation,2016-04-15,31,24.478028024045557
FOODS_3_714_CA_3_validation,2016-04-16,35,34.40640795712375
FOODS_3_714_CA_3_validation,2016-04-17,57,33.47765345240964
FOODS_3_714_CA_3_validation,2016-04-18,24,23.108558784526167
FOODS_3_714_CA_3_validation,2016-04-19,25,23.882605148748212
FOODS_3_714_CA_3_validation,2016-04-20,33,23.656591874624382
FOODS_3_714_CA_3_validation,2016-04-21,23,26.723622308227277
FOODS_3_714_CA_3_validation,2016-04-22,20,25.15728018800803
FOODS_3_714_CA_3_validation,2016-04-23,42,38.37440342655759
FOODS_3_714_CA_3_validation,2016-04-24,40,33.07881082941924
FOODS_3_714_TX_1_validation,2016-03-28,9,11.61448475242571
FOODS_3_714_TX_1_validation,2016-03-29,15,11.46631935341884
FOODS_3_714_TX_1_validation,2016-03-30,14,12.787672708587479
FOODS_3_714_TX_1_validation,2016-03-31,12,13.943049430515885
FOODS_3_714_TX_1_validation,2016-04-01,25,17.218014056071752
FOODS_3_714_TX_1_validation,2016-04-02,21,22.642412641515875
FOODS_3_714_TX_1_validation,2016-04-03,28,27.082469915557
FOODS_3_714_TX_1_validation,2016-04-04,14,11.43736543890725
FOODS_3_714_TX_1_validation,2016-04-05,23,15.0061559759273
FOODS_3_714_TX_1_validation,2016-04-06,16,15.048709931124222
FOODS_3_714_TX_1_validation,2016-04-07,23,15.101460290109799
FOODS_3_714_TX_1_validation,2016-04-08,24,13.943370311700733
FOODS_3_714_TX_1_validation,2016-04-09,30,25.922537832250782
FOODS_3_714_TX_1_validation,2016-04-10,34,22.636026958475554
FOODS_3_714_TX_1_validation,2016-04-11,19,17.463398558459062
FOODS_3_714_TX_1_validation,2016-04-12,19,18.51519550149021
FOODS_3_714_TX_1_validation,2016-04-13,13,16.711749113972587
FOODS_3_714_TX_1_validation,2016-04-14,21,14.258710960618032
FOODS_3_714_TX_1_validation,2016-04-15,17,17.94983043981597
FOODS_3_714_TX_1_validation,2016-04-16,31,22.152739259917553
FOODS_3_714_TX_1_validation,2016-04-17,21,21.950362690623024
FOODS_3_714_TX_1_validation,2016-04-18,14,10.589958657570946
FOODS_3_714_TX_1_validation,2016-04-19,10,12.083760123172965
FOODS_3_714_TX_1_validation,2016-04-20,20,12.756666668297157
FOODS_3_714_TX_1_validation,2016-04-21,14,11.819199291016389
FOODS_3_714_TX_1_validation,2016-04-22,21,13.392022909381126
FOODS_3_714_TX_1_validation,2016-04-23,32,21.005384568966633
FOODS_3_714_TX_1_validation,2016-04-24,20,22.76128017506869
FOODS_3_714_TX_2_validation,2016-03-28,23,18.437259718485393
FOODS_3_714_TX_2_validation,2016-03-29,23,18.94832094717094
FOODS_3_714_TX_2_validation,2016-03-30,16,18.792625989539488
FOODS_3_714_TX_2_validation,2016-03-31,22,22.55350229104465
FOODS_3_714_TX_2_validation,2016-04-01,21,27.916837593099785
FOODS_3_714_TX_2_validation,2016-04-02,34,31.28966612969657
FOODS_3_714_TX_2_validation,2016-04-03,42,33.79445279493177
FOODS_3_714_TX_2_validation,2016-04-04,18,21.85043879352895
FOODS_3_714_TX_2_validation,2016-04-05,18,21.751416910220655
FOODS_3_714_TX_2_validation,2016-04-06,15,23.773849562398823
FOODS_3_714_TX_2_validation,2016-04-07,23,25.813893669039317
FOODS_3_714_TX_2_validation,2016-04-08,28,23.45213166919598
FOODS_3_714_TX_2_validation,2016-04-09,26,35.07261557423192
FOODS_3_714_TX_2_validation,2016-04-10,22,31.899719678145516
FOODS_3_714_TX_2_validation,2016-04-11,25,26.071377553128627
FOODS_3_714_TX_2_validation,2016-04-12,13,24.429822020978577
FOODS_3_714_TX_2_validation,2016-04-13,13,23.784652052581805
FOODS_3_714_TX_2_validation,2016-04-14,18,22.20908715106316
FOODS_3_714_TX_2_validation,2016-04-15,29,28.696956517931653
FOODS_3_714_TX_2_validation,2016-04-16,17,31.628871153086948
FOODS_3_714_TX_2_validation,2016-04-17,30,32.39210262806944
FOODS_3_714_TX_2_validation,2016-04-18,13,21.835346752371947
FOODS_3_714_TX_2_validation,2016-04-19,21,22.920305406061743
FOODS_3_714_TX_2_validation,2016-04-20,12,23.150961469865933
FOODS_3_714_TX_2_validation,2016-04-21,32,23.400773843808224
FOODS_3_714_TX_2_validation,2016-04-22,39,26.02593265636358
FOODS_3_714_TX_2_validation,2016-04-23,20,33.65445208642825
FOODS_3_714_TX_2_validation,2016-04-24,15,33.311329394169775
FOODS_3_714_TX_3_validation,2016-03-28,8,18.111491650692983
FOODS_3_714_TX_3_validation,2016-03-29,21,18.803331588151195
FOODS_3_714_TX_3_validation,2016-03-30,24,18.651599570710346
FOODS_3_714_TX_3_validation,2016-03-31,28,20.847484545957172
FOODS_3_714_TX_3_validation,2016-04-01,22,22.3878606198017
FOODS_3_714_TX_3_validation,2016-04-02,27,28.43052722500272
FOODS_3_714_TX_3_validation,2016-04-03,29,31.896376995811465
FOODS_3_714_TX_3_validation,2016-04-04,42,18.817074789581966
FOODS_3_714_TX_3_validation,2016-04-05,33,21.594032699140485
FOODS_3_714_TX_3_validation,2016-04-06,29,21.969681935223207
FOODS_3_714_TX_3_validation,2016-04-07,24,23.383086331960953
FOODS_3_714_TX_3_validation,2016-04-08,23,21.608221298616286
FOODS_3_714_TX_3_validation,2016-04-09,28,34.40658011264179
FOODS_3_714_TX_3_validation,2016-04-10,24,28.71104166907935
FOODS_3_714_TX_3_validation,2016-04-11,11,23.738429035928107
FOODS_3_714_TX_3_validation,2016-04-12,17,22.541345789528464
FOODS_3_714_TX_3_validation,2016-04-13,23,24.862513459217098
FOODS_3_714_TX_3_validation,2016-04-14,17,19.99138840362457
FOODS_3_714_TX_3_validation,2016-04-15,29,26.025458793075927
FOODS_3_714_TX_3_validation,2016-04-16,26,26.660579921444423
FOODS_3_714_TX_3_validation,2016-04-17,27,30.253592837624637
FOODS_3_714_TX_3_validation,2016-04-18,13,18.23819707353664
FOODS_3_714_TX_3_validation,2016-04-19,19,18.20386547603482
FOODS_3_714_TX_3_validation,2016-04-20,8,19.21706153321452
FOODS_3_714_TX_3_validation,2016-04-21,15,17.71395368732999
FOODS_3_714_TX_3_validation,2016-04-22,17,24.639065185290633
FOODS_3_714_TX_3_validation,2016-04-23,30,29.758992548528227
FOODS_3_714_TX_3_validation,2016-04-24,19,24.85795280202933
FOODS_3_714_WI_3_validation,2016-03-28,11,15.543770288850965
FOODS_3_714_WI_3_validation,2016-03-29,33,15.946506357263274
FOODS_3_714_WI_3_validation,2016-03-30,13,16.393772849855964
FOODS_3_714_WI_3_validation,2016-03-31,4,19.29936532239276
FOODS_3_714_WI_3_validation,2016-04-01,32,20.95871422940479
FOODS_3_714_WI_3_validation,2016-04-02,21,28.20432856103514
FOODS_3_714_WI_3_validation,2016-04-03,13,27.448723960757548
FOODS_3_714_WI_3_validation,2016-04-04,11,18.58838421996927
FOODS_3_714_WI_3_validation,2016-04-05,21,23.063514213119333
FOODS_3_714_WI_3_validation,2016-04-06,8,23.328263846844266
FOODS_3_714_WI_3_validation,2016-04-07,9,19.827661003900516
FOODS_3_714_WI_3_validation,2016-04-08,24,23.100641141287838
FOODS_3_714_WI_3_validation,2016-04-09,22,32.29333819876081
FOODS_3_714_WI_3_validation,2016-04-10,16,27.914615610077362
FOODS_3_714_WI_3_validation,2016-04-11,19,19.666791046599883
FOODS_3_714_WI_3_validation,2016-04-12,16,20.43917300042233
FOODS_3_714_WI_3_validation,2016-04-13,13,17.10788225854867
FOODS_3_714_WI_3_validation,2016-04-14,30,21.620791730841006
FOODS_3_714_WI_3_validation,2016-04-15,31,21.395586552152736
FOODS_3_714_WI_3_validation,2016-04-16,40,26.50283611607847
FOODS_3_714_WI_3_validation,2016-04-17,10,24.969126902513494
FOODS_3_714_WI_3_validation,2016-04-18,20,12.49208672872237
FOODS_3_714_WI_3_validation,2016-04-19,18,16.105643946912778
FOODS_3_714_WI_3_validation,2016-04-20,16,15.734246745634096
FOODS_3_714_WI_3_validation,2016-04-21,25,18.764662452735365
FOODS_3_714_WI_3_validation,2016-04-22,26,19.265836508060374
FOODS_3_714_WI_3_validation,2016-04-23,36,26.424059853605513
FOODS_3_714_WI_3_validation,2016-04-24,20,27.729078011732668
FOODS_3_723_CA_3_validation,2016-03-28,14,19.296275517866775
FOODS_3_723_CA_3_validation,2016-03-29,19,20.527722645568133
FOODS_3_723_CA_3_validation,2016-03-30,14,20.064088678502003
FOODS_3_723_CA_3_validation,2016-03-31,56,22.20736758633882
FOODS_3_723_CA_3_validation,2016-04-01,31,28.849638251718375
FOODS_3_723_CA_3_validation,2016-04-02,35,32.84960034946505
FOODS_3_723_CA_3_validation,2016-04-03,19,34.91254294568
FOODS_3_723_CA_3_validation,2016-04-04,30,21.314195003872214
FOODS_3_723_CA_3_validation,2016-04-05,22,23.665844106888358
FOODS_3_723_CA_3_validation,2016-04-06,12,25.162440017909148
FOODS_3_723_CA_3_validation,2016-04-07,30,27.208139667772116
FOODS_3_723_CA_3_validation,2016-04-08,26,25.21583316133001
FOODS_3_723_CA_3_validation,2016-04-09,34,33.51701322521319
FOODS_3_723_CA_3_validation,2016-04-10,28,31.411250898539038
FOODS_3_723_CA_3_validation,2016-04-11,17,16.735557864362363
FOODS_3_723_CA_3_validation,2016-04-12,18,21.161966844664448
FOODS_3_723_CA_3_validation,2016-04-13,22,19.56714830113515
FOODS_3_723_CA_3_validation,2016-04-14,18,18.18516799191741
FOODS_3_723_CA_3_validation,2016-04-15,28,21.99820644402439
FOODS_3_723_CA_3_validation,2016-04-16,32,31.457941480679665
FOODS_3_723_CA_3_validation,2016-04-17,42,27.148920630978296
FOODS_3_723_CA_3_validation,2016-04-18,21,17.806719921728018
FOODS_3_723_CA_3_validation,2016-04-19,18,17.423295579422756
FOODS_3_723_CA_3_validation,2016-04-20,26,17.066840694744087
FOODS_3_723_CA_3_validation,2016-04-21,12,19.427771795264903
FOODS_3_723_CA_3_validation,2016-04-22,31,24.002150708167505
FOODS_3_723_CA_3_validation,2016-04-23,48,35.14149307118589
FOODS_3_723_CA_3_validation,2016-04-24,23,30.629580937379387
FOODS_3_723_WI_3_validation,2016-03-28,30,21.27133177207736
FOODS_3_723_WI_3_validation,2016-03-29,23,18.78008297318695
FOODS_3_723_WI_3_validation,2016-03-30,17,20.434611069594098
FOODS_3_723_WI_3_validation,2016-03-31,18,23.01733118240736
FOODS_3_723_WI_3_validation,2016-04-01,39,25.365045432441093
FOODS_3_723_WI_3_validation,2016-04-02,40,41.92679052577239
FOODS_3_723_WI_3_validation,2016-04-03,30,34.70425219920503
FOODS_3_723_WI_3_validation,2016-04-04,24,20.311728135107273
FOODS_3_723_WI_3_validation,2016-04-05,20,24.317507617478327
FOODS_3_723_WI_3_validation,2016-04-06,21,23.539919589219494
FOODS_3_723_WI_3_validation,2016-04-07,20,20.576597064749535
FOODS_3_723_WI_3_validation,2016-04-08,26,24.156774621264617
FOODS_3_723_WI_3_validation,2016-04-09,43,31.825624762050438
FOODS_3_723_WI_3_validation,2016-04-10,34,30.331169323407607
FOODS_3_723_WI_3_validation,2016-04-11,23,22.14941953038965
FOODS_3_723_WI_3_validation,2016-04-12,25,31.706708936958307
FOODS_3_723_WI_3_validation,2016-04-13,19,19.941856826481626
FOODS_3_723_WI_3_validation,2016-04-14,32,25.868296274031877
FOODS_3_723_WI_3_validation,2016-04-15,30,25.71587015911814
FOODS_3_723_WI_3_validation,2016-04-16,37,32.510775892379
FOODS_3_723_WI_3_validation,2016-04-17,38,31.816203689000645
FOODS_3_723_WI_3_validation,2016-04-18,21,18.05935586741748
FOODS_3_723_WI_3_validation,2016-04-19,15,18.79736999242209
FOODS_3_723_WI_3_validation,2016-04-20,24,16.774701189910843
FOODS_3_723_WI_3_validation,2016-04-21,16,17.791848732830317
FOODS_3_723_WI_3_validation,2016-04-22,27,21.195977733504833
FOODS_3_723_WI_3_validation,2016-04-23,42,33.903314162889615
FOODS_3_723_WI_3_validation,2016-04-24,41,37.69087822380027
FOODS_3_752_CA_3_validation,2016-03-28,15,9.60711305354539
FOODS_3_752_CA_3_validation,2016-03-29,9,11.853455153066989
FOODS_3_752_CA_3_validation,2016-03-30,12,11.667013867410901
FOODS_3_752_CA_3_validation,2016-03-31,6,12.169630826442699
FOODS_3_752_CA_3_validation,2016-04-01,7,13.890937715793939
FOODS_3_752_CA_3_validation,2016-04-02,13,22.6492865764493
FOODS_3_752_CA_3_validation,2016-04-03,14,24.20625659847201
FOODS_3_752_CA_3_validation,2016-04-04,15,18.375098479365874
FOODS_3_752_CA_3_validation,2016-04-05,4,15.062369588974434
FOODS_3_752_CA_3_validation,2016-04-06,23,14.16471326767362
FOODS_3_752_CA_3_validation,2016-04-07,10,13.172094734483153
FOODS_3_752_CA_3_validation,2016-04-08,51,14.186214482634568
FOODS_3_752_CA_3_validation,2016-04-09,7,22.58065629758471
FOODS_3_752_CA_3_validation,2016-04-10,29,24.87837203540448
FOODS_3_752_CA_3_validation,2016-04-11,9,9.163558926615906
FOODS_3_752_CA_3_validation,2016-04-12,37,11.534401645039338
FOODS_3_752_CA_3_validation,2016-04-13,1,12.919172591419397
FOODS_3_752_CA_3_validation,2016-04-14,1,10.049002670241293
FOODS_3_752_CA_3_validation,2016-04-15,21,12.498797919296862
FOODS_3_752_CA_3_validation,2016-04-16,13,17.019928295330033
FOODS_3_752_CA_3_validation,2016-04-17,26,18.655670351750246
FOODS_3_752_CA_3_validation,2016-04-18,61,9.683540833227426
FOODS_3_752_CA_3_validation,2016-04-19,6,9.668766071413756
FOODS_3_752_CA_3_validation,2016-04-20,19,10.94438929199282
FOODS_3_752_CA_3_validation,2016-04-21,10,9.445256221283557
FOODS_3_752_CA_3_validation,2016-04-22,2,13.599708002489479
FOODS_3_752_CA_3_validation,2016-04-23,1,20.354898161885217
FOODS_3_752_CA_3_validation,2016-04-24,3,18.566556027166484
FOODS_3_804_CA_3_validation,2016-03-28,18,10.785100293577216
FOODS_3_804_CA_3_validation,2016-03-29,0,14.398851336643816
FOODS_3_804_CA_3_validation,2016-03-30,13,15.79921017424192
FOODS_3_804_CA_3_validation,2016-03-31,10,11.96792952734404
FOODS_3_804_CA_3_validation,2016-04-01,14,13.99317776195187
FOODS_3_804_CA_3_validation,2016-04-02,28,22.509207265673467
FOODS_3_804_CA_3_validation,2016-04-03,15,25.65990230879447
FOODS_3_804_CA_3_validation,2016-04-04,17,16.68684993184297
FOODS_3_804_CA_3_validation,2016-04-05,14,18.988410959298903
FOODS_3_804_CA_3_validation,2016-04-06,0,17.124769718042216
FOODS_3_804_CA_3_validation,2016-04-07,0,16.983928928228465
FOODS_3_804_CA_3_validation,2016-04-08,0,18.025708558870065
FOODS_3_804_CA_3_validation,2016-04-09,0,24.25058701215005
FOODS_3_804_CA_3_validation,2016-04-10,0,21.722338502647062
FOODS_3_804_CA_3_validation,2016-04-11,0,8.767355190790909
FOODS_3_804_CA_3_validation,2016-04-12,0,10.290718034516317
FOODS_3_804_CA_3_validation,2016-04-13,0,11.708987318332674
FOODS_3_804_CA_3_validation,2016-04-14,0,16.41609232986525
FOODS_3_804_CA_3_validation,2016-04-15,16,10.189411221517616
FOODS_3_804_CA_3_validation,2016-04-16,22,16.67045608334854
FOODS_3_804_CA_3_validation,2016-04-17,1,20.25414395662733
FOODS_3_804_CA_3_validation,2016-04-18,24,12.291918340440702
FOODS_3_804_CA_3_validation,2016-04-19,16,9.820399287479972
FOODS_3_804_CA_3_validation,2016-04-20,17,11.540301059124772
FOODS_3_804_CA_3_validation,2016-04-21,17,10.707809334320359
FOODS_3_804_CA_3_validation,2016-04-22,45,9.026446701430132
FOODS_3_804_CA_3_validation,2016-04-23,0,20.442132457161165
FOODS_3_804_CA_3_validation,2016-04-24,18,21.025955889437682
FOODS_3_808_CA_1_validation,2016-03-28,16,5.606699903236631
FOODS_3_808_CA_1_validation,2016-03-29,1,5.651863683028296
FOODS_3_808_CA_1_validation,2016-03-30,3,6.018811947354607
FOODS_3_808_CA_1_validation,2016-03-31,13,7.633650087362753
FOODS_3_808_CA_1_validation,2016-04-01,6,11.377743480438198
FOODS_3_808_CA_1_validation,2016-04-02,0,17.440576825577182
FOODS_3_808_CA_1_validation,2016-04-03,0,17.731055862853054
FOODS_3_808_CA_1_validation,2016-04-04,0,8.366246015871639
FOODS_3_808_CA_1_validation,2016-04-05,0,9.193176858427023
FOODS_3_808_CA_1_validation,2016-04-06,0,8.836065666025092
FOODS_3_808_CA_1_validation,2016-04-07,0,9.405245035914504
FOODS_3_808_CA_1_validation,2016-04-08,0,9.832726233285484
FOODS_3_808_CA_1_validation,2016-04-09,0,18.131203294182797
FOODS_3_808_CA_1_validation,2016-04-10,0,17.506623330824027
FOODS_3_808_CA_1_validation,2016-04-11,0,4.657825115215928
FOODS_3_808_CA_1_validation,2016-04-12,0,4.6862507178188935
FOODS_3_808_CA_1_validation,2016-04-13,0,4.895341231128441
FOODS_3_808_CA_1_validation,2016-04-14,0,5.312363308417503
FOODS_3_808_CA_1_validation,2016-04-15,0,5.715099376829812
FOODS_3_808_CA_1_validation,2016-04-16,0,12.760791945103733
FOODS_3_808_CA_1_validation,2016-04-17,0,13.151088965990994
FOODS_3_808_CA_1_validation,2016-04-18,0,3.5940088229868934
FOODS_3_808_CA_1_validation,2016-04-19,0,3.9277010744135623
FOODS_3_808_CA_1_validation,2016-04-20,0,4.346378459699054
FOODS_3_808_CA_1_validation,2016-04-21,0,4.777686545864867
FOODS_3_808_CA_1_validation,2016-04-22,0,5.208994632030681
FOODS_3_808_CA_1_validation,2016-04-23,0,15.176498640734508
FOODS_3_808_CA_1_validation,2016-04-24,0,13.786392924918232
FOODS_3_808_CA_3_validation,2016-03-28,37,32.574770325572445
FOODS_3_808_CA_3_validation,2016-03-29,27,29.703630343549094
FOODS_3_808_CA_3_validation,2016-03-30,41,27.795137316605064
FOODS_3_808_CA_3_validation,2016-03-31,1,27.757879870026727
FOODS_3_808_CA_3_validation,2016-04-01,0,29.52467065634096
FOODS_3_808_CA_3_validation,2016-04-02,0,39.26266451503113
FOODS_3_808_CA_3_validation,2016-04-03,0,46.55699040957768
FOODS_3_808_CA_3_validation,2016-04-04,0,33.26338129128226
FOODS_3_808_CA_3_validation,2016-04-05,0,34.11066969458284
FOODS_3_808_CA_3_validation,2016-04-06,4,30.093837952688887
FOODS_3_808_CA_3_validation,2016-04-07,0,34.0491538197258
FOODS_3_808_CA_3_validation,2016-04-08,0,29.991804529266574
FOODS_3_808_CA_3_validation,2016-04-09,0,39.98919612954387
FOODS_3_808_CA_3_validation,2016-04-10,0,47.35294176616958
FOODS_3_808_CA_3_validation,2016-04-11,0,35.6250536624284
FOODS_3_808_CA_3_validation,2016-04-12,0,28.289356307895332
FOODS_3_808_CA_3_validation,2016-04-13,0,29.078587413077685
FOODS_3_808_CA_3_validation,2016-04-14,0,28.289242506279606
FOODS_3_808_CA_3_validation,2016-04-15,0,28.573571160249116
FOODS_3_808_CA_3_validation,2016-04-16,2,36.23977308899646
FOODS_3_808_CA_3_validation,2016-04-17,0,40.04072972000449
FOODS_3_808_CA_3_validation,2016-04-18,0,32.17450830665666
FOODS_3_808_CA_3_validation,2016-04-19,0,34.940338697951006
FOODS_3_808_CA_3_validation,2016-04-20,0,28.230750588709952
FOODS_3_808_CA_3_validation,2016-04-21,0,29.48257994113169
FOODS_3_808_CA_3_validation,2016-04-22,0,28.641765596414075
FOODS_3_808_CA_3_validation,2016-04-23,0,36.05992786421359
FOODS_3_808_CA_3_validation,2016-04-24,0,38.14018363619414
HOUSEHOLD_1_118_CA_3_validation,2016-03-28,16,15.717072311259244
HOUSEHOLD_1_118_CA_3_validation,2016-03-29,14,14.998910529031377
HOUSEHOLD_1_118_CA_3_validation,2016-03-30,39,14.924661166152305
HOUSEHOLD_1_118_CA_3_validation,2016-03-31,17,19.985786037455227
HOUSEHOLD_1_118_CA_3_validation,2016-04-01,19,17.073388073727187
HOUSEHOLD_1_118_CA_3_validation,2016-04-02,27,29.715324257877114
HOUSEHOLD_1_118_CA_3_validation,2016-04-03,30,30.44705190773425
HOUSEHOLD_1_118_CA_3_validation,2016-04-04,35,20.124841062923792
HOUSEHOLD_1_118_CA_3_validation,2016-04-05,25,21.994606408792833
HOUSEHOLD_1_118_CA_3_validation,2016-04-06,21,18.66729778938725
HOUSEHOLD_1_118_CA_3_validation,2016-04-07,41,19.214885545963057
HOUSEHOLD_1_118_CA_3_validation,2016-04-08,8,21.83195298924636
HOUSEHOLD_1_118_CA_3_validation,2016-04-09,24,27.949936297776276
HOUSEHOLD_1_118_CA_3_validation,2016-04-10,24,31.100607142496074
HOUSEHOLD_1_118_CA_3_validation,2016-04-11,16,17.52459257253213
HOUSEHOLD_1_118_CA_3_validation,2016-04-12,20,16.30254284182081
HOUSEHOLD_1_118_CA_3_validation,2016-04-13,9,15.672024804547277
HOUSEHOLD_1_118_CA_3_validation,2016-04-14,11,14.515858493163364
HOUSEHOLD_1_118_CA_3_validation,2016-04-15,21,14.488690183853237
HOUSEHOLD_1_118_CA_3_validation,2016-04-16,20,25.0684134967687
HOUSEHOLD_1_118_CA_3_validation,2016-04-17,38,27.006399685603014
HOUSEHOLD_1_118_CA_3_validation,2016-04-18,13,10.981718872714964
HOUSEHOLD_1_118_CA_3_validation,2016-04-19,22,14.284625042417815
HOUSEHOLD_1_118_CA_3_validation,2016-04-20,19,14.768513105965553
HOUSEHOLD_1_118_CA_3_validation,2016-04-21,52,13.115651368860199
HOUSEHOLD_1_118_CA_3_validation,2016-04-22,14,15.447989991470877
HOUSEHOLD_1_118_CA_3_validation,2016-04-23,25,25.986499763653228
HOUSEHOLD_1_118_CA_3_validation,2016-04-24,31,24.319982214905735
HOUSEHOLD_1_334_CA_3_validation,2016-03-28,7,11.919487762403946
HOUSEHOLD_1_334_CA_3_validation,2016-03-29,23,11.638374021243635
HOUSEHOLD_1_334_CA_3_validation,2016-03-30,4,14.638948211713796
HOUSEHOLD_1_334_CA_3_validation,2016-03-31,43,12.577971756543434
HOUSEHOLD_1_334_CA_3_validation,2016-04-01,24,16.689456537104434
HOUSEHOLD_1_334_CA_3_validation,2016-04-02,31,26.363763325115997
HOUSEHOLD_1_334_CA_3_validation,2016-04-03,28,27.011578231627027
HOUSEHOLD_1_334_CA_3_validation,2016-04-04,15,15.344955692670851
HOUSEHOLD_1_334_CA_3_validation,2016-04-05,21,16.59381119816271
HOUSEHOLD_1_334_CA_3_validation,2016-04-06,19,15.72571030270592
HOUSEHOLD_1_334_CA_3_validation,2016-04-07,12,17.226095779436832
HOUSEHOLD_1_334_CA_3_validation,2016-04-08,18,17.737650647863234
HOUSEHOLD_1_334_CA_3_validation,2016-04-09,17,25.41114495722286
HOUSEHOLD_1_334_CA_3_validation,2016-04-10,42,27.417551627885132
HOUSEHOLD_1_334_CA_3_validation,2016-04-11,22,11.67443888068783
HOUSEHOLD_1_334_CA_3_validation,2016-04-12,25,14.016448994365078
HOUSEHOLD_1_334_CA_3_validation,2016-04-13,27,10.65949640405313
HOUSEHOLD_1_334_CA_3_validation,2016-04-14,25,13.500544161196558
HOUSEHOLD_1_334_CA_3_validation,2016-04-15,14,12.129208269019614
HOUSEHOLD_1_334_CA_3_validation,2016-04-16,37,22.523423604285995
HOUSEHOLD_1_334_CA_3_validation,2016-04-17,29,20.807562385110487
HOUSEHOLD_1_334_CA_3_validation,2016-04-18,19,13.942817235591178
HOUSEHOLD_1_334_CA_3_validation,2016-04-19,27,12.552810742705447
HOUSEHOLD_1_334_CA_3_validation,2016-04-20,19,13.16983694426915
HOUSEHOLD_1_334_CA_3_validation,2016-04-21,20,14.446827261823273
HOUSEHOLD_1_334_CA_3_validation,2016-04-22,21,13.16133600671867
HOUSEHOLD_1_334_CA_3_validation,2016-04-23,27,25.017005784362254
HOUSEHOLD_1_334_CA_3_validation,2016-04-24,29,23.688572443068097
HOUSEHOLD_1_459_CA_3_validation,2016-03-28,32,14.655931274902287
HOUSEHOLD_1_459_CA_3_validation,2016-03-29,13,13.328691861645439
HOUSEHOLD_1_459_CA_3_validation,2016-03-30,16,16.014647527082843
HOUSEHOLD_1_459_CA_3_validation,2016-03-31,30,15.149668344131669
HOUSEHOLD_1_459_CA_3_validation,2016-04-01,23,16.66778798845189
HOUSEHOLD_1_459_CA_3_validation,2016-04-02,32,27.012946960931913
HOUSEHOLD_1_459_CA_3_validation,2016-04-03,34,28.517837680913544
HOUSEHOLD_1_459_CA_3_validation,2016-04-04,21,15.13043030919323
HOUSEHOLD_1_459_CA_3_validation,2016-04-05,23,16.691155886602132
HOUSEHOLD_1_459_CA_3_validation,2016-04-06,18,16.86812791706086
HOUSEHOLD_1_459_CA_3_validation,2016-04-07,36,16.245798355528677
HOUSEHOLD_1_459_CA_3_validation,2016-04-08,40,20.846700286059445
HOUSEHOLD_1_459_CA_3_validation,2016-04-09,34,26.117673612778617
HOUSEHOLD_1_459_CA_3_validation,2016-04-10,30,28.704378318240856
HOUSEHOLD_1_459_CA_3_validation,2016-04-11,16,13.590520462785094
HOUSEHOLD_1_459_CA_3_validation,2016-04-12,21,12.65381773095794
HOUSEHOLD_1_459_CA_3_validation,2016-04-13,9,15.750691495524393
HOUSEHOLD_1_459_CA_3_validation,2016-04-14,34,15.359088253239861
HOUSEHOLD_1_459_CA_3_validation,2016-04-15,35,15.235214192868284
HOUSEHOLD_1_459_CA_3_validation,2016-04-16,29,22.849003242491108
HOUSEHOLD_1_459_CA_3_validation,2016-04-17,42,22.51327990144216
HOUSEHOLD_1_459_CA_3_validation,2016-04-18,37,14.625778556919272
HOUSEHOLD_1_459_CA_3_validation,2016-04-19,27,16.157661394970205
HOUSEHOLD_1_459_CA_3_validation,2016-04-20,21,15.226829944721885
HOUSEHOLD_1_459_CA_3_validation,2016-04-21,7,17.152159839395495
HOUSEHOLD_1_459_CA_3_validation,2016-04-22,33,14.680403380003554
HOUSEHOLD_1_459_CA_3_validation,2016-04-23,32,25.63029242343191
HOUSEHOLD_1_459_CA_3_validation,2016-04-24,35,25.190391824006497
