id,date,sales,forecast
FOODS_1_218_TX_2_validation,2016-03-28,4,12.031462269015316
FOODS_1_218_TX_2_validation,2016-03-29,6,13.556214529650244
FOODS_1_218_TX_2_validation,2016-03-30,15,11.607508835630277
FOODS_1_218_TX_2_validation,2016-03-31,20,11.175007706144193
FOODS_1_218_TX_2_validation,2016-04-01,31,15.580909109533671
FOODS_1_218_TX_2_validation,2016-04-02,19,19.59509959781758
FOODS_1_218_TX_2_validation,2016-04-03,16,15.870807246740753
FOODS_1_218_TX_2_validation,2016-04-04,10,6.86663331741882
FOODS_1_218_TX_2_validation,2016-04-05,4,8.536722232950915
FOODS_1_218_TX_2_validation,2016-04-06,9,6.347505094392612
FOODS_1_218_TX_2_validation,2016-04-07,8,5.737673904927795
FOODS_1_218_TX_2_validation,2016-04-08,16,9.146459073995041
FOODS_1_218_TX_2_validation,2016-04-09,22,14.00868554841813
FOODS_1_218_TX_2_validation,2016-04-10,14,9.430375183284852
FOODS_1_218_TX_2_validation,2016-04-11,11,1.4198062777138816
FOODS_1_218_TX_2_validation,2016-04-12,10,2.8249617288887148
FOODS_1_218_TX_2_validation,2016-04-13,8,0.8848086310913637
FOODS_1_218_TX_2_validation,2016-04-14,3,0.14750082268968967
FOODS_1_218_TX_2_validation,2016-04-15,18,4.822343393986761
FOODS_1_218_TX_2_validation,2016-04-16,19,9.233125317686666
FOODS_1_218_TX_2_validation,2016-04-17,17,5.584717621004117
FOODS_1_218_TX_2_validation,2016-04-18,13,0.0
FOODS_1_218_TX_2_validation,2016-04-19,13,0.0
FOODS_1_218_TX_2_validation,2016-04-20,11,0.0
FOODS_1_218_TX_2_validation,2016-04-21,16,0.0
FOODS_1_218_TX_2_validation,2016-04-22,9,3.435965496272652
FOODS_1_218_TX_2_validation,2016-04-23,17,8.901445644014004
FOODS_1_218_TX_2_validation,2016-04-24,14,5.852148407642174
FOODS_2_197_CA_1_validation,2016-03-28,26,4.960028825695572
FOODS_2_197_CA_1_validation,2016-03-29,12,3.247658881071832
FOODS_2_197_CA_1_validation,2016-03-30,12,0.4654749379048333
FOODS_2_197_CA_1_validation,2016-03-31,9,0.03974103781811955
FOODS_2_197_CA_1_validation,2016-04-01,9,8.997797747370285
FOODS_2_197_CA_1_validation,2016-04-02,23,15.374326097103697
FOODS_2_197_CA_1_validation,2016-04-03,25,20.141449993089655
FOODS_2_197_CA_1_validation,2016-04-04,28,12.627915926437703
FOODS_2_197_CA_1_validation,2016-04-05,12,10.930312532241588
FOODS_2_197_CA_1_validation,2016-04-06,23,8.169054495086762
FOODS_2_197_CA_1_validation,2016-04-07,12,7.772565113657188
FOODS_2_197_CA_1_validation,2016-04-08,35,9.844453592461196
FOODS_2_197_CA_1_validation,2016-04-09,37,16.27136693577031
FOODS_2_197_CA_1_validation,2016-04-10,23,21.100612236287937
FOODS_2_197_CA_1_validation,2016-04-11,20,6.735551306621923
FOODS_2_197_CA_1_validation,2016-04-12,40,5.123053108886607
FOODS_2_197_CA_1_validation,2016-04-13,7,2.457050857266127
FOODS_2_197_CA_1_validation,2016-04-14,9,2.1643996638799567
FOODS_2_197_CA_1_validation,2016-04-15,9,4.346700855494664
FOODS_2_197_CA_1_validation,2016-04-16,22,10.888222250505583
FOODS_2_197_CA_1_validation,2016-04-17,24,15.833599343773114
FOODS_2_197_CA_1_validation,2016-04-18,21,8.50872535588596
FOODS_2_197_CA_1_validation,2016-04-19,22,7.006661504671279
FOODS_2_197_CA_1_validation,2016-04-20,25,4.443739934696541
FOODS_2_197_CA_1_validation,2016-04-21,11,4.2438811202352245
FOODS_2_197_CA_1_validation,2016-04-22,11,6.505917482825751
FOODS_2_197_CA_1_validation,2016-04-23,19,13.111598516778773
FOODS_2_197_CA_1_validation,2016-04-24,33,18.103368519090246
FOODS_2_197_CA_3_validation,2016-03-28,9,5.042677711767218
FOODS_2_197_CA_3_validation,2016-03-29,7,0.9973367832060749
FOODS_2_197_CA_3_validation,2016-03-30,7,0.0
FOODS_2_197_CA_3_validation,2016-03-31,10,0.0
FOODS_2_197_CA_3_validation,2016-04-01,14,7.3289958996315185
FOODS_2_197_CA_3_validation,2016-04-02,14,8.905117674423625
FOODS_2_197_CA_3_validation,2016-04-03,18,12.83263720149537
FOODS_2_197_CA_3_validation,2016-04-04,10,10.813872952133574
FOODS_2_197_CA_3_validation,2016-04-05,13,7.11814471191968
FOODS_2_197_CA_3_validation,2016-04-06,9,5.718547492097142
FOODS_2_197_CA_3_validation,2016-04-07,13,4.79926867315909
FOODS_2_197_CA_3_validation,2016-04-08,7,7.386827395487028
FOODS_2_197_CA_3_validation,2016-04-09,14,9.253667196830616
FOODS_2_197_CA_3_validation,2016-04-10,18,13.446092795740613
FOODS_2_197_CA_3_validation,2016-04-11,12,4.614718024043046
FOODS_2_197_CA_3_validation,2016-04-12,8,1.1239334088171127
FOODS_2_197_CA_3_validation,2016-04-13,11,0.0
FOODS_2_197_CA_3_validation,2016-04-14,7,0.0
FOODS_2_197_CA_3_validation,2016-04-15,6,1.8110509273076456
FOODS_2_197_CA_3_validation,2016-04-16,17,3.7527961943955965
FOODS_2_197_CA_3_validation,2016-04-17,14,7.990235151373537
FOODS_2_197_CA_3_validation,2016-04-18,8,6.225107365679543
FOODS_2_197_CA_3_validation,2016-04-19,3,2.727527510984692
FOODS_2_197_CA_3_validation,2016-04-20,3,1.472682481131149
FOODS_2_197_CA_3_validation,2016-04-21,8,0.6480381323644835
FOODS_2_197_CA_3_validation,2016-04-22,5,3.284438252003163
FOODS_2_197_CA_3_validation,2016-04-23,19,5.159531148421961
FOODS_2_197_CA_3_validation,2016-04-24,9,9.325519840154161
FOODS_2_276_CA_3_validation,2016-03-28,8,5.482420257239262
FOODS_2_276_CA_3_validation,2016-03-29,11,2.1669693621591346
FOODS_2_276_CA_3_validation,2016-03-30,9,0.0
FOODS_2_276_CA_3_validation,2016-03-31,10,0.0
FOODS_2_276_CA_3_validation,2016-04-01,7,3.33572301439784
FOODS_2_276_CA_3_validation,2016-04-02,8,7.730448205449399
FOODS_2_276_CA_3_validation,2016-04-03,14,9.898460299477156
FOODS_2_276_CA_3_validation,2016-04-04,12,8.330168501509899
FOODS_2_276_CA_3_validation,2016-04-05,16,5.18889687303901
FOODS_2_276_CA_3_validation,2016-04-06,8,3.107629795406736
FOODS_2_276_CA_3_validation,2016-04-07,5,2.137301327129672
FOODS_2_276_CA_3_validation,2016-04-08,6,2.120169272570742
FOODS_2_276_CA_3_validation,2016-04-09,15,6.823413475755406
FOODS_2_276_CA_3_validation,2016-04-10,15,9.316497789032049
FOODS_2_276_CA_3_validation,2016-04-11,10,3.0902897692249556
FOODS_2_276_CA_3_validation,2016-04-12,12,0.28289667351398506
FOODS_2_276_CA_3_validation,2016-04-13,4,0.0
FOODS_2_276_CA_3_validation,2016-04-14,7,0.0
FOODS_2_276_CA_3_validation,2016-04-15,8,0.0
FOODS_2_276_CA_3_validation,2016-04-16,8,3.0956811677872667
FOODS_2_276_CA_3_validation,2016-04-17,6,5.80837702000942
FOODS_2_276_CA_3_validation,2016-04-18,7,4.751921311968204
FOODS_2_276_CA_3_validation,2016-04-19,9,2.0775833704125732
FOODS_2_276_CA_3_validation,2016-04-20,7,0.40757197722148053
FOODS_2_276_CA_3_validation,2016-04-21,9,0.0
FOODS_2_276_CA_3_validation,2016-04-22,5,0.04062894329347699
FOODS_2_276_CA_3_validation,2016-04-23,7,4.940433264681328
FOODS_2_276_CA_3_validation,2016-04-24,3,7.549338902909207
FOODS_2_360_CA_3_validation,2016-03-28,18,9.854992878558992
FOODS_2_360_CA_3_validation,2016-03-29,15,9.45259292279314
FOODS_2_360_CA_3_validation,2016-03-30,11,8.745643147508432
FOODS_2_360_CA_3_validation,2016-03-31,14,7.602813600818546
FOODS_2_360_CA_3_validation,2016-04-01,14,19.054759055466178
FOODS_2_360_CA_3_validation,2016-04-02,27,21.189761582560685
FOODS_2_360_CA_3_validation,2016-04-03,7,24.24205090914557
FOODS_2_360_CA_3_validation,2016-04-04,19,19.391899166414042
FOODS_2_360_CA_3_validation,2016-04-05,14,18.916063880413667
FOODS_2_360_CA_3_validation,2016-04-06,42,18.14715353143388
FOODS_2_360_CA_3_validation,2016-04-07,17,16.953234479792986
FOODS_2_360_CA_3_validation,2016-04-08,6,17.154728630253935
FOODS_2_360_CA_3_validation,2016-04-09,25,19.258610086644772
FOODS_2_360_CA_3_validation,2016-04-10,26,22.288989695056543
FOODS_2_360_CA_3_validation,2016-04-11,32,6.216128051982475
FOODS_2_360_CA_3_validation,2016-04-12,25,5.7357912604109575
FOODS_2_360_CA_3_validation,2016-04-13,31,4.970864352459502
FOODS_2_360_CA_3_validation,2016-04-14,14,3.7894856242309216
FOODS_2_360_CA_3_validation,2016-04-15,16,4.012320068622962
FOODS_2_360_CA_3_validation,2016-04-16,17,6.146751972670426
FOODS_2_360_CA_3_validation,2016-04-17,22,9.217456758777622
FOODS_2_360_CA_3_validation,2016-04-18,17,4.405021520875591
FOODS_2_360_CA_3_validation,2016-04-19,11,3.9867567917308504
FOODS_2_360_CA_3_validation,2016-04-20,21,3.296045740264673
FOODS_2_360_CA_3_validation,2016-04-21,15,2.20192102419636
FOODS_2_360_CA_3_validation,2016-04-22,16,2.5259192769972234
FOODS_2_360_CA_3_validation,2016-04-23,4,4.7762225584398745
FOODS_2_360_CA_3_validation,2016-04-24,31,7.9781771946694615
FOODS_2_360_TX_3_validation,2016-03-28,12,4.360556482942659
FOODS_2_360_TX_3_validation,2016-03-29,1,1.691019736738279
FOODS_2_360_TX_3_validation,2016-03-30,19,0.4404499619771989
FOODS_2_360_TX_3_validation,2016-03-31,25,0.6750872015675404
FOODS_2_360_TX_3_validation,2016-04-01,0,7.324626137125783
FOODS_2_360_TX_3_validation,2016-04-02,0,1.6837220940294295
FOODS_2_360_TX_3_validation,2016-04-03,26,9.72008465688609
FOODS_2_360_TX_3_validation,2016-04-04,0,2.5496381803461405
FOODS_2_360_TX_3_validation,2016-04-05,0,6.889853647820971
FOODS_2_360_TX_3_validation,2016-04-06,17,6.037689408319226
FOODS_2_360_TX_3_validation,2016-04-07,19,6.661194639418863
FOODS_2_360_TX_3_validation,2016-04-08,4,0.4634138922497115
FOODS_2_360_TX_3_validation,2016-04-09,16,8.390106121171387
FOODS_2_360_TX_3_validation,2016-04-10,18,3.5258581878270245
FOODS_2_360_TX_3_validation,2016-04-11,48,9.858613263450769
FOODS_2_360_TX_3_validation,2016-04-12,24,7.834204233215797
FOODS_2_360_TX_3_validation,2016-04-13,23,7.185047872533292
FOODS_2_360_TX_3_validation,2016-04-14,20,1.3578825663324947
FOODS_2_360_TX_3_validation,2016-04-15,27,8.493389395787368
FOODS_2_360_TX_3_validation,2016-04-16,26,3.269991530399647
FOODS_2_360_TX_3_validation,2016-04-17,9,5.0409730378828215
FOODS_2_360_TX_3_validation,2016-04-18,13,4.748261005604341
FOODS_2_360_TX_3_validation,2016-04-19,20,2.669707596368076
FOODS_2_360_TX_3_validation,2016-04-20,36,1.931977919402095
FOODS_2_360_TX_3_validation,2016-04-21,9,2.596014315441417
FOODS_2_360_TX_3_validation,2016-04-22,25,2.978669369836607
FOODS_2_360_TX_3_validation,2016-04-23,18,4.202415536005381
FOODS_2_360_TX_3_validation,2016-04-24,11,5.797325173149055
FOODS_2_360_WI_2_validation,2016-03-28,32,32.70881444449016
FOODS_2_360_WI_2_validation,2016-03-29,24,33.593574193287985
FOODS_2_360_WI_2_validation,2016-03-30,28,33.616730965648195
FOODS_2_360_WI_2_validation,2016-03-31,30,34.28774247173723
FOODS_2_360_WI_2_validation,2016-04-01,54,33.30511658804267
FOODS_2_360_WI_2_validation,2016-04-02,106,54.51122464017705
FOODS_2_360_WI_2_validation,2016-04-03,70,53.48513021137801
FOODS_2_360_WI_2_validation,2016-04-04,76,38.56760284039477
FOODS_2_360_WI_2_validation,2016-04-05,101,55.93452193093758
FOODS_2_360_WI_2_validation,2016-04-06,86,55.32778310628281
FOODS_2_360_WI_2_validation,2016-04-07,70,38.267078476680325
FOODS_2_360_WI_2_validation,2016-04-08,95,53.71266057534357
FOODS_2_360_WI_2_validation,2016-04-09,169,57.17973617750914
FOODS_2_360_WI_2_validation,2016-04-10,79,38.4234077625384
FOODS_2_360_WI_2_validation,2016-04-11,122,57.043458083348106
FOODS_2_360_WI_2_validation,2016-04-12,123,56.71746326745901
FOODS_2_360_WI_2_validation,2016-04-13,40,38.444053161644646
FOODS_2_360_WI_2_validation,2016-04-14,84,54.99851207175347
FOODS_2_360_WI_2_validation,2016-04-15,73,52.83940462305044
FOODS_2_360_WI_2_validation,2016-04-16,51,38.73544654222346
FOODS_2_360_WI_2_validation,2016-04-17,35,36.6103556968918
FOODS_2_360_WI_2_validation,2016-04-18,42,37.727678635601364
FOODS_2_360_WI_2_validation,2016-04-19,43,37.016349075698024
FOODS_2_360_WI_2_validation,2016-04-20,34,35.47391198410366
FOODS_2_360_WI_2_validation,2016-04-21,68,34.622304723433984
FOODS_2_360_WI_2_validation,2016-04-22,51,32.170850781205374
FOODS_2_360_WI_2_validation,2016-04-23,46,34.887100623174476
FOODS_2_360_WI_2_validation,2016-04-24,30,32.52584735881016
FOODS_3_007_WI_2_validation,2016-03-28,0,4.453921769356141
FOODS_3_007_WI_2_validation,2016-03-29,0,3.7693953144164745
FOODS_3_007_WI_2_validation,2016-03-30,0,1.923136179246244
FOODS_3_007_WI_2_validation,2016-03-31,0,2.0493425590036622
FOODS_3_007_WI_2_validation,2016-04-01,0,3.0150212654765127
FOODS_3_007_WI_2_validation,2016-04-02,0,27.744022812254762
FOODS_3_007_WI_2_validation,2016-04-03,0,31.872659948674936
FOODS_3_007_WI_2_validation,2016-04-04,0,9.51205041366049
FOODS_3_007_WI_2_validation,2016-04-05,4,24.307922534303742
FOODS_3_007_WI_2_validation,2016-04-06,75,22.183869664275615
FOODS_3_007_WI_2_validation,2016-04-07,128,6.283613533421222
FOODS_3_007_WI_2_validation,2016-04-08,87,22.605575495937458
FOODS_3_007_WI_2_validation,2016-04-09,85,31.254368502092085
FOODS_3_007_WI_2_validation,2016-04-10,89,19.290095459441122
FOODS_3_007_WI_2_validation,2016-04-11,12,27.954319311314464
FOODS_3_007_WI_2_validation,2016-04-12,1,26.65739298371
FOODS_3_007_WI_2_validation,2016-04-13,3,8.451611760408941
FOODS_3_007_WI_2_validation,2016-04-14,43,23.6082998942682
FOODS_3_007_WI_2_validation,2016-04-15,121,23.887246112308148
FOODS_3_007_WI_2_validation,2016-04-16,5,16.518215186151625
FOODS_3_007_WI_2_validation,2016-04-17,0,19.977969039774752
FOODS_3_007_WI_2_validation,2016-04-18,42,12.680132870949109
FOODS_3_007_WI_2_validation,2016-04-19,39,11.156535260127658
FOODS_3_007_WI_2_validation,2016-04-20,6,8.458198660340344
FOODS_3_007_WI_2_validation,2016-04-21,16,7.732558898802399
FOODS_3_007_WI_2_validation,2016-04-22,24,7.858096584176115
FOODS_3_007_WI_2_validation,2016-04-23,58,16.060988666392703
FOODS_3_007_WI_2_validation,2016-04-24,42,19.399546540607336
FOODS_3_030_TX_2_validation,2016-03-28,22,3.1633931292431923
FOODS_3_030_TX_2_validation,2016-03-29,5,1.3752610182857987
FOODS_3_030_TX_2_validation,2016-03-30,12,2.8725756519430616
FOODS_3_030_TX_2_validation,2016-03-31,17,3.0002005900738435
FOODS_3_030_TX_2_validation,2016-04-01,19,8.48248107682932
FOODS_3_030_TX_2_validation,2016-04-02,20,14.02750023503156
FOODS_3_030_TX_2_validation,2016-04-03,29,13.766933817152621
FOODS_3_030_TX_2_validation,2016-04-04,27,4.799932522870805
FOODS_3_030_TX_2_validation,2016-04-05,20,4.3045949871102716
FOODS_3_030_TX_2_validation,2016-04-06,16,5.861197932096703
FOODS_3_030_TX_2_validation,2016-04-07,14,5.99749634605357
FOODS_3_030_TX_2_validation,2016-04-08,23,9.066677786983222
FOODS_3_030_TX_2_validation,2016-04-09,20,16.88685029982091
FOODS_3_030_TX_2_validation,2016-04-10,36,14.110560656002187
FOODS_3_030_TX_2_validation,2016-04-11,18,7.319175228573863
FOODS_3_030_TX_2_validation,2016-04-12,15,5.398818895491596
FOODS_3_030_TX_2_validation,2016-04-13,14,6.673988215608485
FOODS_3_030_TX_2_validation,2016-04-14,26,5.30750004741663
FOODS_3_030_TX_2_validation,2016-04-15,13,10.398550612879317
FOODS_3_030_TX_2_validation,2016-04-16,19,15.476807967633755
FOODS_3_030_TX_2_validation,2016-04-17,21,13.497210098980712
FOODS_3_030_TX_2_validation,2016-04-18,16,5.123767167399636
FOODS_3_030_TX_2_validation,2016-04-19,12,2.805669323353616
FOODS_3_030_TX_2_validation,2016-04-20,11,3.690531174869383
FOODS_3_030_TX_2_validation,2016-04-21,20,3.1342641407110596
FOODS_3_030_TX_2_validation,2016-04-22,12,6.688860069388614
FOODS_3_030_TX_2_validation,2016-04-23,33,12.63149240124735
FOODS_3_030_TX_2_validation,2016-04-24,24,10.36891723010173
FOODS_3_030_TX_3_validation,2016-03-28,16,5.284863715867907
FOODS_3_030_TX_3_validation,2016-03-29,20,4.258913071802011
FOODS_3_030_TX_3_validation,2016-03-30,30,5.05300300691307
FOODS_3_030_TX_3_validation,2016-03-31,11,5.4896814771202855
FOODS_3_030_TX_3_validation,2016-04-01,24,11.10172259191625
FOODS_3_030_TX_3_validation,2016-04-02,18,14.25156790266199
FOODS_3_030_TX_3_validation,2016-04-03,22,15.729365198455934
FOODS_3_030_TX_3_validation,2016-04-04,14,9.25537699326149
FOODS_3_030_TX_3_validation,2016-04-05,18,10.348525519061585
FOODS_3_030_TX_3_validation,2016-04-06,18,11.442487750414593
FOODS_3_030_TX_3_validation,2016-04-07,19,12.069951443056903
FOODS_3_030_TX_3_validation,2016-04-08,21,14.31615188991333
FOODS_3_030_TX_3_validation,2016-04-09,18,20.860653871358558
FOODS_3_030_TX_3_validation,2016-04-10,23,18.7312358328175
FOODS_3_030_TX_3_validation,2016-04-11,16,15.41214515725171
FOODS_3_030_TX_3_validation,2016-04-12,4,14.38655655103768
FOODS_3_030_TX_3_validation,2016-04-13,17,14.977554825752867
FOODS_3_030_TX_3_validation,2016-04-14,20,13.288846990390647
FOODS_3_030_TX_3_validation,2016-04-15,17,18.300306976301755
FOODS_3_030_TX_3_validation,2016-04-16,27,20.66606871828036
FOODS_3_030_TX_3_validation,2016-04-17,27,19.47281820815219
FOODS_3_030_TX_3_validation,2016-04-18,16,13.622514141244384
FOODS_3_030_TX_3_validation,2016-04-19,21,11.77821234983059
FOODS_3_030_TX_3_validation,2016-04-20,15,11.562189599867363
FOODS_3_030_TX_3_validation,2016-04-21,24,10.817292570259632
FOODS_3_030_TX_3_validation,2016-04-22,20,13.380807108095732
FOODS_3_030_TX_3_validation,2016-04-23,24,16.804207248860788
FOODS_3_030_TX_3_validation,2016-04-24,17,15.028295398721998
FOODS_3_080_CA_1_validation,2016-03-28,16,14.537868641703483
FOODS_3_080_CA_1_validation,2016-03-29,27,14.569763257029528
FOODS_3_080_CA_1_validation,2016-03-30,7,14.606715195599872
FOODS_3_080_CA_1_validation,2016-03-31,13,15.096831739530103
FOODS_3_080_CA_1_validation,2016-04-01,28,19.40244717145697
FOODS_3_080_CA_1_validation,2016-04-02,31,26.450824004471233
FOODS_3_080_CA_1_validation,2016-04-03,20,23.034300736421653
FOODS_3_080_CA_1_validation,2016-04-04,21,16.111782551905705
FOODS_3_080_CA_1_validation,2016-04-05,17,16.059898269649906
FOODS_3_080_CA_1_validation,2016-04-06,26,16.004463102024626
FOODS_3_080_CA_1_validation,2016-04-07,11,16.395394166762948
FOODS_3_080_CA_1_validation,2016-04-08,14,19.89769343157055
FOODS_3_080_CA_1_validation,2016-04-09,21,26.83964164696866
FOODS_3_080_CA_1_validation,2016-04-10,12,23.316577643486678
FOODS_3_080_CA_1_validation,2016-04-11,19,15.590482636122271
FOODS_3_080_CA_1_validation,2016-04-12,17,15.439226476267994
FOODS_3_080_CA_1_validation,2016-04-13,17,15.291649228536105
FOODS_3_080_CA_1_validation,2016-04-14,10,15.599948733492782
FOODS_3_080_CA_1_validation,2016-04-15,16,19.03121070296841
FOODS_3_080_CA_1_validation,2016-04-16,23,25.915539100788457
FOODS_3_080_CA_1_validation,2016-04-17,23,22.3497778469387
FOODS_3_080_CA_1_validation,2016-04-18,15,15.296430702791483
FOODS_3_080_CA_1_validation,2016-04-19,12,15.135325833875978
FOODS_3_080_CA_1_validation,2016-04-20,30,14.994980073815137
FOODS_3_080_CA_1_validation,2016-04-21,13,15.32742763907967
FOODS_3_080_CA_1_validation,2016-04-22,10,18.799130836337895
FOODS_3_080_CA_1_validation,2016-04-23,25,25.739118789285953
FOODS_3_080_CA_1_validation,2016-04-24,25,22.24273056091518
FOODS_3_080_TX_2_validation,2016-03-28,9,14.469619925162647
FOODS_3_080_TX_2_validation,2016-03-29,24,13.693357892471493
FOODS_3_080_TX_2_validation,2016-03-30,12,14.46663483204325
FOODS_3_080_TX_2_validation,2016-03-31,15,14.65142656847674
FOODS_3_080_TX_2_validation,2016-04-01,22,18.11148082598327
FOODS_3_080_TX_2_validation,2016-04-02,10,20.220160115831728
FOODS_3_080_TX_2_validation,2016-04-03,14,19.160904015469576
FOODS_3_080_TX_2_validation,2016-04-04,17,14.755832404667126
FOODS_3_080_TX_2_validation,2016-04-05,8,14.204144675623835
FOODS_3_080_TX_2_validation,2016-04-06,19,14.940825067309985
FOODS_3_080_TX_2_validation,2016-04-07,14,15.08273065285659
FOODS_3_080_TX_2_validation,2016-04-08,21,17.98551496578748
FOODS_3_080_TX_2_validation,2016-04-09,12,20.549699332128835
FOODS_3_080_TX_2_validation,2016-04-10,25,18.924629100071098
FOODS_3_080_TX_2_validation,2016-04-11,14,14.96862465206979
FOODS_3_080_TX_2_validation,2016-04-12,12,14.101394555203703
FOODS_3_080_TX_2_validation,2016-04-13,16,14.776738935984921
FOODS_3_080_TX_2_validation,2016-04-14,12,14.604046752986518
FOODS_3_080_TX_2_validation,2016-04-15,22,17.95781409530906
FOODS_3_080_TX_2_validation,2016-04-16,20,19.95912380625122
FOODS_3_080_TX_2_validation,2016-04-17,21,18.53921205525842
FOODS_3_080_TX_2_validation,2016-04-18,15,14.285559107038718
FOODS_3_080_TX_2_validation,2016-04-19,16,13.381989160388425
FOODS_3_080_TX_2_validation,2016-04-20,8,14.028720613585831
FOODS_3_080_TX_2_validation,2016-04-21,23,14.090158042007774
FOODS_3_080_TX_2_validation,2016-04-22,12,17.178081443554895
FOODS_3_080_TX_2_validation,2016-04-23,18,19.431359858965475
FOODS_3_080_TX_2_validation,2016-04-24,16,18.018114225362787
FOODS_3_090_CA_1_validation,2016-03-28,25,23.99290962079338
FOODS_3_090_CA_1_validation,2016-03-29,47,20.623541340310624
FOODS_3_090_CA_1_validation,2016-03-30,23,21.087292289541665
FOODS_3_090_CA_1_validation,2016-03-31,21,22.391254150946086
FOODS_3_090_CA_1_validation,2016-04-01,72,45.2497260342886
FOODS_3_090_CA_1_validation,2016-04-02,58,60.7453692767794
FOODS_3_090_CA_1_validation,2016-04-03,54,52.26269681073403
FOODS_3_090_CA_1_validation,2016-04-04,42,22.95054196983986
FOODS_3_090_CA_1_validation,2016-04-05,29,19.684074118724034
FOODS_3_090_CA_1_validation,2016-04-06,53,20.371022126809528
FOODS_3_090_CA_1_validation,2016-04-07,39,22.00988586576349
FOODS_3_090_CA_1_validation,2016-04-08,42,42.479170828045
FOODS_3_090_CA_1_validation,2016-04-09,83,58.497958948852784
FOODS_3_090_CA_1_validation,2016-04-10,83,50.61091989797171
FOODS_3_090_CA_1_validation,2016-04-11,48,19.125477151321903
FOODS_3_090_CA_1_validation,2016-04-12,26,16.548549039934745
FOODS_3_090_CA_1_validation,2016-04-13,41,17.944378177909325
FOODS_3_090_CA_1_validation,2016-04-14,44,20.2922976019565
FOODS_3_090_CA_1_validation,2016-04-15,47,41.45156003664304
FOODS_3_090_CA_1_validation,2016-04-16,82,58.122296694771464
FOODS_3_090_CA_1_validation,2016-04-17,83,50.83090926960667
FOODS_3_090_CA_1_validation,2016-04-18,30,22.692395887105903
FOODS_3_090_CA_1_validation,2016-04-19,45,20.54826397483633
FOODS_3_090_CA_1_validation,2016-04-20,29,22.273438696360337
FOODS_3_090_CA_1_validation,2016-04-21,53,24.835140969264824
FOODS_3_090_CA_1_validation,2016-04-22,87,46.082757879722024
FOODS_3_090_CA_1_validation,2016-04-23,95,62.70900694830443
FOODS_3_090_CA_1_validation,2016-04-24,42,55.235487735240824
FOODS_3_090_CA_2_validation,2016-03-28,50,34.64395927952577
FOODS_3_090_CA_2_validation,2016-03-29,18,34.48464488365623
FOODS_3_090_CA_2_validation,2016-03-30,30,36.20310250886745
FOODS_3_090_CA_2_validation,2016-03-31,32,37.54546955250211
FOODS_3_090_CA_2_validation,2016-04-01,53,42.32485081150218
FOODS_3_090_CA_2_validation,2016-04-02,59,51.855685044922765
FOODS_3_090_CA_2_validation,2016-04-03,53,45.57284295536871
FOODS_3_090_CA_2_validation,2016-04-04,19,32.07921145095102
FOODS_3_090_CA_2_validation,2016-04-05,21,32.04685818096264
FOODS_3_090_CA_2_validation,2016-04-06,29,33.95180548211018
FOODS_3_090_CA_2_validation,2016-04-07,41,35.535461770023474
FOODS_3_090_CA_2_validation,2016-04-08,70,40.76220806911589
FOODS_3_090_CA_2_validation,2016-04-09,82,50.62572244082409
FOODS_3_090_CA_2_validation,2016-04-10,62,44.71042911516437
FOODS_3_090_CA_2_validation,2016-04-11,27,31.768106321577683
FOODS_3_090_CA_2_validation,2016-04-12,34,32.148085035301705
FOODS_3_090_CA_2_validation,2016-04-13,37,34.47440586386918
FOODS_3_090_CA_2_validation,2016-04-14,49,36.479260841359896
FOODS_3_090_CA_2_validation,2016-04-15,70,42.11778271904448
FOODS_3_090_CA_2_validation,2016-04-16,79,52.37453492924451
FOODS_3_090_CA_2_validation,2016-04-17,62,46.825124247688166
FOODS_3_090_CA_2_validation,2016-04-18,65,34.05592973419853
FOODS_3_090_CA_2_validation,2016-04-19,29,34.722604618568965
FOODS_3_090_CA_2_validation,2016-04-20,40,37.285148455277835
FOODS_3_090_CA_2_validation,2016-04-21,24,39.469630597833046
FOODS_3_090_CA_2_validation,2016-04-22,91,45.22605794887031
FOODS_3_090_CA_2_validation,2016-04-23,73,55.534965151680446
FOODS_3_090_CA_2_validation,2016-04-24,60,49.96910963651535
FOODS_3_090_CA_3_validation,2016-03-28,61,59.735202464870056
FOODS_3_090_CA_3_validation,2016-03-29,62,47.3680364775066
FOODS_3_090_CA_3_validation,2016-03-30,71,46.73186946983148
FOODS_3_090_CA_3_validation,2016-03-31,130,54.090794306837765
FOODS_3_090_CA_3_validation,2016-04-01,156,90.93348179947019
FOODS_3_090_CA_3_validation,2016-04-02,133,115.61423823417684
FOODS_3_090_CA_3_validation,2016-04-03,114,79.61543586606098
FOODS_3_090_CA_3_validation,2016-04-04,80,54.82478486989882
FOODS_3_090_CA_3_validation,2016-04-05,75,43.368150187847505
FOODS_3_090_CA_3_validation,2016-04-06,113,43.87382961911778
FOODS_3_090_CA_3_validation,2016-04-07,81,52.570853945978214
FOODS_3_090_CA_3_validation,2016-04-08,107,86.17337361497415
FOODS_3_090_CA_3_validation,2016-04-09,160,112.46435346099022
FOODS_3_090_CA_3_validation,2016-04-10,124,78.14653746349124
FOODS_3_090_CA_3_validation,2016-04-11,107,50.327010281832514
FOODS_3_090_CA_3_validation,2016-04-12,84,40.557299989560626
FOODS_3_090_CA_3_validation,2016-04-13,88,42.686180182397045
FOODS_3_090_CA_3_validation,2016-04-14,90,52.90059303305988
FOODS_3_090_CA_3_validation,2016-04-15,129,87.87551352639387
FOODS_3_090_CA_3_validation,2016-04-16,160,115.35844760309045
FOODS_3_090_CA_3_validation,2016-04-17,204,82.02109580144473
FOODS_3_090_CA_3_validation,2016-04-18,86,59.67991160613567
FOODS_3_090_CA_3_validation,2016-04-19,100,50.39500022654849
FOODS_3_090_CA_3_validation,2016-04-20,88,52.73573376185948
FOODS_3_090_CA_3_validation,2016-04-21,77,62.88020355003831
FOODS_3_090_CA_3_validation,2016-04-22,141,97.500554339165
FOODS_3_090_CA_3_validation,2016-04-23,139,124.34740738967683
FOODS_3_090_CA_3_validation,2016-04-24,130,90.1013257524551
FOODS_3_090_CA_4_validation,2016-03-28,19,19.551396051764897
FOODS_3_090_CA_4_validation,2016-03-29,20,18.63151546747287
FOODS_3_090_CA_4_validation,2016-03-30,18,18.146155781687412
FOODS_3_090_CA_4_validation,2016-03-31,20,20.067629877648265
FOODS_3_090_CA_4_validation,2016-04-01,52,28.645968089044388
FOODS_3_090_CA_4_validation,2016-04-02,34,35.61062329374785
FOODS_3_090_CA_4_validation,2016-04-03,30,28.52483817786762
FOODS_3_090_CA_4_validation,2016-04-04,19,18.903371870223076
FOODS_3_090_CA_4_validation,2016-04-05,16,18.148733153508037
FOODS_3_090_CA_4_validation,2016-04-06,22,17.87964462182289
FOODS_3_090_CA_4_validation,2016-04-07,31,20.060351994984796
FOODS_3_090_CA_4_validation,2016-04-08,30,28.030777697894216
FOODS_3_090_CA_4_validation,2016-04-09,32,35.313274112306516
FOODS_3_090_CA_4_validation,2016-04-10,32,28.559999734818046
FOODS_3_090_CA_4_validation,2016-04-11,23,18.374497734775264
FOODS_3_090_CA_4_validation,2016-04-12,26,17.95177674291735
FOODS_3_090_CA_4_validation,2016-04-13,17,17.999771161600055
FOODS_3_090_CA_4_validation,2016-04-14,17,20.47367838248895
FOODS_3_090_CA_4_validation,2016-04-15,48,28.705098075297073
FOODS_3_090_CA_4_validation,2016-04-16,32,36.208953008469464
FOODS_3_090_CA_4_validation,2016-04-17,36,29.631006927261176
FOODS_3_090_CA_4_validation,2016-04-18,30,20.47076129793836
FOODS_3_090_CA_4_validation,2016-04-19,19,20.11680138295957
FOODS_3_090_CA_4_validation,2016-04-20,35,20.17553773280325
FOODS_3_090_CA_4_validation,2016-04-21,31,22.600747759533384
FOODS_3_090_CA_4_validation,2016-04-22,15,30.72391286387199
FOODS_3_090_CA_4_validation,2016-04-23,24,38.061104200413425
FOODS_3_090_CA_4_validation,2016-04-24,18,31.26043930937083
FOODS_3_090_TX_1_validation,2016-03-28,36,35.27185559073095
FOODS_3_090_TX_1_validation,2016-03-29,35,29.412684206125952
FOODS_3_090_TX_1_validation,2016-03-30,43,30.618488735275015
FOODS_3_090_TX_1_validation,2016-03-31,57,30.76916328071924
FOODS_3_090_TX_1_validation,2016-04-01,44,42.44948792954763
FOODS_3_090_TX_1_validation,2016-04-02,81,50.86197597430205
FOODS_3_090_TX_1_validation,2016-04-03,67,48.7566737646903
FOODS_3_090_TX_1_validation,2016-04-04,56,32.63019044822414
FOODS_3_090_TX_1_validation,2016-04-05,50,28.05222332290278
FOODS_3_090_TX_1_validation,2016-04-06,43,29.399585559803924
FOODS_3_090_TX_1_validation,2016-04-07,42,29.778254572261154
FOODS_3_090_TX_1_validation,2016-04-08,59,39.30754925708272
FOODS_3_090_TX_1_validation,2016-04-09,64,50.56103762434885
FOODS_3_090_TX_1_validation,2016-04-10,79,46.440583325117764
FOODS_3_090_TX_1_validation,2016-04-11,55,33.26998854500036
FOODS_3_090_TX_1_validation,2016-04-12,35,27.997522592751242
FOODS_3_090_TX_1_validation,2016-04-13,35,29.90538049025927
FOODS_3_090_TX_1_validation,2016-04-14,36,29.625192603490753
FOODS_3_090_TX_1_validation,2016-04-15,60,42.18028933543464
FOODS_3_090_TX_1_validation,2016-04-16,68,51.520108364350435
FOODS_3_090_TX_1_validation,2016-04-17,69,49.13993377562553
FOODS_3_090_TX_1_validation,2016-04-18,48,35.199722687480126
FOODS_3_090_TX_1_validation,2016-04-19,34,30.323250981243525
FOODS_3_090_TX_1_validation,2016-04-20,49,32.5501292708964
FOODS_3_090_TX_1_validation,2016-04-21,39,33.73049861269317
FOODS_3_090_TX_1_validation,2016-04-22,59,45.18868546442196
FOODS_3_090_TX_1_validation,2016-04-23,45,55.78580055049592
FOODS_3_090_TX_1_validation,2016-04-24,58,53.32228075655209
FOODS_3_090_TX_2_validation,2016-03-28,48,39.154086010746724
FOODS_3_090_TX_2_validation,2016-03-29,23,32.76070038366663
FOODS_3_090_TX_2_validation,2016-03-30,45,37.807036428698446
FOODS_3_090_TX_2_validation,2016-03-31,60,34.65785497239297
FOODS_3_090_TX_2_validation,2016-04-01,48,47.70980183542308
FOODS_3_090_TX_2_validation,2016-04-02,101,61.61009315881119
FOODS_3_090_TX_2_validation,2016-04-03,107,54.93313104582947
FOODS_3_090_TX_2_validation,2016-04-04,61,33.590756757138635
FOODS_3_090_TX_2_validation,2016-04-05,50,30.534033449675057
FOODS_3_090_TX_2_validation,2016-04-06,31,36.355087020342644
FOODS_3_090_TX_2_validation,2016-04-07,49,34.090550459853546
FOODS_3_090_TX_2_validation,2016-04-08,86,42.71509926116281
FOODS_3_090_TX_2_validation,2016-04-09,102,63.03007711429364
FOODS_3_090_TX_2_validation,2016-04-10,69,52.00247809720633
FOODS_3_090_TX_2_validation,2016-04-11,53,37.09195705024168
FOODS_3_090_TX_2_validation,2016-04-12,48,32.340161077415715
FOODS_3_090_TX_2_validation,2016-04-13,34,39.100470625485976
FOODS_3_090_TX_2_validation,2016-04-14,40,34.989696575793175
FOODS_3_090_TX_2_validation,2016-04-15,68,49.74859250607838
FOODS_3_090_TX_2_validation,2016-04-16,124,65.27857888653068
FOODS_3_090_TX_2_validation,2016-04-17,86,57.41112202656222
FOODS_3_090_TX_2_validation,2016-04-18,43,40.107848691026376
FOODS_3_090_TX_2_validation,2016-04-19,61,35.49406689109846
FOODS_3_090_TX_2_validation,2016-04-20,46,42.2221936799829
FOODS_3_090_TX_2_validation,2016-04-21,35,40.606628408086614
FOODS_3_090_TX_2_validation,2016-04-22,54,52.300940000323045
FOODS_3_090_TX_2_validation,2016-04-23,83,70.00356632651065
FOODS_3_090_TX_2_validation,2016-04-24,73,61.46608509384493
FOODS_3_090_TX_3_validation,2016-03-28,42,53.98943141846547
FOODS_3_090_TX_3_validation,2016-03-29,10,46.568439168969924
FOODS_3_090_TX_3_validation,2016-03-30,50,47.41418286196091
FOODS_3_090_TX_3_validation,2016-03-31,68,48.67138291899097
FOODS_3_090_TX_3_validation,2016-04-01,59,62.49994045062954
FOODS_3_090_TX_3_validation,2016-04-02,74,76.31715757603163
FOODS_3_090_TX_3_validation,2016-04-03,74,66.12217669944354
FOODS_3_090_TX_3_validation,2016-04-04,41,49.626147196812695
FOODS_3_090_TX_3_validation,2016-04-05,45,46.01375609565334
FOODS_3_090_TX_3_validation,2016-04-06,61,46.9824555335543
FOODS_3_090_TX_3_validation,2016-04-07,45,48.47957832374926
FOODS_3_090_TX_3_validation,2016-04-08,56,55.033686056184514
FOODS_3_090_TX_3_validation,2016-04-09,97,76.91232158282135
FOODS_3_090_TX_3_validation,2016-04-10,85,59.616170365175854
FOODS_3_090_TX_3_validation,2016-04-11,74,51.323966875833655
FOODS_3_090_TX_3_validation,2016-04-12,43,44.52949054829551
FOODS_3_090_TX_3_validation,2016-04-13,48,46.1536638822929
FOODS_3_090_TX_3_validation,2016-04-14,48,44.50389631945416
FOODS_3_090_TX_3_validation,2016-04-15,84,59.33159921426042
FOODS_3_090_TX_3_validation,2016-04-16,75,74.21217261491263
FOODS_3_090_TX_3_validation,2016-04-17,83,61.30156890938059
FOODS_3_090_TX_3_validation,2016-04-18,81,49.70908476917659
FOODS_3_090_TX_3_validation,2016-04-19,46,43.344317520380606
FOODS_3_090_TX_3_validation,2016-04-20,53,45.30382071080148
FOODS_3_090_TX_3_validation,2016-04-21,43,47.693616488911005
FOODS_3_090_TX_3_validation,2016-04-22,70,58.824072864713045
FOODS_3_090_TX_3_validation,2016-04-23,102,77.50537374114589
FOODS_3_090_TX_3_validation,2016-04-24,66,64.4575064494889
FOODS_3_090_WI_3_validation,2016-03-28,7,58.44663798940218
FOODS_3_090_WI_3_validation,2016-03-29,63,52.46481028863381
FOODS_3_090_WI_3_validation,2016-03-30,70,52.23097366218304
FOODS_3_090_WI_3_validation,2016-03-31,64,53.82292688923395
FOODS_3_090_WI_3_validation,2016-04-01,101,74.95544422854259
FOODS_3_090_WI_3_validation,2016-04-02,119,103.51054329166408
FOODS_3_090_WI_3_validation,2016-04-03,110,83.2306085358678
FOODS_3_090_WI_3_validation,2016-04-04,71,50.061539735639876
FOODS_3_090_WI_3_validation,2016-04-05,46,51.21966806307123
FOODS_3_090_WI_3_validation,2016-04-06,43,50.734653871291044
FOODS_3_090_WI_3_validation,2016-04-07,43,44.69171655298156
FOODS_3_090_WI_3_validation,2016-04-08,107,73.45524469234415
FOODS_3_090_WI_3_validation,2016-04-09,131,94.7136106539961
FOODS_3_090_WI_3_validation,2016-04-10,108,67.30296212673821
FOODS_3_090_WI_3_validation,2016-04-11,50,49.80770142702774
FOODS_3_090_WI_3_validation,2016-04-12,52,44.14220528982567
FOODS_3_090_WI_3_validation,2016-04-13,52,36.96727772986391
FOODS_3_090_WI_3_validation,2016-04-14,68,46.99589166869376
FOODS_3_090_WI_3_validation,2016-04-15,102,69.28040008797235
FOODS_3_090_WI_3_validation,2016-04-16,146,84.13117101263163
FOODS_3_090_WI_3_validation,2016-04-17,112,65.45561706935558
FOODS_3_090_WI_3_validation,2016-04-18,70,41.616597311119264
FOODS_3_090_WI_3_validation,2016-04-19,61,37.14553831998147
FOODS_3_090_WI_3_validation,2016-04-20,60,38.674289034312224
FOODS_3_090_WI_3_validation,2016-04-21,70,42.24152683838649
FOODS_3_090_WI_3_validation,2016-04-22,70,65.5173563980214
FOODS_3_090_WI_3_validation,2016-04-23,171,88.78590379029279
FOODS_3_090_WI_3_validation,2016-04-24,91,70.83351894512629
FOODS_3_099_TX_2_validation,2016-03-28,13,13.637365884580635
FOODS_3_099_TX_2_validation,2016-03-29,18,11.00432641121954
FOODS_3_099_TX_2_validation,2016-03-30,8,9.598874750071756
FOODS_3_099_TX_2_validation,2016-03-31,17,7.7091579640311565
FOODS_3_099_TX_2_validation,2016-04-01,9,11.85501077310262
FOODS_3_099_TX_2_validation,2016-04-02,12,11.522309232488299
FOODS_3_099_TX_2_validation,2016-04-03,25,18.06805627583597
FOODS_3_099_TX_2_validation,2016-04-04,15,12.73642229449906
FOODS_3_099_TX_2_validation,2016-04-05,10,13.743557049813267
FOODS_3_099_TX_2_validation,2016-04-06,15,12.308628643587582
FOODS_3_099_TX_2_validation,2016-04-07,10,10.402449775449297
FOODS_3_099_TX_2_validation,2016-04-08,12,7.18512035746765
FOODS_3_099_TX_2_validation,2016-04-09,23,14.227342529348796
FOODS_3_099_TX_2_validation,2016-04-10,23,13.44146592945242
FOODS_3_099_TX_2_validation,2016-04-11,15,15.516628516872457
FOODS_3_099_TX_2_validation,2016-04-12,20,12.90383270866258
FOODS_3_099_TX_2_validation,2016-04-13,10,11.54357321799677
FOODS_3_099_TX_2_validation,2016-04-14,13,6.043679663460496
FOODS_3_099_TX_2_validation,2016-04-15,10,10.284662485971943
FOODS_3_099_TX_2_validation,2016-04-16,16,10.070272444636997
FOODS_3_099_TX_2_validation,2016-04-17,21,13.074553246929211
FOODS_3_099_TX_2_validation,2016-04-18,15,11.580512580450833
FOODS_3_099_TX_2_validation,2016-04-19,14,9.078033482259569
FOODS_3_099_TX_2_validation,2016-04-20,13,7.823956495129835
FOODS_3_099_TX_2_validation,2016-04-21,9,6.103840611372641
FOODS_3_099_TX_2_validation,2016-04-22,17,6.753579750876176
FOODS_3_099_TX_2_validation,2016-04-23,19,10.297054064813416
FOODS_3_099_TX_2_validation,2016-04-24,17,13.364340734009748
FOODS_3_120_CA_1_validation,2016-03-28,34,41.4439769888884
FOODS_3_120_CA_1_validation,2016-03-29,62,41.27344289841192
FOODS_3_120_CA_1_validation,2016-03-30,21,40.60235040321477
FOODS_3_120_CA_1_validation,2016-03-31,29,39.456889189053854
FOODS_3_120_CA_1_validation,2016-04-01,44,47.225837725395465
FOODS_3_120_CA_1_validation,2016-04-02,109,59.236895410769534
FOODS_3_120_CA_1_validation,2016-04-03,126,62.922043755603895
FOODS_3_120_CA_1_validation,2016-04-04,24,41.199155265519536
FOODS_3_120_CA_1_validation,2016-04-05,0,40.97832796669368
FOODS_3_120_CA_1_validation,2016-04-06,0,40.355455924040584
FOODS_3_120_CA_1_validation,2016-04-07,0,39.35770565418416
FOODS_3_120_CA_1_validation,2016-04-08,58,43.88743731695939
FOODS_3_120_CA_1_validation,2016-04-09,55,56.23961581299018
FOODS_3_120_CA_1_validation,2016-04-10,0,60.35565236093096
FOODS_3_120_CA_1_validation,2016-04-11,2,35.66091417527197
FOODS_3_120_CA_1_validation,2016-04-12,0,36.026999442159024
FOODS_3_120_CA_1_validation,2016-04-13,0,36.05390641983291
FOODS_3_120_CA_1_validation,2016-04-14,38,35.756783197327955
FOODS_3_120_CA_1_validation,2016-04-15,60,41.024828680863635
FOODS_3_120_CA_1_validation,2016-04-16,52,54.13897024901958
FOODS_3_120_CA_1_validation,2016-04-17,56,59.0259888417862
FOODS_3_120_CA_1_validation,2016-04-18,6,38.581587492064926
FOODS_3_120_CA_1_validation,2016-04-19,43,39.69190899530366
FOODS_3_120_CA_1_validation,2016-04-20,48,40.42758913534262
FOODS_3_120_CA_1_validation,2016-04-21,47,40.78974108500354
FOODS_3_120_CA_1_validation,2016-04-22,39,46.654399397011204
FOODS_3_120_CA_1_validation,2016-04-23,59,60.290458029963226
FOODS_3_120_CA_1_validation,2016-04-24,59,65.61403230002689
FOODS_3_120_CA_3_validation,2016-03-28,46,83.38162816441938
FOODS_3_120_CA_3_validation,2016-03-29,58,81.72644150792236
FOODS_3_120_CA_3_validation,2016-03-30,56,79.92981587951333
FOODS_3_120_CA_3_validation,2016-03-31,36,78.72419817545284
FOODS_3_120_CA_3_validation,2016-04-01,56,82.60720674298696
FOODS_3_120_CA_3_validation,2016-04-02,61,95.72868142287983
FOODS_3_120_CA_3_validation,2016-04-03,59,95.39610679471227
FOODS_3_120_CA_3_validation,2016-04-04,71,84.67593791139973
FOODS_3_120_CA_3_validation,2016-04-05,73,82.93136074154424
FOODS_3_120_CA_3_validation,2016-04-06,63,81.12311151190318
FOODS_3_120_CA_3_validation,2016-04-07,43,79.97989679565309
FOODS_3_120_CA_3_validation,2016-04-08,47,80.86569093592756
FOODS_3_120_CA_3_validation,2016-04-09,61,94.17883573714528
FOODS_3_120_CA_3_validation,2016-04-10,84,94.08990646306225
FOODS_3_120_CA_3_validation,2016-04-11,57,80.5272094132223
FOODS_3_120_CA_3_validation,2016-04-12,86,79.09874674653469
FOODS_3_120_CA_3_validation,2016-04-13,89,77.62557530322452
FOODS_3_120_CA_3_validation,2016-04-14,142,76.82443460890305
FOODS_3_120_CA_3_validation,2016-04-15,46,78.0474297331763
FOODS_3_120_CA_3_validation,2016-04-16,66,91.68147647988448
FOODS_3_120_CA_3_validation,2016-04-17,72,91.88649780529983
FOODS_3_120_CA_3_validation,2016-04-18,77,81.70919285325164
FOODS_3_120_CA_3_validation,2016-04-19,71,80.49341323965578
FOODS_3_120_CA_3_validation,2016-04-20,69,79.1815468148002
FOODS_3_120_CA_3_validation,2016-04-21,66,78.48546944263141
FOODS_3_120_CA_3_validation,2016-04-22,43,79.75432644657764
FOODS_3_120_CA_3_validation,2016-04-23,81,93.37405509321137
FOODS_3_120_CA_3_validation,2016-04-24,98,93.50560034898342
FOODS_3_120_WI_3_validation,2016-03-28,2,28.57268695590065
FOODS_3_120_WI_3_validation,2016-03-29,17,31.43648088085335
FOODS_3_120_WI_3_validation,2016-03-30,19,27.243498478107043
FOODS_3_120_WI_3_validation,2016-03-31,27,28.275642848754806
FOODS_3_120_WI_3_validation,2016-04-01,18,28.621867821181485
FOODS_3_120_WI_3_validation,2016-04-02,56,41.55563078401795
FOODS_3_120_WI_3_validation,2016-04-03,51,46.32147490162044
FOODS_3_120_WI_3_validation,2016-04-04,29,27.308094443823176
FOODS_3_120_WI_3_validation,2016-04-05,44,34.62530333066378
FOODS_3_120_WI_3_validation,2016-04-06,24,30.645525880100354
FOODS_3_120_WI_3_validation,2016-04-07,27,27.646336644060003
FOODS_3_120_WI_3_validation,2016-04-08,20,32.552957519835296
FOODS_3_120_WI_3_validation,2016-04-09,44,41.511095247378194
FOODS_3_120_WI_3_validation,2016-04-10,54,42.31982043304988
FOODS_3_120_WI_3_validation,2016-04-11,54,32.20241296071464
FOODS_3_120_WI_3_validation,2016-04-12,42,35.57874956580243
FOODS_3_120_WI_3_validation,2016-04-13,20,27.655483945598984
FOODS_3_120_WI_3_validation,2016-04-14,35,33.544483940825195
FOODS_3_120_WI_3_validation,2016-04-15,38,34.48122262172405
FOODS_3_120_WI_3_validation,2016-04-16,56,39.44629517496608
FOODS_3_120_WI_3_validation,2016-04-17,30,44.79370079801683
FOODS_3_120_WI_3_validation,2016-04-18,43,30.6194465231101
FOODS_3_120_WI_3_validation,2016-04-19,25,34.18020533403833
FOODS_3_120_WI_3_validation,2016-04-20,33,30.678851194116483
FOODS_3_120_WI_3_validation,2016-04-21,22,32.382968842979636
FOODS_3_120_WI_3_validation,2016-04-22,29,33.36756009406298
FOODS_3_120_WI_3_validation,2016-04-23,39,42.61232536115316
FOODS_3_120_WI_3_validation,2016-04-24,55,47.910425545048234
FOODS_3_202_CA_3_validation,2016-03-28,19,12.96456102187373
FOODS_3_202_CA_3_validation,2016-03-29,13,9.362350983561072
FOODS_3_202_CA_3_validation,2016-03-30,19,8.190015454564664
FOODS_3_202_CA_3_validation,2016-03-31,11,7.423926511573034
FOODS_3_202_CA_3_validation,2016-04-01,15,11.066901795760867
FOODS_3_202_CA_3_validation,2016-04-02,26,18.23899408398017
FOODS_3_202_CA_3_validation,2016-04-03,39,19.806250859037398
FOODS_3_202_CA_3_validation,2016-04-04,29,11.923497751476518
FOODS_3_202_CA_3_validation,2016-04-05,19,9.275613209816877
FOODS_3_202_CA_3_validation,2016-04-06,24,9.08377112152739
FOODS_3_202_CA_3_validation,2016-04-07,28,9.303814786994772
FOODS_3_202_CA_3_validation,2016-04-08,23,13.23601028748031
FOODS_3_202_CA_3_validation,2016-04-09,34,21.34295913017488
FOODS_3_202_CA_3_validation,2016-04-10,30,23.789016698531597
FOODS_3_202_CA_3_validation,2016-04-11,19,16.028535237201233
FOODS_3_202_CA_3_validation,2016-04-12,22,14.092567547842867
FOODS_3_202_CA_3_validation,2016-04-13,16,14.505677766811718
FOODS_3_202_CA_3_validation,2016-04-14,23,15.211289949373734
FOODS_3_202_CA_3_validation,2016-04-15,29,19.50011712570885
FOODS_3_202_CA_3_validation,2016-04-16,36,27.82831955653038
FOODS_3_202_CA_3_validation,2016-04-17,58,30.35708557976413
FOODS_3_202_CA_3_validation,2016-04-18,37,23.222595571105085
FOODS_3_202_CA_3_validation,2016-04-19,18,21.096125326768792
FOODS_3_202_CA_3_validation,2016-04-20,27,21.190630223625412
FOODS_3_202_CA_3_validation,2016-04-21,24,21.45931779076003
FOODS_3_202_CA_3_validation,2016-04-22,22,25.205451246321303
FOODS_3_202_CA_3_validation,2016-04-23,37,32.90016252961486
FOODS_3_202_CA_3_validation,2016-04-24,29,34.72162417300508
FOODS_3_202_TX_1_validation,2016-03-28,17,16.668147564929907
FOODS_3_202_TX_1_validation,2016-03-29,12,15.668272481127977
FOODS_3_202_TX_1_validation,2016-03-30,18,14.428116507213518
FOODS_3_202_TX_1_validation,2016-03-31,11,14.411201580157217
FOODS_3_202_TX_1_validation,2016-04-01,16,18.729393036501747
FOODS_3_202_TX_1_validation,2016-04-02,34,24.338885516966048
FOODS_3_202_TX_1_validation,2016-04-03,38,28.629775620889692
FOODS_3_202_TX_1_validation,2016-04-04,14,17.521011619704094
FOODS_3_202_TX_1_validation,2016-04-05,23,18.86975625434618
FOODS_3_202_TX_1_validation,2016-04-06,17,18.291462790036853
FOODS_3_202_TX_1_validation,2016-04-07,17,18.910776063000057
FOODS_3_202_TX_1_validation,2016-04-08,21,20.475712458925422
FOODS_3_202_TX_1_validation,2016-04-09,39,29.980717039823716
FOODS_3_202_TX_1_validation,2016-04-10,42,31.403077047360302
FOODS_3_202_TX_1_validation,2016-04-11,19,24.05289368122624
FOODS_3_202_TX_1_validation,2016-04-12,25,24.05280028092018
FOODS_3_202_TX_1_validation,2016-04-13,16,23.712350420804736
FOODS_3_202_TX_1_validation,2016-04-14,18,22.801394274875754
FOODS_3_202_TX_1_validation,2016-04-15,30,27.766260439649084
FOODS_3_202_TX_1_validation,2016-04-16,48,33.87518165425551
FOODS_3_202_TX_1_validation,2016-04-17,56,36.83365183231548
FOODS_3_202_TX_1_validation,2016-04-18,30,27.580233645080956
FOODS_3_202_TX_1_validation,2016-04-19,29,27.269320790124784
FOODS_3_202_TX_1_validation,2016-04-20,18,26.543466878835957
FOODS_3_202_TX_1_validation,2016-04-21,18,26.85749769312824
FOODS_3_202_TX_1_validation,2016-04-22,18,29.643493202620242
FOODS_3_202_TX_1_validation,2016-04-23,37,36.8826629602557
FOODS_3_202_TX_1_validation,2016-04-24,38,39.26817886414642
FOODS_3_202_TX_2_validation,2016-03-28,13,11.035676163378925
FOODS_3_202_TX_2_validation,2016-03-29,11,8.234494190741106
FOODS_3_202_TX_2_validation,2016-03-30,8,8.002303020929062
FOODS_3_202_TX_2_validation,2016-03-31,15,8.599308916829953
FOODS_3_202_TX_2_validation,2016-04-01,25,13.654744746494416
FOODS_3_202_TX_2_validation,2016-04-02,29,18.602614313747576
FOODS_3_202_TX_2_validation,2016-04-03,26,20.355298751744122
FOODS_3_202_TX_2_validation,2016-04-04,14,10.911548296754097
FOODS_3_202_TX_2_validation,2016-04-05,11,10.438743561006993
FOODS_3_202_TX_2_validation,2016-04-06,12,10.943594860275315
FOODS_3_202_TX_2_validation,2016-04-07,16,12.258302457853185
FOODS_3_202_TX_2_validation,2016-04-08,25,14.822265615246128
FOODS_3_202_TX_2_validation,2016-04-09,37,23.57954020616008
FOODS_3_202_TX_2_validation,2016-04-10,29,22.730122042443966
FOODS_3_202_TX_2_validation,2016-04-11,12,16.96010435600912
FOODS_3_202_TX_2_validation,2016-04-12,13,15.315003457364934
FOODS_3_202_TX_2_validation,2016-04-13,14,16.142967183080053
FOODS_3_202_TX_2_validation,2016-04-14,12,16.095429786756604
FOODS_3_202_TX_2_validation,2016-04-15,19,21.957701548588265
FOODS_3_202_TX_2_validation,2016-04-16,36,27.560806496167224
FOODS_3_202_TX_2_validation,2016-04-17,38,28.217654303048818
FOODS_3_202_TX_2_validation,2016-04-18,14,20.68090330725358
FOODS_3_202_TX_2_validation,2016-04-19,14,18.764078546247045
FOODS_3_202_TX_2_validation,2016-04-20,13,19.23588909678257
FOODS_3_202_TX_2_validation,2016-04-21,18,20.345038792751538
FOODS_3_202_TX_2_validation,2016-04-22,18,24.126188484356604
FOODS_3_202_TX_2_validation,2016-04-23,30,30.772831382636543
FOODS_3_202_TX_2_validation,2016-04-24,13,30.849605556677247
FOODS_3_202_TX_3_validation,2016-03-28,33,17.823123214951046
FOODS_3_202_TX_3_validation,2016-03-29,35,15.509482083037742
FOODS_3_202_TX_3_validation,2016-03-30,17,16.27991397328946
FOODS_3_202_TX_3_validation,2016-03-31,14,16.058782767289877
FOODS_3_202_TX_3_validation,2016-04-01,22,18.604478791892763
FOODS_3_202_TX_3_validation,2016-04-02,30,24.49047248031725
FOODS_3_202_TX_3_validation,2016-04-03,33,30.110176235107527
FOODS_3_202_TX_3_validation,2016-04-04,23,18.433528973817626
FOODS_3_202_TX_3_validation,2016-04-05,29,18.212721181818047
FOODS_3_202_TX_3_validation,2016-04-06,28,19.55015877038978
FOODS_3_202_TX_3_validation,2016-04-07,44,19.875868708389767
FOODS_3_202_TX_3_validation,2016-04-08,24,19.911083974456606
FOODS_3_202_TX_3_validation,2016-04-09,24,29.307889514342897
FOODS_3_202_TX_3_validation,2016-04-10,38,32.33741312946005
FOODS_3_202_TX_3_validation,2016-04-11,27,24.07860178658651
FOODS_3_202_TX_3_validation,2016-04-12,24,22.67762506444533
FOODS_3_202_TX_3_validation,2016-04-13,24,24.29038140648877
FOODS_3_202_TX_3_validation,2016-04-14,29,23.31515499861829
FOODS_3_202_TX_3_validation,2016-04-15,28,26.5290691240463
FOODS_3_202_TX_3_validation,2016-04-16,28,32.98292802279399
FOODS_3_202_TX_3_validation,2016-04-17,59,37.549439336267824
FOODS_3_202_TX_3_validation,2016-04-18,36,27.737515890858674
FOODS_3_202_TX_3_validation,2016-04-19,23,26.23964780720235
FOODS_3_202_TX_3_validation,2016-04-20,23,27.70150312973899
FOODS_3_202_TX_3_validation,2016-04-21,18,28.040883510292296
FOODS_3_202_TX_3_validation,2016-04-22,23,29.49763781372848
FOODS_3_202_TX_3_validation,2016-04-23,40,37.1867733062794
FOODS_3_202_TX_3_validation,2016-04-24,59,41.44489602792403
FOODS_3_226_WI_1_validation,2016-03-28,22,26.777439125341562
FOODS_3_226_WI_1_validation,2016-03-29,25,27.40903252500019
FOODS_3_226_WI_1_validation,2016-03-30,27,27.41268310677019
FOODS_3_226_WI_1_validation,2016-03-31,40,29.438721614609147
FOODS_3_226_WI_1_validation,2016-04-01,39,40.171693019553395
FOODS_3_226_WI_1_validation,2016-04-02,39,48.19977203557778
FOODS_3_226_WI_1_validation,2016-04-03,49,40.350864702278955
FOODS_3_226_WI_1_validation,2016-04-04,29,25.535842845666085
FOODS_3_226_WI_1_validation,2016-04-05,35,26.583175114931016
FOODS_3_226_WI_1_validation,2016-04-06,22,26.710138503214246
FOODS_3_226_WI_1_validation,2016-04-07,27,28.563877791887837
FOODS_3_226_WI_1_validation,2016-04-08,31,39.73447475969905
FOODS_3_226_WI_1_validation,2016-04-09,55,47.5949844753772
FOODS_3_226_WI_1_validation,2016-04-10,52,39.575934891545415
FOODS_3_226_WI_1_validation,2016-04-11,33,25.493912070182503
FOODS_3_226_WI_1_validation,2016-04-12,26,26.356802084930308
FOODS_3_226_WI_1_validation,2016-04-13,32,26.288118704262857
FOODS_3_226_WI_1_validation,2016-04-14,40,28.841604001872525
FOODS_3_226_WI_1_validation,2016-04-15,38,39.7878281325616
FOODS_3_226_WI_1_validation,2016-04-16,56,47.40731028937734
FOODS_3_226_WI_1_validation,2016-04-17,58,39.735577655730694
FOODS_3_226_WI_1_validation,2016-04-18,42,25.377031336950857
FOODS_3_226_WI_1_validation,2016-04-19,27,26.248499645529797
FOODS_3_226_WI_1_validation,2016-04-20,34,26.474085819131908
FOODS_3_226_WI_1_validation,2016-04-21,24,28.699744973721398
FOODS_3_226_WI_1_validation,2016-04-22,41,39.606370463261996
FOODS_3_226_WI_1_validation,2016-04-23,41,47.47634691072484
FOODS_3_226_WI_1_validation,2016-04-24,38,39.74150079545381
FOODS_3_226_WI_2_validation,2016-03-28,28,34.76637668648608
FOODS_3_226_WI_2_validation,2016-03-29,34,34.858885639253224
FOODS_3_226_WI_2_validation,2016-03-30,46,35.27258303139578
FOODS_3_226_WI_2_validation,2016-03-31,30,37.43251930663076
FOODS_3_226_WI_2_validation,2016-04-01,55,41.04238384410019
FOODS_3_226_WI_2_validation,2016-04-02,45,45.56299268300632
FOODS_3_226_WI_2_validation,2016-04-03,48,41.93339341998624
FOODS_3_226_WI_2_validation,2016-04-04,33,35.80407925547614
FOODS_3_226_WI_2_validation,2016-04-05,48,40.807272280659774
FOODS_3_226_WI_2_validation,2016-04-06,43,41.26827709148886
FOODS_3_226_WI_2_validation,2016-04-07,36,38.612120108445346
FOODS_3_226_WI_2_validation,2016-04-08,53,47.041208473814
FOODS_3_226_WI_2_validation,2016-04-09,52,46.68731963464998
FOODS_3_226_WI_2_validation,2016-04-10,47,38.15706958602148
FOODS_3_226_WI_2_validation,2016-04-11,46,41.601823300361396
FOODS_3_226_WI_2_validation,2016-04-12,38,41.66142137449671
FOODS_3_226_WI_2_validation,2016-04-13,43,37.163079834998896
FOODS_3_226_WI_2_validation,2016-04-14,58,44.03409250628012
FOODS_3_226_WI_2_validation,2016-04-15,60,47.48554399243295
FOODS_3_226_WI_2_validation,2016-04-16,56,42.15181879598413
FOODS_3_226_WI_2_validation,2016-04-17,67,38.30946927371859
FOODS_3_226_WI_2_validation,2016-04-18,40,36.78376295669747
FOODS_3_226_WI_2_validation,2016-04-19,31,36.71669876818181
FOODS_3_226_WI_2_validation,2016-04-20,40,36.939322567642165
FOODS_3_226_WI_2_validation,2016-04-21,50,38.88432788861116
FOODS_3_226_WI_2_validation,2016-04-22,48,42.2635056053821
FOODS_3_226_WI_2_validation,2016-04-23,43,41.7133594476184
FOODS_3_226_WI_2_validation,2016-04-24,38,37.84656985929909
FOODS_3_226_WI_3_validation,2016-03-28,46,39.74048271157986
FOODS_3_226_WI_3_validation,2016-03-29,50,40.803330814746126
FOODS_3_226_WI_3_validation,2016-03-30,42,38.49960555533909
FOODS_3_226_WI_3_validation,2016-03-31,50,42.53927140595358
FOODS_3_226_WI_3_validation,2016-04-01,50,52.0152002007641
FOODS_3_226_WI_3_validation,2016-04-02,56,58.91493143361643
FOODS_3_226_WI_3_validation,2016-04-03,44,49.88125556002868
FOODS_3_226_WI_3_validation,2016-04-04,35,39.25834590936173
FOODS_3_226_WI_3_validation,2016-04-05,53,45.688027731256774
FOODS_3_226_WI_3_validation,2016-04-06,36,43.4194302695984
FOODS_3_226_WI_3_validation,2016-04-07,40,42.16278551254226
FOODS_3_226_WI_3_validation,2016-04-08,39,56.976532277781786
FOODS_3_226_WI_3_validation,2016-04-09,55,58.56277534763836
FOODS_3_226_WI_3_validation,2016-04-10,45,44.208980121682174
FOODS_3_226_WI_3_validation,2016-04-11,45,44.22591271980603
FOODS_3_226_WI_3_validation,2016-04-12,45,45.32757022039978
FOODS_3_226_WI_3_validation,2016-04-13,45,37.73004842087938
FOODS_3_226_WI_3_validation,2016-04-14,53,47.1106147351781
FOODS_3_226_WI_3_validation,2016-04-15,51,56.600083394583805
FOODS_3_226_WI_3_validation,2016-04-16,59,52.86748128462962
FOODS_3_226_WI_3_validation,2016-04-17,46,43.84538917801177
FOODS_3_226_WI_3_validation,2016-04-18,49,38.55967032573591
FOODS_3_226_WI_3_validation,2016-04-19,38,39.69048797375237
FOODS_3_226_WI_3_validation,2016-04-20,37,37.45484440994416
FOODS_3_226_WI_3_validation,2016-04-21,43,41.56561036846725
FOODS_3_226_WI_3_validation,2016-04-22,55,51.11851631433166
FOODS_3_226_WI_3_validation,2016-04-23,40,52.78215936896772
FOODS_3_226_WI_3_validation,2016-04-24,38,43.84497418702698
FOODS_3_234_CA_3_validation,2016-03-28,13,10.088881010628853
FOODS_3_234_CA_3_validation,2016-03-29,4,7.877341772838966
FOODS_3_234_CA_3_validation,2016-03-30,2,6.7660357804764955
FOODS_3_234_CA_3_validation,2016-03-31,7,3.69272226891864
FOODS_3_234_CA_3_validation,2016-04-01,27,17.61035052073896
FOODS_3_234_CA_3_validation,2016-04-02,8,20.86580178751287
FOODS_3_234_CA_3_validation,2016-04-03,12,19.151708431322035
FOODS_3_234_CA_3_validation,2016-04-04,10,17.743980811414765
FOODS_3_234_CA_3_validation,2016-04-05,16,15.374437224666655
FOODS_3_234_CA_3_validation,2016-04-06,8,14.18133479299153
FOODS_3_234_CA_3_validation,2016-04-07,41,11.103682822901416
FOODS_3_234_CA_3_validation,2016-04-08,19,13.473230141881979
FOODS_3_234_CA_3_validation,2016-04-09,2,16.875867391548738
FOODS_3_234_CA_3_validation,2016-04-10,0,15.379655228284708
FOODS_3_234_CA_3_validation,2016-04-11,0,2.6344423017480825
FOODS_3_234_CA_3_validation,2016-04-12,0,0.6066195545615951
FOODS_3_234_CA_3_validation,2016-04-13,12,0.0
FOODS_3_234_CA_3_validation,2016-04-14,65,0.0
FOODS_3_234_CA_3_validation,2016-04-15,8,0.0
FOODS_3_234_CA_3_validation,2016-04-16,1,3.891979474147435
FOODS_3_234_CA_3_validation,2016-04-17,34,2.8987051335077165
FOODS_3_234_CA_3_validation,2016-04-18,27,2.280249594430833
FOODS_3_234_CA_3_validation,2016-04-19,2,0.7522300211247295
FOODS_3_234_CA_3_validation,2016-04-20,2,0.4361376277875735
FOODS_3_234_CA_3_validation,2016-04-21,0,0.0
FOODS_3_234_CA_3_validation,2016-04-22,0,1.5211121936258305
FOODS_3_234_CA_3_validation,2016-04-23,0,5.807141683125117
FOODS_3_234_CA_3_validation,2016-04-24,0,5.165184688298826
FOODS_3_234_WI_2_validation,2016-03-28,0,13.952612218564495
FOODS_3_234_WI_2_validation,2016-03-29,0,12.711470080916914
FOODS_3_234_WI_2_validation,2016-03-30,0,12.009068150674096
FOODS_3_234_WI_2_validation,2016-03-31,4,14.049735887530298
FOODS_3_234_WI_2_validation,2016-04-01,0,14.690595977766822
FOODS_3_234_WI_2_validation,2016-04-02,0,38.43401258576067
FOODS_3_234_WI_2_validation,2016-04-03,0,33.736904361201105
FOODS_3_234_WI_2_validation,2016-04-04,0,13.17647515510556
FOODS_3_234_WI_2_validation,2016-04-05,0,26.845008981617973
FOODS_3_234_WI_2_validation,2016-04-06,0,25.940491632888296
FOODS_3_234_WI_2_validation,2016-04-07,0,12.669730949391441
FOODS_3_234_WI_2_validation,2016-04-08,0,28.305145406718886
FOODS_3_234_WI_2_validation,2016-04-09,0,36.797237181119186
FOODS_3_234_WI_2_validation,2016-04-10,0,16.87791475465093
FOODS_3_234_WI_2_validation,2016-04-11,0,26.536305627007266
FOODS_3_234_WI_2_validation,2016-04-12,0,25.033674977260212
FOODS_3_234_WI_2_validation,2016-04-13,1,8.97813767080142
FOODS_3_234_WI_2_validation,2016-04-14,0,25.985951173897227
FOODS_3_234_WI_2_validation,2016-04-15,0,26.4964957029705
FOODS_3_234_WI_2_validation,2016-04-16,1,19.86889394681753
FOODS_3_234_WI_2_validation,2016-04-17,0,15.105549518004104
FOODS_3_234_WI_2_validation,2016-04-18,0,9.638167292042937
FOODS_3_234_WI_2_validation,2016-04-19,57,8.13683751207661
FOODS_3_234_WI_2_validation,2016-04-20,82,7.204954607387388
FOODS_3_234_WI_2_validation,2016-04-21,41,9.040681238447686
FOODS_3_234_WI_2_validation,2016-04-22,32,9.494061181193082
FOODS_3_234_WI_2_validation,2016-04-23,27,17.921787746979092
FOODS_3_234_WI_2_validation,2016-04-24,12,13.048842348670018
FOODS_3_234_WI_3_validation,2016-03-28,9,13.185727479433464
FOODS_3_234_WI_3_validation,2016-03-29,17,16.424320880067274
FOODS_3_234_WI_3_validation,2016-03-30,20,14.073137668053352
FOODS_3_234_WI_3_validation,2016-03-31,16,13.058342942900639
FOODS_3_234_WI_3_validation,2016-04-01,25,16.47927117416164
FOODS_3_234_WI_3_validation,2016-04-02,42,38.0837224977295
FOODS_3_234_WI_3_validation,2016-04-03,47,34.56519181932086
FOODS_3_234_WI_3_validation,2016-04-04,2,13.855782648688752
FOODS_3_234_WI_3_validation,2016-04-05,31,32.892941632044696
FOODS_3_234_WI_3_validation,2016-04-06,39,30.69826260987843
FOODS_3_234_WI_3_validation,2016-04-07,19,14.190647533697877
FOODS_3_234_WI_3_validation,2016-04-08,35,33.241726881483885
FOODS_3_234_WI_3_validation,2016-04-09,83,39.224933441129416
FOODS_3_234_WI_3_validation,2016-04-10,48,20.017221154813267
FOODS_3_234_WI_3_validation,2016-04-11,23,30.328853202628007
FOODS_3_234_WI_3_validation,2016-04-12,53,33.54373893121567
FOODS_3_234_WI_3_validation,2016-04-13,0,15.465754536828793
FOODS_3_234_WI_3_validation,2016-04-14,17,29.798024149844224
FOODS_3_234_WI_3_validation,2016-04-15,43,32.864401574784964
FOODS_3_234_WI_3_validation,2016-04-16,7,22.825885927534124
FOODS_3_234_WI_3_validation,2016-04-17,21,18.755657395831058
FOODS_3_234_WI_3_validation,2016-04-18,17,13.005351913047667
FOODS_3_234_WI_3_validation,2016-04-19,7,15.749409572580081
FOODS_3_234_WI_3_validation,2016-04-20,2,12.804618244266926
FOODS_3_234_WI_3_validation,2016-04-21,8,11.10902647012288
FOODS_3_234_WI_3_validation,2016-04-22,14,13.77683465467813
FOODS_3_234_WI_3_validation,2016-04-23,12,18.980673803347514
FOODS_3_234_WI_3_validation,2016-04-24,8,14.61894540867275
FOODS_3_252_CA_1_validation,2016-03-28,24,25.50769728597291
FOODS_3_252_CA_1_validation,2016-03-29,28,23.464185218830973
FOODS_3_252_CA_1_validation,2016-03-30,25,24.25330552496704
FOODS_3_252_CA_1_validation,2016-03-31,26,25.9731748805343
FOODS_3_252_CA_1_validation,2016-04-01,45,37.21703521026491
FOODS_3_252_CA_1_validation,2016-04-02,68,53.24233932266654
FOODS_3_252_CA_1_validation,2016-04-03,52,53.11046760771612
FOODS_3_252_CA_1_validation,2016-04-04,33,27.612214893917418
FOODS_3_252_CA_1_validation,2016-04-05,32,25.44131717578469
FOODS_3_252_CA_1_validation,2016-04-06,34,26.100222679802513
FOODS_3_252_CA_1_validation,2016-04-07,40,27.689279460840112
FOODS_3_252_CA_1_validation,2016-04-08,45,37.531368175189215
FOODS_3_252_CA_1_validation,2016-04-09,59,53.43200901193127
FOODS_3_252_CA_1_validation,2016-04-10,37,53.182395414493286
FOODS_3_252_CA_1_validation,2016-04-11,32,26.30311769313104
FOODS_3_252_CA_1_validation,2016-04-12,18,24.035922149176088
FOODS_3_252_CA_1_validation,2016-04-13,37,24.612786320771214
FOODS_3_252_CA_1_validation,2016-04-14,27,26.136107235494727
FOODS_3_252_CA_1_validation,2016-04-15,23,35.930490175203445
FOODS_3_252_CA_1_validation,2016-04-16,57,51.80278707694369
FOODS_3_252_CA_1_validation,2016-04-17,49,51.5450701455524
FOODS_3_252_CA_1_validation,2016-04-18,21,25.951075707617175
FOODS_3_252_CA_1_validation,2016-04-19,46,23.71684848934946
FOODS_3_252_CA_1_validation,2016-04-20,24,24.346412444758275
FOODS_3_252_CA_1_validation,2016-04-21,35,25.9408746367115
FOODS_3_252_CA_1_validation,2016-04-22,33,35.8229943255517
FOODS_3_252_CA_1_validation,2016-04-23,49,51.797249244919556
FOODS_3_252_CA_1_validation,2016-04-24,52,51.65285407039325
FOODS_3_252_CA_2_validation,2016-03-28,11,34.220539127018014
FOODS_3_252_CA_2_validation,2016-03-29,35,34.828104226642736
FOODS_3_252_CA_2_validation,2016-03-30,28,35.30539088252227
FOODS_3_252_CA_2_validation,2016-03-31,37,36.415170089479595
FOODS_3_252_CA_2_validation,2016-04-01,29,43.194464339133894
FOODS_3_252_CA_2_validation,2016-04-02,56,55.80182073279849
FOODS_3_252_CA_2_validation,2016-04-03,53,50.67094872885704
FOODS_3_252_CA_2_validation,2016-04-04,34,35.21227111910645
FOODS_3_252_CA_2_validation,2016-04-05,39,35.66811700099508
FOODS_3_252_CA_2_validation,2016-04-06,40,35.985612012271076
FOODS_3_252_CA_2_validation,2016-04-07,29,36.93215075456227
FOODS_3_252_CA_2_validation,2016-04-08,26,44.0662938591082
FOODS_3_252_CA_2_validation,2016-04-09,41,56.517179013660005
FOODS_3_252_CA_2_validation,2016-04-10,48,51.239625530808375
FOODS_3_252_CA_2_validation,2016-04-11,23,36.16477064636396
FOODS_3_252_CA_2_validation,2016-04-12,16,36.50436071471742
FOODS_3_252_CA_2_validation,2016-04-13,27,36.72514657630725
FOODS_3_252_CA_2_validation,2016-04-14,8,37.59655645929331
FOODS_3_252_CA_2_validation,2016-04-15,35,44.678475781297
FOODS_3_252_CA_2_validation,2016-04-16,59,57.100630642527484
FOODS_3_252_CA_2_validation,2016-04-17,55,51.817687668954925
FOODS_3_252_CA_2_validation,2016-04-18,43,36.2429761353258
FOODS_3_252_CA_2_validation,2016-04-19,37,36.6205488557309
FOODS_3_252_CA_2_validation,2016-04-20,23,36.898044946932195
FOODS_3_252_CA_2_validation,2016-04-21,25,37.84217238480449
FOODS_3_252_CA_2_validation,2016-04-22,27,45.009652335992925
FOODS_3_252_CA_2_validation,2016-04-23,41,57.52671298781074
FOODS_3_252_CA_2_validation,2016-04-24,38,52.34430978107621
FOODS_3_252_CA_3_validation,2016-03-28,36,38.5199519947132
FOODS_3_252_CA_3_validation,2016-03-29,43,35.893303141655664
FOODS_3_252_CA_3_validation,2016-03-30,30,34.856715701392126
FOODS_3_252_CA_3_validation,2016-03-31,24,36.10614182392747
FOODS_3_252_CA_3_validation,2016-04-01,33,45.12236704956349
FOODS_3_252_CA_3_validation,2016-04-02,47,56.33710444768322
FOODS_3_252_CA_3_validation,2016-04-03,61,55.62391538858621
FOODS_3_252_CA_3_validation,2016-04-04,42,41.46306244164265
FOODS_3_252_CA_3_validation,2016-04-05,38,39.00336613476657
FOODS_3_252_CA_3_validation,2016-04-06,60,38.17913344353461
FOODS_3_252_CA_3_validation,2016-04-07,40,39.68125877043349
FOODS_3_252_CA_3_validation,2016-04-08,46,45.36367363586236
FOODS_3_252_CA_3_validation,2016-04-09,51,56.892103553868594
FOODS_3_252_CA_3_validation,2016-04-10,52,56.511408454353614
FOODS_3_252_CA_3_validation,2016-04-11,58,39.0725216399671
FOODS_3_252_CA_3_validation,2016-04-12,35,36.95641010895259
FOODS_3_252_CA_3_validation,2016-04-13,43,36.467474743415586
FOODS_3_252_CA_3_validation,2016-04-14,30,38.28739923715048
FOODS_3_252_CA_3_validation,2016-04-15,44,44.26121177358925
FOODS_3_252_CA_3_validation,2016-04-16,65,56.04627407875776
FOODS_3_252_CA_3_validation,2016-04-17,81,55.87984109838418
FOODS_3_252_CA_3_validation,2016-04-18,59,42.22682764742006
FOODS_3_252_CA_3_validation,2016-04-19,56,40.22143726892266
FOODS_3_252_CA_3_validation,2016-04-20,29,39.784473183943724
FOODS_3_252_CA_3_validation,2016-04-21,46,41.594795099442955
FOODS_3_252_CA_3_validation,2016-04-22,35,47.4960888679021
FOODS_3_252_CA_3_validation,2016-04-23,61,59.14589918905545
FOODS_3_252_CA_3_validation,2016-04-24,39,58.78319459357438
FOODS_3_252_TX_1_validation,2016-03-28,26,29.051311481408362
FOODS_3_252_TX_1_validation,2016-03-29,9,28.00460858826302
FOODS_3_252_TX_1_validation,2016-03-30,12,28.17853365518688
FOODS_3_252_TX_1_validation,2016-03-31,34,29.941725506626206
FOODS_3_252_TX_1_validation,2016-04-01,32,35.616882914801714
FOODS_3_252_TX_1_validation,2016-04-02,36,42.47040101777267
FOODS_3_252_TX_1_validation,2016-04-03,35,42.49808461437535
FOODS_3_252_TX_1_validation,2016-04-04,28,30.551555041236046
FOODS_3_252_TX_1_validation,2016-04-05,32,30.76767183899326
FOODS_3_252_TX_1_validation,2016-04-06,30,30.68461984091838
FOODS_3_252_TX_1_validation,2016-04-07,37,32.2000907028451
FOODS_3_252_TX_1_validation,2016-04-08,27,34.5946210499918
FOODS_3_252_TX_1_validation,2016-04-09,55,44.28093207482223
FOODS_3_252_TX_1_validation,2016-04-10,38,41.06991503157711
FOODS_3_252_TX_1_validation,2016-04-11,23,32.005543257121914
FOODS_3_252_TX_1_validation,2016-04-12,23,30.562024679251742
FOODS_3_252_TX_1_validation,2016-04-13,26,30.37395350698026
FOODS_3_252_TX_1_validation,2016-04-14,26,30.29293596226482
FOODS_3_252_TX_1_validation,2016-04-15,27,35.69435994370259
FOODS_3_252_TX_1_validation,2016-04-16,31,42.32521925128138
FOODS_3_252_TX_1_validation,2016-04-17,35,40.660623900120825
FOODS_3_252_TX_1_validation,2016-04-18,17,30.124657698414012
FOODS_3_252_TX_1_validation,2016-04-19,31,28.75999144964735
FOODS_3_252_TX_1_validation,2016-04-20,36,28.674683400206302
FOODS_3_252_TX_1_validation,2016-04-21,32,30.240616659881642
FOODS_3_252_TX_1_validation,2016-04-22,17,34.258654180426326
FOODS_3_252_TX_1_validation,2016-04-23,55,42.5663858360861
FOODS_3_252_TX_1_validation,2016-04-24,35,41.0640749856819
FOODS_3_252_TX_2_validation,2016-03-28,45,49.61529948506535
FOODS_3_252_TX_2_validation,2016-03-29,29,45.82922828462432
FOODS_3_252_TX_2_validation,2016-03-30,30,46.3714447538361
FOODS_3_252_TX_2_validation,2016-03-31,47,50.30147669339099
FOODS_3_252_TX_2_validation,2016-04-01,52,64.52024804745656
FOODS_3_252_TX_2_validation,2016-04-02,81,82.199547079004
FOODS_3_252_TX_2_validation,2016-04-03,77,76.37720036120629
FOODS_3_252_TX_2_validation,2016-04-04,41,49.55831716704719
FOODS_3_252_TX_2_validation,2016-04-05,53,47.74235770630119
FOODS_3_252_TX_2_validation,2016-04-06,50,48.172926218630344
FOODS_3_252_TX_2_validation,2016-04-07,57,51.99076423649834
FOODS_3_252_TX_2_validation,2016-04-08,63,61.93785120267162
FOODS_3_252_TX_2_validation,2016-04-09,50,83.66786398509772
FOODS_3_252_TX_2_validation,2016-04-10,61,73.57936529724991
FOODS_3_252_TX_2_validation,2016-04-11,45,50.819735963335745
FOODS_3_252_TX_2_validation,2016-04-12,37,46.82943355992431
FOODS_3_252_TX_2_validation,2016-04-13,31,47.17409968268339
FOODS_3_252_TX_2_validation,2016-04-14,32,48.835990952780264
FOODS_3_252_TX_2_validation,2016-04-15,56,62.879122404528594
FOODS_3_252_TX_2_validation,2016-04-16,48,80.39815546783647
FOODS_3_252_TX_2_validation,2016-04-17,63,72.35379246667245
FOODS_3_252_TX_2_validation,2016-04-18,22,47.49432334024529
FOODS_3_252_TX_2_validation,2016-04-19,32,43.50163951313588
FOODS_3_252_TX_2_validation,2016-04-20,31,43.862218211159586
FOODS_3_252_TX_2_validation,2016-04-21,39,47.639054398326024
FOODS_3_252_TX_2_validation,2016-04-22,63,59.65623032645157
FOODS_3_252_TX_2_validation,2016-04-23,91,79.32876660184968
FOODS_3_252_TX_2_validation,2016-04-24,46,71.37673762731222
FOODS_3_252_TX_3_validation,2016-03-28,24,40.379695149302236
FOODS_3_252_TX_3_validation,2016-03-29,18,36.40053744470961
FOODS_3_252_TX_3_validation,2016-03-30,16,37.931612963964696
FOODS_3_252_TX_3_validation,2016-03-31,37,40.37347716695326
FOODS_3_252_TX_3_validation,2016-04-01,29,50.257816673682285
FOODS_3_252_TX_3_validation,2016-04-02,60,61.362193154420424
FOODS_3_252_TX_3_validation,2016-04-03,30,59.49532552961787
FOODS_3_252_TX_3_validation,2016-04-04,23,40.060689673524465
FOODS_3_252_TX_3_validation,2016-04-05,25,37.72375382860227
FOODS_3_252_TX_3_validation,2016-04-06,16,39.169536772116636
FOODS_3_252_TX_3_validation,2016-04-07,36,41.54945764702189
FOODS_3_252_TX_3_validation,2016-04-08,41,47.90118529214463
FOODS_3_252_TX_3_validation,2016-04-09,45,62.492923084813185
FOODS_3_252_TX_3_validation,2016-04-10,43,57.14943704038062
FOODS_3_252_TX_3_validation,2016-04-11,38,41.25998385310019
FOODS_3_252_TX_3_validation,2016-04-12,32,37.253005562064914
FOODS_3_252_TX_3_validation,2016-04-13,36,38.80545970319655
FOODS_3_252_TX_3_validation,2016-04-14,33,39.57119458813495
FOODS_3_252_TX_3_validation,2016-04-15,37,49.5785611495749
FOODS_3_252_TX_3_validation,2016-04-16,39,60.856252626299806
FOODS_3_252_TX_3_validation,2016-04-17,28,57.46301713177259
FOODS_3_252_TX_3_validation,2016-04-18,20,40.04385832580866
FOODS_3_252_TX_3_validation,2016-04-19,43,36.2677130457111
FOODS_3_252_TX_3_validation,2016-04-20,25,38.05911658449036
FOODS_3_252_TX_3_validation,2016-04-21,21,40.81554355986432
FOODS_3_252_TX_3_validation,2016-04-22,36,49.31624582620055
FOODS_3_252_TX_3_validation,2016-04-23,64,62.57779886760823
FOODS_3_252_TX_3_validation,2016-04-24,20,59.409884083182476
FOODS_3_252_WI_3_validation,2016-03-28,18,15.235583124120467
FOODS_3_252_WI_3_validation,2016-03-29,17,14.393618893885595
FOODS_3_252_WI_3_validation,2016-03-30,10,13.690050232722838
FOODS_3_252_WI_3_validation,2016-03-31,15,13.987442421445769
FOODS_3_252_WI_3_validation,2016-04-01,13,18.061970153459093
FOODS_3_252_WI_3_validation,2016-04-02,25,24.287044017254367
FOODS_3_252_WI_3_validation,2016-04-03,31,21.294730974724313
FOODS_3_252_WI_3_validation,2016-04-04,5,13.87276162293773
FOODS_3_252_WI_3_validation,2016-04-05,14,15.774535722692736
FOODS_3_252_WI_3_validation,2016-04-06,9,15.211819924454788
FOODS_3_252_WI_3_validation,2016-04-07,9,13.044975866075553
FOODS_3_252_WI_3_validation,2016-04-08,12,19.955363286087934
FOODS_3_252_WI_3_validation,2016-04-09,27,23.76841385929422
FOODS_3_252_WI_3_validation,2016-04-10,9,18.38393778217551
FOODS_3_252_WI_3_validation,2016-04-11,23,16.492923293530662
FOODS_3_252_WI_3_validation,2016-04-12,18,16.02704054874404
FOODS_3_252_WI_3_validation,2016-04-13,11,13.100577762548948
FOODS_3_252_WI_3_validation,2016-04-14,11,16.476249924375036
FOODS_3_252_WI_3_validation,2016-04-15,26,21.01318782379338
FOODS_3_252_WI_3_validation,2016-04-16,35,22.43926603379142
FOODS_3_252_WI_3_validation,2016-04-17,39,19.920933553507993
FOODS_3_252_WI_3_validation,2016-04-18,24,15.599840536766386
FOODS_3_252_WI_3_validation,2016-04-19,10,15.31127144750697
FOODS_3_252_WI_3_validation,2016-04-20,13,15.165578704383773
FOODS_3_252_WI_3_validation,2016-04-21,23,16.014090990011443
FOODS_3_252_WI_3_validation,2016-04-22,16,20.62173965944153
FOODS_3_252_WI_3_validation,2016-04-23,28,24.714893261671268
FOODS_3_252_WI_3_validation,2016-04-24,34,22.187290449851034
FOODS_3_281_CA_3_validation,2016-03-28,24,9.431007068701835
FOODS_3_281_CA_3_validation,2016-03-29,114,12.969220843969662
FOODS_3_281_CA_3_validation,2016-03-30,6,12.223665001873124
FOODS_3_281_CA_3_validation,2016-03-31,19,14.181233219022898
FOODS_3_281_CA_3_validation,2016-04-01,33,18.200983050505574
FOODS_3_281_CA_3_validation,2016-04-02,20,22.466871001715546
FOODS_3_281_CA_3_validation,2016-04-03,18,20.020790894536518
FOODS_3_281_CA_3_validation,2016-04-04,9,14.669640332283468
FOODS_3_281_CA_3_validation,2016-04-05,15,17.5306696807188
FOODS_3_281_CA_3_validation,2016-04-06,10,16.03330373299874
FOODS_3_281_CA_3_validation,2016-04-07,16,17.178050561131936
FOODS_3_281_CA_3_validation,2016-04-08,15,19.97732455625561
FOODS_3_281_CA_3_validation,2016-04-09,19,23.35538459495029
FOODS_3_281_CA_3_validation,2016-04-10,14,20.00965192747729
FOODS_3_281_CA_3_validation,2016-04-11,10,13.403029452020343
FOODS_3_281_CA_3_validation,2016-04-12,21,15.394488497720783
FOODS_3_281_CA_3_validation,2016-04-13,23,13.069125434377135
FOODS_3_281_CA_3_validation,2016-04-14,12,13.444200792323699
FOODS_3_281_CA_3_validation,2016-04-15,37,15.547667325093403
FOODS_3_281_CA_3_validation,2016-04-16,9,18.31773132648093
FOODS_3_281_CA_3_validation,2016-04-17,0,14.463832933173919
FOODS_3_281_CA_3_validation,2016-04-18,1,7.820564738709008
FOODS_3_281_CA_3_validation,2016-04-19,16,9.530469749035097
FOODS_3_281_CA_3_validation,2016-04-20,12,7.045258835395317
FOODS_3_281_CA_3_validation,2016-04-21,14,7.384189186911636
FOODS_3_281_CA_3_validation,2016-04-22,12,9.574444601760208
FOODS_3_281_CA_3_validation,2016-04-23,23,12.550730068630738
FOODS_3_281_CA_3_validation,2016-04-24,15,9.016354113813133
FOODS_3_282_CA_3_validation,2016-03-28,53,35.07366792673512
FOODS_3_282_CA_3_validation,2016-03-29,45,31.482277946777643
FOODS_3_282_CA_3_validation,2016-03-30,35,28.109529270185668
FOODS_3_282_CA_3_validation,2016-03-31,22,26.804794207320466
FOODS_3_282_CA_3_validation,2016-04-01,34,30.65420072474733
FOODS_3_282_CA_3_validation,2016-04-02,63,35.519206318072946
FOODS_3_282_CA_3_validation,2016-04-03,85,42.60763441889377
FOODS_3_282_CA_3_validation,2016-04-04,55,36.55508073103725
FOODS_3_282_CA_3_validation,2016-04-05,46,33.41820486628408
FOODS_3_282_CA_3_validation,2016-04-06,35,30.52111628219288
FOODS_3_282_CA_3_validation,2016-04-07,36,29.69935235640826
FOODS_3_282_CA_3_validation,2016-04-08,32,30.033130814188194
FOODS_3_282_CA_3_validation,2016-04-09,54,35.35536931101295
FOODS_3_282_CA_3_validation,2016-04-10,85,42.86948063579804
FOODS_3_282_CA_3_validation,2016-04-11,43,33.207899570026285
FOODS_3_282_CA_3_validation,2016-04-12,31,30.402452302588955
FOODS_3_282_CA_3_validation,2016-04-13,47,27.777374317694285
FOODS_3_282_CA_3_validation,2016-04-14,33,27.162527339282015
FOODS_3_282_CA_3_validation,2016-04-15,31,27.63450037601757
FOODS_3_282_CA_3_validation,2016-04-16,47,33.02468297237123
FOODS_3_282_CA_3_validation,2016-04-17,73,40.537052667700465
FOODS_3_282_CA_3_validation,2016-04-18,39,34.79890045644323
FOODS_3_282_CA_3_validation,2016-04-19,46,31.86201103661844
FOODS_3_282_CA_3_validation,2016-04-20,26,29.049101927146964
FOODS_3_282_CA_3_validation,2016-04-21,20,28.197753764682208
FOODS_3_282_CA_3_validation,2016-04-22,11,28.393517587530177
FOODS_3_282_CA_3_validation,2016-04-23,20,33.477698230867794
FOODS_3_282_CA_3_validation,2016-04-24,38,40.664831118300945
FOODS_3_288_CA_3_validation,2016-03-28,29,39.14030180909326
FOODS_3_288_CA_3_validation,2016-03-29,21,35.67865899746886
FOODS_3_288_CA_3_validation,2016-03-30,34,34.95222405577222
FOODS_3_288_CA_3_validation,2016-03-31,33,34.83775193191409
FOODS_3_288_CA_3_validation,2016-04-01,32,36.009672000270754
FOODS_3_288_CA_3_validation,2016-04-02,38,40.793125705159724
FOODS_3_288_CA_3_validation,2016-04-03,66,42.65578257884003
FOODS_3_288_CA_3_validation,2016-04-04,31,36.411067602067654
FOODS_3_288_CA_3_validation,2016-04-05,43,32.901399003440595
FOODS_3_288_CA_3_validation,2016-04-06,28,32.21639572692344
FOODS_3_288_CA_3_validation,2016-04-07,25,32.23238949149352
FOODS_3_288_CA_3_validation,2016-04-08,31,32.44859962468504
FOODS_3_288_CA_3_validation,2016-04-09,44,37.52964784495438
FOODS_3_288_CA_3_validation,2016-04-10,59,39.763385533112526
FOODS_3_288_CA_3_validation,2016-04-11,32,32.78137618221489
FOODS_3_288_CA_3_validation,2016-04-12,18,29.75944694814055
FOODS_3_288_CA_3_validation,2016-04-13,26,29.602081661020716
FOODS_3_288_CA_3_validation,2016-04-14,26,30.171694905992858
FOODS_3_288_CA_3_validation,2016-04-15,23,30.95283577953862
FOODS_3_288_CA_3_validation,2016-04-16,48,36.59510772232057
FOODS_3_288_CA_3_validation,2016-04-17,52,39.371412244183226
FOODS_3_288_CA_3_validation,2016-04-18,37,34.07120078985698
FOODS_3_288_CA_3_validation,2016-04-19,33,31.512016934704544
FOODS_3_288_CA_3_validation,2016-04-20,14,31.75838963748189
FOODS_3_288_CA_3_validation,2016-04-21,28,32.662039843293826
FOODS_3_288_CA_3_validation,2016-04-22,21,33.698738994213315
FOODS_3_288_CA_3_validation,2016-04-23,41,39.511477240896404
FOODS_3_288_CA_3_validation,2016-04-24,64,42.36889530927813
FOODS_3_318_CA_3_validation,2016-03-28,6,0.0
FOODS_3_318_CA_3_validation,2016-03-29,10,0.0
FOODS_3_318_CA_3_validation,2016-03-30,20,0.0
FOODS_3_318_CA_3_validation,2016-03-31,26,0.0
FOODS_3_318_CA_3_validation,2016-04-01,33,5.27681915057928
FOODS_3_318_CA_3_validation,2016-04-02,41,6.497579541341954
FOODS_3_318_CA_3_validation,2016-04-03,20,4.552601812572567
FOODS_3_318_CA_3_validation,2016-04-04,30,0.0
FOODS_3_318_CA_3_validation,2016-04-05,13,0.0
FOODS_3_318_CA_3_validation,2016-04-06,24,0.0
FOODS_3_318_CA_3_validation,2016-04-07,25,0.0
FOODS_3_318_CA_3_validation,2016-04-08,11,4.378403110073791
FOODS_3_318_CA_3_validation,2016-04-09,31,6.435057817580394
FOODS_3_318_CA_3_validation,2016-04-10,26,5.321059541032367
FOODS_3_318_CA_3_validation,2016-04-11,23,0.0
FOODS_3_318_CA_3_validation,2016-04-12,12,0.0
FOODS_3_318_CA_3_validation,2016-04-13,32,0.0
FOODS_3_318_CA_3_validation,2016-04-14,32,0.0
FOODS_3_318_CA_3_validation,2016-04-15,13,4.736727700787248
FOODS_3_318_CA_3_validation,2016-04-16,18,7.208039066308936
FOODS_3_318_CA_3_validation,2016-04-17,0,6.398364241215831
FOODS_3_318_CA_3_validation,2016-04-18,37,2.371049839531554
FOODS_3_318_CA_3_validation,2016-04-19,23,2.2360218502909612
FOODS_3_318_CA_3_validation,2016-04-20,16,3.075042659507723
FOODS_3_318_CA_3_validation,2016-04-21,23,3.5214834135771023
FOODS_3_318_CA_3_validation,2016-04-22,25,9.475914607471731
FOODS_3_318_CA_3_validation,2016-04-23,29,11.632646335321995
FOODS_3_318_CA_3_validation,2016-04-24,28,10.43898895758519
FOODS_3_318_WI_3_validation,2016-03-28,25,0.0
FOODS_3_318_WI_3_validation,2016-03-29,11,0.0
FOODS_3_318_WI_3_validation,2016-03-30,5,0.0
FOODS_3_318_WI_3_validation,2016-03-31,14,0.0
FOODS_3_318_WI_3_validation,2016-04-01,28,1.9517038397338027
FOODS_3_318_WI_3_validation,2016-04-02,25,15.905486814916436
FOODS_3_318_WI_3_validation,2016-04-03,38,10.922234884878065
FOODS_3_318_WI_3_validation,2016-04-04,22,0.0
FOODS_3_318_WI_3_validation,2016-04-05,22,0.0
FOODS_3_318_WI_3_validation,2016-04-06,16,0.0
FOODS_3_318_WI_3_validation,2016-04-07,24,0.0
FOODS_3_318_WI_3_validation,2016-04-08,14,2.931061384053505
FOODS_3_318_WI_3_validation,2016-04-09,23,9.293227558114356
FOODS_3_318_WI_3_validation,2016-04-10,26,0.0
FOODS_3_318_WI_3_validation,2016-04-11,35,0.0
FOODS_3_318_WI_3_validation,2016-04-12,22,0.0
FOODS_3_318_WI_3_validation,2016-04-13,23,0.0
FOODS_3_318_WI_3_validation,2016-04-14,18,0.0
FOODS_3_318_WI_3_validation,2016-04-15,25,1.0266791460902471
FOODS_3_318_WI_3_validation,2016-04-16,48,0.4257770013195774
FOODS_3_318_WI_3_validation,2016-04-17,28,0.0
FOODS_3_318_WI_3_validation,2016-04-18,18,0.0
FOODS_3_318_WI_3_validation,2016-04-19,14,0.0
FOODS_3_318_WI_3_validation,2016-04-20,10,0.0
FOODS_3_318_WI_3_validation,2016-04-21,14,0.0
FOODS_3_318_WI_3_validation,2016-04-22,33,0.0
FOODS_3_318_WI_3_validation,2016-04-23,52,5.377024022449962
FOODS_3_318_WI_3_validation,2016-04-24,14,2.369555766383363
FOODS_3_319_CA_3_validation,2016-03-28,37,14.80285051835803
FOODS_3_319_CA_3_validation,2016-03-29,19,11.468465255652895
FOODS_3_319_CA_3_validation,2016-03-30,15,10.173652581055688
FOODS_3_319_CA_3_validation,2016-03-31,0,8.35957354140404
FOODS_3_319_CA_3_validation,2016-04-01,0,13.57793721468874
FOODS_3_319_CA_3_validation,2016-04-02,0,17.86570875589046
FOODS_3_319_CA_3_validation,2016-04-03,0,23.64935843287772
FOODS_3_319_CA_3_validation,2016-04-04,0,17.707222227105763
FOODS_3_319_CA_3_validation,2016-04-05,0,14.07242807214995
FOODS_3_319_CA_3_validation,2016-04-06,2,12.466811095380427
FOODS_3_319_CA_3_validation,2016-04-07,0,10.339680712771164
FOODS_3_319_CA_3_validation,2016-04-08,0,11.221065330773973
FOODS_3_319_CA_3_validation,2016-04-09,0,15.216571630267932
FOODS_3_319_CA_3_validation,2016-04-10,0,20.730845553734756
FOODS_3_319_CA_3_validation,2016-04-11,0,10.519995132996197
FOODS_3_319_CA_3_validation,2016-04-12,0,6.684590188598187
FOODS_3_319_CA_3_validation,2016-04-13,0,4.922822883031533
FOODS_3_319_CA_3_validation,2016-04-14,0,2.6894805262541244
FOODS_3_319_CA_3_validation,2016-04-15,0,3.5189526756450924
FOODS_3_319_CA_3_validation,2016-04-16,0,7.519976381278613
FOODS_3_319_CA_3_validation,2016-04-17,0,13.099015656150758
FOODS_3_319_CA_3_validation,2016-04-18,0,7.042731128001391
FOODS_3_319_CA_3_validation,2016-04-19,0,3.3905926933541313
FOODS_3_319_CA_3_validation,2016-04-20,0,1.8686273115227579
FOODS_3_319_CA_3_validation,2016-04-21,0,0.0
FOODS_3_319_CA_3_validation,2016-04-22,0,1.0985816229252023
FOODS_3_319_CA_3_validation,2016-04-23,0,5.483065745766753
FOODS_3_319_CA_3_validation,2016-04-24,0,11.481247312370781
FOODS_3_376_WI_2_validation,2016-03-28,18,25.42587142305249
FOODS_3_376_WI_2_validation,2016-03-29,23,26.375429948761223
FOODS_3_376_WI_2_validation,2016-03-30,17,27.091675457992967
FOODS_3_376_WI_2_validation,2016-03-31,39,29.437552505012707
FOODS_3_376_WI_2_validation,2016-04-01,38,30.53500207376493
FOODS_3_376_WI_2_validation,2016-04-02,42,45.39664748675915
FOODS_3_376_WI_2_validation,2016-04-03,56,44.01541848845553
FOODS_3_376_WI_2_validation,2016-04-04,22,30.421147580423398
FOODS_3_376_WI_2_validation,2016-04-05,28,40.9255560836099
FOODS_3_376_WI_2_validation,2016-04-06,49,41.1545998820591
FOODS_3_376_WI_2_validation,2016-04-07,38,32.97778155093813
FOODS_3_376_WI_2_validation,2016-04-08,44,43.387539589864865
FOODS_3_376_WI_2_validation,2016-04-09,75,47.58971888301904
FOODS_3_376_WI_2_validation,2016-04-10,36,35.49638994063716
FOODS_3_376_WI_2_validation,2016-04-11,61,41.01170348857738
FOODS_3_376_WI_2_validation,2016-04-12,38,40.73558248784204
FOODS_3_376_WI_2_validation,2016-04-13,36,30.16972937985113
FOODS_3_376_WI_2_validation,2016-04-14,74,41.0597230866875
FOODS_3_376_WI_2_validation,2016-04-15,71,40.68718796176487
FOODS_3_376_WI_2_validation,2016-04-16,46,34.13391031915289
FOODS_3_376_WI_2_validation,2016-04-17,69,31.233338018809267
FOODS_3_376_WI_2_validation,2016-04-18,5,26.085657684567902
FOODS_3_376_WI_2_validation,2016-04-19,7,25.164636492246522
FOODS_3_376_WI_2_validation,2016-04-20,24,23.98235915619041
FOODS_3_376_WI_2_validation,2016-04-21,30,24.43114127651552
FOODS_3_376_WI_2_validation,2016-04-22,26,23.662498477605237
FOODS_3_376_WI_2_validation,2016-04-23,69,26.764183860648906
FOODS_3_376_WI_2_validation,2016-04-24,70,23.665703099178103
FOODS_3_377_TX_2_validation,2016-03-28,24,27.79602491132814
FOODS_3_377_TX_2_validation,2016-03-29,22,24.99911285855311
FOODS_3_377_TX_2_validation,2016-03-30,19,27.08507640426868
FOODS_3_377_TX_2_validation,2016-03-31,16,28.47931650595796
FOODS_3_377_TX_2_validation,2016-04-01,32,34.88150301663673
FOODS_3_377_TX_2_validation,2016-04-02,34,39.592651038672116
FOODS_3_377_TX_2_validation,2016-04-03,27,39.20947812933315
FOODS_3_377_TX_2_validation,2016-04-04,30,28.672843346769042
FOODS_3_377_TX_2_validation,2016-04-05,31,28.02790563281607
FOODS_3_377_TX_2_validation,2016-04-06,13,30.068825395681998
FOODS_3_377_TX_2_validation,2016-04-07,27,31.421482891362245
FOODS_3_377_TX_2_validation,2016-04-08,32,33.38732324050289
FOODS_3_377_TX_2_validation,2016-04-09,26,42.46491584846262
FOODS_3_377_TX_2_validation,2016-04-10,30,37.65529340226461
FOODS_3_377_TX_2_validation,2016-04-11,22,31.49539369495021
FOODS_3_377_TX_2_validation,2016-04-12,27,28.633713115147142
FOODS_3_377_TX_2_validation,2016-04-13,21,30.662025893842795
FOODS_3_377_TX_2_validation,2016-04-14,22,29.806616874263597
FOODS_3_377_TX_2_validation,2016-04-15,39,36.16615558558571
FOODS_3_377_TX_2_validation,2016-04-16,36,40.841783808194656
FOODS_3_377_TX_2_validation,2016-04-17,32,38.229999020003476
FOODS_3_377_TX_2_validation,2016-04-18,18,29.869132004499573
FOODS_3_377_TX_2_validation,2016-04-19,25,27.005050957963746
FOODS_3_377_TX_2_validation,2016-04-20,28,29.02892475669651
FOODS_3_377_TX_2_validation,2016-04-21,22,30.3655043996441
FOODS_3_377_TX_2_validation,2016-04-22,28,34.51404113719252
FOODS_3_377_TX_2_validation,2016-04-23,39,41.37291931903871
FOODS_3_377_TX_2_validation,2016-04-24,28,38.73957408229725
FOODS_3_377_TX_3_validation,2016-03-28,41,39.130903865173494
FOODS_3_377_TX_3_validation,2016-03-29,27,36.80135440856026
FOODS_3_377_TX_3_validation,2016-03-30,28,38.64596463481625
FOODS_3_377_TX_3_validation,2016-03-31,38,39.89511504825538
FOODS_3_377_TX_3_validation,2016-04-01,56,47.54554447836396
FOODS_3_377_TX_3_validation,2016-04-02,44,49.744135682485016
FOODS_3_377_TX_3_validation,2016-04-03,39,49.097068049686875
FOODS_3_377_TX_3_validation,2016-04-04,44,39.54899579512645
FOODS_3_377_TX_3_validation,2016-04-05,43,40.282509012332106
FOODS_3_377_TX_3_validation,2016-04-06,33,42.170157777146166
FOODS_3_377_TX_3_validation,2016-04-07,39,43.46187707457702
FOODS_3_377_TX_3_validation,2016-04-08,44,45.10701902397111
FOODS_3_377_TX_3_validation,2016-04-09,57,53.38353756760873
FOODS_3_377_TX_3_validation,2016-04-10,40,46.7166206279998
FOODS_3_377_TX_3_validation,2016-04-11,38,43.226972211966796
FOODS_3_377_TX_3_validation,2016-04-12,56,40.93903713646131
FOODS_3_377_TX_3_validation,2016-04-13,41,42.812911114133385
FOODS_3_377_TX_3_validation,2016-04-14,42,41.052716867275635
FOODS_3_377_TX_3_validation,2016-04-15,42,48.696290551646996
FOODS_3_377_TX_3_validation,2016-04-16,45,50.8652903212673
FOODS_3_377_TX_3_validation,2016-04-17,41,47.14136005359947
FOODS_3_377_TX_3_validation,2016-04-18,23,40.53459895604956
FOODS_3_377_TX_3_validation,2016-04-19,43,38.13778291648903
FOODS_3_377_TX_3_validation,2016-04-20,39,39.89063772533493
FOODS_3_377_TX_3_validation,2016-04-21,42,41.021973071970955
FOODS_3_377_TX_3_validation,2016-04-22,52,45.50550625754303
FOODS_3_377_TX_3_validation,2016-04-23,48,50.555204962165064
FOODS_3_377_TX_3_validation,2016-04-24,50,46.689160898740795
FOODS_3_412_WI_2_validation,2016-03-28,0,8.825229717278493
FOODS_3_412_WI_2_validation,2016-03-29,0,6.994016987762408
FOODS_3_412_WI_2_validation,2016-03-30,1,7.334191845389048
FOODS_3_412_WI_2_validation,2016-03-31,0,3.5503073313232907
FOODS_3_412_WI_2_validation,2016-04-01,0,4.922230661001491
FOODS_3_412_WI_2_validation,2016-04-02,0,17.373685691015183
FOODS_3_412_WI_2_validation,2016-04-03,0,20.1290279920433
FOODS_3_412_WI_2_validation,2016-04-04,0,6.579380964818613
FOODS_3_412_WI_2_validation,2016-04-05,0,14.619667523285653
FOODS_3_412_WI_2_validation,2016-04-06,0,14.968241480310088
FOODS_3_412_WI_2_validation,2016-04-07,0,1.3283971203145981
FOODS_3_412_WI_2_validation,2016-04-08,2,12.709695958823442
FOODS_3_412_WI_2_validation,2016-04-09,0,15.389231043457555
FOODS_3_412_WI_2_validation,2016-04-10,83,8.408131128063935
FOODS_3_412_WI_2_validation,2016-04-11,90,14.884166293121664
FOODS_3_412_WI_2_validation,2016-04-12,4,13.241579915842351
FOODS_3_412_WI_2_validation,2016-04-13,0,3.924203159897015
FOODS_3_412_WI_2_validation,2016-04-14,0,10.360528446343286
FOODS_3_412_WI_2_validation,2016-04-15,0,12.088603702291739
FOODS_3_412_WI_2_validation,2016-04-16,0,5.110790518140011
FOODS_3_412_WI_2_validation,2016-04-17,85,8.28308646218157
FOODS_3_412_WI_2_validation,2016-04-18,25,5.074225056590062
FOODS_3_412_WI_2_validation,2016-04-19,21,3.6352685466962633
FOODS_3_412_WI_2_validation,2016-04-20,12,4.405482565592675
FOODS_3_412_WI_2_validation,2016-04-21,0,1.0775229997988358
FOODS_3_412_WI_2_validation,2016-04-22,9,2.9190558307118355
FOODS_3_412_WI_2_validation,2016-04-23,27,5.930922153488944
FOODS_3_412_WI_2_validation,2016-04-24,35,9.147214742955336
FOODS_3_462_WI_2_validation,2016-03-28,41,20.801066082416263
FOODS_3_462_WI_2_validation,2016-03-29,26,21.737238258503588
FOODS_3_462_WI_2_validation,2016-03-30,17,22.895493335383108
FOODS_3_462_WI_2_validation,2016-03-31,21,24.206378380765386
FOODS_3_462_WI_2_validation,2016-04-01,29,25.510451422352723
FOODS_3_462_WI_2_validation,2016-04-02,37,38.904118264321966
FOODS_3_462_WI_2_validation,2016-04-03,51,40.43771219995333
FOODS_3_462_WI_2_validation,2016-04-04,20,24.57521481786352
FOODS_3_462_WI_2_validation,2016-04-05,11,35.37184477986206
FOODS_3_462_WI_2_validation,2016-04-06,27,36.13725509207793
FOODS_3_462_WI_2_validation,2016-04-07,35,26.806020167646786
FOODS_3_462_WI_2_validation,2016-04-08,40,37.77466842142446
FOODS_3_462_WI_2_validation,2016-04-09,65,40.41287691074294
FOODS_3_462_WI_2_validation,2016-04-10,39,31.14636539901549
FOODS_3_462_WI_2_validation,2016-04-11,48,34.99918107356447
FOODS_3_462_WI_2_validation,2016-04-12,19,34.93653610748704
FOODS_3_462_WI_2_validation,2016-04-13,26,24.830001228009603
FOODS_3_462_WI_2_validation,2016-04-14,33,35.17664390439465
FOODS_3_462_WI_2_validation,2016-04-15,22,35.28469316574429
FOODS_3_462_WI_2_validation,2016-04-16,42,27.08667440829592
FOODS_3_462_WI_2_validation,2016-04-17,29,27.38746059461954
FOODS_3_462_WI_2_validation,2016-04-18,4,20.488996511941814
FOODS_3_462_WI_2_validation,2016-04-19,17,19.917797388008744
FOODS_3_462_WI_2_validation,2016-04-20,7,19.55532274716377
FOODS_3_462_WI_2_validation,2016-04-21,5,19.35687923115569
FOODS_3_462_WI_2_validation,2016-04-22,14,19.18818416318596
FOODS_3_462_WI_2_validation,2016-04-23,49,20.987218036867105
FOODS_3_462_WI_2_validation,2016-04-24,45,21.195593979430484
FOODS_3_501_CA_3_validation,2016-03-28,11,15.263038198099725
FOODS_3_501_CA_3_validation,2016-03-29,13,13.900426546070776
FOODS_3_501_CA_3_validation,2016-03-30,34,13.856317216438265
FOODS_3_501_CA_3_validation,2016-03-31,15,14.246373738462998
FOODS_3_501_CA_3_validation,2016-04-01,10,15.602265739085318
FOODS_3_501_CA_3_validation,2016-04-02,9,18.978692234176638
FOODS_3_501_CA_3_validation,2016-04-03,37,22.844152563846023
FOODS_3_501_CA_3_validation,2016-04-04,12,16.471769635062756
FOODS_3_501_CA_3_validation,2016-04-05,23,14.750765400777766
FOODS_3_501_CA_3_validation,2016-04-06,17,14.350269053529095
FOODS_3_501_CA_3_validation,2016-04-07,28,14.39172757880268
FOODS_3_501_CA_3_validation,2016-04-08,17,14.2869390409498
FOODS_3_501_CA_3_validation,2016-04-09,13,17.346232908539232
FOODS_3_501_CA_3_validation,2016-04-10,18,20.91727928209805
FOODS_3_501_CA_3_validation,2016-04-11,26,13.151781552580657
FOODS_3_501_CA_3_validation,2016-04-12,13,11.192835630349641
FOODS_3_501_CA_3_validation,2016-04-13,13,10.586819102755463
FOODS_3_501_CA_3_validation,2016-04-14,14,10.457028845224007
FOODS_3_501_CA_3_validation,2016-04-15,8,10.216391187805469
FOODS_3_501_CA_3_validation,2016-04-16,17,13.17564711228735
FOODS_3_501_CA_3_validation,2016-04-17,20,16.68218064175565
FOODS_3_501_CA_3_validation,2016-04-18,17,10.012057153075475
FOODS_3_501_CA_3_validation,2016-04-19,21,8.056175138448184
FOODS_3_501_CA_3_validation,2016-04-20,8,7.484089706167603
FOODS_3_501_CA_3_validation,2016-04-21,12,7.4164631990396135
FOODS_3_501_CA_3_validation,2016-04-22,8,7.263161666635895
FOODS_3_501_CA_3_validation,2016-04-23,16,10.331519460005369
FOODS_3_501_CA_3_validation,2016-04-24,23,13.96525142843182
FOODS_3_541_CA_3_validation,2016-03-28,23,36.59794541631721
FOODS_3_541_CA_3_validation,2016-03-29,21,27.048792929026824
FOODS_3_541_CA_3_validation,2016-03-30,17,24.03186772067725
FOODS_3_541_CA_3_validation,2016-03-31,0,21.836045680867812
FOODS_3_541_CA_3_validation,2016-04-01,0,22.16663180106728
FOODS_3_541_CA_3_validation,2016-04-02,0,35.27189199530794
FOODS_3_541_CA_3_validation,2016-04-03,0,45.380816288454916
FOODS_3_541_CA_3_validation,2016-04-04,0,34.147752184079614
FOODS_3_541_CA_3_validation,2016-04-05,0,23.8666961628176
FOODS_3_541_CA_3_validation,2016-04-06,0,20.172068508662004
FOODS_3_541_CA_3_validation,2016-04-07,0,17.367188871791516
FOODS_3_541_CA_3_validation,2016-04-08,0,14.532585098455566
FOODS_3_541_CA_3_validation,2016-04-09,0,27.205188188306675
FOODS_3_541_CA_3_validation,2016-04-10,0,36.98624848028828
FOODS_3_541_CA_3_validation,2016-04-11,0,22.90043980760242
FOODS_3_541_CA_3_validation,2016-04-12,0,12.524664935540837
FOODS_3_541_CA_3_validation,2016-04-13,0,8.859111791901245
FOODS_3_541_CA_3_validation,2016-04-14,0,6.208602700068411
FOODS_3_541_CA_3_validation,2016-04-15,0,3.6525690033821068
FOODS_3_541_CA_3_validation,2016-04-16,0,16.72422856786854
FOODS_3_541_CA_3_validation,2016-04-17,0,27.018548839603994
FOODS_3_541_CA_3_validation,2016-04-18,0,16.1897153785836
FOODS_3_541_CA_3_validation,2016-04-19,0,6.5270952724832245
FOODS_3_541_CA_3_validation,2016-04-20,0,3.656045716851244
FOODS_3_541_CA_3_validation,2016-04-21,0,1.866532055833055
FOODS_3_541_CA_3_validation,2016-04-22,0,0.22168552811144515
FOODS_3_541_CA_3_validation,2016-04-23,0,14.237348530174476
FOODS_3_541_CA_3_validation,2016-04-24,0,25.490434800408654
FOODS_3_547_WI_2_validation,2016-03-28,4,4.410159620327336
FOODS_3_547_WI_2_validation,2016-03-29,1,4.933475391045096
FOODS_3_547_WI_2_validation,2016-03-30,0,3.785890225855811
FOODS_3_547_WI_2_validation,2016-03-31,1,1.3119907769308208
FOODS_3_547_WI_2_validation,2016-04-01,0,1.545977705359097
FOODS_3_547_WI_2_validation,2016-04-02,89,24.679821156551156
FOODS_3_547_WI_2_validation,2016-04-03,66,28.717290247036466
FOODS_3_547_WI_2_validation,2016-04-04,1,2.4334697893533033
FOODS_3_547_WI_2_validation,2016-04-05,0,19.407310208369598
FOODS_3_547_WI_2_validation,2016-04-06,0,18.246687016202586
FOODS_3_547_WI_2_validation,2016-04-07,0,0.0
FOODS_3_547_WI_2_validation,2016-04-08,1,16.116593318685023
FOODS_3_547_WI_2_validation,2016-04-09,3,22.865303605361845
FOODS_3_547_WI_2_validation,2016-04-10,1,10.558756614768361
FOODS_3_547_WI_2_validation,2016-04-11,0,17.488167872218746
FOODS_3_547_WI_2_validation,2016-04-12,0,18.185130895527145
FOODS_3_547_WI_2_validation,2016-04-13,1,0.7709471268181147
FOODS_3_547_WI_2_validation,2016-04-14,0,15.10445188545204
FOODS_3_547_WI_2_validation,2016-04-15,0,15.690325429305409
FOODS_3_547_WI_2_validation,2016-04-16,0,6.202650525842351
FOODS_3_547_WI_2_validation,2016-04-17,0,10.659947939304198
FOODS_3_547_WI_2_validation,2016-04-18,24,1.3161383728019054
FOODS_3_547_WI_2_validation,2016-04-19,31,2.2142220412927522
FOODS_3_547_WI_2_validation,2016-04-20,18,1.4669833873776081
FOODS_3_547_WI_2_validation,2016-04-21,17,0.0
FOODS_3_547_WI_2_validation,2016-04-22,21,0.04788377605928407
FOODS_3_547_WI_2_validation,2016-04-23,18,7.064826305494188
FOODS_3_547_WI_2_validation,2016-04-24,22,11.457932786314238
FOODS_3_555_CA_1_validation,2016-03-28,19,13.013202543878432
FOODS_3_555_CA_1_validation,2016-03-29,19,10.944570103258606
FOODS_3_555_CA_1_validation,2016-03-30,16,11.345851311581505
FOODS_3_555_CA_1_validation,2016-03-31,12,11.567494122369409
FOODS_3_555_CA_1_validation,2016-04-01,19,17.303699386405086
FOODS_3_555_CA_1_validation,2016-04-02,30,22.858236635177676
FOODS_3_555_CA_1_validation,2016-04-03,30,25.21544321138999
FOODS_3_555_CA_1_validation,2016-04-04,16,14.768142784828658
FOODS_3_555_CA_1_validation,2016-04-05,21,12.724639739967516
FOODS_3_555_CA_1_validation,2016-04-06,17,13.150922534128446
FOODS_3_555_CA_1_validation,2016-04-07,13,13.396165292416184
FOODS_3_555_CA_1_validation,2016-04-08,14,17.241396848015523
FOODS_3_555_CA_1_validation,2016-04-09,33,22.81352505650325
FOODS_3_555_CA_1_validation,2016-04-10,26,25.184115047843157
FOODS_3_555_CA_1_validation,2016-04-11,18,12.833456866056466
FOODS_3_555_CA_1_validation,2016-04-12,14,10.793699225355734
FOODS_3_555_CA_1_validation,2016-04-13,15,11.218803071312472
FOODS_3_555_CA_1_validation,2016-04-14,12,11.458204655776498
FOODS_3_555_CA_1_validation,2016-04-15,10,15.293425872596272
FOODS_3_555_CA_1_validation,2016-04-16,32,20.85207317417498
FOODS_3_555_CA_1_validation,2016-04-17,26,23.20658264969895
FOODS_3_555_CA_1_validation,2016-04-18,13,12.75029014413786
FOODS_3_555_CA_1_validation,2016-04-19,21,10.692351917101158
FOODS_3_555_CA_1_validation,2016-04-20,15,11.099903088846037
FOODS_3_555_CA_1_validation,2016-04-21,14,11.323502871626312
FOODS_3_555_CA_1_validation,2016-04-22,14,15.145738041558541
FOODS_3_555_CA_1_validation,2016-04-23,23,20.69517503716584
FOODS_3_555_CA_1_validation,2016-04-24,24,23.045062126717767
FOODS_3_555_CA_3_validation,2016-03-28,24,24.35875298923718
FOODS_3_555_CA_3_validation,2016-03-29,9,23.01715900448821
FOODS_3_555_CA_3_validation,2016-03-30,23,22.714138543736695
FOODS_3_555_CA_3_validation,2016-03-31,25,23.569904954995422
FOODS_3_555_CA_3_validation,2016-04-01,35,30.00392472098155
FOODS_3_555_CA_3_validation,2016-04-02,44,35.03532860729031
FOODS_3_555_CA_3_validation,2016-04-03,33,36.440615999592595
FOODS_3_555_CA_3_validation,2016-04-04,25,29.041108115271978
FOODS_3_555_CA_3_validation,2016-04-05,28,27.73257827113749
FOODS_3_555_CA_3_validation,2016-04-06,35,27.445421967814397
FOODS_3_555_CA_3_validation,2016-04-07,35,28.29924329942927
FOODS_3_555_CA_3_validation,2016-04-08,32,31.31026580202909
FOODS_3_555_CA_3_validation,2016-04-09,38,36.30370564527877
FOODS_3_555_CA_3_validation,2016-04-10,40,37.65355121718519
FOODS_3_555_CA_3_validation,2016-04-11,41,26.77897249635305
FOODS_3_555_CA_3_validation,2016-04-12,23,25.382898511192565
FOODS_3_555_CA_3_validation,2016-04-13,20,24.994236009671823
FOODS_3_555_CA_3_validation,2016-04-14,14,25.73437428620124
FOODS_3_555_CA_3_validation,2016-04-15,31,28.62156841457147
FOODS_3_555_CA_3_validation,2016-04-16,46,33.483266501312364
FOODS_3_555_CA_3_validation,2016-04-17,49,34.69583842519167
FOODS_3_555_CA_3_validation,2016-04-18,31,27.083918565896422
FOODS_3_555_CA_3_validation,2016-04-19,31,25.54697556540968
FOODS_3_555_CA_3_validation,2016-04-20,27,25.01940042627115
FOODS_3_555_CA_3_validation,2016-04-21,26,25.6250037891984
FOODS_3_555_CA_3_validation,2016-04-22,30,28.384332808490154
FOODS_3_555_CA_3_validation,2016-04-23,33,33.126947962854814
FOODS_3_555_CA_3_validation,2016-04-24,36,34.2311063452815
FOODS_3_555_TX_1_validation,2016-03-28,23,18.866114771358045
FOODS_3_555_TX_1_validation,2016-03-29,13,17.468915916299004
FOODS_3_555_TX_1_validation,2016-03-30,15,17.868912032683127
FOODS_3_555_TX_1_validation,2016-03-31,35,20.401368389222377
FOODS_3_555_TX_1_validation,2016-04-01,28,28.202374203565014
FOODS_3_555_TX_1_validation,2016-04-02,44,32.86340177474339
FOODS_3_555_TX_1_validation,2016-04-03,32,34.59036798055156
FOODS_3_555_TX_1_validation,2016-04-04,23,20.815958780290465
FOODS_3_555_TX_1_validation,2016-04-05,31,22.50658187019685
FOODS_3_555_TX_1_validation,2016-04-06,30,22.771305764588387
FOODS_3_555_TX_1_validation,2016-04-07,37,25.16316799807822
FOODS_3_555_TX_1_validation,2016-04-08,38,26.389265263869657
FOODS_3_555_TX_1_validation,2016-04-09,34,37.336456249743236
FOODS_3_555_TX_1_validation,2016-04-10,34,32.48805628286876
FOODS_3_555_TX_1_validation,2016-04-11,19,25.002976827399554
FOODS_3_555_TX_1_validation,2016-04-12,26,23.34027237910736
FOODS_3_555_TX_1_validation,2016-04-13,21,23.47266089083015
FOODS_3_555_TX_1_validation,2016-04-14,25,22.523291595839204
FOODS_3_555_TX_1_validation,2016-04-15,30,30.062570691280744
FOODS_3_555_TX_1_validation,2016-04-16,19,34.46933211745694
FOODS_3_555_TX_1_validation,2016-04-17,32,32.73656888340812
FOODS_3_555_TX_1_validation,2016-04-18,32,21.945996310118247
FOODS_3_555_TX_1_validation,2016-04-19,35,20.203834168676014
FOODS_3_555_TX_1_validation,2016-04-20,26,20.26760839277321
FOODS_3_555_TX_1_validation,2016-04-21,26,22.476299674895742
FOODS_3_555_TX_1_validation,2016-04-22,30,26.753816097243547
FOODS_3_555_TX_1_validation,2016-04-23,38,34.341347811450895
FOODS_3_555_TX_1_validation,2016-04-24,28,32.58525306028863
FOODS_3_555_TX_2_validation,2016-03-28,29,36.55130639310374
FOODS_3_555_TX_2_validation,2016-03-29,33,35.62764870508505
FOODS_3_555_TX_2_validation,2016-03-30,33,36.81817904222162
FOODS_3_555_TX_2_validation,2016-03-31,47,38.977740889456705
FOODS_3_555_TX_2_validation,2016-04-01,51,48.75590438916325
FOODS_3_555_TX_2_validation,2016-04-02,70,61.629474047388555
FOODS_3_555_TX_2_validation,2016-04-03,49,54.41884171778389
FOODS_3_555_TX_2_validation,2016-04-04,44,35.395791438666144
FOODS_3_555_TX_2_validation,2016-04-05,31,36.67504637189497
FOODS_3_555_TX_2_validation,2016-04-06,33,38.01369761602537
FOODS_3_555_TX_2_validation,2016-04-07,48,40.31793365568601
FOODS_3_555_TX_2_validation,2016-04-08,54,46.11709730840637
FOODS_3_555_TX_2_validation,2016-04-09,57,63.22650057422429
FOODS_3_555_TX_2_validation,2016-04-10,57,52.00368656548876
FOODS_3_555_TX_2_validation,2016-04-11,35,37.17490423451121
FOODS_3_555_TX_2_validation,2016-04-12,32,36.45095855986287
FOODS_3_555_TX_2_validation,2016-04-13,23,37.81611786789094
FOODS_3_555_TX_2_validation,2016-04-14,41,38.06106681066628
FOODS_3_555_TX_2_validation,2016-04-15,39,47.944398723803396
FOODS_3_555_TX_2_validation,2016-04-16,57,60.88158920330102
FOODS_3_555_TX_2_validation,2016-04-17,54,51.63332459559223
FOODS_3_555_TX_2_validation,2016-04-18,35,34.64251464990816
FOODS_3_555_TX_2_validation,2016-04-19,28,33.795729596357106
FOODS_3_555_TX_2_validation,2016-04-20,33,35.02457272072879
FOODS_3_555_TX_2_validation,2016-04-21,34,37.18219487459568
FOODS_3_555_TX_2_validation,2016-04-22,41,44.86092072286202
FOODS_3_555_TX_2_validation,2016-04-23,48,59.71117758815255
FOODS_3_555_TX_2_validation,2016-04-24,39,50.327666000673545
FOODS_3_555_TX_3_validation,2016-03-28,24,23.016264300791168
FOODS_3_555_TX_3_validation,2016-03-29,24,21.51086922856804
FOODS_3_555_TX_3_validation,2016-03-30,17,22.399800228925187
FOODS_3_555_TX_3_validation,2016-03-31,27,24.67673775802964
FOODS_3_555_TX_3_validation,2016-04-01,23,32.60133114353209
FOODS_3_555_TX_3_validation,2016-04-02,33,38.74580850875474
FOODS_3_555_TX_3_validation,2016-04-03,40,39.493244440305276
FOODS_3_555_TX_3_validation,2016-04-04,30,24.19180170452926
FOODS_3_555_TX_3_validation,2016-04-05,27,25.30078602288618
FOODS_3_555_TX_3_validation,2016-04-06,24,26.352537387597593
FOODS_3_555_TX_3_validation,2016-04-07,26,28.7614292759114
FOODS_3_555_TX_3_validation,2016-04-08,35,31.934433500966026
FOODS_3_555_TX_3_validation,2016-04-09,37,42.989667701793394
FOODS_3_555_TX_3_validation,2016-04-10,38,38.91103333510866
FOODS_3_555_TX_3_validation,2016-04-11,23,28.44390378721453
FOODS_3_555_TX_3_validation,2016-04-12,23,27.07507814200786
FOODS_3_555_TX_3_validation,2016-04-13,18,28.03721334188981
FOODS_3_555_TX_3_validation,2016-04-14,30,27.897659168216876
FOODS_3_555_TX_3_validation,2016-04-15,30,35.765524728875704
FOODS_3_555_TX_3_validation,2016-04-16,27,41.79001371482315
FOODS_3_555_TX_3_validation,2016-04-17,29,39.93279505738216
FOODS_3_555_TX_3_validation,2016-04-18,4,26.82101852415039
FOODS_3_555_TX_3_validation,2016-04-19,28,25.221400866954284
FOODS_3_555_TX_3_validation,2016-04-20,29,25.947948123795822
FOODS_3_555_TX_3_validation,2016-04-21,28,27.998916066943497
FOODS_3_555_TX_3_validation,2016-04-22,40,33.215437465520516
FOODS_3_555_TX_3_validation,2016-04-23,50,41.45154831536219
FOODS_3_555_TX_3_validation,2016-04-24,17,39.40041799393818
FOODS_3_555_WI_3_validation,2016-03-28,22,17.31092743644609
FOODS_3_555_WI_3_validation,2016-03-29,24,17.36512468581034
FOODS_3_555_WI_3_validation,2016-03-30,22,15.817198543247784
FOODS_3_555_WI_3_validation,2016-03-31,13,17.499025109073294
FOODS_3_555_WI_3_validation,2016-04-01,20,24.414836700794453
FOODS_3_555_WI_3_validation,2016-04-02,47,34.36018854503715
FOODS_3_555_WI_3_validation,2016-04-03,51,27.974203703800214
FOODS_3_555_WI_3_validation,2016-04-04,18,16.42894220515047
FOODS_3_555_WI_3_validation,2016-04-05,15,20.84058834309719
FOODS_3_555_WI_3_validation,2016-04-06,20,19.307113431206005
FOODS_3_555_WI_3_validation,2016-04-07,26,16.660568763627595
FOODS_3_555_WI_3_validation,2016-04-08,18,27.9383939431545
FOODS_3_555_WI_3_validation,2016-04-09,41,33.55910469181943
FOODS_3_555_WI_3_validation,2016-04-10,28,22.850777147290785
FOODS_3_555_WI_3_validation,2016-04-11,21,20.018767681471132
FOODS_3_555_WI_3_validation,2016-04-12,17,20.113613875717398
FOODS_3_555_WI_3_validation,2016-04-13,16,14.266565881602187
FOODS_3_555_WI_3_validation,2016-04-14,28,20.342918144859425
FOODS_3_555_WI_3_validation,2016-04-15,25,27.31435665587963
FOODS_3_555_WI_3_validation,2016-04-16,43,28.632515860196378
FOODS_3_555_WI_3_validation,2016-04-17,37,22.314177494272162
FOODS_3_555_WI_3_validation,2016-04-18,41,15.18734239166335
FOODS_3_555_WI_3_validation,2016-04-19,30,15.335372646218481
FOODS_3_555_WI_3_validation,2016-04-20,23,13.889246528282145
FOODS_3_555_WI_3_validation,2016-04-21,24,15.680887840704761
FOODS_3_555_WI_3_validation,2016-04-22,26,22.71445814109951
FOODS_3_555_WI_3_validation,2016-04-23,43,28.44097683858566
FOODS_3_555_WI_3_validation,2016-04-24,25,22.187857639697402
FOODS_3_586_CA_1_validation,2016-03-28,27,29.627718300174035
FOODS_3_586_CA_1_validation,2016-03-29,32,26.257943858159138
FOODS_3_586_CA_1_validation,2016-03-30,26,27.008079348041555
FOODS_3_586_CA_1_validation,2016-03-31,28,28.654966102774708
FOODS_3_586_CA_1_validation,2016-04-01,36,40.357956333866916
FOODS_3_586_CA_1_validation,2016-04-02,65,52.680832497022514
FOODS_3_586_CA_1_validation,2016-04-03,54,59.971814154265076
FOODS_3_586_CA_1_validation,2016-04-04,30,34.67888776915732
FOODS_3_586_CA_1_validation,2016-04-05,37,31.254938951224453
FOODS_3_586_CA_1_validation,2016-04-06,27,31.93326243000489
FOODS_3_586_CA_1_validation,2016-04-07,35,33.49015784744253
FOODS_3_586_CA_1_validation,2016-04-08,41,41.25737834044378
FOODS_3_586_CA_1_validation,2016-04-09,60,53.45462259336668
FOODS_3_586_CA_1_validation,2016-04-10,48,60.60374487515125
FOODS_3_586_CA_1_validation,2016-04-11,36,31.32698138375278
FOODS_3_586_CA_1_validation,2016-04-12,29,27.734957935541754
FOODS_3_586_CA_1_validation,2016-04-13,20,28.23634048504786
FOODS_3_586_CA_1_validation,2016-04-14,43,29.610901477754116
FOODS_3_586_CA_1_validation,2016-04-15,32,37.19424693538973
FOODS_3_586_CA_1_validation,2016-04-16,37,49.21020698809548
FOODS_3_586_CA_1_validation,2016-04-17,64,56.18493239997931
FOODS_3_586_CA_1_validation,2016-04-18,30,30.57263371737485
FOODS_3_586_CA_1_validation,2016-04-19,40,26.8329221879059
FOODS_3_586_CA_1_validation,2016-04-20,31,27.20614177771971
FOODS_3_586_CA_1_validation,2016-04-21,45,28.47577066431386
FOODS_3_586_CA_1_validation,2016-04-22,28,35.98066498713654
FOODS_3_586_CA_1_validation,2016-04-23,40,47.94734176330308
FOODS_3_586_CA_1_validation,2016-04-24,54,54.90398193691907
FOODS_3_586_CA_2_validation,2016-03-28,26,33.756871690792664
FOODS_3_586_CA_2_validation,2016-03-29,27,33.78385741588393
FOODS_3_586_CA_2_validation,2016-03-30,26,34.89412147179
FOODS_3_586_CA_2_validation,2016-03-31,28,35.74777837590209
FOODS_3_586_CA_2_validation,2016-04-01,30,42.41902413903992
FOODS_3_586_CA_2_validation,2016-04-02,49,50.53259129445311
FOODS_3_586_CA_2_validation,2016-04-03,34,49.86328530528359
FOODS_3_586_CA_2_validation,2016-04-04,26,35.68950662258091
FOODS_3_586_CA_2_validation,2016-04-05,25,35.74942023181699
FOODS_3_586_CA_2_validation,2016-04-06,27,36.87845551714243
FOODS_3_586_CA_2_validation,2016-04-07,33,37.73578178180112
FOODS_3_586_CA_2_validation,2016-04-08,36,44.06587020944795
FOODS_3_586_CA_2_validation,2016-04-09,49,52.150993126518216
FOODS_3_586_CA_2_validation,2016-04-10,30,51.43674058534252
FOODS_3_586_CA_2_validation,2016-04-11,38,36.872571086977004
FOODS_3_586_CA_2_validation,2016-04-12,24,36.85500457580998
FOODS_3_586_CA_2_validation,2016-04-13,29,37.89108694372779
FOODS_3_586_CA_2_validation,2016-04-14,18,38.64088427153094
FOODS_3_586_CA_2_validation,2016-04-15,24,44.850028579293024
FOODS_3_586_CA_2_validation,2016-04-16,47,52.802201813970456
FOODS_3_586_CA_2_validation,2016-04-17,39,51.94463247166631
FOODS_3_586_CA_2_validation,2016-04-18,26,37.55762802557851
FOODS_3_586_CA_2_validation,2016-04-19,45,37.38171613193728
FOODS_3_586_CA_2_validation,2016-04-20,42,38.25511353393655
FOODS_3_586_CA_2_validation,2016-04-21,30,38.84016267142905
FOODS_3_586_CA_2_validation,2016-04-22,34,44.884847543569926
FOODS_3_586_CA_2_validation,2016-04-23,39,52.67524058066223
FOODS_3_586_CA_2_validation,2016-04-24,36,51.66096155202658
FOODS_3_586_CA_3_validation,2016-03-28,60,58.84956775314261
FOODS_3_586_CA_3_validation,2016-03-29,53,56.234633857432456
FOODS_3_586_CA_3_validation,2016-03-30,44,53.49834534403496
FOODS_3_586_CA_3_validation,2016-03-31,42,56.49175102512523
FOODS_3_586_CA_3_validation,2016-04-01,62,67.1408365956561
FOODS_3_586_CA_3_validation,2016-04-02,72,80.01866022069144
FOODS_3_586_CA_3_validation,2016-04-03,73,84.68119506828559
FOODS_3_586_CA_3_validation,2016-04-04,60,65.75837745492272
FOODS_3_586_CA_3_validation,2016-04-05,70,63.31002227644422
FOODS_3_586_CA_3_validation,2016-04-06,75,60.736956820100325
FOODS_3_586_CA_3_validation,2016-04-07,69,63.8864309902072
FOODS_3_586_CA_3_validation,2016-04-08,58,68.58696044665683
FOODS_3_586_CA_3_validation,2016-04-09,84,81.59585083991736
FOODS_3_586_CA_3_validation,2016-04-10,85,86.37218279663516
FOODS_3_586_CA_3_validation,2016-04-11,76,61.449406380637576
FOODS_3_586_CA_3_validation,2016-04-12,60,59.072790725447206
FOODS_3_586_CA_3_validation,2016-04-13,52,56.54766433749212
FOODS_3_586_CA_3_validation,2016-04-14,63,59.720155287990565
FOODS_3_586_CA_3_validation,2016-04-15,57,64.4182302393465
FOODS_3_586_CA_3_validation,2016-04-16,85,77.39922314727683
FOODS_3_586_CA_3_validation,2016-04-17,91,82.12280978278875
FOODS_3_586_CA_3_validation,2016-04-18,77,63.21740129206045
FOODS_3_586_CA_3_validation,2016-04-19,75,60.74226076466668
FOODS_3_586_CA_3_validation,2016-04-20,70,58.09863669782608
FOODS_3_586_CA_3_validation,2016-04-21,48,61.13514828290342
FOODS_3_586_CA_3_validation,2016-04-22,61,65.68258036178602
FOODS_3_586_CA_3_validation,2016-04-23,74,78.50133818546725
FOODS_3_586_CA_3_validation,2016-04-24,78,83.05434410564447
FOODS_3_586_TX_1_validation,2016-03-28,54,42.35236732216475
FOODS_3_586_TX_1_validation,2016-03-29,22,40.16938865637486
FOODS_3_586_TX_1_validation,2016-03-30,38,40.46549406291405
FOODS_3_586_TX_1_validation,2016-03-31,44,41.77555612129077
FOODS_3_586_TX_1_validation,2016-04-01,40,52.001731137599776
FOODS_3_586_TX_1_validation,2016-04-02,55,61.591513443495806
FOODS_3_586_TX_1_validation,2016-04-03,74,66.82656694015078
FOODS_3_586_TX_1_validation,2016-04-04,61,45.46465972043802
FOODS_3_586_TX_1_validation,2016-04-05,65,46.877768112304906
FOODS_3_586_TX_1_validation,2016-04-06,44,46.918702918815576
FOODS_3_586_TX_1_validation,2016-04-07,74,47.95633699943089
FOODS_3_586_TX_1_validation,2016-04-08,54,50.243223942453376
FOODS_3_586_TX_1_validation,2016-04-09,52,67.20061049267049
FOODS_3_586_TX_1_validation,2016-04-10,75,64.49291085787425
FOODS_3_586_TX_1_validation,2016-04-11,38,50.507064975683036
FOODS_3_586_TX_1_validation,2016-04-12,39,47.825033387476495
FOODS_3_586_TX_1_validation,2016-04-13,47,47.61619550416249
FOODS_3_586_TX_1_validation,2016-04-14,42,44.59785957542219
FOODS_3_586_TX_1_validation,2016-04-15,53,54.33782540237884
FOODS_3_586_TX_1_validation,2016-04-16,50,63.46471754017437
FOODS_3_586_TX_1_validation,2016-04-17,68,64.44038856859346
FOODS_3_586_TX_1_validation,2016-04-18,72,46.51337266298338
FOODS_3_586_TX_1_validation,2016-04-19,81,43.749759491978004
FOODS_3_586_TX_1_validation,2016-04-20,45,43.49059320367914
FOODS_3_586_TX_1_validation,2016-04-21,59,44.2799404173252
FOODS_3_586_TX_1_validation,2016-04-22,50,50.20000444636197
FOODS_3_586_TX_1_validation,2016-04-23,56,63.188644626644006
FOODS_3_586_TX_1_validation,2016-04-24,58,64.22101078452263
FOODS_3_586_TX_2_validation,2016-03-28,59,68.0429056832363
FOODS_3_586_TX_2_validation,2016-03-29,51,65.87558375911391
FOODS_3_586_TX_2_validation,2016-03-30,61,66.19232274657959
FOODS_3_586_TX_2_validation,2016-03-31,79,71.18518444644009
FOODS_3_586_TX_2_validation,2016-04-01,77,91.68620504463676
FOODS_3_586_TX_2_validation,2016-04-02,98,109.37751529732762
FOODS_3_586_TX_2_validation,2016-04-03,107,109.46579939835337
FOODS_3_586_TX_2_validation,2016-04-04,68,68.12422192650895
FOODS_3_586_TX_2_validation,2016-04-05,74,71.51326169244354
FOODS_3_586_TX_2_validation,2016-04-06,72,71.93668614922792
FOODS_3_586_TX_2_validation,2016-04-07,87,76.99700635965878
FOODS_3_586_TX_2_validation,2016-04-08,79,86.69298375973305
FOODS_3_586_TX_2_validation,2016-04-09,100,115.19495827399511
FOODS_3_586_TX_2_validation,2016-04-10,114,104.3891746977666
FOODS_3_586_TX_2_validation,2016-04-11,66,73.76999520055466
FOODS_3_586_TX_2_validation,2016-04-12,53,71.595425983207
FOODS_3_586_TX_2_validation,2016-04-13,62,71.83324825950048
FOODS_3_586_TX_2_validation,2016-04-14,69,71.26120190074894
FOODS_3_586_TX_2_validation,2016-04-15,80,91.54444083858674
FOODS_3_586_TX_2_validation,2016-04-16,78,108.9555162317104
FOODS_3_586_TX_2_validation,2016-04-17,102,103.2937054235927
FOODS_3_586_TX_2_validation,2016-04-18,54,66.98674982516853
FOODS_3_586_TX_2_validation,2016-04-19,67,64.5463048002091
FOODS_3_586_TX_2_validation,2016-04-20,57,64.53370210859384
FOODS_3_586_TX_2_validation,2016-04-21,59,69.14992844944491
FOODS_3_586_TX_2_validation,2016-04-22,80,83.82277883187109
FOODS_3_586_TX_2_validation,2016-04-23,100,106.49170767802487
FOODS_3_586_TX_2_validation,2016-04-24,75,100.71682703206038
FOODS_3_586_TX_3_validation,2016-03-28,45,57.49417833613677
FOODS_3_586_TX_3_validation,2016-03-29,46,52.96082434165744
FOODS_3_586_TX_3_validation,2016-03-30,45,54.33360334791293
FOODS_3_586_TX_3_validation,2016-03-31,54,56.310129451010184
FOODS_3_586_TX_3_validation,2016-04-01,61,70.24703333279626
FOODS_3_586_TX_3_validation,2016-04-02,62,81.18566232770861
FOODS_3_586_TX_3_validation,2016-04-03,72,83.24666441472009
FOODS_3_586_TX_3_validation,2016-04-04,54,57.732160172054385
FOODS_3_586_TX_3_validation,2016-04-05,77,57.76269154492485
FOODS_3_586_TX_3_validation,2016-04-06,45,59.611329339090716
FOODS_3_586_TX_3_validation,2016-04-07,51,62.0711067692244
FOODS_3_586_TX_3_validation,2016-04-08,68,68.27706542360502
FOODS_3_586_TX_3_validation,2016-04-09,77,87.89352631140135
FOODS_3_586_TX_3_validation,2016-04-10,72,82.18631589324178
FOODS_3_586_TX_3_validation,2016-04-11,58,65.29240035805054
FOODS_3_586_TX_3_validation,2016-04-12,43,61.584293648342324
FOODS_3_586_TX_3_validation,2016-04-13,67,63.74929979492202
FOODS_3_586_TX_3_validation,2016-04-14,55,62.3623912964033
FOODS_3_586_TX_3_validation,2016-04-15,56,76.97530421030199
FOODS_3_586_TX_3_validation,2016-04-16,67,88.50918975224582
FOODS_3_586_TX_3_validation,2016-04-17,69,86.96627475960886
FOODS_3_586_TX_3_validation,2016-04-18,49,65.9546373405541
FOODS_3_586_TX_3_validation,2016-04-19,55,62.16410131803578
FOODS_3_586_TX_3_validation,2016-04-20,60,64.17856920929684
FOODS_3_586_TX_3_validation,2016-04-21,55,66.68227651861132
FOODS_3_586_TX_3_validation,2016-04-22,55,76.91534207847845
FOODS_3_586_TX_3_validation,2016-04-23,66,92.22759166816371
FOODS_3_586_TX_3_validation,2016-04-24,47,90.31201997241266
FOODS_3_586_WI_3_validation,2016-03-28,29,20.520247393019954
FOODS_3_586_WI_3_validation,2016-03-29,24,20.31087065412436
FOODS_3_586_WI_3_validation,2016-03-30,27,18.531928517080477
FOODS_3_586_WI_3_validation,2016-03-31,20,18.89215297595773
FOODS_3_586_WI_3_validation,2016-04-01,37,29.250002991507362
FOODS_3_586_WI_3_validation,2016-04-02,34,41.15864092857782
FOODS_3_586_WI_3_validation,2016-04-03,37,37.38467686849756
FOODS_3_586_WI_3_validation,2016-04-04,21,18.192296889717227
FOODS_3_586_WI_3_validation,2016-04-05,15,23.785916595637502
FOODS_3_586_WI_3_validation,2016-04-06,35,22.198280385136467
FOODS_3_586_WI_3_validation,2016-04-07,33,17.133704667485688
FOODS_3_586_WI_3_validation,2016-04-08,25,33.37063546304825
FOODS_3_586_WI_3_validation,2016-04-09,35,39.89069922351125
FOODS_3_586_WI_3_validation,2016-04-10,38,30.738443173595787
FOODS_3_586_WI_3_validation,2016-04-11,32,23.09756474533322
FOODS_3_586_WI_3_validation,2016-04-12,16,23.317635829697274
FOODS_3_586_WI_3_validation,2016-04-13,27,16.351211032284116
FOODS_3_586_WI_3_validation,2016-04-14,29,22.82272954161501
FOODS_3_586_WI_3_validation,2016-04-15,37,33.656719229949964
FOODS_3_586_WI_3_validation,2016-04-16,48,34.75582041555646
FOODS_3_586_WI_3_validation,2016-04-17,40,31.444538232006476
FOODS_3_586_WI_3_validation,2016-04-18,35,18.3374938855016
FOODS_3_586_WI_3_validation,2016-04-19,22,18.707047703259143
FOODS_3_586_WI_3_validation,2016-04-20,25,17.50436999920319
FOODS_3_586_WI_3_validation,2016-04-21,31,18.428341442248446
FOODS_3_586_WI_3_validation,2016-04-22,35,29.32818722772749
FOODS_3_586_WI_3_validation,2016-04-23,47,36.10702332239407
FOODS_3_586_WI_3_validation,2016-04-24,44,32.807170878363515
FOODS_3_587_CA_1_validation,2016-03-28,38,32.880437638496026
FOODS_3_587_CA_1_validation,2016-03-29,26,28.71075187179278
FOODS_3_587_CA_1_validation,2016-03-30,25,27.319487311529247
FOODS_3_587_CA_1_validation,2016-03-31,15,26.142860770058274
FOODS_3_587_CA_1_validation,2016-04-01,15,32.62521039812519
FOODS_3_587_CA_1_validation,2016-04-02,27,39.06368770543965
FOODS_3_587_CA_1_validation,2016-04-03,29,44.75921375162417
FOODS_3_587_CA_1_validation,2016-04-04,23,34.96753874099563
FOODS_3_587_CA_1_validation,2016-04-05,21,30.72363073843577
FOODS_3_587_CA_1_validation,2016-04-06,21,29.305970889742227
FOODS_3_587_CA_1_validation,2016-04-07,16,28.152454818141173
FOODS_3_587_CA_1_validation,2016-04-08,22,32.06168412974658
FOODS_3_587_CA_1_validation,2016-04-09,24,38.62146931572262
FOODS_3_587_CA_1_validation,2016-04-10,43,44.48407039212411
FOODS_3_587_CA_1_validation,2016-04-11,33,32.25519050320957
FOODS_3_587_CA_1_validation,2016-04-12,16,28.25633659421609
FOODS_3_587_CA_1_validation,2016-04-13,23,27.11351190355593
FOODS_3_587_CA_1_validation,2016-04-14,21,26.257112898842173
FOODS_3_587_CA_1_validation,2016-04-15,20,30.477460183106825
FOODS_3_587_CA_1_validation,2016-04-16,27,37.35351942343245
FOODS_3_587_CA_1_validation,2016-04-17,36,43.52837618486878
FOODS_3_587_CA_1_validation,2016-04-18,16,34.24443032756093
FOODS_3_587_CA_1_validation,2016-04-19,10,30.522177606381806
FOODS_3_587_CA_1_validation,2016-04-20,15,29.62488656757482
FOODS_3_587_CA_1_validation,2016-04-21,10,28.97490362847917
FOODS_3_587_CA_1_validation,2016-04-22,21,33.355359557883574
FOODS_3_587_CA_1_validation,2016-04-23,24,40.33908762652079
FOODS_3_587_CA_1_validation,2016-04-24,26,46.56426874314599
FOODS_3_587_CA_3_validation,2016-03-28,27,38.125496688976554
FOODS_3_587_CA_3_validation,2016-03-29,60,33.8598642857855
FOODS_3_587_CA_3_validation,2016-03-30,28,32.65067496616016
FOODS_3_587_CA_3_validation,2016-03-31,37,31.48320319656733
FOODS_3_587_CA_3_validation,2016-04-01,24,39.133662178806276
FOODS_3_587_CA_3_validation,2016-04-02,37,44.963179850158916
FOODS_3_587_CA_3_validation,2016-04-03,48,51.487658820605986
FOODS_3_587_CA_3_validation,2016-04-04,38,44.87653013089581
FOODS_3_587_CA_3_validation,2016-04-05,34,40.37499639443537
FOODS_3_587_CA_3_validation,2016-04-06,29,38.93813247929681
FOODS_3_587_CA_3_validation,2016-04-07,35,37.55817234171612
FOODS_3_587_CA_3_validation,2016-04-08,42,39.23724168820545
FOODS_3_587_CA_3_validation,2016-04-09,46,44.902616016709246
FOODS_3_587_CA_3_validation,2016-04-10,49,51.29423076538855
FOODS_3_587_CA_3_validation,2016-04-11,38,38.804411221695695
FOODS_3_587_CA_3_validation,2016-04-12,22,34.241127222699504
FOODS_3_587_CA_3_validation,2016-04-13,41,32.77984921442858
FOODS_3_587_CA_3_validation,2016-04-14,29,31.41228891073608
FOODS_3_587_CA_3_validation,2016-04-15,33,33.138794543238575
FOODS_3_587_CA_3_validation,2016-04-16,28,38.88367494311024
FOODS_3_587_CA_3_validation,2016-04-17,60,45.38281096671001
FOODS_3_587_CA_3_validation,2016-04-18,31,38.80388465063178
FOODS_3_587_CA_3_validation,2016-04-19,25,34.38833112899517
FOODS_3_587_CA_3_validation,2016-04-20,25,33.085574605326116
FOODS_3_587_CA_3_validation,2016-04-21,23,31.880506560198878
FOODS_3_587_CA_3_validation,2016-04-22,37,33.76645982589331
FOODS_3_587_CA_3_validation,2016-04-23,28,39.660750629420164
FOODS_3_587_CA_3_validation,2016-04-24,41,46.292506707027265
FOODS_3_587_TX_1_validation,2016-03-28,22,21.25101932775216
FOODS_3_587_TX_1_validation,2016-03-29,27,20.105438402774656
FOODS_3_587_TX_1_validation,2016-03-30,24,19.380501704417938
FOODS_3_587_TX_1_validation,2016-03-31,11,18.958761407931128
FOODS_3_587_TX_1_validation,2016-04-01,12,23.749430766507956
FOODS_3_587_TX_1_validation,2016-04-02,22,27.101266893130074
FOODS_3_587_TX_1_validation,2016-04-03,21,33.38431672065143
FOODS_3_587_TX_1_validation,2016-04-04,16,22.492414558033595
FOODS_3_587_TX_1_validation,2016-04-05,19,24.416593049221756
FOODS_3_587_TX_1_validation,2016-04-06,15,23.60396817070938
FOODS_3_587_TX_1_validation,2016-04-07,22,23.09446916050271
FOODS_3_587_TX_1_validation,2016-04-08,32,21.495212515980786
FOODS_3_587_TX_1_validation,2016-04-09,32,31.077028112369387
FOODS_3_587_TX_1_validation,2016-04-10,24,30.98847825764598
FOODS_3_587_TX_1_validation,2016-04-11,29,26.35040801855486
FOODS_3_587_TX_1_validation,2016-04-12,32,25.084023257766525
FOODS_3_587_TX_1_validation,2016-04-13,29,24.24959121617777
FOODS_3_587_TX_1_validation,2016-04-14,24,20.580907280289363
FOODS_3_587_TX_1_validation,2016-04-15,38,25.296533727239964
FOODS_3_587_TX_1_validation,2016-04-16,24,28.594125620940304
FOODS_3_587_TX_1_validation,2016-04-17,16,31.691316912873546
FOODS_3_587_TX_1_validation,2016-04-18,23,23.940479726993427
FOODS_3_587_TX_1_validation,2016-04-19,28,22.71836315828152
FOODS_3_587_TX_1_validation,2016-04-20,21,21.928063599599685
FOODS_3_587_TX_1_validation,2016-04-21,17,21.452080512811598
FOODS_3_587_TX_1_validation,2016-04-22,17,23.045289382391
FOODS_3_587_TX_1_validation,2016-04-23,32,29.513237949646054
FOODS_3_587_TX_1_validation,2016-04-24,24,32.61019638598113
FOODS_3_587_TX_2_validation,2016-03-28,27,19.209106214442542
FOODS_3_587_TX_2_validation,2016-03-29,22,13.947286331313885
FOODS_3_587_TX_2_validation,2016-03-30,21,11.745918456599354
FOODS_3_587_TX_2_validation,2016-03-31,25,11.321641562910152
FOODS_3_587_TX_2_validation,2016-04-01,21,14.270908849482518
FOODS_3_587_TX_2_validation,2016-04-02,33,17.410121834388217
FOODS_3_587_TX_2_validation,2016-04-03,34,25.556871172475045
FOODS_3_587_TX_2_validation,2016-04-04,31,15.771830221527793
FOODS_3_587_TX_2_validation,2016-04-05,14,12.748263455971692
FOODS_3_587_TX_2_validation,2016-04-06,25,10.92107074914791
FOODS_3_587_TX_2_validation,2016-04-07,35,10.922622964624406
FOODS_3_587_TX_2_validation,2016-04-08,28,10.49916559516737
FOODS_3_587_TX_2_validation,2016-04-09,32,17.98759177964457
FOODS_3_587_TX_2_validation,2016-04-10,54,22.8239242838509
FOODS_3_587_TX_2_validation,2016-04-11,32,17.43038107369474
FOODS_3_587_TX_2_validation,2016-04-12,23,13.038701507037631
FOODS_3_587_TX_2_validation,2016-04-13,22,11.758416459266181
FOODS_3_587_TX_2_validation,2016-04-14,20,10.36750592000785
FOODS_3_587_TX_2_validation,2016-04-15,27,14.287072071180045
FOODS_3_587_TX_2_validation,2016-04-16,26,18.392934556824077
FOODS_3_587_TX_2_validation,2016-04-17,36,25.561840645937234
FOODS_3_587_TX_2_validation,2016-04-18,23,18.5998391015317
FOODS_3_587_TX_2_validation,2016-04-19,30,14.495797834352617
FOODS_3_587_TX_2_validation,2016-04-20,19,13.43189472190544
FOODS_3_587_TX_2_validation,2016-04-21,19,14.103421729373686
FOODS_3_587_TX_2_validation,2016-04-22,34,16.16458448394413
FOODS_3_587_TX_2_validation,2016-04-23,38,22.176643946048276
FOODS_3_587_TX_2_validation,2016-04-24,44,29.253172980591863
FOODS_3_587_TX_3_validation,2016-03-28,12,35.868641300148745
FOODS_3_587_TX_3_validation,2016-03-29,14,33.11145969339176
FOODS_3_587_TX_3_validation,2016-03-30,13,31.388904642729834
FOODS_3_587_TX_3_validation,2016-03-31,9,29.95238179722525
FOODS_3_587_TX_3_validation,2016-04-01,26,32.738361198203194
FOODS_3_587_TX_3_validation,2016-04-02,26,33.63382244553329
FOODS_3_587_TX_3_validation,2016-04-03,31,40.858983795790486
FOODS_3_587_TX_3_validation,2016-04-04,17,34.35828933732395
FOODS_3_587_TX_3_validation,2016-04-05,21,34.44717356506352
FOODS_3_587_TX_3_validation,2016-04-06,19,32.76944151329206
FOODS_3_587_TX_3_validation,2016-04-07,18,31.395931141425585
FOODS_3_587_TX_3_validation,2016-04-08,19,28.622346180719376
FOODS_3_587_TX_3_validation,2016-04-09,21,35.253860753740575
FOODS_3_587_TX_3_validation,2016-04-10,26,36.94957861798698
FOODS_3_587_TX_3_validation,2016-04-11,25,36.211227201187576
FOODS_3_587_TX_3_validation,2016-04-12,20,33.61237095077439
FOODS_3_587_TX_3_validation,2016-04-13,28,32.07382772049493
FOODS_3_587_TX_3_validation,2016-04-14,19,28.023711107062418
FOODS_3_587_TX_3_validation,2016-04-15,27,31.034400365361225
FOODS_3_587_TX_3_validation,2016-04-16,23,32.168536908879474
FOODS_3_587_TX_3_validation,2016-04-17,25,36.82162084240614
FOODS_3_587_TX_3_validation,2016-04-18,22,33.39280011801723
FOODS_3_587_TX_3_validation,2016-04-19,15,30.912610290888342
FOODS_3_587_TX_3_validation,2016-04-20,16,29.479397274921425
FOODS_3_587_TX_3_validation,2016-04-21,14,28.338965344104196
FOODS_3_587_TX_3_validation,2016-04-22,25,28.602077233099617
FOODS_3_587_TX_3_validation,2016-04-23,18,32.60965386766893
FOODS_3_587_TX_3_validation,2016-04-24,20,37.29650353648706
FOODS_3_587_WI_3_validation,2016-03-28,32,41.51524293715178
FOODS_3_587_WI_3_validation,2016-03-29,43,38.561404799377506
FOODS_3_587_WI_3_validation,2016-03-30,37,38.40320481205554
FOODS_3_587_WI_3_validation,2016-03-31,37,36.49244111481906
FOODS_3_587_WI_3_validation,2016-04-01,39,39.52502834018599
FOODS_3_587_WI_3_validation,2016-04-02,55,47.54413772901633
FOODS_3_587_WI_3_validation,2016-04-03,71,49.66148723384977
FOODS_3_587_WI_3_validation,2016-04-04,37,38.809738177505885
FOODS_3_587_WI_3_validation,2016-04-05,44,39.42690922363929
FOODS_3_587_WI_3_validation,2016-04-06,44,38.653355016273
FOODS_3_587_WI_3_validation,2016-04-07,27,31.953294756807583
FOODS_3_587_WI_3_validation,2016-04-08,32,38.82696779639212
FOODS_3_587_WI_3_validation,2016-04-09,45,42.26654700858434
FOODS_3_587_WI_3_validation,2016-04-10,44,39.91835152570559
FOODS_3_587_WI_3_validation,2016-04-11,50,37.511641892711474
FOODS_3_587_WI_3_validation,2016-04-12,22,33.896003433505406
FOODS_3_587_WI_3_validation,2016-04-13,21,29.002947429648255
FOODS_3_587_WI_3_validation,2016-04-14,23,31.085244229937622
FOODS_3_587_WI_3_validation,2016-04-15,26,34.04694737592016
FOODS_3_587_WI_3_validation,2016-04-16,21,33.66411986925541
FOODS_3_587_WI_3_validation,2016-04-17,38,36.100328120819235
FOODS_3_587_WI_3_validation,2016-04-18,42,30.012260866798275
FOODS_3_587_WI_3_validation,2016-04-19,15,27.028562968493233
FOODS_3_587_WI_3_validation,2016-04-20,17,27.064826650287877
FOODS_3_587_WI_3_validation,2016-04-21,14,25.563325946761303
FOODS_3_587_WI_3_validation,2016-04-22,17,29.205743471468857
FOODS_3_587_WI_3_validation,2016-04-23,30,33.75200492161091
FOODS_3_587_WI_3_validation,2016-04-24,29,36.82086113938339
FOODS_3_607_CA_3_validation,2016-03-28,12,17.588516828285094
FOODS_3_607_CA_3_validation,2016-03-29,9,15.891441067244504
FOODS_3_607_CA_3_validation,2016-03-30,12,13.321271562350205
FOODS_3_607_CA_3_validation,2016-03-31,6,15.612667122572276
FOODS_3_607_CA_3_validation,2016-04-01,16,23.592323862710813
FOODS_3_607_CA_3_validation,2016-04-02,19,27.77414385640909
FOODS_3_607_CA_3_validation,2016-04-03,27,32.426248020842166
FOODS_3_607_CA_3_validation,2016-04-04,10,26.256260945076576
FOODS_3_607_CA_3_validation,2016-04-05,20,24.441323439770798
FOODS_3_607_CA_3_validation,2016-04-06,9,21.74092319423292
FOODS_3_607_CA_3_validation,2016-04-07,11,23.891314426363742
FOODS_3_607_CA_3_validation,2016-04-08,9,26.51404577555097
FOODS_3_607_CA_3_validation,2016-04-09,17,30.535176284600873
FOODS_3_607_CA_3_validation,2016-04-10,21,35.016210165468124
FOODS_3_607_CA_3_validation,2016-04-11,12,23.457484697057573
FOODS_3_607_CA_3_validation,2016-04-12,17,21.446319758748576
FOODS_3_607_CA_3_validation,2016-04-13,9,18.53387089974409
FOODS_3_607_CA_3_validation,2016-04-14,17,20.453759867114215
FOODS_3_607_CA_3_validation,2016-04-15,9,22.824754236669378
FOODS_3_607_CA_3_validation,2016-04-16,13,26.570167030008243
FOODS_3_607_CA_3_validation,2016-04-17,27,30.748984232374937
FOODS_3_607_CA_3_validation,2016-04-18,10,24.06546366347534
FOODS_3_607_CA_3_validation,2016-04-19,5,21.69340942434776
FOODS_3_607_CA_3_validation,2016-04-20,8,18.389299038329426
FOODS_3_607_CA_3_validation,2016-04-21,9,19.88700686653403
FOODS_3_607_CA_3_validation,2016-04-22,5,21.80663139116544
FOODS_3_607_CA_3_validation,2016-04-23,9,25.073994415737175
FOODS_3_607_CA_3_validation,2016-04-24,18,28.751831328014955
FOODS_3_635_CA_3_validation,2016-03-28,32,23.932749606260774
FOODS_3_635_CA_3_validation,2016-03-29,28,15.918254875967207
FOODS_3_635_CA_3_validation,2016-03-30,51,14.155017171640853
FOODS_3_635_CA_3_validation,2016-03-31,2,11.253977092215845
FOODS_3_635_CA_3_validation,2016-04-01,0,16.209306937923266
FOODS_3_635_CA_3_validation,2016-04-02,0,24.99927546014206
FOODS_3_635_CA_3_validation,2016-04-03,0,34.63323015290641
FOODS_3_635_CA_3_validation,2016-04-04,0,24.66500791116818
FOODS_3_635_CA_3_validation,2016-04-05,0,16.445713638254418
FOODS_3_635_CA_3_validation,2016-04-06,0,14.480806867145496
FOODS_3_635_CA_3_validation,2016-04-07,0,11.389620438273791
FOODS_3_635_CA_3_validation,2016-04-08,0,12.545670760089546
FOODS_3_635_CA_3_validation,2016-04-09,0,21.19546257143341
FOODS_3_635_CA_3_validation,2016-04-10,0,30.727858259205433
FOODS_3_635_CA_3_validation,2016-04-11,0,17.075851689353982
FOODS_3_635_CA_3_validation,2016-04-12,0,8.857711314710928
FOODS_3_635_CA_3_validation,2016-04-13,0,6.956457910595255
FOODS_3_635_CA_3_validation,2016-04-14,0,3.997330422366625
FOODS_3_635_CA_3_validation,2016-04-15,0,5.35830185075716
FOODS_3_635_CA_3_validation,2016-04-16,0,14.288678086024351
FOODS_3_635_CA_3_validation,2016-04-17,0,24.17830280625361
FOODS_3_635_CA_3_validation,2016-04-18,0,14.58876784956978
FOODS_3_635_CA_3_validation,2016-04-19,0,6.876275966919778
FOODS_3_635_CA_3_validation,2016-04-20,0,5.548430295541131
FOODS_3_635_CA_3_validation,2016-04-21,0,3.2235311687919346
FOODS_3_635_CA_3_validation,2016-04-22,0,5.270748142790014
FOODS_3_635_CA_3_validation,2016-04-23,0,14.928876306911297
FOODS_3_635_CA_3_validation,2016-04-24,0,25.575750668131075
FOODS_3_681_CA_3_validation,2016-03-28,14,37.085047965024685
FOODS_3_681_CA_3_validation,2016-03-29,31,35.83886959664124
FOODS_3_681_CA_3_validation,2016-03-30,14,35.26321452943926
FOODS_3_681_CA_3_validation,2016-03-31,44,38.079013385293216
FOODS_3_681_CA_3_validation,2016-04-01,46,44.874342805011885
FOODS_3_681_CA_3_validation,2016-04-02,38,49.87065453319746
FOODS_3_681_CA_3_validation,2016-04-03,14,42.40510798972383
FOODS_3_681_CA_3_validation,2016-04-04,8,35.67615678941009
FOODS_3_681_CA_3_validation,2016-04-05,37,34.91487330449873
FOODS_3_681_CA_3_validation,2016-04-06,37,34.90278373513451
FOODS_3_681_CA_3_validation,2016-04-07,39,38.34841690134719
FOODS_3_681_CA_3_validation,2016-04-08,41,45.276630387025236
FOODS_3_681_CA_3_validation,2016-04-09,63,50.99299729739719
FOODS_3_681_CA_3_validation,2016-04-10,29,44.26973651883202
FOODS_3_681_CA_3_validation,2016-04-11,21,37.74002512277158
FOODS_3_681_CA_3_validation,2016-04-12,48,37.718048560551566
FOODS_3_681_CA_3_validation,2016-04-13,32,38.42043289401932
FOODS_3_681_CA_3_validation,2016-04-14,28,42.54095113100708
FOODS_3_681_CA_3_validation,2016-04-15,47,50.09069377737211
FOODS_3_681_CA_3_validation,2016-04-16,26,56.36272666428594
FOODS_3_681_CA_3_validation,2016-04-17,51,50.11825558851211
FOODS_3_681_CA_3_validation,2016-04-18,40,44.530589663530506
FOODS_3_681_CA_3_validation,2016-04-19,31,44.807509350616286
FOODS_3_681_CA_3_validation,2016-04-20,42,45.709547478053864
FOODS_3_681_CA_3_validation,2016-04-21,24,49.92691989515416
FOODS_3_681_CA_3_validation,2016-04-22,55,57.4691624913456
FOODS_3_681_CA_3_validation,2016-04-23,52,63.629752999247714
FOODS_3_681_CA_3_validation,2016-04-24,15,57.1721977488254
FOODS_3_681_WI_3_validation,2016-03-28,1,41.984613488401955
FOODS_3_681_WI_3_validation,2016-03-29,27,40.006133489912585
FOODS_3_681_WI_3_validation,2016-03-30,32,41.21710862093373
FOODS_3_681_WI_3_validation,2016-03-31,30,42.1722166986129
FOODS_3_681_WI_3_validation,2016-04-01,70,49.38248420946991
FOODS_3_681_WI_3_validation,2016-04-02,68,60.465441738878454
FOODS_3_681_WI_3_validation,2016-04-03,87,53.05655687519476
FOODS_3_681_WI_3_validation,2016-04-04,37,43.17544197574106
FOODS_3_681_WI_3_validation,2016-04-05,35,44.508839457690556
FOODS_3_681_WI_3_validation,2016-04-06,41,46.19557932559978
FOODS_3_681_WI_3_validation,2016-04-07,32,44.77932908565661
FOODS_3_681_WI_3_validation,2016-04-08,46,55.38768589463352
FOODS_3_681_WI_3_validation,2016-04-09,66,64.1212939813614
FOODS_3_681_WI_3_validation,2016-04-10,62,54.355349482001394
FOODS_3_681_WI_3_validation,2016-04-11,35,50.72545839103644
FOODS_3_681_WI_3_validation,2016-04-12,40,49.649592766393795
FOODS_3_681_WI_3_validation,2016-04-13,21,48.88377673740059
FOODS_3_681_WI_3_validation,2016-04-14,44,53.5899055449406
FOODS_3_681_WI_3_validation,2016-04-15,56,61.629877189618824
FOODS_3_681_WI_3_validation,2016-04-16,98,67.72535033027188
FOODS_3_681_WI_3_validation,2016-04-17,64,60.998076251213135
FOODS_3_681_WI_3_validation,2016-04-18,66,54.57521168543955
FOODS_3_681_WI_3_validation,2016-04-19,34,53.501105874450765
FOODS_3_681_WI_3_validation,2016-04-20,9,55.531668847776196
FOODS_3_681_WI_3_validation,2016-04-21,38,57.202169303493704
FOODS_3_681_WI_3_validation,2016-04-22,43,65.00650817215244
FOODS_3_681_WI_3_validation,2016-04-23,83,73.67164697497216
FOODS_3_681_WI_3_validation,2016-04-24,54,66.5739144084637
FOODS_3_694_CA_3_validation,2016-03-28,18,12.670517547260742
FOODS_3_694_CA_3_validation,2016-03-29,12,10.374223294363176
FOODS_3_694_CA_3_validation,2016-03-30,18,10.206787704547452
FOODS_3_694_CA_3_validation,2016-03-31,21,10.408181434386618
FOODS_3_694_CA_3_validation,2016-04-01,18,15.924650133364107
FOODS_3_694_CA_3_validation,2016-04-02,27,19.500043113690367
FOODS_3_694_CA_3_validation,2016-04-03,25,20.75920015794354
FOODS_3_694_CA_3_validation,2016-04-04,24,15.583874734228694
FOODS_3_694_CA_3_validation,2016-04-05,18,13.401692853798538
FOODS_3_694_CA_3_validation,2016-04-06,20,13.350462042108077
FOODS_3_694_CA_3_validation,2016-04-07,31,13.667641326650804
FOODS_3_694_CA_3_validation,2016-04-08,29,16.66812810742885
FOODS_3_694_CA_3_validation,2016-04-09,23,20.350754360672653
FOODS_3_694_CA_3_validation,2016-04-10,27,21.709073809826585
FOODS_3_694_CA_3_validation,2016-04-11,15,13.993675427470412
FOODS_3_694_CA_3_validation,2016-04-12,22,11.887530168954045
FOODS_3_694_CA_3_validation,2016-04-13,9,11.897693128775717
FOODS_3_694_CA_3_validation,2016-04-14,17,12.25992927897099
FOODS_3_694_CA_3_validation,2016-04-15,8,15.287765986080222
FOODS_3_694_CA_3_validation,2016-04-16,16,18.97902432128612
FOODS_3_694_CA_3_validation,2016-04-17,20,20.32663317229708
FOODS_3_694_CA_3_validation,2016-04-18,17,15.209737620454554
FOODS_3_694_CA_3_validation,2016-04-19,20,13.053947431219473
FOODS_3_694_CA_3_validation,2016-04-20,16,12.995699103435808
FOODS_3_694_CA_3_validation,2016-04-21,19,13.271764308232932
FOODS_3_694_CA_3_validation,2016-04-22,22,16.197059622971985
FOODS_3_694_CA_3_validation,2016-04-23,24,19.771149420740826
FOODS_3_694_CA_3_validation,2016-04-24,24,20.9890233441963
FOODS_3_694_TX_1_validation,2016-03-28,13,15.343525343800241
FOODS_3_694_TX_1_validation,2016-03-29,18,13.14655055195756
FOODS_3_694_TX_1_validation,2016-03-30,17,13.562804758768992
FOODS_3_694_TX_1_validation,2016-03-31,12,14.99208205225844
FOODS_3_694_TX_1_validation,2016-04-01,24,17.449479686277265
FOODS_3_694_TX_1_validation,2016-04-02,26,20.874871709098194
FOODS_3_694_TX_1_validation,2016-04-03,26,22.4121767257772
FOODS_3_694_TX_1_validation,2016-04-04,17,15.651983982051378
FOODS_3_694_TX_1_validation,2016-04-05,18,14.749302452346882
FOODS_3_694_TX_1_validation,2016-04-06,22,15.22097789869935
FOODS_3_694_TX_1_validation,2016-04-07,21,16.69071135007567
FOODS_3_694_TX_1_validation,2016-04-08,25,16.72014809712789
FOODS_3_694_TX_1_validation,2016-04-09,31,22.60347140737227
FOODS_3_694_TX_1_validation,2016-04-10,22,21.67657240662764
FOODS_3_694_TX_1_validation,2016-04-11,18,17.337163924610824
FOODS_3_694_TX_1_validation,2016-04-12,11,15.159167634415462
FOODS_3_694_TX_1_validation,2016-04-13,11,15.563930307585279
FOODS_3_694_TX_1_validation,2016-04-14,19,15.72466755857801
FOODS_3_694_TX_1_validation,2016-04-15,16,18.108509667818883
FOODS_3_694_TX_1_validation,2016-04-16,17,21.430494044559197
FOODS_3_694_TX_1_validation,2016-04-17,25,21.610566624861285
FOODS_3_694_TX_1_validation,2016-04-18,17,15.919833768603233
FOODS_3_694_TX_1_validation,2016-04-19,21,13.613184531744452
FOODS_3_694_TX_1_validation,2016-04-20,12,13.889443670266688
FOODS_3_694_TX_1_validation,2016-04-21,16,15.151223273429954
FOODS_3_694_TX_1_validation,2016-04-22,16,16.191389274833327
FOODS_3_694_TX_1_validation,2016-04-23,22,20.632034790500924
FOODS_3_694_TX_1_validation,2016-04-24,29,20.718580137208356
FOODS_3_694_WI_1_validation,2016-03-28,12,13.93814658505872
FOODS_3_694_WI_1_validation,2016-03-29,16,13.396344176337022
FOODS_3_694_WI_1_validation,2016-03-30,18,13.2819615122472
FOODS_3_694_WI_1_validation,2016-03-31,18,14.845004850935814
FOODS_3_694_WI_1_validation,2016-04-01,31,19.71560720344992
FOODS_3_694_WI_1_validation,2016-04-02,26,25.39334239206219
FOODS_3_694_WI_1_validation,2016-04-03,28,20.14854940119881
FOODS_3_694_WI_1_validation,2016-04-04,16,13.316738524649715
FOODS_3_694_WI_1_validation,2016-04-05,16,12.58735019994787
FOODS_3_694_WI_1_validation,2016-04-06,12,12.483609180139663
FOODS_3_694_WI_1_validation,2016-04-07,16,14.255451212157002
FOODS_3_694_WI_1_validation,2016-04-08,21,18.939896314006372
FOODS_3_694_WI_1_validation,2016-04-09,24,24.827465641697703
FOODS_3_694_WI_1_validation,2016-04-10,27,19.793261336742045
FOODS_3_694_WI_1_validation,2016-04-11,21,12.579914060246207
FOODS_3_694_WI_1_validation,2016-04-12,17,12.063432328488716
FOODS_3_694_WI_1_validation,2016-04-13,16,12.174248504635703
FOODS_3_694_WI_1_validation,2016-04-14,14,13.569520064361226
FOODS_3_694_WI_1_validation,2016-04-15,21,18.47287599624292
FOODS_3_694_WI_1_validation,2016-04-16,34,24.582021159954856
FOODS_3_694_WI_1_validation,2016-04-17,32,19.376899625862595
FOODS_3_694_WI_1_validation,2016-04-18,27,12.391174209407545
FOODS_3_694_WI_1_validation,2016-04-19,14,11.907819946427232
FOODS_3_694_WI_1_validation,2016-04-20,12,11.857260067745642
FOODS_3_694_WI_1_validation,2016-04-21,14,13.489655385298382
FOODS_3_694_WI_1_validation,2016-04-22,18,18.43524809626458
FOODS_3_694_WI_1_validation,2016-04-23,28,24.391358336211773
FOODS_3_694_WI_1_validation,2016-04-24,24,19.232839144892246
FOODS_3_694_WI_2_validation,2016-03-28,30,25.42169591501202
FOODS_3_694_WI_2_validation,2016-03-29,24,25.39608852447746
FOODS_3_694_WI_2_validation,2016-03-30,37,26.13586346759151
FOODS_3_694_WI_2_validation,2016-03-31,35,27.03144446949229
FOODS_3_694_WI_2_validation,2016-04-01,52,30.898571816850772
FOODS_3_694_WI_2_validation,2016-04-02,44,35.538917774499666
FOODS_3_694_WI_2_validation,2016-04-03,41,32.307463684781396
FOODS_3_694_WI_2_validation,2016-04-04,32,25.808626019486766
FOODS_3_694_WI_2_validation,2016-04-05,33,29.93573118355236
FOODS_3_694_WI_2_validation,2016-04-06,36,30.651964735278774
FOODS_3_694_WI_2_validation,2016-04-07,37,27.34929110057087
FOODS_3_694_WI_2_validation,2016-04-08,37,35.31113291231973
FOODS_3_694_WI_2_validation,2016-04-09,43,35.72047542356812
FOODS_3_694_WI_2_validation,2016-04-10,34,28.245371636511262
FOODS_3_694_WI_2_validation,2016-04-11,45,29.9587714337369
FOODS_3_694_WI_2_validation,2016-04-12,37,29.825468099262125
FOODS_3_694_WI_2_validation,2016-04-13,27,26.277391721386095
FOODS_3_694_WI_2_validation,2016-04-14,45,31.175244696120096
FOODS_3_694_WI_2_validation,2016-04-15,41,34.873899214656674
FOODS_3_694_WI_2_validation,2016-04-16,44,31.024852831442534
FOODS_3_694_WI_2_validation,2016-04-17,52,27.609216585656384
FOODS_3_694_WI_2_validation,2016-04-18,38,25.081262285773224
FOODS_3_694_WI_2_validation,2016-04-19,31,24.87351525184061
FOODS_3_694_WI_2_validation,2016-04-20,32,25.419557191642355
FOODS_3_694_WI_2_validation,2016-04-21,32,26.115636887863175
FOODS_3_694_WI_2_validation,2016-04-22,31,29.78326343238174
FOODS_3_694_WI_2_validation,2016-04-23,33,30.074449409580335
FOODS_3_694_WI_2_validation,2016-04-24,29,26.65995241258933
FOODS_3_694_WI_3_validation,2016-03-28,36,35.65010113105291
FOODS_3_694_WI_3_validation,2016-03-29,44,36.71888894678219
FOODS_3_694_WI_3_validation,2016-03-30,39,35.777086767047024
FOODS_3_694_WI_3_validation,2016-03-31,39,37.78594295974765
FOODS_3_694_WI_3_validation,2016-04-01,46,46.552140361969215
FOODS_3_694_WI_3_validation,2016-04-02,56,54.86704957969073
FOODS_3_694_WI_3_validation,2016-04-03,54,48.24907831760665
FOODS_3_694_WI_3_validation,2016-04-04,29,34.92230648851639
FOODS_3_694_WI_3_validation,2016-04-05,43,41.84578603929782
FOODS_3_694_WI_3_validation,2016-04-06,31,40.94080679524326
FOODS_3_694_WI_3_validation,2016-04-07,34,37.1692087421214
FOODS_3_694_WI_3_validation,2016-04-08,48,51.76991458872373
FOODS_3_694_WI_3_validation,2016-04-09,61,54.293647631086145
FOODS_3_694_WI_3_validation,2016-04-10,42,41.881086504718176
FOODS_3_694_WI_3_validation,2016-04-11,41,40.18919752141433
FOODS_3_694_WI_3_validation,2016-04-12,34,41.31597545388486
FOODS_3_694_WI_3_validation,2016-04-13,37,34.615746473478346
FOODS_3_694_WI_3_validation,2016-04-14,51,42.48336507336193
FOODS_3_694_WI_3_validation,2016-04-15,65,51.29663138011709
FOODS_3_694_WI_3_validation,2016-04-16,58,48.03904644389119
FOODS_3_694_WI_3_validation,2016-04-17,59,41.4734085308252
FOODS_3_694_WI_3_validation,2016-04-18,54,34.015843559762374
FOODS_3_694_WI_3_validation,2016-04-19,42,35.19635252652964
FOODS_3_694_WI_3_validation,2016-04-20,34,34.369580635958755
FOODS_3_694_WI_3_validation,2016-04-21,34,36.49899163342688
FOODS_3_694_WI_3_validation,2016-04-22,46,45.39332459832229
FOODS_3_694_WI_3_validation,2016-04-23,46,48.03530092247048
FOODS_3_694_WI_3_validation,2016-04-24,48,41.56568493955548
FOODS_3_711_CA_3_validation,2016-03-28,13,0.0
FOODS_3_711_CA_3_validation,2016-03-29,1,0.0
FOODS_3_711_CA_3_validation,2016-03-30,7,0.0
FOODS_3_711_CA_3_validation,2016-03-31,11,0.0
FOODS_3_711_CA_3_validation,2016-04-01,33,5.175586242384014
FOODS_3_711_CA_3_validation,2016-04-02,4,8.49706315743806
FOODS_3_711_CA_3_validation,2016-04-03,1,10.872756403043534
FOODS_3_711_CA_3_validation,2016-04-04,0,8.082699452539055
FOODS_3_711_CA_3_validation,2016-04-05,0,5.943312272123498
FOODS_3_711_CA_3_validation,2016-04-06,33,5.993132399821894
FOODS_3_711_CA_3_validation,2016-04-07,26,5.6721787594267985
FOODS_3_711_CA_3_validation,2016-04-08,6,6.834107742039774
FOODS_3_711_CA_3_validation,2016-04-09,6,10.777089836940567
FOODS_3_711_CA_3_validation,2016-04-10,18,13.757837746198648
FOODS_3_711_CA_3_validation,2016-04-11,21,1.9187174664152824
FOODS_3_711_CA_3_validation,2016-04-12,7,0.32334233006906743
FOODS_3_711_CA_3_validation,2016-04-13,0,0.8733067263249517
FOODS_3_711_CA_3_validation,2016-04-14,0,1.0005049376740711
FOODS_3_711_CA_3_validation,2016-04-15,15,2.551253527258531
FOODS_3_711_CA_3_validation,2016-04-16,3,6.817316842185983
FOODS_3_711_CA_3_validation,2016-04-17,15,10.05006736171599
FOODS_3_711_CA_3_validation,2016-04-18,28,8.0159051427572
FOODS_3_711_CA_3_validation,2016-04-19,2,6.519158795674576
FOODS_3_711_CA_3_validation,2016-04-20,2,7.088059848682475
FOODS_3_711_CA_3_validation,2016-04-21,0,7.154317909592134
FOODS_3_711_CA_3_validation,2016-04-22,0,8.565451308169004
FOODS_3_711_CA_3_validation,2016-04-23,4,12.615797417912221
FOODS_3_711_CA_3_validation,2016-04-24,6,15.560630378101688
FOODS_3_711_WI_2_validation,2016-03-28,10,9.215053683854727
FOODS_3_711_WI_2_validation,2016-03-29,57,10.54089780517852
FOODS_3_711_WI_2_validation,2016-03-30,0,10.331113447147857
FOODS_3_711_WI_2_validation,2016-03-31,0,8.649741031279465
FOODS_3_711_WI_2_validation,2016-04-01,0,6.887370068818799
FOODS_3_711_WI_2_validation,2016-04-02,0,28.67462461209614
FOODS_3_711_WI_2_validation,2016-04-03,1,31.07139108333392
FOODS_3_711_WI_2_validation,2016-04-04,0,7.80717199924416
FOODS_3_711_WI_2_validation,2016-04-05,0,24.96331088763101
FOODS_3_711_WI_2_validation,2016-04-06,0,24.833273617466492
FOODS_3_711_WI_2_validation,2016-04-07,0,7.479542703910789
FOODS_3_711_WI_2_validation,2016-04-08,1,21.766318531824517
FOODS_3_711_WI_2_validation,2016-04-09,1,28.014376354732622
FOODS_3_711_WI_2_validation,2016-04-10,0,14.926806066591524
FOODS_3_711_WI_2_validation,2016-04-11,0,23.700235251558343
FOODS_3_711_WI_2_validation,2016-04-12,0,25.448619356355564
FOODS_3_711_WI_2_validation,2016-04-13,2,9.929574164037188
FOODS_3_711_WI_2_validation,2016-04-14,0,24.66880184817136
FOODS_3_711_WI_2_validation,2016-04-15,0,23.560355791698157
FOODS_3_711_WI_2_validation,2016-04-16,0,14.38764327971283
FOODS_3_711_WI_2_validation,2016-04-17,0,17.49088484537868
FOODS_3_711_WI_2_validation,2016-04-18,47,10.749415936288766
FOODS_3_711_WI_2_validation,2016-04-19,38,12.742246783565113
FOODS_3_711_WI_2_validation,2016-04-20,8,13.216064608119384
FOODS_3_711_WI_2_validation,2016-04-21,20,12.210015623512703
FOODS_3_711_WI_2_validation,2016-04-22,26,11.089128899824981
FOODS_3_711_WI_2_validation,2016-04-23,21,17.63271032390935
FOODS_3_711_WI_2_validation,2016-04-24,18,20.52785220657007
FOODS_3_714_CA_1_validation,2016-03-28,11,12.060987626526174
FOODS_3_714_CA_1_validation,2016-03-29,4,9.521045322624145
FOODS_3_714_CA_1_validation,2016-03-30,13,10.094970558287985
FOODS_3_714_CA_1_validation,2016-03-31,19,10.942651754006684
FOODS_3_714_CA_1_validation,2016-04-01,29,20.105184566082006
FOODS_3_714_CA_1_validation,2016-04-02,40,32.95759298673525
FOODS_3_714_CA_1_validation,2016-04-03,23,33.37336317034461
FOODS_3_714_CA_1_validation,2016-04-04,25,14.18668456786287
FOODS_3_714_CA_1_validation,2016-04-05,19,11.929116811887537
FOODS_3_714_CA_1_validation,2016-04-06,15,12.787277600702486
FOODS_3_714_CA_1_validation,2016-04-07,15,13.913269466316153
FOODS_3_714_CA_1_validation,2016-04-08,18,21.26035134428495
FOODS_3_714_CA_1_validation,2016-04-09,33,34.35685770141991
FOODS_3_714_CA_1_validation,2016-04-10,25,34.989457360179784
FOODS_3_714_CA_1_validation,2016-04-11,7,13.90631390462812
FOODS_3_714_CA_1_validation,2016-04-12,5,11.794647474250922
FOODS_3_714_CA_1_validation,2016-04-13,11,12.757075307036406
FOODS_3_714_CA_1_validation,2016-04-14,9,13.943118446860794
FOODS_3_714_CA_1_validation,2016-04-15,20,21.304688797983506
FOODS_3_714_CA_1_validation,2016-04-16,37,34.370033490894784
FOODS_3_714_CA_1_validation,2016-04-17,37,34.926982341966664
FOODS_3_714_CA_1_validation,2016-04-18,15,15.806306907810658
FOODS_3_714_CA_1_validation,2016-04-19,6,13.538216969154107
FOODS_3_714_CA_1_validation,2016-04-20,10,14.310063734980153
FOODS_3_714_CA_1_validation,2016-04-21,12,15.276721836805574
FOODS_3_714_CA_1_validation,2016-04-22,18,22.39615792345034
FOODS_3_714_CA_1_validation,2016-04-23,22,35.2031921991009
FOODS_3_714_CA_1_validation,2016-04-24,27,35.49255020554216
FOODS_3_714_CA_3_validation,2016-03-28,26,23.846661401816842
FOODS_3_714_CA_3_validation,2016-03-29,28,22.58020138034609
FOODS_3_714_CA_3_validation,2016-03-30,34,22.454735379153227
FOODS_3_714_CA_3_validation,2016-03-31,25,23.03634278971636
FOODS_3_714_CA_3_validation,2016-04-01,34,30.469454848295587
FOODS_3_714_CA_3_validation,2016-04-02,39,37.83213673624286
FOODS_3_714_CA_3_validation,2016-04-03,35,38.38300431776556
FOODS_3_714_CA_3_validation,2016-04-04,29,27.31574513014304
FOODS_3_714_CA_3_validation,2016-04-05,45,26.10843606159989
FOODS_3_714_CA_3_validation,2016-04-06,41,26.043772846187927
FOODS_3_714_CA_3_validation,2016-04-07,38,26.686990733217655
FOODS_3_714_CA_3_validation,2016-04-08,30,31.66362824039635
FOODS_3_714_CA_3_validation,2016-04-09,32,39.08625878785489
FOODS_3_714_CA_3_validation,2016-04-10,13,39.69428485669368
FOODS_3_714_CA_3_validation,2016-04-11,18,26.16206256454836
FOODS_3_714_CA_3_validation,2016-04-12,24,25.00182790773723
FOODS_3_714_CA_3_validation,2016-04-13,41,24.976818463019114
FOODS_3_714_CA_3_validation,2016-04-14,29,25.650667737278958
FOODS_3_714_CA_3_validation,2016-04-15,31,30.64735551195786
FOODS_3_714_CA_3_validation,2016-04-16,35,38.07798481211232
FOODS_3_714_CA_3_validation,2016-04-17,57,38.68062110591467
FOODS_3_714_CA_3_validation,2016-04-18,24,27.646318238342012
FOODS_3_714_CA_3_validation,2016-04-19,25,26.45065415282628
FOODS_3_714_CA_3_validation,2016-04-20,33,26.3740365204443
FOODS_3_714_CA_3_validation,2016-04-21,23,26.97969775250225
FOODS_3_714_CA_3_validation,2016-04-22,20,31.891529261075526
FOODS_3_714_CA_3_validation,2016-04-23,42,39.22087778095539
FOODS_3_714_CA_3_validation,2016-04-24,40,39.706396526776395
FOODS_3_714_TX_1_validation,2016-03-28,9,9.559848817425209
FOODS_3_714_TX_1_validation,2016-03-29,15,8.552767521402375
FOODS_3_714_TX_1_validation,2016-03-30,14,8.68737082279695
FOODS_3_714_TX_1_validation,2016-03-31,12,9.873812827247594
FOODS_3_714_TX_1_validation,2016-04-01,25,13.51276098640646
FOODS_3_714_TX_1_validation,2016-04-02,21,19.235513578547813
FOODS_3_714_TX_1_validation,2016-04-03,28,17.35338856264621
FOODS_3_714_TX_1_validation,2016-04-04,14,9.406739870809393
FOODS_3_714_TX_1_validation,2016-04-05,23,9.229254672259911
FOODS_3_714_TX_1_validation,2016-04-06,16,9.417069056542573
FOODS_3_714_TX_1_validation,2016-04-07,23,10.664249141866541
FOODS_3_714_TX_1_validation,2016-04-08,24,12.7983358558451
FOODS_3_714_TX_1_validation,2016-04-09,30,20.16192889925368
FOODS_3_714_TX_1_validation,2016-04-10,34,16.77933390859479
FOODS_3_714_TX_1_validation,2016-04-11,19,10.47312270430865
FOODS_3_714_TX_1_validation,2016-04-12,19,9.5754576012737
FOODS_3_714_TX_1_validation,2016-04-13,13,9.822426772047443
FOODS_3_714_TX_1_validation,2016-04-14,21,10.334704882683587
FOODS_3_714_TX_1_validation,2016-04-15,17,14.080160760470694
FOODS_3_714_TX_1_validation,2016-04-16,31,19.900611676987083
FOODS_3_714_TX_1_validation,2016-04-17,21,17.31808969718557
FOODS_3_714_TX_1_validation,2016-04-18,14,10.226313771210135
FOODS_3_714_TX_1_validation,2016-04-19,10,9.31370036246725
FOODS_3_714_TX_1_validation,2016-04-20,20,9.530738538346636
FOODS_3_714_TX_1_validation,2016-04-21,14,10.784157950878805
FOODS_3_714_TX_1_validation,2016-04-22,21,13.686041746142886
FOODS_3_714_TX_1_validation,2016-04-23,32,20.22197061356693
FOODS_3_714_TX_1_validation,2016-04-24,20,17.55910689146434
FOODS_3_714_TX_2_validation,2016-03-28,23,21.441898096161445
FOODS_3_714_TX_2_validation,2016-03-29,23,19.07221909299416
FOODS_3_714_TX_2_validation,2016-03-30,16,19.488579590892968
FOODS_3_714_TX_2_validation,2016-03-31,22,21.1394210072401
FOODS_3_714_TX_2_validation,2016-04-01,21,24.87185263200221
FOODS_3_714_TX_2_validation,2016-04-02,34,33.87568283675307
FOODS_3_714_TX_2_validation,2016-04-03,42,31.617373690758583
FOODS_3_714_TX_2_validation,2016-04-04,18,20.930481611447288
FOODS_3_714_TX_2_validation,2016-04-05,18,19.105539660472054
FOODS_3_714_TX_2_validation,2016-04-06,15,19.510141360695393
FOODS_3_714_TX_2_validation,2016-04-07,23,21.18180273560215
FOODS_3_714_TX_2_validation,2016-04-08,28,23.790854698949058
FOODS_3_714_TX_2_validation,2016-04-09,26,34.05580339858993
FOODS_3_714_TX_2_validation,2016-04-10,22,30.73464300779668
FOODS_3_714_TX_2_validation,2016-04-11,25,21.364438428229775
FOODS_3_714_TX_2_validation,2016-04-12,13,19.113892735845972
FOODS_3_714_TX_2_validation,2016-04-13,13,19.69941159736677
FOODS_3_714_TX_2_validation,2016-04-14,18,20.976938106437405
FOODS_3_714_TX_2_validation,2016-04-15,29,24.96462294764181
FOODS_3_714_TX_2_validation,2016-04-16,17,34.25718919934003
FOODS_3_714_TX_2_validation,2016-04-17,30,31.724985052802232
FOODS_3_714_TX_2_validation,2016-04-18,13,21.957857733324524
FOODS_3_714_TX_2_validation,2016-04-19,21,19.883949867810227
FOODS_3_714_TX_2_validation,2016-04-20,12,20.626291219118393
FOODS_3_714_TX_2_validation,2016-04-21,32,22.624604566651918
FOODS_3_714_TX_2_validation,2016-04-22,39,26.128295922911512
FOODS_3_714_TX_2_validation,2016-04-23,20,36.082271322774595
FOODS_3_714_TX_2_validation,2016-04-24,15,33.58984363990101
FOODS_3_714_TX_3_validation,2016-03-28,8,18.10673108381001
FOODS_3_714_TX_3_validation,2016-03-29,21,16.565406291439725
FOODS_3_714_TX_3_validation,2016-03-30,24,17.479347964323786
FOODS_3_714_TX_3_validation,2016-03-31,28,18.400074620280876
FOODS_3_714_TX_3_validation,2016-04-01,22,22.118487908834428
FOODS_3_714_TX_3_validation,2016-04-02,27,24.980679752780578
FOODS_3_714_TX_3_validation,2016-04-03,29,25.472036840098493
FOODS_3_714_TX_3_validation,2016-04-04,42,18.36009303884276
FOODS_3_714_TX_3_validation,2016-04-05,33,17.62652366597472
FOODS_3_714_TX_3_validation,2016-04-06,29,18.583480234064613
FOODS_3_714_TX_3_validation,2016-04-07,24,19.54929174500289
FOODS_3_714_TX_3_validation,2016-04-08,23,21.777035044930066
FOODS_3_714_TX_3_validation,2016-04-09,28,26.220129721621436
FOODS_3_714_TX_3_validation,2016-04-10,24,25.216999190997523
FOODS_3_714_TX_3_validation,2016-04-11,11,19.67873493435643
FOODS_3_714_TX_3_validation,2016-04-12,17,18.208225578667676
FOODS_3_714_TX_3_validation,2016-04-13,23,19.188671996398476
FOODS_3_714_TX_3_validation,2016-04-14,17,19.40064492356866
FOODS_3_714_TX_3_validation,2016-04-15,29,23.16861085235191
FOODS_3_714_TX_3_validation,2016-04-16,26,26.067876665374627
FOODS_3_714_TX_3_validation,2016-04-17,27,25.813259349724067
FOODS_3_714_TX_3_validation,2016-04-18,13,19.47465919025298
FOODS_3_714_TX_3_validation,2016-04-19,19,17.959388799256097
FOODS_3_714_TX_3_validation,2016-04-20,8,18.882801181800254
FOODS_3_714_TX_3_validation,2016-04-21,15,19.794306546793205
FOODS_3_714_TX_3_validation,2016-04-22,17,22.714942772340564
FOODS_3_714_TX_3_validation,2016-04-23,30,26.294051513524018
FOODS_3_714_TX_3_validation,2016-04-24,19,25.943701893878494
FOODS_3_714_WI_3_validation,2016-03-28,11,17.087017054182496
FOODS_3_714_WI_3_validation,2016-03-29,33,16.874786009907638
FOODS_3_714_WI_3_validation,2016-03-30,13,16.362934625154157
FOODS_3_714_WI_3_validation,2016-03-31,4,17.019165765880782
FOODS_3_714_WI_3_validation,2016-04-01,32,24.143112006027827
FOODS_3_714_WI_3_validation,2016-04-02,21,30.715605222070174
FOODS_3_714_WI_3_validation,2016-04-03,13,25.365548727029353
FOODS_3_714_WI_3_validation,2016-04-04,11,16.585597366229948
FOODS_3_714_WI_3_validation,2016-04-05,21,19.75393421255553
FOODS_3_714_WI_3_validation,2016-04-06,8,19.26763966716134
FOODS_3_714_WI_3_validation,2016-04-07,9,16.59466919458962
FOODS_3_714_WI_3_validation,2016-04-08,24,27.08801214758261
FOODS_3_714_WI_3_validation,2016-04-09,22,30.325567752043273
FOODS_3_714_WI_3_validation,2016-04-10,16,21.639172295574046
FOODS_3_714_WI_3_validation,2016-04-11,19,19.575554485694074
FOODS_3_714_WI_3_validation,2016-04-12,16,19.40869382930339
FOODS_3_714_WI_3_validation,2016-04-13,13,15.590010343387982
FOODS_3_714_WI_3_validation,2016-04-14,30,19.641851741666084
FOODS_3_714_WI_3_validation,2016-04-15,31,26.813159505524226
FOODS_3_714_WI_3_validation,2016-04-16,40,26.736158917673258
FOODS_3_714_WI_3_validation,2016-04-17,10,21.44595717925526
FOODS_3_714_WI_3_validation,2016-04-18,20,16.086759348811324
FOODS_3_714_WI_3_validation,2016-04-19,18,15.986363534807738
FOODS_3_714_WI_3_validation,2016-04-20,16,15.59693565663802
FOODS_3_714_WI_3_validation,2016-04-21,25,16.38846221553104
FOODS_3_714_WI_3_validation,2016-04-22,26,23.662826204632424
FOODS_3_714_WI_3_validation,2016-04-23,36,27.05204478478871
FOODS_3_714_WI_3_validation,2016-04-24,20,21.88879782701855
FOODS_3_723_CA_3_validation,2016-03-28,14,15.372341245536756
FOODS_3_723_CA_3_validation,2016-03-29,19,14.798440825118934
FOODS_3_723_CA_3_validation,2016-03-30,14,16.79305440473923
FOODS_3_723_CA_3_validation,2016-03-31,56,19.088944363356553
FOODS_3_723_CA_3_validation,2016-04-01,31,26.66815675808832
FOODS_3_723_CA_3_validation,2016-04-02,35,30.622858892151342
FOODS_3_723_CA_3_validation,2016-04-03,19,18.409692333487442
FOODS_3_723_CA_3_validation,2016-04-04,30,15.710741101358899
FOODS_3_723_CA_3_validation,2016-04-05,22,15.129338862949822
FOODS_3_723_CA_3_validation,2016-04-06,12,17.14105086616861
FOODS_3_723_CA_3_validation,2016-04-07,30,19.477751343201675
FOODS_3_723_CA_3_validation,2016-04-08,26,26.75193770976514
FOODS_3_723_CA_3_validation,2016-04-09,34,30.789534620447682
FOODS_3_723_CA_3_validation,2016-04-10,28,18.676354882143777
FOODS_3_723_CA_3_validation,2016-04-11,17,15.72307729243689
FOODS_3_723_CA_3_validation,2016-04-12,18,15.26507826357621
FOODS_3_723_CA_3_validation,2016-04-13,22,17.40556561731451
FOODS_3_723_CA_3_validation,2016-04-14,18,19.871694571538875
FOODS_3_723_CA_3_validation,2016-04-15,28,27.270994847679106
FOODS_3_723_CA_3_validation,2016-04-16,32,31.424284475679894
FOODS_3_723_CA_3_validation,2016-04-17,42,19.412247770399812
FOODS_3_723_CA_3_validation,2016-04-18,21,16.908522545516476
FOODS_3_723_CA_3_validation,2016-04-19,18,16.507706464481267
FOODS_3_723_CA_3_validation,2016-04-20,26,18.676539030831552
FOODS_3_723_CA_3_validation,2016-04-21,12,21.138188528063633
FOODS_3_723_CA_3_validation,2016-04-22,31,28.496780821074616
FOODS_3_723_CA_3_validation,2016-04-23,48,32.57041837610105
FOODS_3_723_CA_3_validation,2016-04-24,23,20.437851605058672
FOODS_3_723_WI_3_validation,2016-03-28,30,18.410028735774823
FOODS_3_723_WI_3_validation,2016-03-29,23,17.616372850275198
FOODS_3_723_WI_3_validation,2016-03-30,17,17.754088230052734
FOODS_3_723_WI_3_validation,2016-03-31,18,18.133355642097868
FOODS_3_723_WI_3_validation,2016-04-01,39,23.147431314248955
FOODS_3_723_WI_3_validation,2016-04-02,40,34.98210556557299
FOODS_3_723_WI_3_validation,2016-04-03,30,27.738607025100823
FOODS_3_723_WI_3_validation,2016-04-04,24,15.02273206383703
FOODS_3_723_WI_3_validation,2016-04-05,20,19.14472274839068
FOODS_3_723_WI_3_validation,2016-04-06,21,19.383053919743578
FOODS_3_723_WI_3_validation,2016-04-07,20,15.044093233776568
FOODS_3_723_WI_3_validation,2016-04-08,26,25.121930841000605
FOODS_3_723_WI_3_validation,2016-04-09,43,32.32288642552551
FOODS_3_723_WI_3_validation,2016-04-10,34,20.47911322893647
FOODS_3_723_WI_3_validation,2016-04-11,23,17.79532533051819
FOODS_3_723_WI_3_validation,2016-04-12,25,17.363748390051544
FOODS_3_723_WI_3_validation,2016-04-13,19,13.061153712191503
FOODS_3_723_WI_3_validation,2016-04-14,32,18.79210060331798
FOODS_3_723_WI_3_validation,2016-04-15,30,24.33234646909698
FOODS_3_723_WI_3_validation,2016-04-16,37,26.98659530468338
FOODS_3_723_WI_3_validation,2016-04-17,38,20.317165808225152
FOODS_3_723_WI_3_validation,2016-04-18,21,13.048305410013288
FOODS_3_723_WI_3_validation,2016-04-19,15,12.871828342601166
FOODS_3_723_WI_3_validation,2016-04-20,24,13.659185494005683
FOODS_3_723_WI_3_validation,2016-04-21,16,14.704791709304917
FOODS_3_723_WI_3_validation,2016-04-22,27,20.386062965066447
FOODS_3_723_WI_3_validation,2016-04-23,42,28.004668246183858
FOODS_3_723_WI_3_validation,2016-04-24,41,21.383748122185157
FOODS_3_752_CA_3_validation,2016-03-28,15,9.380155350267685
FOODS_3_752_CA_3_validation,2016-03-29,9,8.713424882380467
FOODS_3_752_CA_3_validation,2016-03-30,12,9.362087719833584
FOODS_3_752_CA_3_validation,2016-03-31,6,9.700147502009628
FOODS_3_752_CA_3_validation,2016-04-01,7,20.79304465280385
FOODS_3_752_CA_3_validation,2016-04-02,13,19.63495698982036
FOODS_3_752_CA_3_validation,2016-04-03,14,21.1426810841228
FOODS_3_752_CA_3_validation,2016-04-04,15,17.946313339163606
FOODS_3_752_CA_3_validation,2016-04-05,4,17.08421828980402
FOODS_3_752_CA_3_validation,2016-04-06,23,17.589259340809903
FOODS_3_752_CA_3_validation,2016-04-07,10,17.83780600011737
FOODS_3_752_CA_3_validation,2016-04-08,51,19.18653345226334
FOODS_3_752_CA_3_validation,2016-04-09,7,18.04812094559742
FOODS_3_752_CA_3_validation,2016-04-10,29,19.62759982056509
FOODS_3_752_CA_3_validation,2016-04-11,9,6.8419159738971835
FOODS_3_752_CA_3_validation,2016-04-12,37,6.143815749712798
FOODS_3_752_CA_3_validation,2016-04-13,1,6.850651017674885
FOODS_3_752_CA_3_validation,2016-04-14,1,7.331960496321275
FOODS_3_752_CA_3_validation,2016-04-15,21,8.93687866491942
FOODS_3_752_CA_3_validation,2016-04-16,13,8.070056198302506
FOODS_3_752_CA_3_validation,2016-04-17,26,9.92823907731864
FOODS_3_752_CA_3_validation,2016-04-18,61,7.129661883983013
FOODS_3_752_CA_3_validation,2016-04-19,6,6.699774222844972
FOODS_3_752_CA_3_validation,2016-04-20,19,7.657848676382604
FOODS_3_752_CA_3_validation,2016-04-21,10,8.366376309328825
FOODS_3_752_CA_3_validation,2016-04-22,2,10.168254686865714
FOODS_3_752_CA_3_validation,2016-04-23,1,9.462864206455048
FOODS_3_752_CA_3_validation,2016-04-24,3,11.44277339857908
FOODS_3_804_CA_3_validation,2016-03-28,18,16.58391242329642
FOODS_3_804_CA_3_validation,2016-03-29,0,16.749513847431377
FOODS_3_804_CA_3_validation,2016-03-30,13,16.63269575745701
FOODS_3_804_CA_3_validation,2016-03-31,10,18.423048373197382
FOODS_3_804_CA_3_validation,2016-04-01,14,21.28136524694883
FOODS_3_804_CA_3_validation,2016-04-02,28,23.408883704655075
FOODS_3_804_CA_3_validation,2016-04-03,15,22.81140190996091
FOODS_3_804_CA_3_validation,2016-04-04,17,18.9447565294157
FOODS_3_804_CA_3_validation,2016-04-05,14,19.16148606943383
FOODS_3_804_CA_3_validation,2016-04-06,0,19.094374391271845
FOODS_3_804_CA_3_validation,2016-04-07,0,20.93281757578204
FOODS_3_804_CA_3_validation,2016-04-08,0,22.22492531483696
FOODS_3_804_CA_3_validation,2016-04-09,0,24.397104444686764
FOODS_3_804_CA_3_validation,2016-04-10,0,23.842653846300667
FOODS_3_804_CA_3_validation,2016-04-11,0,18.404992157799867
FOODS_3_804_CA_3_validation,2016-04-12,0,18.66206795667803
FOODS_3_804_CA_3_validation,2016-04-13,0,18.634371608142697
FOODS_3_804_CA_3_validation,2016-04-14,0,20.51162972409609
FOODS_3_804_CA_3_validation,2016-04-15,16,21.842301221097788
FOODS_3_804_CA_3_validation,2016-04-16,22,24.0531402224511
FOODS_3_804_CA_3_validation,2016-04-17,1,23.537769480181577
FOODS_3_804_CA_3_validation,2016-04-18,24,19.752472619798375
FOODS_3_804_CA_3_validation,2016-04-19,16,20.05023850964643
FOODS_3_804_CA_3_validation,2016-04-20,17,20.064270346564115
FOODS_3_804_CA_3_validation,2016-04-21,17,21.98431755903902
FOODS_3_804_CA_3_validation,2016-04-22,45,23.35874287283591
FOODS_3_804_CA_3_validation,2016-04-23,0,25.61407335090657
FOODS_3_804_CA_3_validation,2016-04-24,18,25.14356582278148
FOODS_3_808_CA_1_validation,2016-03-28,16,12.46504072078316
FOODS_3_808_CA_1_validation,2016-03-29,1,9.56485077274213
FOODS_3_808_CA_1_validation,2016-03-30,3,8.152716531677164
FOODS_3_808_CA_1_validation,2016-03-31,13,7.095075175484115
FOODS_3_808_CA_1_validation,2016-04-01,6,11.67473639595682
FOODS_3_808_CA_1_validation,2016-04-02,0,16.187126947433725
FOODS_3_808_CA_1_validation,2016-04-03,0,26.795134554694975
FOODS_3_808_CA_1_validation,2016-04-04,0,14.422145622992531
FOODS_3_808_CA_1_validation,2016-04-05,0,11.031226733388074
FOODS_3_808_CA_1_validation,2016-04-06,0,9.118961347561884
FOODS_3_808_CA_1_validation,2016-04-07,0,7.565587409599629
FOODS_3_808_CA_1_validation,2016-04-08,0,10.800432674253795
FOODS_3_808_CA_1_validation,2016-04-09,0,14.866797049084052
FOODS_3_808_CA_1_validation,2016-04-10,0,25.07285700979502
FOODS_3_808_CA_1_validation,2016-04-11,0,11.486113673457574
FOODS_3_808_CA_1_validation,2016-04-12,0,7.814016262031922
FOODS_3_808_CA_1_validation,2016-04-13,0,5.693953259159773
FOODS_3_808_CA_1_validation,2016-04-14,0,4.012181499425959
FOODS_3_808_CA_1_validation,2016-04-15,0,7.201815917338282
FOODS_3_808_CA_1_validation,2016-04-16,0,11.30758717186487
FOODS_3_808_CA_1_validation,2016-04-17,0,21.636687199793606
FOODS_3_808_CA_1_validation,2016-04-18,0,9.12048492260058
FOODS_3_808_CA_1_validation,2016-04-19,0,5.726191383731655
FOODS_3_808_CA_1_validation,2016-04-20,0,3.950545880789117
FOODS_3_808_CA_1_validation,2016-04-21,0,2.6699147343358502
FOODS_3_808_CA_1_validation,2016-04-22,0,6.305801102993272
FOODS_3_808_CA_1_validation,2016-04-23,0,10.889913548620859
FOODS_3_808_CA_1_validation,2016-04-24,0,21.71536370678207
FOODS_3_808_CA_3_validation,2016-03-28,37,27.547562213824897
FOODS_3_808_CA_3_validation,2016-03-29,27,23.2891898153123
FOODS_3_808_CA_3_validation,2016-03-30,41,17.473732925392532
FOODS_3_808_CA_3_validation,2016-03-31,1,16.88745879422595
FOODS_3_808_CA_3_validation,2016-04-01,0,18.931471008950822
FOODS_3_808_CA_3_validation,2016-04-02,0,28.804684574413265
FOODS_3_808_CA_3_validation,2016-04-03,0,37.06202256167869
FOODS_3_808_CA_3_validation,2016-04-04,0,26.750179358571657
FOODS_3_808_CA_3_validation,2016-04-05,0,22.622637392661566
FOODS_3_808_CA_3_validation,2016-04-06,4,16.942545826899817
FOODS_3_808_CA_3_validation,2016-04-07,0,16.495875373505864
FOODS_3_808_CA_3_validation,2016-04-08,0,17.049030239076256
FOODS_3_808_CA_3_validation,2016-04-09,0,27.07097312073258
FOODS_3_808_CA_3_validation,2016-04-10,0,35.482545823855354
FOODS_3_808_CA_3_validation,2016-04-11,0,23.696555202460786
FOODS_3_808_CA_3_validation,2016-04-12,0,19.73710374715519
FOODS_3_808_CA_3_validation,2016-04-13,0,14.233566086549866
FOODS_3_808_CA_3_validation,2016-04-14,0,13.972851134621697
FOODS_3_808_CA_3_validation,2016-04-15,0,14.722117005146135
FOODS_3_808_CA_3_validation,2016-04-16,2,24.95080518229418
FOODS_3_808_CA_3_validation,2016-04-17,0,33.57987883494053
FOODS_3_808_CA_3_validation,2016-04-18,0,23.656639412301836
FOODS_3_808_CA_3_validation,2016-04-19,0,19.934796818743713
FOODS_3_808_CA_3_validation,2016-04-20,0,14.6772144525808
FOODS_3_808_CA_3_validation,2016-04-21,0,14.668947608350601
FOODS_3_808_CA_3_validation,2016-04-22,0,15.674761319598696
FOODS_3_808_CA_3_validation,2016-04-23,0,26.16118800598488
FOODS_3_808_CA_3_validation,2016-04-24,0,35.04581116949105
HOUSEHOLD_1_118_CA_3_validation,2016-03-28,16,23.688007174984
HOUSEHOLD_1_118_CA_3_validation,2016-03-29,14,21.61289045733268
HOUSEHOLD_1_118_CA_3_validation,2016-03-30,39,20.30009088793146
HOUSEHOLD_1_118_CA_3_validation,2016-03-31,17,19.231339112504173
HOUSEHOLD_1_118_CA_3_validation,2016-04-01,19,20.09788199943877
HOUSEHOLD_1_118_CA_3_validation,2016-04-02,27,23.45129974255602
HOUSEHOLD_1_118_CA_3_validation,2016-04-03,30,27.671240585604814
HOUSEHOLD_1_118_CA_3_validation,2016-04-04,35,24.329504834931484
HOUSEHOLD_1_118_CA_3_validation,2016-04-05,25,22.035616434387006
HOUSEHOLD_1_118_CA_3_validation,2016-04-06,21,20.503395068088867
HOUSEHOLD_1_118_CA_3_validation,2016-04-07,41,19.220552601267375
HOUSEHOLD_1_118_CA_3_validation,2016-04-08,8,19.8291460314421
HOUSEHOLD_1_118_CA_3_validation,2016-04-09,24,22.995388861784924
HOUSEHOLD_1_118_CA_3_validation,2016-04-10,24,27.048532194800647
HOUSEHOLD_1_118_CA_3_validation,2016-04-11,16,23.509200858084615
HOUSEHOLD_1_118_CA_3_validation,2016-04-12,20,21.09924386094506
HOUSEHOLD_1_118_CA_3_validation,2016-04-13,9,19.479532313955357
HOUSEHOLD_1_118_CA_3_validation,2016-04-14,11,18.138679717509767
HOUSEHOLD_1_118_CA_3_validation,2016-04-15,21,18.718714042950683
HOUSEHOLD_1_118_CA_3_validation,2016-04-16,20,21.88492374398723
HOUSEHOLD_1_118_CA_3_validation,2016-04-17,38,25.96480041139464
HOUSEHOLD_1_118_CA_3_validation,2016-04-18,13,22.531247710898544
HOUSEHOLD_1_118_CA_3_validation,2016-04-19,22,20.193391575463036
HOUSEHOLD_1_118_CA_3_validation,2016-04-20,19,18.663223736784985
HOUSEHOLD_1_118_CA_3_validation,2016-04-21,52,17.425312205076356
HOUSEHOLD_1_118_CA_3_validation,2016-04-22,14,18.117406280522342
HOUSEHOLD_1_118_CA_3_validation,2016-04-23,25,21.400432341046013
HOUSEHOLD_1_118_CA_3_validation,2016-04-24,31,25.597585149961056
HOUSEHOLD_1_334_CA_3_validation,2016-03-28,7,16.7622667647795
HOUSEHOLD_1_334_CA_3_validation,2016-03-29,23,15.428778555264131
HOUSEHOLD_1_334_CA_3_validation,2016-03-30,4,14.87885828078198
HOUSEHOLD_1_334_CA_3_validation,2016-03-31,43,15.121781520376697
HOUSEHOLD_1_334_CA_3_validation,2016-04-01,24,16.784835317731662
HOUSEHOLD_1_334_CA_3_validation,2016-04-02,31,20.40633338377449
HOUSEHOLD_1_334_CA_3_validation,2016-04-03,28,22.113043531398805
HOUSEHOLD_1_334_CA_3_validation,2016-04-04,15,17.176247843337702
HOUSEHOLD_1_334_CA_3_validation,2016-04-05,21,15.780942025942611
HOUSEHOLD_1_334_CA_3_validation,2016-04-06,19,15.174037435040907
HOUSEHOLD_1_334_CA_3_validation,2016-04-07,12,15.367141528385178
HOUSEHOLD_1_334_CA_3_validation,2016-04-08,18,16.69252061357512
HOUSEHOLD_1_334_CA_3_validation,2016-04-09,17,20.28463266117658
HOUSEHOLD_1_334_CA_3_validation,2016-04-10,42,21.974619441416124
HOUSEHOLD_1_334_CA_3_validation,2016-04-11,22,16.73775161216905
HOUSEHOLD_1_334_CA_3_validation,2016-04-12,25,15.354022165392571
HOUSEHOLD_1_334_CA_3_validation,2016-04-13,27,14.773440477966728
HOUSEHOLD_1_334_CA_3_validation,2016-04-14,25,15.007375267854005
HOUSEHOLD_1_334_CA_3_validation,2016-04-15,14,16.387363405964194
HOUSEHOLD_1_334_CA_3_validation,2016-04-16,37,20.046648134727917
HOUSEHOLD_1_334_CA_3_validation,2016-04-17,29,21.814690375286307
HOUSEHOLD_1_334_CA_3_validation,2016-04-18,19,16.961792521149878
HOUSEHOLD_1_334_CA_3_validation,2016-04-19,27,15.671154509172892
HOUSEHOLD_1_334_CA_3_validation,2016-04-20,19,15.18710144200462
HOUSEHOLD_1_334_CA_3_validation,2016-04-21,20,15.517912688323555
HOUSEHOLD_1_334_CA_3_validation,2016-04-22,21,16.991855730099058
HOUSEHOLD_1_334_CA_3_validation,2016-04-23,27,20.738811294361856
HOUSEHOLD_1_334_CA_3_validation,2016-04-24,29,22.584877177194244
HOUSEHOLD_1_459_CA_3_validation,2016-03-28,32,16.829584245108215
HOUSEHOLD_1_459_CA_3_validation,2016-03-29,13,16.2587300098685
HOUSEHOLD_1_459_CA_3_validation,2016-03-30,16,14.799438984445548
HOUSEHOLD_1_459_CA_3_validation,2016-03-31,30,14.761929292225181
HOUSEHOLD_1_459_CA_3_validation,2016-04-01,23,16.297335403559188
HOUSEHOLD_1_459_CA_3_validation,2016-04-02,32,20.499768076634773
HOUSEHOLD_1_459_CA_3_validation,2016-04-03,34,21.865795581659384
HOUSEHOLD_1_459_CA_3_validation,2016-04-04,21,16.578633746908135
HOUSEHOLD_1_459_CA_3_validation,2016-04-05,23,16.07196491167424
HOUSEHOLD_1_459_CA_3_validation,2016-04-06,18,14.6830070637726
HOUSEHOLD_1_459_CA_3_validation,2016-04-07,36,14.72060422194512
HOUSEHOLD_1_459_CA_3_validation,2016-04-08,40,16.08889904408092
HOUSEHOLD_1_459_CA_3_validation,2016-04-09,34,20.37164301992808
HOUSEHOLD_1_459_CA_3_validation,2016-04-10,30,21.81838044060035
HOUSEHOLD_1_459_CA_3_validation,2016-04-11,16,16.365331412688946
HOUSEHOLD_1_459_CA_3_validation,2016-04-12,21,15.935901597623701
HOUSEHOLD_1_459_CA_3_validation,2016-04-13,9,14.620447650207343
HOUSEHOLD_1_459_CA_3_validation,2016-04-14,34,14.726607443759454
HOUSEHOLD_1_459_CA_3_validation,2016-04-15,35,16.157436066129346
HOUSEHOLD_1_459_CA_3_validation,2016-04-16,29,20.495730722144852
HOUSEHOLD_1_459_CA_3_validation,2016-04-17,42,21.990226054681347
HOUSEHOLD_1_459_CA_3_validation,2016-04-18,37,16.82203986465214
HOUSEHOLD_1_459_CA_3_validation,2016-04-19,27,16.422969146393296
HOUSEHOLD_1_459_CA_3_validation,2016-04-20,21,15.12858538451432
HOUSEHOLD_1_459_CA_3_validation,2016-04-21,7,15.24634544313247
HOUSEHOLD_1_459_CA_3_validation,2016-04-22,33,16.67927909472755
HOUSEHOLD_1_459_CA_3_validation,2016-04-23,32,21.010308741338456
HOUSEHOLD_1_459_CA_3_validation,2016-04-24,35,22.488437821967857
