id,date,sales,forecast
FOODS_1_218_TX_2_validation,2016-03-28,4,14.526129840996619
FOODS_1_218_TX_2_validation,2016-03-29,6,14.456770927640346
FOODS_1_218_TX_2_validation,2016-03-30,15,14.490989403653973
FOODS_1_218_TX_2_validation,2016-03-31,20,14.490989403653973
FOODS_1_218_TX_2_validation,2016-04-01,31,18.295642823685718
FOODS_1_218_TX_2_validation,2016-04-02,19,15.743268362703173
FOODS_1_218_TX_2_validation,2016-04-03,16,18.313887199853863
FOODS_1_218_TX_2_validation,2016-04-04,10,14.566863500840354
FOODS_1_218_TX_2_validation,2016-04-05,4,17.09540812917856
FOODS_1_218_TX_2_validation,2016-04-06,9,16.468266344072376
FOODS_1_218_TX_2_validation,2016-04-07,8,16.426593981174534
FOODS_1_218_TX_2_validation,2016-04-08,16,14.555373492289089
FOODS_1_218_TX_2_validation,2016-04-09,22,18.03675685910878
FOODS_1_218_TX_2_validation,2016-04-10,14,15.54640731009063
FOODS_1_218_TX_2_validation,2016-04-11,11,16.445143308797032
FOODS_1_218_TX_2_validation,2016-04-12,10,16.445143308797032
FOODS_1_218_TX_2_validation,2016-04-13,8,16.537564961968474
FOODS_1_218_TX_2_validation,2016-04-14,3,14.533540065621594
FOODS_1_218_TX_2_validation,2016-04-15,18,16.51314759002902
FOODS_1_218_TX_2_validation,2016-04-16,19,15.60883312266661
FOODS_1_218_TX_2_validation,2016-04-17,17,15.693501418526733
FOODS_1_218_TX_2_validation,2016-04-18,13,14.588305035514065
FOODS_1_218_TX_2_validation,2016-04-19,13,14.560659274617965
FOODS_1_218_TX_2_validation,2016-04-20,11,14.58249270128546
FOODS_1_218_TX_2_validation,2016-04-21,16,14.64767991591254
FOODS_1_218_TX_2_validation,2016-04-22,9,14.84273797027719
FOODS_1_218_TX_2_validation,2016-04-23,17,16.40353983124121
FOODS_1_218_TX_2_validation,2016-04-24,14,16.310328164982526
FOODS_2_197_CA_1_validation,2016-03-28,26,15.282021671681827
FOODS_2_197_CA_1_validation,2016-03-29,12,15.282021671681827
FOODS_2_197_CA_1_validation,2016-03-30,12,15.356859485896265
FOODS_2_197_CA_1_validation,2016-03-31,9,15.287577935900183
FOODS_2_197_CA_1_validation,2016-04-01,9,17.047977494370876
FOODS_2_197_CA_1_validation,2016-04-02,23,22.32711229754624
FOODS_2_197_CA_1_validation,2016-04-03,25,22.193121178597707
FOODS_2_197_CA_1_validation,2016-04-04,28,17.208917478323905
FOODS_2_197_CA_1_validation,2016-04-05,12,17.200389819764393
FOODS_2_197_CA_1_validation,2016-04-06,23,17.064887247054674
FOODS_2_197_CA_1_validation,2016-04-07,12,17.350644429501077
FOODS_2_197_CA_1_validation,2016-04-08,35,17.030312710194156
FOODS_2_197_CA_1_validation,2016-04-09,37,21.328466324169284
FOODS_2_197_CA_1_validation,2016-04-10,23,21.309029466733318
FOODS_2_197_CA_1_validation,2016-04-11,20,15.416706425988444
FOODS_2_197_CA_1_validation,2016-04-12,40,15.385715185258015
FOODS_2_197_CA_1_validation,2016-04-13,7,15.20487850736549
FOODS_2_197_CA_1_validation,2016-04-14,9,15.144984392544556
FOODS_2_197_CA_1_validation,2016-04-15,9,15.296287641396368
FOODS_2_197_CA_1_validation,2016-04-16,22,21.236777757124752
FOODS_2_197_CA_1_validation,2016-04-17,24,21.332814898884088
FOODS_2_197_CA_1_validation,2016-04-18,21,15.331928004074268
FOODS_2_197_CA_1_validation,2016-04-19,22,15.316254578644594
FOODS_2_197_CA_1_validation,2016-04-20,25,15.118931722115981
FOODS_2_197_CA_1_validation,2016-04-21,11,15.120611372078402
FOODS_2_197_CA_1_validation,2016-04-22,11,15.176494701685012
FOODS_2_197_CA_1_validation,2016-04-23,19,20.93519606791107
FOODS_2_197_CA_1_validation,2016-04-24,33,20.12802257127513
FOODS_2_197_CA_3_validation,2016-03-28,9,15.040930203094126
FOODS_2_197_CA_3_validation,2016-03-29,7,15.02525677766445
FOODS_2_197_CA_3_validation,2016-03-30,7,15.008770599028361
FOODS_2_197_CA_3_validation,2016-03-31,10,15.008770599028361
FOODS_2_197_CA_3_validation,2016-04-01,14,16.568627183742617
FOODS_2_197_CA_3_validation,2016-04-02,14,19.83973414922924
FOODS_2_197_CA_3_validation,2016-04-03,18,19.907736342926402
FOODS_2_197_CA_3_validation,2016-04-04,10,16.50094910033533
FOODS_2_197_CA_3_validation,2016-04-05,13,16.52895944856646
FOODS_2_197_CA_3_validation,2016-04-06,9,16.624660864272524
FOODS_2_197_CA_3_validation,2016-04-07,13,16.608548521494118
FOODS_2_197_CA_3_validation,2016-04-08,7,16.663365405494755
FOODS_2_197_CA_3_validation,2016-04-09,14,20.44178015944912
FOODS_2_197_CA_3_validation,2016-04-10,18,20.399802824312946
FOODS_2_197_CA_3_validation,2016-04-11,12,15.209330098531971
FOODS_2_197_CA_3_validation,2016-04-12,8,15.064377239329847
FOODS_2_197_CA_3_validation,2016-04-13,11,15.013357032464434
FOODS_2_197_CA_3_validation,2016-04-14,7,15.02525677766445
FOODS_2_197_CA_3_validation,2016-04-15,6,15.02525677766445
FOODS_2_197_CA_3_validation,2016-04-16,17,19.834451702760646
FOODS_2_197_CA_3_validation,2016-04-17,14,19.77847542122446
FOODS_2_197_CA_3_validation,2016-04-18,8,15.02525677766445
FOODS_2_197_CA_3_validation,2016-04-19,3,15.02525677766445
FOODS_2_197_CA_3_validation,2016-04-20,3,15.045516636530198
FOODS_2_197_CA_3_validation,2016-04-21,8,15.029843211100523
FOODS_2_197_CA_3_validation,2016-04-22,5,15.029843211100523
FOODS_2_197_CA_3_validation,2016-04-23,19,19.834451702760646
FOODS_2_197_CA_3_validation,2016-04-24,9,19.783946276786356
FOODS_2_276_CA_3_validation,2016-03-28,8,7.83513899039221
FOODS_2_276_CA_3_validation,2016-03-29,11,7.781067997238189
FOODS_2_276_CA_3_validation,2016-03-30,9,8.23260774327071
FOODS_2_276_CA_3_validation,2016-03-31,10,8.250148818570445
FOODS_2_276_CA_3_validation,2016-04-01,7,8.938356476609062
FOODS_2_276_CA_3_validation,2016-04-02,8,9.664211601469795
FOODS_2_276_CA_3_validation,2016-04-03,14,9.65147917516594
FOODS_2_276_CA_3_validation,2016-04-04,12,9.48326152239871
FOODS_2_276_CA_3_validation,2016-04-05,16,9.56823477614334
FOODS_2_276_CA_3_validation,2016-04-06,8,16.47417395176283
FOODS_2_276_CA_3_validation,2016-04-07,5,16.586896562712766
FOODS_2_276_CA_3_validation,2016-04-08,6,16.609592070547368
FOODS_2_276_CA_3_validation,2016-04-09,15,19.601308216627018
FOODS_2_276_CA_3_validation,2016-04-10,15,19.667862427471086
FOODS_2_276_CA_3_validation,2016-04-11,10,15.004240367554964
FOODS_2_276_CA_3_validation,2016-04-12,12,15.004240367554964
FOODS_2_276_CA_3_validation,2016-04-13,4,15.019913792984639
FOODS_2_276_CA_3_validation,2016-04-14,7,14.987754188918876
FOODS_2_276_CA_3_validation,2016-04-15,8,15.004240367554964
FOODS_2_276_CA_3_validation,2016-04-16,8,19.556955520228797
FOODS_2_276_CA_3_validation,2016-04-17,6,19.556955520228797
FOODS_2_276_CA_3_validation,2016-04-18,7,15.019913792984639
FOODS_2_276_CA_3_validation,2016-04-19,9,15.004240367554964
FOODS_2_276_CA_3_validation,2016-04-20,7,15.004240367554964
FOODS_2_276_CA_3_validation,2016-04-21,9,9.143712420458211
FOODS_2_276_CA_3_validation,2016-04-22,5,10.949167840344533
FOODS_2_276_CA_3_validation,2016-04-23,7,19.556955520228797
FOODS_2_276_CA_3_validation,2016-04-24,3,10.443510630780056
FOODS_2_360_CA_3_validation,2016-03-28,18,13.297770123952368
FOODS_2_360_CA_3_validation,2016-03-29,15,13.31348657189094
FOODS_2_360_CA_3_validation,2016-03-30,11,12.516606898377033
FOODS_2_360_CA_3_validation,2016-03-31,14,12.89338689562523
FOODS_2_360_CA_3_validation,2016-04-01,14,19.605021854421405
FOODS_2_360_CA_3_validation,2016-04-02,27,18.94384753470578
FOODS_2_360_CA_3_validation,2016-04-03,7,18.752605260802472
FOODS_2_360_CA_3_validation,2016-04-04,19,18.308041886422558
FOODS_2_360_CA_3_validation,2016-04-05,14,18.308041886422558
FOODS_2_360_CA_3_validation,2016-04-06,42,18.237263978928343
FOODS_2_360_CA_3_validation,2016-04-07,17,17.9185129984368
FOODS_2_360_CA_3_validation,2016-04-08,6,17.86503259720934
FOODS_2_360_CA_3_validation,2016-04-09,25,17.894729626913875
FOODS_2_360_CA_3_validation,2016-04-10,26,18.534753637273106
FOODS_2_360_CA_3_validation,2016-04-11,32,14.431034275642235
FOODS_2_360_CA_3_validation,2016-04-12,25,14.419632536466299
FOODS_2_360_CA_3_validation,2016-04-13,31,14.461119612804913
FOODS_2_360_CA_3_validation,2016-04-14,14,14.419632536466299
FOODS_2_360_CA_3_validation,2016-04-15,16,14.482953039472406
FOODS_2_360_CA_3_validation,2016-04-16,17,16.003955993871525
FOODS_2_360_CA_3_validation,2016-04-17,22,16.003955993871525
FOODS_2_360_CA_3_validation,2016-04-18,17,14.752641822778903
FOODS_2_360_CA_3_validation,2016-04-19,11,15.750108461562192
FOODS_2_360_CA_3_validation,2016-04-20,21,15.65887279453749
FOODS_2_360_CA_3_validation,2016-04-21,15,15.240811999985292
FOODS_2_360_CA_3_validation,2016-04-22,16,15.281224511293528
FOODS_2_360_CA_3_validation,2016-04-23,4,17.04723626825042
FOODS_2_360_CA_3_validation,2016-04-24,31,17.70740990570895
FOODS_2_360_TX_3_validation,2016-03-28,12,12.058250516853018
FOODS_2_360_TX_3_validation,2016-03-29,1,11.845226791248985
FOODS_2_360_TX_3_validation,2016-03-30,19,11.686854082580266
FOODS_2_360_TX_3_validation,2016-03-31,25,11.885173561780299
FOODS_2_360_TX_3_validation,2016-04-01,0,29.343932246425506
FOODS_2_360_TX_3_validation,2016-04-02,0,21.491468334470063
FOODS_2_360_TX_3_validation,2016-04-03,26,30.33805812217122
FOODS_2_360_TX_3_validation,2016-04-04,0,18.40737746256312
FOODS_2_360_TX_3_validation,2016-04-05,0,23.08036627150133
FOODS_2_360_TX_3_validation,2016-04-06,17,19.05745830565634
FOODS_2_360_TX_3_validation,2016-04-07,19,22.98871205517836
FOODS_2_360_TX_3_validation,2016-04-08,4,15.035660638351915
FOODS_2_360_TX_3_validation,2016-04-09,16,18.879866208591455
FOODS_2_360_TX_3_validation,2016-04-10,18,15.811156791029347
FOODS_2_360_TX_3_validation,2016-04-11,48,20.770103032647654
FOODS_2_360_TX_3_validation,2016-04-12,24,18.807070566569465
FOODS_2_360_TX_3_validation,2016-04-13,23,18.79170965038685
FOODS_2_360_TX_3_validation,2016-04-14,20,14.258691973542083
FOODS_2_360_TX_3_validation,2016-04-15,27,18.294174153401737
FOODS_2_360_TX_3_validation,2016-04-16,26,14.89854054880763
FOODS_2_360_TX_3_validation,2016-04-17,9,15.207412820700387
FOODS_2_360_TX_3_validation,2016-04-18,13,14.439749081542262
FOODS_2_360_TX_3_validation,2016-04-19,20,14.419632536466299
FOODS_2_360_TX_3_validation,2016-04-20,36,14.461119612804913
FOODS_2_360_TX_3_validation,2016-04-21,9,14.47870934466168
FOODS_2_360_TX_3_validation,2016-04-22,25,14.461119612804913
FOODS_2_360_TX_3_validation,2016-04-23,18,15.140852243101058
FOODS_2_360_TX_3_validation,2016-04-24,11,15.122636490717182
FOODS_2_360_WI_2_validation,2016-03-28,32,38.08081231929591
FOODS_2_360_WI_2_validation,2016-03-29,24,37.81885303155016
FOODS_2_360_WI_2_validation,2016-03-30,28,38.178476211024034
FOODS_2_360_WI_2_validation,2016-03-31,30,40.17917841537097
FOODS_2_360_WI_2_validation,2016-04-01,54,39.27173161702492
FOODS_2_360_WI_2_validation,2016-04-02,106,76.35742798644482
FOODS_2_360_WI_2_validation,2016-04-03,70,76.12095577902116
FOODS_2_360_WI_2_validation,2016-04-04,76,65.33972443294317
FOODS_2_360_WI_2_validation,2016-04-05,101,65.80246432240743
FOODS_2_360_WI_2_validation,2016-04-06,86,64.29213464833596
FOODS_2_360_WI_2_validation,2016-04-07,70,65.4619046888727
FOODS_2_360_WI_2_validation,2016-04-08,95,60.56474214029006
FOODS_2_360_WI_2_validation,2016-04-09,169,64.92295374221365
FOODS_2_360_WI_2_validation,2016-04-10,79,27.324505883544067
FOODS_2_360_WI_2_validation,2016-04-11,122,109.67076149813437
FOODS_2_360_WI_2_validation,2016-04-12,123,76.84198960471578
FOODS_2_360_WI_2_validation,2016-04-13,40,66.04428642248719
FOODS_2_360_WI_2_validation,2016-04-14,84,77.97109850554385
FOODS_2_360_WI_2_validation,2016-04-15,73,65.68997320918405
FOODS_2_360_WI_2_validation,2016-04-16,51,47.21557619833652
FOODS_2_360_WI_2_validation,2016-04-17,35,55.65751876870689
FOODS_2_360_WI_2_validation,2016-04-18,42,29.679845625185166
FOODS_2_360_WI_2_validation,2016-04-19,43,33.878390026193
FOODS_2_360_WI_2_validation,2016-04-20,34,38.145705423798894
FOODS_2_360_WI_2_validation,2016-04-21,68,38.778754354322864
FOODS_2_360_WI_2_validation,2016-04-22,51,40.96676387153795
FOODS_2_360_WI_2_validation,2016-04-23,46,37.94311439579801
FOODS_2_360_WI_2_validation,2016-04-24,30,33.361050366249316
FOODS_3_007_WI_2_validation,2016-03-28,0,4.584682730694655
FOODS_3_007_WI_2_validation,2016-03-29,0,1.5444983167071087
FOODS_3_007_WI_2_validation,2016-03-30,0,1.2185413766743174
FOODS_3_007_WI_2_validation,2016-03-31,0,1.1847913766743174
FOODS_3_007_WI_2_validation,2016-04-01,0,41.8069653767733
FOODS_3_007_WI_2_validation,2016-04-02,0,91.43033218946631
FOODS_3_007_WI_2_validation,2016-04-03,0,91.38263165470694
FOODS_3_007_WI_2_validation,2016-04-04,0,42.62593744257635
FOODS_3_007_WI_2_validation,2016-04-05,4,91.85845513124464
FOODS_3_007_WI_2_validation,2016-04-06,75,90.97479736401186
FOODS_3_007_WI_2_validation,2016-04-07,128,41.34131645441848
FOODS_3_007_WI_2_validation,2016-04-08,87,90.85703347512298
FOODS_3_007_WI_2_validation,2016-04-09,85,91.43033218946631
FOODS_3_007_WI_2_validation,2016-04-10,89,39.954601166472465
FOODS_3_007_WI_2_validation,2016-04-11,12,91.55400324571187
FOODS_3_007_WI_2_validation,2016-04-12,1,91.85845513124464
FOODS_3_007_WI_2_validation,2016-04-13,3,40.74087518735221
FOODS_3_007_WI_2_validation,2016-04-14,43,90.85703347512298
FOODS_3_007_WI_2_validation,2016-04-15,121,90.85703347512298
FOODS_3_007_WI_2_validation,2016-04-16,5,39.954601166472465
FOODS_3_007_WI_2_validation,2016-04-17,0,39.954601166472465
FOODS_3_007_WI_2_validation,2016-04-18,42,42.62593744257635
FOODS_3_007_WI_2_validation,2016-04-19,39,43.58613347285326
FOODS_3_007_WI_2_validation,2016-04-20,6,40.74087518735221
FOODS_3_007_WI_2_validation,2016-04-21,16,41.34131645441848
FOODS_3_007_WI_2_validation,2016-04-22,24,41.8069653767733
FOODS_3_007_WI_2_validation,2016-04-23,58,39.954601166472465
FOODS_3_007_WI_2_validation,2016-04-24,42,39.954601166472465
FOODS_3_030_TX_2_validation,2016-03-28,22,16.72615422333093
FOODS_3_030_TX_2_validation,2016-03-29,5,16.717577797278995
FOODS_3_030_TX_2_validation,2016-03-30,12,16.69457725064989
FOODS_3_030_TX_2_validation,2016-03-31,17,16.74120535718228
FOODS_3_030_TX_2_validation,2016-04-01,19,20.77754397425888
FOODS_3_030_TX_2_validation,2016-04-02,20,21.393954733150522
FOODS_3_030_TX_2_validation,2016-04-03,29,21.581762337053675
FOODS_3_030_TX_2_validation,2016-04-04,27,18.783314991445284
FOODS_3_030_TX_2_validation,2016-04-05,20,17.888787453514148
FOODS_3_030_TX_2_validation,2016-04-06,16,17.654386429574945
FOODS_3_030_TX_2_validation,2016-04-07,14,17.845490307751735
FOODS_3_030_TX_2_validation,2016-04-08,23,17.40512118185642
FOODS_3_030_TX_2_validation,2016-04-09,20,21.61041587233444
FOODS_3_030_TX_2_validation,2016-04-10,36,21.660074600392527
FOODS_3_030_TX_2_validation,2016-04-11,18,16.62304915081791
FOODS_3_030_TX_2_validation,2016-04-12,15,16.62304915081791
FOODS_3_030_TX_2_validation,2016-04-13,14,16.755190389621294
FOODS_3_030_TX_2_validation,2016-04-14,26,15.553904364471538
FOODS_3_030_TX_2_validation,2016-04-15,13,16.704748145892637
FOODS_3_030_TX_2_validation,2016-04-16,19,21.535048470134825
FOODS_3_030_TX_2_validation,2016-04-17,21,21.513331962973655
FOODS_3_030_TX_2_validation,2016-04-18,16,15.509081821303566
FOODS_3_030_TX_2_validation,2016-04-19,12,15.493187174243964
FOODS_3_030_TX_2_validation,2016-04-20,11,15.491663263546942
FOODS_3_030_TX_2_validation,2016-04-21,20,18.636566272338392
FOODS_3_030_TX_2_validation,2016-04-22,12,15.974029134940844
FOODS_3_030_TX_2_validation,2016-04-23,33,21.540841480740156
FOODS_3_030_TX_2_validation,2016-04-24,24,21.956422989907566
FOODS_3_030_TX_3_validation,2016-03-28,16,18.23334712459752
FOODS_3_030_TX_3_validation,2016-03-29,20,19.448790964062493
FOODS_3_030_TX_3_validation,2016-03-30,30,21.90379475444653
FOODS_3_030_TX_3_validation,2016-03-31,11,19.568924759113496
FOODS_3_030_TX_3_validation,2016-04-01,24,20.56088994740669
FOODS_3_030_TX_3_validation,2016-04-02,18,28.704197288249933
FOODS_3_030_TX_3_validation,2016-04-03,22,23.492932524104937
FOODS_3_030_TX_3_validation,2016-04-04,14,18.182343017567767
FOODS_3_030_TX_3_validation,2016-04-05,18,18.79367335652433
FOODS_3_030_TX_3_validation,2016-04-06,18,18.22527775594607
FOODS_3_030_TX_3_validation,2016-04-07,19,18.17130400633965
FOODS_3_030_TX_3_validation,2016-04-08,21,18.26692326313563
FOODS_3_030_TX_3_validation,2016-04-09,18,21.98114766900169
FOODS_3_030_TX_3_validation,2016-04-10,23,21.482405669731616
FOODS_3_030_TX_3_validation,2016-04-11,16,17.793120287147673
FOODS_3_030_TX_3_validation,2016-04-12,4,17.80650383472035
FOODS_3_030_TX_3_validation,2016-04-13,17,21.08975197895627
FOODS_3_030_TX_3_validation,2016-04-14,20,16.884395122098788
FOODS_3_030_TX_3_validation,2016-04-15,17,20.526004515544997
FOODS_3_030_TX_3_validation,2016-04-16,27,21.601590491788997
FOODS_3_030_TX_3_validation,2016-04-17,27,21.83801502463043
FOODS_3_030_TX_3_validation,2016-04-18,16,17.207989654027795
FOODS_3_030_TX_3_validation,2016-04-19,21,17.171435312738698
FOODS_3_030_TX_3_validation,2016-04-20,15,16.973407062638078
FOODS_3_030_TX_3_validation,2016-04-21,24,16.818378576783235
FOODS_3_030_TX_3_validation,2016-04-22,20,18.020775299172534
FOODS_3_030_TX_3_validation,2016-04-23,24,26.688506914507954
FOODS_3_030_TX_3_validation,2016-04-24,17,26.709041281534
FOODS_3_080_CA_1_validation,2016-03-28,16,16.92211513801939
FOODS_3_080_CA_1_validation,2016-03-29,27,16.751107985171725
FOODS_3_080_CA_1_validation,2016-03-30,7,16.768670439552817
FOODS_3_080_CA_1_validation,2016-03-31,13,16.462723085180606
FOODS_3_080_CA_1_validation,2016-04-01,28,17.499213972411958
FOODS_3_080_CA_1_validation,2016-04-02,31,21.601343767873086
FOODS_3_080_CA_1_validation,2016-04-03,20,23.549996441612752
FOODS_3_080_CA_1_validation,2016-04-04,21,17.40816354869896
FOODS_3_080_CA_1_validation,2016-04-05,17,17.414030985908187
FOODS_3_080_CA_1_validation,2016-04-06,26,17.403817891953487
FOODS_3_080_CA_1_validation,2016-04-07,11,17.284480145492648
FOODS_3_080_CA_1_validation,2016-04-08,14,17.337629797418817
FOODS_3_080_CA_1_validation,2016-04-09,21,27.016529140856917
FOODS_3_080_CA_1_validation,2016-04-10,12,21.72009837660405
FOODS_3_080_CA_1_validation,2016-04-11,19,15.7892923118825
FOODS_3_080_CA_1_validation,2016-04-12,17,15.684555474102808
FOODS_3_080_CA_1_validation,2016-04-13,17,15.711250942300278
FOODS_3_080_CA_1_validation,2016-04-14,10,15.684555474102808
FOODS_3_080_CA_1_validation,2016-04-15,16,19.41768225468104
FOODS_3_080_CA_1_validation,2016-04-16,23,23.01624989517954
FOODS_3_080_CA_1_validation,2016-04-17,23,22.79803431572287
FOODS_3_080_CA_1_validation,2016-04-18,15,16.145138117991618
FOODS_3_080_CA_1_validation,2016-04-19,12,19.202234711529805
FOODS_3_080_CA_1_validation,2016-04-20,30,17.005084126931255
FOODS_3_080_CA_1_validation,2016-04-21,13,20.2831834120815
FOODS_3_080_CA_1_validation,2016-04-22,10,18.890190066291847
FOODS_3_080_CA_1_validation,2016-04-23,25,22.347163956343866
FOODS_3_080_CA_1_validation,2016-04-24,25,21.714916400978858
FOODS_3_080_TX_2_validation,2016-03-28,9,15.684555474102808
FOODS_3_080_TX_2_validation,2016-03-29,24,15.754113397841278
FOODS_3_080_TX_2_validation,2016-03-30,12,15.754113397841278
FOODS_3_080_TX_2_validation,2016-03-31,15,15.821511823827976
FOODS_3_080_TX_2_validation,2016-04-01,22,17.103895906995238
FOODS_3_080_TX_2_validation,2016-04-02,10,21.56287697669399
FOODS_3_080_TX_2_validation,2016-04-03,14,22.40453224607268
FOODS_3_080_TX_2_validation,2016-04-04,17,16.06385723056336
FOODS_3_080_TX_2_validation,2016-04-05,8,17.01280733295615
FOODS_3_080_TX_2_validation,2016-04-06,19,16.895824326951697
FOODS_3_080_TX_2_validation,2016-04-07,14,16.933809535450095
FOODS_3_080_TX_2_validation,2016-04-08,21,15.880347045463052
FOODS_3_080_TX_2_validation,2016-04-09,12,21.609397646533
FOODS_3_080_TX_2_validation,2016-04-10,25,21.51101176469002
FOODS_3_080_TX_2_validation,2016-04-11,14,16.672042830566546
FOODS_3_080_TX_2_validation,2016-04-12,12,16.659754427366273
FOODS_3_080_TX_2_validation,2016-04-13,16,16.672042830566546
FOODS_3_080_TX_2_validation,2016-04-14,12,15.595944728643426
FOODS_3_080_TX_2_validation,2016-04-15,22,16.926772721573023
FOODS_3_080_TX_2_validation,2016-04-16,20,21.51101176469002
FOODS_3_080_TX_2_validation,2016-04-17,21,21.49477824486595
FOODS_3_080_TX_2_validation,2016-04-18,15,15.658686013931417
FOODS_3_080_TX_2_validation,2016-04-19,16,15.712986007437367
FOODS_3_080_TX_2_validation,2016-04-20,8,15.726924367729954
FOODS_3_080_TX_2_validation,2016-04-21,23,15.988587199842039
FOODS_3_080_TX_2_validation,2016-04-22,12,15.816028822166476
FOODS_3_080_TX_2_validation,2016-04-23,18,23.666199878552064
FOODS_3_080_TX_2_validation,2016-04-24,16,20.669677947266983
FOODS_3_090_CA_1_validation,2016-03-28,25,40.917125380898824
FOODS_3_090_CA_1_validation,2016-03-29,47,40.96713309031148
FOODS_3_090_CA_1_validation,2016-03-30,23,44.14604040866273
FOODS_3_090_CA_1_validation,2016-03-31,21,44.03125186887281
FOODS_3_090_CA_1_validation,2016-04-01,72,50.46380748179962
FOODS_3_090_CA_1_validation,2016-04-02,58,65.67065975932297
FOODS_3_090_CA_1_validation,2016-04-03,54,61.022456770117294
FOODS_3_090_CA_1_validation,2016-04-04,42,54.129186725845926
FOODS_3_090_CA_1_validation,2016-04-05,29,40.559858222388954
FOODS_3_090_CA_1_validation,2016-04-06,53,40.04068571708034
FOODS_3_090_CA_1_validation,2016-04-07,39,43.78184398132375
FOODS_3_090_CA_1_validation,2016-04-08,42,50.57923727794622
FOODS_3_090_CA_1_validation,2016-04-09,83,64.39497106297951
FOODS_3_090_CA_1_validation,2016-04-10,83,65.14601169644871
FOODS_3_090_CA_1_validation,2016-04-11,48,42.412256280727
FOODS_3_090_CA_1_validation,2016-04-12,26,40.33586543593106
FOODS_3_090_CA_1_validation,2016-04-13,41,40.54100498578082
FOODS_3_090_CA_1_validation,2016-04-14,44,42.29573122257716
FOODS_3_090_CA_1_validation,2016-04-15,47,46.028448599398374
FOODS_3_090_CA_1_validation,2016-04-16,82,70.18842014109536
FOODS_3_090_CA_1_validation,2016-04-17,83,66.0951276929452
FOODS_3_090_CA_1_validation,2016-04-18,30,41.49118612540627
FOODS_3_090_CA_1_validation,2016-04-19,45,40.20132530446234
FOODS_3_090_CA_1_validation,2016-04-20,29,40.05003394651439
FOODS_3_090_CA_1_validation,2016-04-21,53,43.329058943588514
FOODS_3_090_CA_1_validation,2016-04-22,87,49.75358952241815
FOODS_3_090_CA_1_validation,2016-04-23,95,70.26241990561593
FOODS_3_090_CA_1_validation,2016-04-24,42,72.60366641675151
FOODS_3_090_CA_2_validation,2016-03-28,50,36.03354549188062
FOODS_3_090_CA_2_validation,2016-03-29,18,35.87684867648958
FOODS_3_090_CA_2_validation,2016-03-30,30,35.17942882658218
FOODS_3_090_CA_2_validation,2016-03-31,32,35.03009804751302
FOODS_3_090_CA_2_validation,2016-04-01,53,38.97046971772426
FOODS_3_090_CA_2_validation,2016-04-02,59,47.52638702924028
FOODS_3_090_CA_2_validation,2016-04-03,53,47.93096644465513
FOODS_3_090_CA_2_validation,2016-04-04,19,33.01057000820807
FOODS_3_090_CA_2_validation,2016-04-05,21,34.56297864138078
FOODS_3_090_CA_2_validation,2016-04-06,29,35.687603709045945
FOODS_3_090_CA_2_validation,2016-04-07,41,34.748582482598664
FOODS_3_090_CA_2_validation,2016-04-08,70,46.91011029222616
FOODS_3_090_CA_2_validation,2016-04-09,82,54.863811858878265
FOODS_3_090_CA_2_validation,2016-04-10,62,49.055483398963304
FOODS_3_090_CA_2_validation,2016-04-11,27,33.25293901549037
FOODS_3_090_CA_2_validation,2016-04-12,34,33.98180555009618
FOODS_3_090_CA_2_validation,2016-04-13,37,36.229262869351935
FOODS_3_090_CA_2_validation,2016-04-14,49,34.646252137486115
FOODS_3_090_CA_2_validation,2016-04-15,70,45.06759554421693
FOODS_3_090_CA_2_validation,2016-04-16,79,46.52758527243559
FOODS_3_090_CA_2_validation,2016-04-17,62,44.82153055360355
FOODS_3_090_CA_2_validation,2016-04-18,65,32.59912714556895
FOODS_3_090_CA_2_validation,2016-04-19,29,33.550330499662884
FOODS_3_090_CA_2_validation,2016-04-20,40,34.023501525145704
FOODS_3_090_CA_2_validation,2016-04-21,24,33.44758616887183
FOODS_3_090_CA_2_validation,2016-04-22,91,44.26740082540329
FOODS_3_090_CA_2_validation,2016-04-23,73,62.70036164790457
FOODS_3_090_CA_2_validation,2016-04-24,60,66.09387077959288
FOODS_3_090_CA_3_validation,2016-03-28,61,75.02591715158869
FOODS_3_090_CA_3_validation,2016-03-29,62,81.66477956204506
FOODS_3_090_CA_3_validation,2016-03-30,71,82.33198731387661
FOODS_3_090_CA_3_validation,2016-03-31,130,83.38775694622747
FOODS_3_090_CA_3_validation,2016-04-01,156,97.12930720894663
FOODS_3_090_CA_3_validation,2016-04-02,133,130.07710156098557
FOODS_3_090_CA_3_validation,2016-04-03,114,121.99919465231208
FOODS_3_090_CA_3_validation,2016-04-04,80,76.76073071194622
FOODS_3_090_CA_3_validation,2016-04-05,75,87.05650969329601
FOODS_3_090_CA_3_validation,2016-04-06,113,87.32094444511124
FOODS_3_090_CA_3_validation,2016-04-07,81,89.09822358287246
FOODS_3_090_CA_3_validation,2016-04-08,107,101.8656338431055
FOODS_3_090_CA_3_validation,2016-04-09,160,135.53779292527196
FOODS_3_090_CA_3_validation,2016-04-10,124,127.17778748116044
FOODS_3_090_CA_3_validation,2016-04-11,107,79.32232827789784
FOODS_3_090_CA_3_validation,2016-04-12,84,80.37016460400422
FOODS_3_090_CA_3_validation,2016-04-13,88,77.24008972725261
FOODS_3_090_CA_3_validation,2016-04-14,90,86.27297517399616
FOODS_3_090_CA_3_validation,2016-04-15,129,91.78536481383273
FOODS_3_090_CA_3_validation,2016-04-16,160,132.30348317897423
FOODS_3_090_CA_3_validation,2016-04-17,204,121.35222641675145
FOODS_3_090_CA_3_validation,2016-04-18,86,74.76670806691503
FOODS_3_090_CA_3_validation,2016-04-19,100,83.06661337378898
FOODS_3_090_CA_3_validation,2016-04-20,88,86.20273123594785
FOODS_3_090_CA_3_validation,2016-04-21,77,74.93555541539394
FOODS_3_090_CA_3_validation,2016-04-22,141,102.55660605803533
FOODS_3_090_CA_3_validation,2016-04-23,139,134.75295854763806
FOODS_3_090_CA_3_validation,2016-04-24,130,125.09884954552776
FOODS_3_090_CA_4_validation,2016-03-28,19,23.83105467189957
FOODS_3_090_CA_4_validation,2016-03-29,20,24.985589462290523
FOODS_3_090_CA_4_validation,2016-03-30,18,23.40283483588527
FOODS_3_090_CA_4_validation,2016-03-31,20,26.648126545494804
FOODS_3_090_CA_4_validation,2016-04-01,52,29.645502111918294
FOODS_3_090_CA_4_validation,2016-04-02,34,35.858274844646935
FOODS_3_090_CA_4_validation,2016-04-03,30,34.83075569756991
FOODS_3_090_CA_4_validation,2016-04-04,19,24.674230200505466
FOODS_3_090_CA_4_validation,2016-04-05,16,25.933302064166732
FOODS_3_090_CA_4_validation,2016-04-06,22,25.084174249613078
FOODS_3_090_CA_4_validation,2016-04-07,31,24.581010099729333
FOODS_3_090_CA_4_validation,2016-04-08,30,26.35978356819653
FOODS_3_090_CA_4_validation,2016-04-09,32,36.51490228758467
FOODS_3_090_CA_4_validation,2016-04-10,32,31.94275184837927
FOODS_3_090_CA_4_validation,2016-04-11,23,22.865989791818034
FOODS_3_090_CA_4_validation,2016-04-12,26,22.483319867277785
FOODS_3_090_CA_4_validation,2016-04-13,17,22.81113682121751
FOODS_3_090_CA_4_validation,2016-04-14,17,22.065158601652158
FOODS_3_090_CA_4_validation,2016-04-15,48,23.768261245283323
FOODS_3_090_CA_4_validation,2016-04-16,32,29.523838676861164
FOODS_3_090_CA_4_validation,2016-04-17,36,29.45085185742926
FOODS_3_090_CA_4_validation,2016-04-18,30,21.64906634313385
FOODS_3_090_CA_4_validation,2016-04-19,19,21.85925362559848
FOODS_3_090_CA_4_validation,2016-04-20,35,23.565017333122892
FOODS_3_090_CA_4_validation,2016-04-21,31,25.502708523256317
FOODS_3_090_CA_4_validation,2016-04-22,15,27.42049791196543
FOODS_3_090_CA_4_validation,2016-04-23,24,36.94758356486304
FOODS_3_090_CA_4_validation,2016-04-24,18,41.74222329556509
FOODS_3_090_TX_1_validation,2016-03-28,36,41.78456778121083
FOODS_3_090_TX_1_validation,2016-03-29,35,45.05450333294753
FOODS_3_090_TX_1_validation,2016-03-30,43,37.81522991830723
FOODS_3_090_TX_1_validation,2016-03-31,57,43.15853991314846
FOODS_3_090_TX_1_validation,2016-04-01,44,50.355893592308476
FOODS_3_090_TX_1_validation,2016-04-02,81,59.864407578545645
FOODS_3_090_TX_1_validation,2016-04-03,67,68.1546851345251
FOODS_3_090_TX_1_validation,2016-04-04,56,46.347722301719415
FOODS_3_090_TX_1_validation,2016-04-05,50,43.66015996236049
FOODS_3_090_TX_1_validation,2016-04-06,43,50.961758025782366
FOODS_3_090_TX_1_validation,2016-04-07,42,45.44696896424191
FOODS_3_090_TX_1_validation,2016-04-08,59,46.40064538760715
FOODS_3_090_TX_1_validation,2016-04-09,64,71.19334322131863
FOODS_3_090_TX_1_validation,2016-04-10,79,62.31700418961079
FOODS_3_090_TX_1_validation,2016-04-11,55,48.29365211069482
FOODS_3_090_TX_1_validation,2016-04-12,35,43.77062140385435
FOODS_3_090_TX_1_validation,2016-04-13,35,44.024312525924024
FOODS_3_090_TX_1_validation,2016-04-14,36,43.76554214318162
FOODS_3_090_TX_1_validation,2016-04-15,60,50.00138456848527
FOODS_3_090_TX_1_validation,2016-04-16,68,58.500873874327745
FOODS_3_090_TX_1_validation,2016-04-17,69,60.792860623468286
FOODS_3_090_TX_1_validation,2016-04-18,48,41.30505903334174
FOODS_3_090_TX_1_validation,2016-04-19,34,43.30190897636358
FOODS_3_090_TX_1_validation,2016-04-20,49,43.19504840762726
FOODS_3_090_TX_1_validation,2016-04-21,39,43.46140427749424
FOODS_3_090_TX_1_validation,2016-04-22,59,49.90497641486897
FOODS_3_090_TX_1_validation,2016-04-23,45,63.165349758606226
FOODS_3_090_TX_1_validation,2016-04-24,58,69.14435335869423
FOODS_3_090_TX_2_validation,2016-03-28,48,52.09594355263058
FOODS_3_090_TX_2_validation,2016-03-29,23,48.034573411194934
FOODS_3_090_TX_2_validation,2016-03-30,45,49.181304374883005
FOODS_3_090_TX_2_validation,2016-03-31,60,48.76507527965809
FOODS_3_090_TX_2_validation,2016-04-01,48,56.14154700584841
FOODS_3_090_TX_2_validation,2016-04-02,101,80.71347767794796
FOODS_3_090_TX_2_validation,2016-04-03,107,74.62147732488086
FOODS_3_090_TX_2_validation,2016-04-04,61,53.046205284117484
FOODS_3_090_TX_2_validation,2016-04-05,50,49.05557707756378
FOODS_3_090_TX_2_validation,2016-04-06,31,48.710785075935426
FOODS_3_090_TX_2_validation,2016-04-07,49,51.1667635463285
FOODS_3_090_TX_2_validation,2016-04-08,86,56.26977300895196
FOODS_3_090_TX_2_validation,2016-04-09,102,79.50161674118685
FOODS_3_090_TX_2_validation,2016-04-10,69,78.0028230909069
FOODS_3_090_TX_2_validation,2016-04-11,53,52.62129070055509
FOODS_3_090_TX_2_validation,2016-04-12,48,50.157506740052476
FOODS_3_090_TX_2_validation,2016-04-13,34,55.433975457833064
FOODS_3_090_TX_2_validation,2016-04-14,40,49.12484829303592
FOODS_3_090_TX_2_validation,2016-04-15,68,52.78249715001496
FOODS_3_090_TX_2_validation,2016-04-16,124,78.45525950955616
FOODS_3_090_TX_2_validation,2016-04-17,86,78.97535001132846
FOODS_3_090_TX_2_validation,2016-04-18,43,48.89899462690239
FOODS_3_090_TX_2_validation,2016-04-19,61,49.194878763273664
FOODS_3_090_TX_2_validation,2016-04-20,46,49.37651780078119
FOODS_3_090_TX_2_validation,2016-04-21,35,49.449487881565034
FOODS_3_090_TX_2_validation,2016-04-22,54,57.21667233547954
FOODS_3_090_TX_2_validation,2016-04-23,83,81.63739257145616
FOODS_3_090_TX_2_validation,2016-04-24,73,76.32734769684984
FOODS_3_090_TX_3_validation,2016-03-28,42,51.19288767969626
FOODS_3_090_TX_3_validation,2016-03-29,10,47.7065648351925
FOODS_3_090_TX_3_validation,2016-03-30,50,55.03679236489474
FOODS_3_090_TX_3_validation,2016-03-31,68,48.82441880918882
FOODS_3_090_TX_3_validation,2016-04-01,59,54.60324026095886
FOODS_3_090_TX_3_validation,2016-04-02,74,76.88264589951802
FOODS_3_090_TX_3_validation,2016-04-03,74,79.94179748157893
FOODS_3_090_TX_3_validation,2016-04-04,41,49.461288846628676
FOODS_3_090_TX_3_validation,2016-04-05,45,52.88256251423233
FOODS_3_090_TX_3_validation,2016-04-06,61,49.928177026241684
FOODS_3_090_TX_3_validation,2016-04-07,45,52.734115480286064
FOODS_3_090_TX_3_validation,2016-04-08,56,56.18278231559358
FOODS_3_090_TX_3_validation,2016-04-09,97,80.55695656881755
FOODS_3_090_TX_3_validation,2016-04-10,85,81.7380233538603
FOODS_3_090_TX_3_validation,2016-04-11,74,53.68959179507956
FOODS_3_090_TX_3_validation,2016-04-12,43,49.37520377793001
FOODS_3_090_TX_3_validation,2016-04-13,48,57.27409577503333
FOODS_3_090_TX_3_validation,2016-04-14,48,51.13921911428442
FOODS_3_090_TX_3_validation,2016-04-15,84,52.56274348199466
FOODS_3_090_TX_3_validation,2016-04-16,75,81.13350734608765
FOODS_3_090_TX_3_validation,2016-04-17,83,81.38427491805136
FOODS_3_090_TX_3_validation,2016-04-18,81,49.76537870107585
FOODS_3_090_TX_3_validation,2016-04-19,46,49.23766165935798
FOODS_3_090_TX_3_validation,2016-04-20,53,49.80948412436169
FOODS_3_090_TX_3_validation,2016-04-21,43,49.56856247605676
FOODS_3_090_TX_3_validation,2016-04-22,70,57.48933147003137
FOODS_3_090_TX_3_validation,2016-04-23,102,82.39633352169415
FOODS_3_090_TX_3_validation,2016-04-24,66,81.65668396091861
FOODS_3_090_WI_3_validation,2016-03-28,7,59.575017870622794
FOODS_3_090_WI_3_validation,2016-03-29,63,52.452419767518116
FOODS_3_090_WI_3_validation,2016-03-30,70,64.3830252245042
FOODS_3_090_WI_3_validation,2016-03-31,64,67.13736023577279
FOODS_3_090_WI_3_validation,2016-04-01,101,82.45067967612384
FOODS_3_090_WI_3_validation,2016-04-02,119,112.5425338494124
FOODS_3_090_WI_3_validation,2016-04-03,110,102.28498497396595
FOODS_3_090_WI_3_validation,2016-04-04,71,71.41723869513571
FOODS_3_090_WI_3_validation,2016-04-05,46,53.22782547742113
FOODS_3_090_WI_3_validation,2016-04-06,43,53.26662456096673
FOODS_3_090_WI_3_validation,2016-04-07,43,50.93936387138296
FOODS_3_090_WI_3_validation,2016-04-08,107,80.50078042641954
FOODS_3_090_WI_3_validation,2016-04-09,131,99.1797140863216
FOODS_3_090_WI_3_validation,2016-04-10,108,101.27907834318005
FOODS_3_090_WI_3_validation,2016-04-11,50,68.49504343641986
FOODS_3_090_WI_3_validation,2016-04-12,52,53.082109707073315
FOODS_3_090_WI_3_validation,2016-04-13,52,50.96489857922054
FOODS_3_090_WI_3_validation,2016-04-14,68,62.73010088950036
FOODS_3_090_WI_3_validation,2016-04-15,102,78.63873002065516
FOODS_3_090_WI_3_validation,2016-04-16,146,98.74726490820541
FOODS_3_090_WI_3_validation,2016-04-17,112,89.16342841570278
FOODS_3_090_WI_3_validation,2016-04-18,70,44.12471066576745
FOODS_3_090_WI_3_validation,2016-04-19,61,43.32719373004375
FOODS_3_090_WI_3_validation,2016-04-20,60,43.54496169711028
FOODS_3_090_WI_3_validation,2016-04-21,70,51.52551547816025
FOODS_3_090_WI_3_validation,2016-04-22,70,71.43524979549957
FOODS_3_090_WI_3_validation,2016-04-23,171,93.63652456875579
FOODS_3_090_WI_3_validation,2016-04-24,91,104.95559669399161
FOODS_3_099_TX_2_validation,2016-03-28,13,17.500175544030277
FOODS_3_099_TX_2_validation,2016-03-29,18,17.43651755651033
FOODS_3_099_TX_2_validation,2016-03-30,8,20.19754998401948
FOODS_3_099_TX_2_validation,2016-03-31,17,17.527536559533154
FOODS_3_099_TX_2_validation,2016-04-01,9,19.898710706317797
FOODS_3_099_TX_2_validation,2016-04-02,12,21.912016800922558
FOODS_3_099_TX_2_validation,2016-04-03,25,23.490261683345853
FOODS_3_099_TX_2_validation,2016-04-04,15,16.836473724853025
FOODS_3_099_TX_2_validation,2016-04-05,10,18.370479041512027
FOODS_3_099_TX_2_validation,2016-04-06,15,18.379618775394626
FOODS_3_099_TX_2_validation,2016-04-07,10,18.327856858946927
FOODS_3_099_TX_2_validation,2016-04-08,12,17.679045341926898
FOODS_3_099_TX_2_validation,2016-04-09,23,22.499704541857323
FOODS_3_099_TX_2_validation,2016-04-10,23,23.101184961714665
FOODS_3_099_TX_2_validation,2016-04-11,15,20.70643322448258
FOODS_3_099_TX_2_validation,2016-04-12,20,18.7257219973013
FOODS_3_099_TX_2_validation,2016-04-13,10,20.401637427281006
FOODS_3_099_TX_2_validation,2016-04-14,13,17.34913971946774
FOODS_3_099_TX_2_validation,2016-04-15,10,19.369031450969022
FOODS_3_099_TX_2_validation,2016-04-16,16,21.60793810382185
FOODS_3_099_TX_2_validation,2016-04-17,21,21.51298862890912
FOODS_3_099_TX_2_validation,2016-04-18,15,16.982277599075918
FOODS_3_099_TX_2_validation,2016-04-19,14,16.976826683473906
FOODS_3_099_TX_2_validation,2016-04-20,13,16.793021845294177
FOODS_3_099_TX_2_validation,2016-04-21,9,16.72099055240518
FOODS_3_099_TX_2_validation,2016-04-22,17,18.45888132934191
FOODS_3_099_TX_2_validation,2016-04-23,19,21.573152969054956
FOODS_3_099_TX_2_validation,2016-04-24,17,23.118463536124406
FOODS_3_120_CA_1_validation,2016-03-28,34,24.546766994386772
FOODS_3_120_CA_1_validation,2016-03-29,62,24.749590695370287
FOODS_3_120_CA_1_validation,2016-03-30,21,31.650757859614004
FOODS_3_120_CA_1_validation,2016-03-31,29,35.1340055834737
FOODS_3_120_CA_1_validation,2016-04-01,44,39.83627805568268
FOODS_3_120_CA_1_validation,2016-04-02,109,47.09152782954162
FOODS_3_120_CA_1_validation,2016-04-03,126,43.73930389735704
FOODS_3_120_CA_1_validation,2016-04-04,24,38.78988061241922
FOODS_3_120_CA_1_validation,2016-04-05,0,35.51864798408914
FOODS_3_120_CA_1_validation,2016-04-06,0,34.629478895177854
FOODS_3_120_CA_1_validation,2016-04-07,0,32.60036408770431
FOODS_3_120_CA_1_validation,2016-04-08,58,34.22472833226414
FOODS_3_120_CA_1_validation,2016-04-09,55,51.97490687229604
FOODS_3_120_CA_1_validation,2016-04-10,0,44.48761004300939
FOODS_3_120_CA_1_validation,2016-04-11,2,20.403501864705035
FOODS_3_120_CA_1_validation,2016-04-12,0,25.165473996372373
FOODS_3_120_CA_1_validation,2016-04-13,0,21.373701283564273
FOODS_3_120_CA_1_validation,2016-04-14,38,26.841890490946152
FOODS_3_120_CA_1_validation,2016-04-15,60,24.58027085742544
FOODS_3_120_CA_1_validation,2016-04-16,52,48.74499104208907
FOODS_3_120_CA_1_validation,2016-04-17,56,55.09279851168529
FOODS_3_120_CA_1_validation,2016-04-18,6,30.54995972964852
FOODS_3_120_CA_1_validation,2016-04-19,43,21.142666115291036
FOODS_3_120_CA_1_validation,2016-04-20,48,40.78906611401738
FOODS_3_120_CA_1_validation,2016-04-21,47,35.74066692188286
FOODS_3_120_CA_1_validation,2016-04-22,39,43.28773467767132
FOODS_3_120_CA_1_validation,2016-04-23,59,51.40143917240356
FOODS_3_120_CA_1_validation,2016-04-24,59,48.0720866660817
FOODS_3_120_CA_3_validation,2016-03-28,46,46.76060266790529
FOODS_3_120_CA_3_validation,2016-03-29,58,44.51388723400668
FOODS_3_120_CA_3_validation,2016-03-30,56,45.01577939215095
FOODS_3_120_CA_3_validation,2016-03-31,36,45.48973353497964
FOODS_3_120_CA_3_validation,2016-04-01,56,55.16603083801862
FOODS_3_120_CA_3_validation,2016-04-02,61,70.81159035649284
FOODS_3_120_CA_3_validation,2016-04-03,59,55.727044077599686
FOODS_3_120_CA_3_validation,2016-04-04,71,37.50739229643081
FOODS_3_120_CA_3_validation,2016-04-05,73,37.51910647378261
FOODS_3_120_CA_3_validation,2016-04-06,63,38.20575126568397
FOODS_3_120_CA_3_validation,2016-04-07,43,37.76562609513258
FOODS_3_120_CA_3_validation,2016-04-08,47,35.09497200052795
FOODS_3_120_CA_3_validation,2016-04-09,61,42.786866956430096
FOODS_3_120_CA_3_validation,2016-04-10,84,46.35234177832847
FOODS_3_120_CA_3_validation,2016-04-11,57,31.086821899480118
FOODS_3_120_CA_3_validation,2016-04-12,86,30.976158084199266
FOODS_3_120_CA_3_validation,2016-04-13,89,34.4329530639488
FOODS_3_120_CA_3_validation,2016-04-14,142,37.18685860494116
FOODS_3_120_CA_3_validation,2016-04-15,46,47.040034426938135
FOODS_3_120_CA_3_validation,2016-04-16,66,75.65309758080312
FOODS_3_120_CA_3_validation,2016-04-17,72,58.620231063809825
FOODS_3_120_CA_3_validation,2016-04-18,77,50.44720668977154
FOODS_3_120_CA_3_validation,2016-04-19,71,49.8003921034689
FOODS_3_120_CA_3_validation,2016-04-20,69,48.76369095814435
FOODS_3_120_CA_3_validation,2016-04-21,66,48.75175364570301
FOODS_3_120_CA_3_validation,2016-04-22,43,50.2759251953885
FOODS_3_120_CA_3_validation,2016-04-23,81,68.64093407587677
FOODS_3_120_CA_3_validation,2016-04-24,98,61.63306445207633
FOODS_3_120_WI_3_validation,2016-03-28,2,23.719648904098335
FOODS_3_120_WI_3_validation,2016-03-29,17,24.271022116175576
FOODS_3_120_WI_3_validation,2016-03-30,19,23.716034305860084
FOODS_3_120_WI_3_validation,2016-03-31,27,31.666773580854432
FOODS_3_120_WI_3_validation,2016-04-01,18,22.362962987739937
FOODS_3_120_WI_3_validation,2016-04-02,56,47.581770950771315
FOODS_3_120_WI_3_validation,2016-04-03,51,45.45200344058314
FOODS_3_120_WI_3_validation,2016-04-04,29,18.666879818642332
FOODS_3_120_WI_3_validation,2016-04-05,44,20.265678330431456
FOODS_3_120_WI_3_validation,2016-04-06,24,20.48406019373548
FOODS_3_120_WI_3_validation,2016-04-07,27,20.48899060571551
FOODS_3_120_WI_3_validation,2016-04-08,20,23.4276149966346
FOODS_3_120_WI_3_validation,2016-04-09,44,42.23133531626009
FOODS_3_120_WI_3_validation,2016-04-10,54,28.932755255303928
FOODS_3_120_WI_3_validation,2016-04-11,54,31.303457337015967
FOODS_3_120_WI_3_validation,2016-04-12,42,24.976326837872765
FOODS_3_120_WI_3_validation,2016-04-13,20,20.71664784397545
FOODS_3_120_WI_3_validation,2016-04-14,35,23.636237995953934
FOODS_3_120_WI_3_validation,2016-04-15,38,26.102311066657713
FOODS_3_120_WI_3_validation,2016-04-16,56,37.553454705940446
FOODS_3_120_WI_3_validation,2016-04-17,30,41.98032401778347
FOODS_3_120_WI_3_validation,2016-04-18,43,35.575361291873726
FOODS_3_120_WI_3_validation,2016-04-19,25,25.325089762050343
FOODS_3_120_WI_3_validation,2016-04-20,33,20.353843212396164
FOODS_3_120_WI_3_validation,2016-04-21,22,20.248003684263107
FOODS_3_120_WI_3_validation,2016-04-22,29,20.277690306673517
FOODS_3_120_WI_3_validation,2016-04-23,39,37.99974774596291
FOODS_3_120_WI_3_validation,2016-04-24,55,44.499925343529014
FOODS_3_202_CA_3_validation,2016-03-28,19,22.667942440044794
FOODS_3_202_CA_3_validation,2016-03-29,13,20.1137218293558
FOODS_3_202_CA_3_validation,2016-03-30,19,19.43273271717102
FOODS_3_202_CA_3_validation,2016-03-31,11,18.983431476683908
FOODS_3_202_CA_3_validation,2016-04-01,15,19.989437227343497
FOODS_3_202_CA_3_validation,2016-04-02,26,24.967807876894394
FOODS_3_202_CA_3_validation,2016-04-03,39,24.439692163172225
FOODS_3_202_CA_3_validation,2016-04-04,29,18.885421253148394
FOODS_3_202_CA_3_validation,2016-04-05,19,18.933550436969917
FOODS_3_202_CA_3_validation,2016-04-06,24,18.840008008152367
FOODS_3_202_CA_3_validation,2016-04-07,28,18.88081166794513
FOODS_3_202_CA_3_validation,2016-04-08,23,20.011682347677382
FOODS_3_202_CA_3_validation,2016-04-09,34,24.15113799956839
FOODS_3_202_CA_3_validation,2016-04-10,30,25.48383825452533
FOODS_3_202_CA_3_validation,2016-04-11,19,17.155054262024404
FOODS_3_202_CA_3_validation,2016-04-12,22,17.046134372427645
FOODS_3_202_CA_3_validation,2016-04-13,16,16.976913375843456
FOODS_3_202_CA_3_validation,2016-04-14,23,17.175857746093083
FOODS_3_202_CA_3_validation,2016-04-15,29,17.830865601026566
FOODS_3_202_CA_3_validation,2016-04-16,36,24.956516551510635
FOODS_3_202_CA_3_validation,2016-04-17,58,25.658202741470156
FOODS_3_202_CA_3_validation,2016-04-18,37,17.027054110684915
FOODS_3_202_CA_3_validation,2016-04-19,18,16.87832354647903
FOODS_3_202_CA_3_validation,2016-04-20,27,17.369096671024696
FOODS_3_202_CA_3_validation,2016-04-21,24,16.902041252106905
FOODS_3_202_CA_3_validation,2016-04-22,22,19.10943875480419
FOODS_3_202_CA_3_validation,2016-04-23,37,24.667328531646454
FOODS_3_202_CA_3_validation,2016-04-24,29,30.824270094208078
FOODS_3_202_TX_1_validation,2016-03-28,17,20.21541735232336
FOODS_3_202_TX_1_validation,2016-03-29,12,20.202798771382483
FOODS_3_202_TX_1_validation,2016-03-30,18,20.2015855552484
FOODS_3_202_TX_1_validation,2016-03-31,11,19.540706528985144
FOODS_3_202_TX_1_validation,2016-04-01,16,20.51420202961067
FOODS_3_202_TX_1_validation,2016-04-02,34,28.519402878525923
FOODS_3_202_TX_1_validation,2016-04-03,38,29.674766025404054
FOODS_3_202_TX_1_validation,2016-04-04,14,20.015902225735246
FOODS_3_202_TX_1_validation,2016-04-05,23,20.11184348893883
FOODS_3_202_TX_1_validation,2016-04-06,17,19.561342861999435
FOODS_3_202_TX_1_validation,2016-04-07,17,20.159536149449387
FOODS_3_202_TX_1_validation,2016-04-08,21,21.636799784524406
FOODS_3_202_TX_1_validation,2016-04-09,39,27.659792533224177
FOODS_3_202_TX_1_validation,2016-04-10,42,29.56038183002863
FOODS_3_202_TX_1_validation,2016-04-11,19,19.958923669590405
FOODS_3_202_TX_1_validation,2016-04-12,25,21.760894900139863
FOODS_3_202_TX_1_validation,2016-04-13,16,21.293521456279553
FOODS_3_202_TX_1_validation,2016-04-14,18,19.533475637358716
FOODS_3_202_TX_1_validation,2016-04-15,30,20.619732887471915
FOODS_3_202_TX_1_validation,2016-04-16,48,29.313927648376538
FOODS_3_202_TX_1_validation,2016-04-17,56,29.598143525260806
FOODS_3_202_TX_1_validation,2016-04-18,30,17.632499638989483
FOODS_3_202_TX_1_validation,2016-04-19,29,17.56540989483299
FOODS_3_202_TX_1_validation,2016-04-20,18,17.64626429287984
FOODS_3_202_TX_1_validation,2016-04-21,18,17.43526718033705
FOODS_3_202_TX_1_validation,2016-04-22,18,22.19913906553732
FOODS_3_202_TX_1_validation,2016-04-23,37,26.893576020938283
FOODS_3_202_TX_1_validation,2016-04-24,38,32.74303049331576
FOODS_3_202_TX_2_validation,2016-03-28,13,16.989991594544183
FOODS_3_202_TX_2_validation,2016-03-29,11,17.061082958153076
FOODS_3_202_TX_2_validation,2016-03-30,8,16.930772987681806
FOODS_3_202_TX_2_validation,2016-03-31,15,17.04384883581093
FOODS_3_202_TX_2_validation,2016-04-01,25,20.069922181611986
FOODS_3_202_TX_2_validation,2016-04-02,29,22.58733634217084
FOODS_3_202_TX_2_validation,2016-04-03,26,23.530279796419432
FOODS_3_202_TX_2_validation,2016-04-04,14,16.80186376925107
FOODS_3_202_TX_2_validation,2016-04-05,11,20.008194658339857
FOODS_3_202_TX_2_validation,2016-04-06,12,18.855759126828566
FOODS_3_202_TX_2_validation,2016-04-07,16,18.641630249799768
FOODS_3_202_TX_2_validation,2016-04-08,25,17.635553582976208
FOODS_3_202_TX_2_validation,2016-04-09,37,22.54067293593283
FOODS_3_202_TX_2_validation,2016-04-10,29,23.30517176742724
FOODS_3_202_TX_2_validation,2016-04-11,12,18.5152454896725
FOODS_3_202_TX_2_validation,2016-04-12,13,18.623425434656653
FOODS_3_202_TX_2_validation,2016-04-13,14,18.60750362998757
FOODS_3_202_TX_2_validation,2016-04-14,12,16.910255087604963
FOODS_3_202_TX_2_validation,2016-04-15,19,19.4088147165538
FOODS_3_202_TX_2_validation,2016-04-16,36,22.40179059527754
FOODS_3_202_TX_2_validation,2016-04-17,38,23.106831750388523
FOODS_3_202_TX_2_validation,2016-04-18,14,17.109598127582508
FOODS_3_202_TX_2_validation,2016-04-19,14,17.110096393653667
FOODS_3_202_TX_2_validation,2016-04-20,13,17.28172870068992
FOODS_3_202_TX_2_validation,2016-04-21,18,17.3211362533611
FOODS_3_202_TX_2_validation,2016-04-22,18,18.289259863793344
FOODS_3_202_TX_2_validation,2016-04-23,30,25.06111889880947
FOODS_3_202_TX_2_validation,2016-04-24,13,29.588975092679693
FOODS_3_202_TX_3_validation,2016-03-28,33,22.653819082555692
FOODS_3_202_TX_3_validation,2016-03-29,35,22.60641475631744
FOODS_3_202_TX_3_validation,2016-03-30,17,23.941783111603623
FOODS_3_202_TX_3_validation,2016-03-31,14,22.420886871039738
FOODS_3_202_TX_3_validation,2016-04-01,22,22.82505880625644
FOODS_3_202_TX_3_validation,2016-04-02,30,33.42765083258548
FOODS_3_202_TX_3_validation,2016-04-03,33,38.68117720852661
FOODS_3_202_TX_3_validation,2016-04-04,23,24.768287928639655
FOODS_3_202_TX_3_validation,2016-04-05,29,25.406494333065453
FOODS_3_202_TX_3_validation,2016-04-06,28,22.60738002086742
FOODS_3_202_TX_3_validation,2016-04-07,44,25.29451628213961
FOODS_3_202_TX_3_validation,2016-04-08,24,23.936825993184343
FOODS_3_202_TX_3_validation,2016-04-09,24,35.47300145937934
FOODS_3_202_TX_3_validation,2016-04-10,38,35.54253413788389
FOODS_3_202_TX_3_validation,2016-04-11,27,29.632812097608063
FOODS_3_202_TX_3_validation,2016-04-12,24,29.78355414025474
FOODS_3_202_TX_3_validation,2016-04-13,24,24.91244973649927
FOODS_3_202_TX_3_validation,2016-04-14,29,23.776354646349954
FOODS_3_202_TX_3_validation,2016-04-15,28,29.18768891894952
FOODS_3_202_TX_3_validation,2016-04-16,28,34.98001502418043
FOODS_3_202_TX_3_validation,2016-04-17,59,35.66616395452795
FOODS_3_202_TX_3_validation,2016-04-18,36,23.731494324343213
FOODS_3_202_TX_3_validation,2016-04-19,23,22.383221009505142
FOODS_3_202_TX_3_validation,2016-04-20,23,22.53101676941464
FOODS_3_202_TX_3_validation,2016-04-21,18,22.528590535892423
FOODS_3_202_TX_3_validation,2016-04-22,23,23.401060432113187
FOODS_3_202_TX_3_validation,2016-04-23,40,34.80914403382466
FOODS_3_202_TX_3_validation,2016-04-24,59,37.146175196790495
FOODS_3_226_WI_1_validation,2016-03-28,22,35.241580985035164
FOODS_3_226_WI_1_validation,2016-03-29,25,35.096471734561696
FOODS_3_226_WI_1_validation,2016-03-30,27,35.791436778482456
FOODS_3_226_WI_1_validation,2016-03-31,40,35.39934659656671
FOODS_3_226_WI_1_validation,2016-04-01,39,45.26868624251213
FOODS_3_226_WI_1_validation,2016-04-02,39,51.08105214787598
FOODS_3_226_WI_1_validation,2016-04-03,49,47.05526178235505
FOODS_3_226_WI_1_validation,2016-04-04,29,35.86466913747594
FOODS_3_226_WI_1_validation,2016-04-05,35,37.4397815251009
FOODS_3_226_WI_1_validation,2016-04-06,22,36.66611452625962
FOODS_3_226_WI_1_validation,2016-04-07,27,35.87626859955145
FOODS_3_226_WI_1_validation,2016-04-08,31,40.266159868158184
FOODS_3_226_WI_1_validation,2016-04-09,55,52.95242416658336
FOODS_3_226_WI_1_validation,2016-04-10,52,48.65818697438818
FOODS_3_226_WI_1_validation,2016-04-11,33,36.35899530026918
FOODS_3_226_WI_1_validation,2016-04-12,26,36.115589803475615
FOODS_3_226_WI_1_validation,2016-04-13,32,36.202096855401926
FOODS_3_226_WI_1_validation,2016-04-14,40,37.1953231833887
FOODS_3_226_WI_1_validation,2016-04-15,38,40.72396859194996
FOODS_3_226_WI_1_validation,2016-04-16,56,50.76178462937482
FOODS_3_226_WI_1_validation,2016-04-17,58,49.00974142510073
FOODS_3_226_WI_1_validation,2016-04-18,42,36.033739954727814
FOODS_3_226_WI_1_validation,2016-04-19,27,35.882824128188766
FOODS_3_226_WI_1_validation,2016-04-20,34,35.19328145713313
FOODS_3_226_WI_1_validation,2016-04-21,24,35.41325945101699
FOODS_3_226_WI_1_validation,2016-04-22,41,45.72863801704495
FOODS_3_226_WI_1_validation,2016-04-23,41,52.32966820467248
FOODS_3_226_WI_1_validation,2016-04-24,38,46.50796058103995
FOODS_3_226_WI_2_validation,2016-03-28,28,38.45115300176699
FOODS_3_226_WI_2_validation,2016-03-29,34,40.01029226636992
FOODS_3_226_WI_2_validation,2016-03-30,46,40.162031136700364
FOODS_3_226_WI_2_validation,2016-03-31,30,40.197245452801965
FOODS_3_226_WI_2_validation,2016-04-01,55,46.42481690421473
FOODS_3_226_WI_2_validation,2016-04-02,45,51.09390231677863
FOODS_3_226_WI_2_validation,2016-04-03,48,49.428913252428764
FOODS_3_226_WI_2_validation,2016-04-04,33,37.88788227448974
FOODS_3_226_WI_2_validation,2016-04-05,48,42.303262730654154
FOODS_3_226_WI_2_validation,2016-04-06,43,42.519652455307195
FOODS_3_226_WI_2_validation,2016-04-07,36,38.525551482580084
FOODS_3_226_WI_2_validation,2016-04-08,53,48.678539306621715
FOODS_3_226_WI_2_validation,2016-04-09,52,56.34991440405326
FOODS_3_226_WI_2_validation,2016-04-10,47,50.29493594340628
FOODS_3_226_WI_2_validation,2016-04-11,46,42.96695256207322
FOODS_3_226_WI_2_validation,2016-04-12,38,44.95582073961458
FOODS_3_226_WI_2_validation,2016-04-13,43,43.312839282263916
FOODS_3_226_WI_2_validation,2016-04-14,58,45.21889701066403
FOODS_3_226_WI_2_validation,2016-04-15,60,42.50426485162534
FOODS_3_226_WI_2_validation,2016-04-16,56,49.41824787536939
FOODS_3_226_WI_2_validation,2016-04-17,67,48.251580066018185
FOODS_3_226_WI_2_validation,2016-04-18,40,37.84054808346535
FOODS_3_226_WI_2_validation,2016-04-19,31,36.96594978614248
FOODS_3_226_WI_2_validation,2016-04-20,40,36.79741258679501
FOODS_3_226_WI_2_validation,2016-04-21,50,36.622541474517305
FOODS_3_226_WI_2_validation,2016-04-22,48,43.193981407020885
FOODS_3_226_WI_2_validation,2016-04-23,43,52.08057262306328
FOODS_3_226_WI_2_validation,2016-04-24,38,47.65908015554633
FOODS_3_226_WI_3_validation,2016-03-28,46,43.396181114874814
FOODS_3_226_WI_3_validation,2016-03-29,50,43.58199503614482
FOODS_3_226_WI_3_validation,2016-03-30,42,45.44282403723936
FOODS_3_226_WI_3_validation,2016-03-31,50,45.18726112239175
FOODS_3_226_WI_3_validation,2016-04-01,50,50.71129802305379
FOODS_3_226_WI_3_validation,2016-04-02,56,60.97417334390021
FOODS_3_226_WI_3_validation,2016-04-03,44,60.975965665690055
FOODS_3_226_WI_3_validation,2016-04-04,35,47.49446165293003
FOODS_3_226_WI_3_validation,2016-04-05,53,47.95604021676004
FOODS_3_226_WI_3_validation,2016-04-06,36,49.16734816632625
FOODS_3_226_WI_3_validation,2016-04-07,40,47.49109113153707
FOODS_3_226_WI_3_validation,2016-04-08,39,52.05691585675385
FOODS_3_226_WI_3_validation,2016-04-09,55,59.504399976576764
FOODS_3_226_WI_3_validation,2016-04-10,45,56.421090602640604
FOODS_3_226_WI_3_validation,2016-04-11,45,44.40659125324025
FOODS_3_226_WI_3_validation,2016-04-12,45,43.95302303268325
FOODS_3_226_WI_3_validation,2016-04-13,45,42.53754602150158
FOODS_3_226_WI_3_validation,2016-04-14,53,44.63356428455931
FOODS_3_226_WI_3_validation,2016-04-15,51,49.526502211188884
FOODS_3_226_WI_3_validation,2016-04-16,59,59.33934694123909
FOODS_3_226_WI_3_validation,2016-04-17,46,59.65936453194071
FOODS_3_226_WI_3_validation,2016-04-18,49,42.822629850002095
FOODS_3_226_WI_3_validation,2016-04-19,38,42.910368226618274
FOODS_3_226_WI_3_validation,2016-04-20,37,41.26283989455769
FOODS_3_226_WI_3_validation,2016-04-21,43,43.09217288472336
FOODS_3_226_WI_3_validation,2016-04-22,55,51.30828217737751
FOODS_3_226_WI_3_validation,2016-04-23,40,59.13818701952349
FOODS_3_226_WI_3_validation,2016-04-24,38,58.71154521702273
FOODS_3_234_CA_3_validation,2016-03-28,13,14.132561941031344
FOODS_3_234_CA_3_validation,2016-03-29,4,14.424981607776585
FOODS_3_234_CA_3_validation,2016-03-30,2,14.103212590168399
FOODS_3_234_CA_3_validation,2016-03-31,7,13.663366597575433
FOODS_3_234_CA_3_validation,2016-04-01,27,18.264876641472544
FOODS_3_234_CA_3_validation,2016-04-02,8,18.486717057284828
FOODS_3_234_CA_3_validation,2016-04-03,12,18.486717057284828
FOODS_3_234_CA_3_validation,2016-04-04,10,18.213848830081005
FOODS_3_234_CA_3_validation,2016-04-05,16,18.217812423002805
FOODS_3_234_CA_3_validation,2016-04-06,8,18.217812423002805
FOODS_3_234_CA_3_validation,2016-04-07,41,17.109381838944145
FOODS_3_234_CA_3_validation,2016-04-08,19,17.32284519038204
FOODS_3_234_CA_3_validation,2016-04-09,2,18.193882259872098
FOODS_3_234_CA_3_validation,2016-04-10,0,18.193882259872098
FOODS_3_234_CA_3_validation,2016-04-11,0,13.596342163051588
FOODS_3_234_CA_3_validation,2016-04-12,0,13.51484053906679
FOODS_3_234_CA_3_validation,2016-04-13,12,13.608962369849936
FOODS_3_234_CA_3_validation,2016-04-14,65,13.514466600923566
FOODS_3_234_CA_3_validation,2016-04-15,8,13.57993949501629
FOODS_3_234_CA_3_validation,2016-04-16,1,15.265081322854837
FOODS_3_234_CA_3_validation,2016-04-17,34,15.21705067874467
FOODS_3_234_CA_3_validation,2016-04-18,27,13.432893510924838
FOODS_3_234_CA_3_validation,2016-04-19,2,12.45541371027702
FOODS_3_234_CA_3_validation,2016-04-20,2,13.627916670628247
FOODS_3_234_CA_3_validation,2016-04-21,0,13.519053034359638
FOODS_3_234_CA_3_validation,2016-04-22,0,13.483912597016994
FOODS_3_234_CA_3_validation,2016-04-23,0,15.0126209750699
FOODS_3_234_CA_3_validation,2016-04-24,0,14.663203973221567
FOODS_3_234_WI_2_validation,2016-03-28,0,8.192086054841202
FOODS_3_234_WI_2_validation,2016-03-29,0,9.164684726064575
FOODS_3_234_WI_2_validation,2016-03-30,0,8.942667919341885
FOODS_3_234_WI_2_validation,2016-03-31,4,14.590750847887342
FOODS_3_234_WI_2_validation,2016-04-01,0,24.452177230212598
FOODS_3_234_WI_2_validation,2016-04-02,0,41.50303153122165
FOODS_3_234_WI_2_validation,2016-04-03,0,42.219967779080825
FOODS_3_234_WI_2_validation,2016-04-04,0,19.438846751517026
FOODS_3_234_WI_2_validation,2016-04-05,0,31.98930318638055
FOODS_3_234_WI_2_validation,2016-04-06,0,18.146293347894147
FOODS_3_234_WI_2_validation,2016-04-07,0,12.506076097286066
FOODS_3_234_WI_2_validation,2016-04-08,0,18.77610781647154
FOODS_3_234_WI_2_validation,2016-04-09,0,20.514278370047506
FOODS_3_234_WI_2_validation,2016-04-10,0,17.386481904184105
FOODS_3_234_WI_2_validation,2016-04-11,0,19.15629722143388
FOODS_3_234_WI_2_validation,2016-04-12,0,20.497786164329128
FOODS_3_234_WI_2_validation,2016-04-13,1,13.280061231550619
FOODS_3_234_WI_2_validation,2016-04-14,0,20.497786164329128
FOODS_3_234_WI_2_validation,2016-04-15,0,20.497786164329128
FOODS_3_234_WI_2_validation,2016-04-16,1,15.245220505541033
FOODS_3_234_WI_2_validation,2016-04-17,0,19.122685401159227
FOODS_3_234_WI_2_validation,2016-04-18,0,17.024744151933398
FOODS_3_234_WI_2_validation,2016-04-19,57,16.92818905514962
FOODS_3_234_WI_2_validation,2016-04-20,82,16.54942325939063
FOODS_3_234_WI_2_validation,2016-04-21,41,16.600843713936086
FOODS_3_234_WI_2_validation,2016-04-22,32,16.600843713936086
FOODS_3_234_WI_2_validation,2016-04-23,27,17.82339783852851
FOODS_3_234_WI_2_validation,2016-04-24,12,17.50423723859452
FOODS_3_234_WI_3_validation,2016-03-28,9,15.5602515331701
FOODS_3_234_WI_3_validation,2016-03-29,17,16.06453473695314
FOODS_3_234_WI_3_validation,2016-03-30,20,16.040380734579966
FOODS_3_234_WI_3_validation,2016-03-31,16,16.366323780633408
FOODS_3_234_WI_3_validation,2016-04-01,25,15.933402514063314
FOODS_3_234_WI_3_validation,2016-04-02,42,29.76814498227483
FOODS_3_234_WI_3_validation,2016-04-03,47,27.720841708368354
FOODS_3_234_WI_3_validation,2016-04-04,2,18.465935470669848
FOODS_3_234_WI_3_validation,2016-04-05,31,23.581348437504243
FOODS_3_234_WI_3_validation,2016-04-06,39,21.485496653363143
FOODS_3_234_WI_3_validation,2016-04-07,19,17.425032435447985
FOODS_3_234_WI_3_validation,2016-04-08,35,20.507672042977735
FOODS_3_234_WI_3_validation,2016-04-09,83,21.120261856903536
FOODS_3_234_WI_3_validation,2016-04-10,48,18.586574566367712
FOODS_3_234_WI_3_validation,2016-04-11,23,22.014058357126817
FOODS_3_234_WI_3_validation,2016-04-12,53,27.088926266277518
FOODS_3_234_WI_3_validation,2016-04-13,0,15.439671041491263
FOODS_3_234_WI_3_validation,2016-04-14,17,24.893054639354347
FOODS_3_234_WI_3_validation,2016-04-15,43,22.910648293143606
FOODS_3_234_WI_3_validation,2016-04-16,7,16.853322347048938
FOODS_3_234_WI_3_validation,2016-04-17,21,19.695245504114638
FOODS_3_234_WI_3_validation,2016-04-18,17,17.259276821568868
FOODS_3_234_WI_3_validation,2016-04-19,7,12.88469169367903
FOODS_3_234_WI_3_validation,2016-04-20,2,15.783245094079332
FOODS_3_234_WI_3_validation,2016-04-21,8,15.394221988411175
FOODS_3_234_WI_3_validation,2016-04-22,14,16.094758075055072
FOODS_3_234_WI_3_validation,2016-04-23,12,18.76357844558929
FOODS_3_234_WI_3_validation,2016-04-24,8,19.463354205708384
FOODS_3_252_CA_1_validation,2016-03-28,24,29.134452215701035
FOODS_3_252_CA_1_validation,2016-03-29,28,27.80856243527294
FOODS_3_252_CA_1_validation,2016-03-30,25,31.083999108885227
FOODS_3_252_CA_1_validation,2016-03-31,26,30.69436361678587
FOODS_3_252_CA_1_validation,2016-04-01,45,32.27625244268426
FOODS_3_252_CA_1_validation,2016-04-02,68,46.57417999517009
FOODS_3_252_CA_1_validation,2016-04-03,52,55.57209236748973
FOODS_3_252_CA_1_validation,2016-04-04,33,31.10771515010077
FOODS_3_252_CA_1_validation,2016-04-05,32,31.208151821508494
FOODS_3_252_CA_1_validation,2016-04-06,34,30.352537959331475
FOODS_3_252_CA_1_validation,2016-04-07,40,31.013217779238772
FOODS_3_252_CA_1_validation,2016-04-08,45,35.89462031707147
FOODS_3_252_CA_1_validation,2016-04-09,59,46.58608488584493
FOODS_3_252_CA_1_validation,2016-04-10,37,41.3401099174085
FOODS_3_252_CA_1_validation,2016-04-11,32,27.69274952826182
FOODS_3_252_CA_1_validation,2016-04-12,18,26.23316015295377
FOODS_3_252_CA_1_validation,2016-04-13,37,26.113740635250792
FOODS_3_252_CA_1_validation,2016-04-14,27,25.619029898220642
FOODS_3_252_CA_1_validation,2016-04-15,23,31.15383381321215
FOODS_3_252_CA_1_validation,2016-04-16,57,41.956659613139344
FOODS_3_252_CA_1_validation,2016-04-17,49,41.50365044324066
FOODS_3_252_CA_1_validation,2016-04-18,21,25.66141121818469
FOODS_3_252_CA_1_validation,2016-04-19,46,25.15128444036511
FOODS_3_252_CA_1_validation,2016-04-20,24,27.478427347505544
FOODS_3_252_CA_1_validation,2016-04-21,35,26.0924311165163
FOODS_3_252_CA_1_validation,2016-04-22,33,32.09008331115218
FOODS_3_252_CA_1_validation,2016-04-23,49,45.404511669422874
FOODS_3_252_CA_1_validation,2016-04-24,52,42.05696427326987
FOODS_3_252_CA_2_validation,2016-03-28,11,29.365250486333387
FOODS_3_252_CA_2_validation,2016-03-29,35,31.324729746940598
FOODS_3_252_CA_2_validation,2016-03-30,28,30.87757541941934
FOODS_3_252_CA_2_validation,2016-03-31,37,31.594288316695835
FOODS_3_252_CA_2_validation,2016-04-01,29,37.550219953825255
FOODS_3_252_CA_2_validation,2016-04-02,56,45.191449920694716
FOODS_3_252_CA_2_validation,2016-04-03,53,45.89877858693547
FOODS_3_252_CA_2_validation,2016-04-04,34,31.25896074839787
FOODS_3_252_CA_2_validation,2016-04-05,39,30.410260281857386
FOODS_3_252_CA_2_validation,2016-04-06,40,32.97016955587567
FOODS_3_252_CA_2_validation,2016-04-07,29,29.945644633517162
FOODS_3_252_CA_2_validation,2016-04-08,26,31.63802079144804
FOODS_3_252_CA_2_validation,2016-04-09,41,45.359238910745
FOODS_3_252_CA_2_validation,2016-04-10,48,43.10332507287404
FOODS_3_252_CA_2_validation,2016-04-11,23,28.85540863883476
FOODS_3_252_CA_2_validation,2016-04-12,16,30.465701872896553
FOODS_3_252_CA_2_validation,2016-04-13,27,27.113843281998793
FOODS_3_252_CA_2_validation,2016-04-14,8,27.49769981325781
FOODS_3_252_CA_2_validation,2016-04-15,35,34.89154015714369
FOODS_3_252_CA_2_validation,2016-04-16,59,35.390765952815926
FOODS_3_252_CA_2_validation,2016-04-17,55,34.343395772671094
FOODS_3_252_CA_2_validation,2016-04-18,43,24.18596562607612
FOODS_3_252_CA_2_validation,2016-04-19,37,24.015505258004488
FOODS_3_252_CA_2_validation,2016-04-20,23,24.069606146751553
FOODS_3_252_CA_2_validation,2016-04-21,25,26.34459715591692
FOODS_3_252_CA_2_validation,2016-04-22,27,29.668533553570438
FOODS_3_252_CA_2_validation,2016-04-23,41,42.33763934395689
FOODS_3_252_CA_2_validation,2016-04-24,38,41.30492739718465
FOODS_3_252_CA_3_validation,2016-03-28,36,32.616227702744
FOODS_3_252_CA_3_validation,2016-03-29,43,32.451876460551816
FOODS_3_252_CA_3_validation,2016-03-30,30,32.42872887669481
FOODS_3_252_CA_3_validation,2016-03-31,24,33.14852108312809
FOODS_3_252_CA_3_validation,2016-04-01,33,34.818684427819456
FOODS_3_252_CA_3_validation,2016-04-02,47,46.83821782154364
FOODS_3_252_CA_3_validation,2016-04-03,61,47.49248629106455
FOODS_3_252_CA_3_validation,2016-04-04,42,34.25062385075883
FOODS_3_252_CA_3_validation,2016-04-05,38,33.98635703343701
FOODS_3_252_CA_3_validation,2016-04-06,60,31.52005313930702
FOODS_3_252_CA_3_validation,2016-04-07,40,33.59749696500822
FOODS_3_252_CA_3_validation,2016-04-08,46,34.26460257952271
FOODS_3_252_CA_3_validation,2016-04-09,51,43.27654258177937
FOODS_3_252_CA_3_validation,2016-04-10,52,45.189938524126454
FOODS_3_252_CA_3_validation,2016-04-11,58,29.702680942969636
FOODS_3_252_CA_3_validation,2016-04-12,35,27.924728967124846
FOODS_3_252_CA_3_validation,2016-04-13,43,32.0021537530676
FOODS_3_252_CA_3_validation,2016-04-14,30,32.20488825919601
FOODS_3_252_CA_3_validation,2016-04-15,44,38.58175974497432
FOODS_3_252_CA_3_validation,2016-04-16,65,48.8584950609214
FOODS_3_252_CA_3_validation,2016-04-17,81,47.503769504320054
FOODS_3_252_CA_3_validation,2016-04-18,59,32.08751240993443
FOODS_3_252_CA_3_validation,2016-04-19,56,32.673910913814375
FOODS_3_252_CA_3_validation,2016-04-20,29,33.068820992023774
FOODS_3_252_CA_3_validation,2016-04-21,46,31.64657400447567
FOODS_3_252_CA_3_validation,2016-04-22,35,40.60259287901463
FOODS_3_252_CA_3_validation,2016-04-23,61,51.11081082225941
FOODS_3_252_CA_3_validation,2016-04-24,39,50.827205254173215
FOODS_3_252_TX_1_validation,2016-03-28,26,23.50708396796611
FOODS_3_252_TX_1_validation,2016-03-29,9,22.890243202417388
FOODS_3_252_TX_1_validation,2016-03-30,12,22.9150339465881
FOODS_3_252_TX_1_validation,2016-03-31,34,24.32083172246596
FOODS_3_252_TX_1_validation,2016-04-01,32,23.757747433687996
FOODS_3_252_TX_1_validation,2016-04-02,36,35.944728741903475
FOODS_3_252_TX_1_validation,2016-04-03,35,33.35034330510511
FOODS_3_252_TX_1_validation,2016-04-04,28,22.97575827191632
FOODS_3_252_TX_1_validation,2016-04-05,32,23.220914796044802
FOODS_3_252_TX_1_validation,2016-04-06,30,22.94456845313449
FOODS_3_252_TX_1_validation,2016-04-07,37,25.07169969380818
FOODS_3_252_TX_1_validation,2016-04-08,27,30.006836221572676
FOODS_3_252_TX_1_validation,2016-04-09,55,37.35330044378747
FOODS_3_252_TX_1_validation,2016-04-10,38,37.85006323330902
FOODS_3_252_TX_1_validation,2016-04-11,23,29.681968548437613
FOODS_3_252_TX_1_validation,2016-04-12,23,29.928712654548452
FOODS_3_252_TX_1_validation,2016-04-13,26,26.59333776082934
FOODS_3_252_TX_1_validation,2016-04-14,26,26.939599089128166
FOODS_3_252_TX_1_validation,2016-04-15,27,28.55752161894769
FOODS_3_252_TX_1_validation,2016-04-16,31,37.51328592328504
FOODS_3_252_TX_1_validation,2016-04-17,35,37.34734935955291
FOODS_3_252_TX_1_validation,2016-04-18,17,25.78300938329884
FOODS_3_252_TX_1_validation,2016-04-19,31,24.1879444084529
FOODS_3_252_TX_1_validation,2016-04-20,36,25.398394906150383
FOODS_3_252_TX_1_validation,2016-04-21,32,25.611877728795903
FOODS_3_252_TX_1_validation,2016-04-22,17,29.92759928271119
FOODS_3_252_TX_1_validation,2016-04-23,55,39.221734934270344
FOODS_3_252_TX_1_validation,2016-04-24,35,40.12232315421233
FOODS_3_252_TX_2_validation,2016-03-28,45,51.948849902916166
FOODS_3_252_TX_2_validation,2016-03-29,29,51.99387729967898
FOODS_3_252_TX_2_validation,2016-03-30,30,51.097037415912965
FOODS_3_252_TX_2_validation,2016-03-31,47,54.04996725507583
FOODS_3_252_TX_2_validation,2016-04-01,52,56.69871407440467
FOODS_3_252_TX_2_validation,2016-04-02,81,82.96137340511501
FOODS_3_252_TX_2_validation,2016-04-03,77,82.85368773880894
FOODS_3_252_TX_2_validation,2016-04-04,41,52.603401970007646
FOODS_3_252_TX_2_validation,2016-04-05,53,51.03074115444706
FOODS_3_252_TX_2_validation,2016-04-06,50,48.29500059128568
FOODS_3_252_TX_2_validation,2016-04-07,57,47.23073393078392
FOODS_3_252_TX_2_validation,2016-04-08,63,55.46063442317116
FOODS_3_252_TX_2_validation,2016-04-09,50,76.77805825551242
FOODS_3_252_TX_2_validation,2016-04-10,61,74.23153242184118
FOODS_3_252_TX_2_validation,2016-04-11,45,48.82411832489184
FOODS_3_252_TX_2_validation,2016-04-12,37,51.79908461892312
FOODS_3_252_TX_2_validation,2016-04-13,31,47.454464308581656
FOODS_3_252_TX_2_validation,2016-04-14,32,51.99705210122144
FOODS_3_252_TX_2_validation,2016-04-15,56,56.23893030985518
FOODS_3_252_TX_2_validation,2016-04-16,48,74.01404926072068
FOODS_3_252_TX_2_validation,2016-04-17,63,74.8619909500173
FOODS_3_252_TX_2_validation,2016-04-18,22,45.84107904644362
FOODS_3_252_TX_2_validation,2016-04-19,32,45.864329347215474
FOODS_3_252_TX_2_validation,2016-04-20,31,44.10974728527103
FOODS_3_252_TX_2_validation,2016-04-21,39,46.183141635295954
FOODS_3_252_TX_2_validation,2016-04-22,63,51.56840710598775
FOODS_3_252_TX_2_validation,2016-04-23,91,73.56478833485164
FOODS_3_252_TX_2_validation,2016-04-24,46,73.27712099981835
FOODS_3_252_TX_3_validation,2016-03-28,24,36.48746944173183
FOODS_3_252_TX_3_validation,2016-03-29,18,36.112081014230654
FOODS_3_252_TX_3_validation,2016-03-30,16,35.89930768487266
FOODS_3_252_TX_3_validation,2016-03-31,37,38.01160169282766
FOODS_3_252_TX_3_validation,2016-04-01,29,40.93739984859333
FOODS_3_252_TX_3_validation,2016-04-02,60,46.264713014944654
FOODS_3_252_TX_3_validation,2016-04-03,30,49.062791716120586
FOODS_3_252_TX_3_validation,2016-04-04,23,35.86429787655186
FOODS_3_252_TX_3_validation,2016-04-05,25,34.41922424027759
FOODS_3_252_TX_3_validation,2016-04-06,16,35.36636662533425
FOODS_3_252_TX_3_validation,2016-04-07,36,34.53012175721898
FOODS_3_252_TX_3_validation,2016-04-08,41,39.04719689590543
FOODS_3_252_TX_3_validation,2016-04-09,45,47.722934119609
FOODS_3_252_TX_3_validation,2016-04-10,43,47.33243497995054
FOODS_3_252_TX_3_validation,2016-04-11,38,36.549719035852334
FOODS_3_252_TX_3_validation,2016-04-12,32,37.30909880321035
FOODS_3_252_TX_3_validation,2016-04-13,36,38.37036350746379
FOODS_3_252_TX_3_validation,2016-04-14,33,34.31082180097176
FOODS_3_252_TX_3_validation,2016-04-15,37,43.572271544097674
FOODS_3_252_TX_3_validation,2016-04-16,39,47.631342008184184
FOODS_3_252_TX_3_validation,2016-04-17,28,45.17749619086766
FOODS_3_252_TX_3_validation,2016-04-18,20,33.888641837883185
FOODS_3_252_TX_3_validation,2016-04-19,43,35.891768799657754
FOODS_3_252_TX_3_validation,2016-04-20,25,31.89515362165814
FOODS_3_252_TX_3_validation,2016-04-21,21,31.966314919269422
FOODS_3_252_TX_3_validation,2016-04-22,36,46.475274326586515
FOODS_3_252_TX_3_validation,2016-04-23,64,46.72288925357316
FOODS_3_252_TX_3_validation,2016-04-24,20,47.35589679049196
FOODS_3_252_WI_3_validation,2016-03-28,18,15.533962588770734
FOODS_3_252_WI_3_validation,2016-03-29,17,15.533962588770734
FOODS_3_252_WI_3_validation,2016-03-30,10,15.50604305915582
FOODS_3_252_WI_3_validation,2016-03-31,15,15.235553622084133
FOODS_3_252_WI_3_validation,2016-04-01,13,15.389247700484367
FOODS_3_252_WI_3_validation,2016-04-02,25,21.74565570953454
FOODS_3_252_WI_3_validation,2016-04-03,31,25.12615633059035
FOODS_3_252_WI_3_validation,2016-04-04,5,15.974525750772266
FOODS_3_252_WI_3_validation,2016-04-05,14,17.73497526748431
FOODS_3_252_WI_3_validation,2016-04-06,9,17.533644391143017
FOODS_3_252_WI_3_validation,2016-04-07,9,15.918932802786601
FOODS_3_252_WI_3_validation,2016-04-08,12,17.884318169065306
FOODS_3_252_WI_3_validation,2016-04-09,27,22.791406718882282
FOODS_3_252_WI_3_validation,2016-04-10,9,21.710039094709302
FOODS_3_252_WI_3_validation,2016-04-11,23,17.160841524854476
FOODS_3_252_WI_3_validation,2016-04-12,18,17.16264288595638
FOODS_3_252_WI_3_validation,2016-04-13,11,15.762966554912467
FOODS_3_252_WI_3_validation,2016-04-14,11,17.245539788043725
FOODS_3_252_WI_3_validation,2016-04-15,26,17.275033344256467
FOODS_3_252_WI_3_validation,2016-04-16,35,23.075439936015382
FOODS_3_252_WI_3_validation,2016-04-17,39,21.698352625046883
FOODS_3_252_WI_3_validation,2016-04-18,24,15.707184591945234
FOODS_3_252_WI_3_validation,2016-04-19,10,15.601790762033627
FOODS_3_252_WI_3_validation,2016-04-20,13,15.45323028720154
FOODS_3_252_WI_3_validation,2016-04-21,23,15.256566763830328
FOODS_3_252_WI_3_validation,2016-04-22,16,17.27612291581339
FOODS_3_252_WI_3_validation,2016-04-23,28,21.71672819610616
FOODS_3_252_WI_3_validation,2016-04-24,34,22.75983573762214
FOODS_3_281_CA_3_validation,2016-03-28,24,15.355783261280523
FOODS_3_281_CA_3_validation,2016-03-29,114,15.44865768448135
FOODS_3_281_CA_3_validation,2016-03-30,6,15.355783261280523
FOODS_3_281_CA_3_validation,2016-03-31,19,15.531130451971755
FOODS_3_281_CA_3_validation,2016-04-01,33,16.8740210683877
FOODS_3_281_CA_3_validation,2016-04-02,20,21.0258851697625
FOODS_3_281_CA_3_validation,2016-04-03,18,21.351963832111043
FOODS_3_281_CA_3_validation,2016-04-04,9,16.579069284338463
FOODS_3_281_CA_3_validation,2016-04-05,15,16.61384706575116
FOODS_3_281_CA_3_validation,2016-04-06,10,16.82714604130613
FOODS_3_281_CA_3_validation,2016-04-07,16,16.698446947312302
FOODS_3_281_CA_3_validation,2016-04-08,15,16.842610541358546
FOODS_3_281_CA_3_validation,2016-04-09,19,20.978889887377868
FOODS_3_281_CA_3_validation,2016-04-10,14,20.989065539733307
FOODS_3_281_CA_3_validation,2016-04-11,10,15.177717565424416
FOODS_3_281_CA_3_validation,2016-04-12,21,15.091484328436247
FOODS_3_281_CA_3_validation,2016-04-13,23,15.069195967471565
FOODS_3_281_CA_3_validation,2016-04-14,12,15.107157753865922
FOODS_3_281_CA_3_validation,2016-04-15,37,15.05059813995646
FOODS_3_281_CA_3_validation,2016-04-16,9,22.182390352611897
FOODS_3_281_CA_3_validation,2016-04-17,0,20.663273237849527
FOODS_3_281_CA_3_validation,2016-04-18,1,15.066539861925175
FOODS_3_281_CA_3_validation,2016-04-19,16,15.088559926350818
FOODS_3_281_CA_3_validation,2016-04-20,12,15.072886500921143
FOODS_3_281_CA_3_validation,2016-04-21,14,15.05059813995646
FOODS_3_281_CA_3_validation,2016-04-22,12,15.088559926350818
FOODS_3_281_CA_3_validation,2016-04-23,23,20.67109143345184
FOODS_3_281_CA_3_validation,2016-04-24,15,22.63138700335072
FOODS_3_282_CA_3_validation,2016-03-28,53,43.51491947420559
FOODS_3_282_CA_3_validation,2016-03-29,45,42.786554819449876
FOODS_3_282_CA_3_validation,2016-03-30,35,40.7294945459758
FOODS_3_282_CA_3_validation,2016-03-31,22,39.36747961709892
FOODS_3_282_CA_3_validation,2016-04-01,34,39.401602639653
FOODS_3_282_CA_3_validation,2016-04-02,63,57.332483305819444
FOODS_3_282_CA_3_validation,2016-04-03,85,58.22672256578805
FOODS_3_282_CA_3_validation,2016-04-04,55,44.028920364976514
FOODS_3_282_CA_3_validation,2016-04-05,46,43.8410141644426
FOODS_3_282_CA_3_validation,2016-04-06,35,42.9528189914194
FOODS_3_282_CA_3_validation,2016-04-07,36,46.801309519428244
FOODS_3_282_CA_3_validation,2016-04-08,32,49.07235486253798
FOODS_3_282_CA_3_validation,2016-04-09,54,68.67617456002264
FOODS_3_282_CA_3_validation,2016-04-10,85,72.3948669923189
FOODS_3_282_CA_3_validation,2016-04-11,43,48.75267793945725
FOODS_3_282_CA_3_validation,2016-04-12,31,49.29449495379208
FOODS_3_282_CA_3_validation,2016-04-13,47,50.51905593339561
FOODS_3_282_CA_3_validation,2016-04-14,33,48.77738539306707
FOODS_3_282_CA_3_validation,2016-04-15,31,54.61537766830979
FOODS_3_282_CA_3_validation,2016-04-16,47,71.47190767971699
FOODS_3_282_CA_3_validation,2016-04-17,73,65.72533832105572
FOODS_3_282_CA_3_validation,2016-04-18,39,49.78144013741157
FOODS_3_282_CA_3_validation,2016-04-19,46,49.902312260455325
FOODS_3_282_CA_3_validation,2016-04-20,26,47.051531709138715
FOODS_3_282_CA_3_validation,2016-04-21,20,48.84105071439535
FOODS_3_282_CA_3_validation,2016-04-22,11,49.658859334370234
FOODS_3_282_CA_3_validation,2016-04-23,20,75.01612758339235
FOODS_3_282_CA_3_validation,2016-04-24,38,75.1794394315955
FOODS_3_288_CA_3_validation,2016-03-28,29,31.921308512008423
FOODS_3_288_CA_3_validation,2016-03-29,21,30.645907841384297
FOODS_3_288_CA_3_validation,2016-03-30,34,29.527332887309672
FOODS_3_288_CA_3_validation,2016-03-31,33,31.291070827597036
FOODS_3_288_CA_3_validation,2016-04-01,32,35.34572540755034
FOODS_3_288_CA_3_validation,2016-04-02,38,47.17664252297683
FOODS_3_288_CA_3_validation,2016-04-03,66,48.32740178226655
FOODS_3_288_CA_3_validation,2016-04-04,31,35.89018580295472
FOODS_3_288_CA_3_validation,2016-04-05,43,35.242925612309485
FOODS_3_288_CA_3_validation,2016-04-06,28,35.410679659971564
FOODS_3_288_CA_3_validation,2016-04-07,25,33.528621115921126
FOODS_3_288_CA_3_validation,2016-04-08,31,36.6713594771313
FOODS_3_288_CA_3_validation,2016-04-09,44,47.267262594336536
FOODS_3_288_CA_3_validation,2016-04-10,59,43.75373390023569
FOODS_3_288_CA_3_validation,2016-04-11,32,31.612593117107238
FOODS_3_288_CA_3_validation,2016-04-12,18,30.60121225514095
FOODS_3_288_CA_3_validation,2016-04-13,26,27.925193491436744
FOODS_3_288_CA_3_validation,2016-04-14,26,27.613928555230224
FOODS_3_288_CA_3_validation,2016-04-15,23,29.929576988570243
FOODS_3_288_CA_3_validation,2016-04-16,48,44.643992566221996
FOODS_3_288_CA_3_validation,2016-04-17,52,43.59460200301582
FOODS_3_288_CA_3_validation,2016-04-18,37,31.14450023373109
FOODS_3_288_CA_3_validation,2016-04-19,33,31.656545989861314
FOODS_3_288_CA_3_validation,2016-04-20,14,31.47482854646743
FOODS_3_288_CA_3_validation,2016-04-21,28,30.743344824750398
FOODS_3_288_CA_3_validation,2016-04-22,21,35.77427760228936
FOODS_3_288_CA_3_validation,2016-04-23,41,48.37560662908682
FOODS_3_288_CA_3_validation,2016-04-24,64,47.558702139829336
FOODS_3_318_CA_3_validation,2016-03-28,6,19.169307816416843
FOODS_3_318_CA_3_validation,2016-03-29,10,25.099968129593357
FOODS_3_318_CA_3_validation,2016-03-30,20,19.38636107348879
FOODS_3_318_CA_3_validation,2016-03-31,26,20.31966413586183
FOODS_3_318_CA_3_validation,2016-04-01,33,20.76121142118336
FOODS_3_318_CA_3_validation,2016-04-02,41,36.038802726292126
FOODS_3_318_CA_3_validation,2016-04-03,20,32.30289797015024
FOODS_3_318_CA_3_validation,2016-04-04,30,23.291372010483624
FOODS_3_318_CA_3_validation,2016-04-05,13,22.897014582386177
FOODS_3_318_CA_3_validation,2016-04-06,24,20.234666888096765
FOODS_3_318_CA_3_validation,2016-04-07,25,19.918199808865346
FOODS_3_318_CA_3_validation,2016-04-08,11,20.91417451690334
FOODS_3_318_CA_3_validation,2016-04-09,31,28.328323426827957
FOODS_3_318_CA_3_validation,2016-04-10,26,27.87676331919404
FOODS_3_318_CA_3_validation,2016-04-11,23,19.886862698155284
FOODS_3_318_CA_3_validation,2016-04-12,12,21.80125614146085
FOODS_3_318_CA_3_validation,2016-04-13,32,19.83223666261495
FOODS_3_318_CA_3_validation,2016-04-14,32,19.34322349125845
FOODS_3_318_CA_3_validation,2016-04-15,13,19.583387574465927
FOODS_3_318_CA_3_validation,2016-04-16,18,31.416626726981075
FOODS_3_318_CA_3_validation,2016-04-17,0,30.051325220605484
FOODS_3_318_CA_3_validation,2016-04-18,37,20.29259964914753
FOODS_3_318_CA_3_validation,2016-04-19,23,18.778041740654555
FOODS_3_318_CA_3_validation,2016-04-20,16,18.15173667757908
FOODS_3_318_CA_3_validation,2016-04-21,23,22.10249559245644
FOODS_3_318_CA_3_validation,2016-04-22,25,23.720220588563706
FOODS_3_318_CA_3_validation,2016-04-23,29,35.02049425421257
FOODS_3_318_CA_3_validation,2016-04-24,28,34.683158617640856
FOODS_3_318_WI_3_validation,2016-03-28,25,21.08454426501037
FOODS_3_318_WI_3_validation,2016-03-29,11,20.49597215180344
FOODS_3_318_WI_3_validation,2016-03-30,5,21.69045046589667
FOODS_3_318_WI_3_validation,2016-03-31,14,23.364240070948245
FOODS_3_318_WI_3_validation,2016-04-01,28,23.42072903514246
FOODS_3_318_WI_3_validation,2016-04-02,25,34.882484342113116
FOODS_3_318_WI_3_validation,2016-04-03,38,32.12949369529058
FOODS_3_318_WI_3_validation,2016-04-04,22,22.858230352541923
FOODS_3_318_WI_3_validation,2016-04-05,22,23.701233619647848
FOODS_3_318_WI_3_validation,2016-04-06,16,23.433066307494332
FOODS_3_318_WI_3_validation,2016-04-07,24,21.540367251517477
FOODS_3_318_WI_3_validation,2016-04-08,14,27.48553961439771
FOODS_3_318_WI_3_validation,2016-04-09,23,34.512672825076244
FOODS_3_318_WI_3_validation,2016-04-10,26,34.78304767009322
FOODS_3_318_WI_3_validation,2016-04-11,35,22.211479703558737
FOODS_3_318_WI_3_validation,2016-04-12,22,29.139982109328454
FOODS_3_318_WI_3_validation,2016-04-13,23,25.474036183524
FOODS_3_318_WI_3_validation,2016-04-14,18,27.967890849848356
FOODS_3_318_WI_3_validation,2016-04-15,25,27.34897717649761
FOODS_3_318_WI_3_validation,2016-04-16,48,36.96550846473802
FOODS_3_318_WI_3_validation,2016-04-17,28,35.56892391945109
FOODS_3_318_WI_3_validation,2016-04-18,18,25.96032320462793
FOODS_3_318_WI_3_validation,2016-04-19,14,24.261706242899805
FOODS_3_318_WI_3_validation,2016-04-20,10,22.86872809065305
FOODS_3_318_WI_3_validation,2016-04-21,14,21.30914530133698
FOODS_3_318_WI_3_validation,2016-04-22,33,21.93326595207405
FOODS_3_318_WI_3_validation,2016-04-23,52,30.632567992731396
FOODS_3_318_WI_3_validation,2016-04-24,14,35.38727640584603
FOODS_3_319_CA_3_validation,2016-03-28,37,16.37297492491885
FOODS_3_319_CA_3_validation,2016-03-29,19,16.148313272109355
FOODS_3_319_CA_3_validation,2016-03-30,15,16.40486456248736
FOODS_3_319_CA_3_validation,2016-03-31,0,16.463599155232338
FOODS_3_319_CA_3_validation,2016-04-01,0,17.55335408653548
FOODS_3_319_CA_3_validation,2016-04-02,0,20.142569740675267
FOODS_3_319_CA_3_validation,2016-04-03,0,20.691390670895615
FOODS_3_319_CA_3_validation,2016-04-04,0,20.127308268992476
FOODS_3_319_CA_3_validation,2016-04-05,0,16.779308429699782
FOODS_3_319_CA_3_validation,2016-04-06,2,16.83516360121572
FOODS_3_319_CA_3_validation,2016-04-07,0,16.701202791415472
FOODS_3_319_CA_3_validation,2016-04-08,0,16.7181257746142
FOODS_3_319_CA_3_validation,2016-04-09,0,20.888066966248793
FOODS_3_319_CA_3_validation,2016-04-10,0,20.35584044539758
FOODS_3_319_CA_3_validation,2016-04-11,0,14.232716116660939
FOODS_3_319_CA_3_validation,2016-04-12,0,14.547279795987514
FOODS_3_319_CA_3_validation,2016-04-13,0,14.529690064130744
FOODS_3_319_CA_3_validation,2016-04-14,0,14.66005952787389
FOODS_3_319_CA_3_validation,2016-04-15,0,14.481498421037768
FOODS_3_319_CA_3_validation,2016-04-16,0,18.49595166259611
FOODS_3_319_CA_3_validation,2016-04-17,0,18.593364046088716
FOODS_3_319_CA_3_validation,2016-04-18,0,14.199308823505872
FOODS_3_319_CA_3_validation,2016-04-19,0,14.246591971477043
FOODS_3_319_CA_3_validation,2016-04-20,0,14.205761700230159
FOODS_3_319_CA_3_validation,2016-04-21,0,13.892367554177945
FOODS_3_319_CA_3_validation,2016-04-22,0,14.09217530153305
FOODS_3_319_CA_3_validation,2016-04-23,0,17.51280762380258
FOODS_3_319_CA_3_validation,2016-04-24,0,17.071086528369765
FOODS_3_376_WI_2_validation,2016-03-28,18,28.463411710221116
FOODS_3_376_WI_2_validation,2016-03-29,23,25.396215944751315
FOODS_3_376_WI_2_validation,2016-03-30,17,26.46600500590646
FOODS_3_376_WI_2_validation,2016-03-31,39,27.679540612623203
FOODS_3_376_WI_2_validation,2016-04-01,38,28.179743287419125
FOODS_3_376_WI_2_validation,2016-04-02,42,36.09484268488212
FOODS_3_376_WI_2_validation,2016-04-03,56,36.70209228503052
FOODS_3_376_WI_2_validation,2016-04-04,22,23.785617030335303
FOODS_3_376_WI_2_validation,2016-04-05,28,24.291975291235158
FOODS_3_376_WI_2_validation,2016-04-06,49,31.25261804383487
FOODS_3_376_WI_2_validation,2016-04-07,38,28.768118933990944
FOODS_3_376_WI_2_validation,2016-04-08,44,33.13381060693908
FOODS_3_376_WI_2_validation,2016-04-09,75,36.79084963617438
FOODS_3_376_WI_2_validation,2016-04-10,36,40.43263125522532
FOODS_3_376_WI_2_validation,2016-04-11,61,35.7289428954691
FOODS_3_376_WI_2_validation,2016-04-12,38,35.90729648539625
FOODS_3_376_WI_2_validation,2016-04-13,36,30.42495752523044
FOODS_3_376_WI_2_validation,2016-04-14,74,34.65518131286802
FOODS_3_376_WI_2_validation,2016-04-15,71,30.187901293278433
FOODS_3_376_WI_2_validation,2016-04-16,46,36.77712153369865
FOODS_3_376_WI_2_validation,2016-04-17,69,35.96249958656688
FOODS_3_376_WI_2_validation,2016-04-18,5,26.327149059285766
FOODS_3_376_WI_2_validation,2016-04-19,7,23.285687230053277
FOODS_3_376_WI_2_validation,2016-04-20,24,22.655021347185794
FOODS_3_376_WI_2_validation,2016-04-21,30,22.2583659381444
FOODS_3_376_WI_2_validation,2016-04-22,26,21.283920048121086
FOODS_3_376_WI_2_validation,2016-04-23,69,30.116115265403693
FOODS_3_376_WI_2_validation,2016-04-24,70,33.71289954868921
FOODS_3_377_TX_2_validation,2016-03-28,24,27.00035713468925
FOODS_3_377_TX_2_validation,2016-03-29,22,29.092555248358252
FOODS_3_377_TX_2_validation,2016-03-30,19,27.486440729625414
FOODS_3_377_TX_2_validation,2016-03-31,16,29.6289427975219
FOODS_3_377_TX_2_validation,2016-04-01,32,30.520936157927203
FOODS_3_377_TX_2_validation,2016-04-02,34,38.34695498779899
FOODS_3_377_TX_2_validation,2016-04-03,27,36.74672771057989
FOODS_3_377_TX_2_validation,2016-04-04,30,27.75268495155867
FOODS_3_377_TX_2_validation,2016-04-05,31,28.050031058198805
FOODS_3_377_TX_2_validation,2016-04-06,13,28.348183601595203
FOODS_3_377_TX_2_validation,2016-04-07,27,26.707634513047964
FOODS_3_377_TX_2_validation,2016-04-08,32,28.404087877519125
FOODS_3_377_TX_2_validation,2016-04-09,26,35.34089086451742
FOODS_3_377_TX_2_validation,2016-04-10,30,34.6512751981478
FOODS_3_377_TX_2_validation,2016-04-11,22,26.721232022517107
FOODS_3_377_TX_2_validation,2016-04-12,27,26.043499596466457
FOODS_3_377_TX_2_validation,2016-04-13,21,25.24314407244745
FOODS_3_377_TX_2_validation,2016-04-14,22,24.356817013940155
FOODS_3_377_TX_2_validation,2016-04-15,39,30.053016916911115
FOODS_3_377_TX_2_validation,2016-04-16,36,33.94858938781849
FOODS_3_377_TX_2_validation,2016-04-17,32,34.81878484514468
FOODS_3_377_TX_2_validation,2016-04-18,18,25.06107352611483
FOODS_3_377_TX_2_validation,2016-04-19,25,24.351118155592427
FOODS_3_377_TX_2_validation,2016-04-20,28,24.795326032125836
FOODS_3_377_TX_2_validation,2016-04-21,22,24.65388442225831
FOODS_3_377_TX_2_validation,2016-04-22,28,29.561213837160704
FOODS_3_377_TX_2_validation,2016-04-23,39,33.86543439475045
FOODS_3_377_TX_2_validation,2016-04-24,28,32.82760744389376
FOODS_3_377_TX_3_validation,2016-03-28,41,33.788288040689906
FOODS_3_377_TX_3_validation,2016-03-29,27,35.076316803683405
FOODS_3_377_TX_3_validation,2016-03-30,28,35.607823782327735
FOODS_3_377_TX_3_validation,2016-03-31,38,36.751683251237
FOODS_3_377_TX_3_validation,2016-04-01,56,43.63829103819123
FOODS_3_377_TX_3_validation,2016-04-02,44,46.812144033517995
FOODS_3_377_TX_3_validation,2016-04-03,39,48.500851571184974
FOODS_3_377_TX_3_validation,2016-04-04,44,38.546213664587654
FOODS_3_377_TX_3_validation,2016-04-05,43,37.568216871424774
FOODS_3_377_TX_3_validation,2016-04-06,33,37.10423802872473
FOODS_3_377_TX_3_validation,2016-04-07,39,36.51416075004923
FOODS_3_377_TX_3_validation,2016-04-08,44,41.86073628627023
FOODS_3_377_TX_3_validation,2016-04-09,57,48.92392745833049
FOODS_3_377_TX_3_validation,2016-04-10,40,46.85671983261671
FOODS_3_377_TX_3_validation,2016-04-11,38,38.481335247166996
FOODS_3_377_TX_3_validation,2016-04-12,56,39.04748443340757
FOODS_3_377_TX_3_validation,2016-04-13,41,39.311818282109556
FOODS_3_377_TX_3_validation,2016-04-14,42,36.58452485935326
FOODS_3_377_TX_3_validation,2016-04-15,42,44.76746239579214
FOODS_3_377_TX_3_validation,2016-04-16,45,48.49240956181091
FOODS_3_377_TX_3_validation,2016-04-17,41,48.22723402433213
FOODS_3_377_TX_3_validation,2016-04-18,23,37.1542206074316
FOODS_3_377_TX_3_validation,2016-04-19,43,36.898905977794755
FOODS_3_377_TX_3_validation,2016-04-20,39,37.35386006199991
FOODS_3_377_TX_3_validation,2016-04-21,42,37.366982316680435
FOODS_3_377_TX_3_validation,2016-04-22,52,45.492305971465946
FOODS_3_377_TX_3_validation,2016-04-23,48,53.414499582906686
FOODS_3_377_TX_3_validation,2016-04-24,50,47.21118427395884
FOODS_3_412_WI_2_validation,2016-03-28,0,14.279034536425774
FOODS_3_412_WI_2_validation,2016-03-29,0,10.98439207566662
FOODS_3_412_WI_2_validation,2016-03-30,1,16.582249650597532
FOODS_3_412_WI_2_validation,2016-03-31,0,11.17950570336198
FOODS_3_412_WI_2_validation,2016-04-01,0,14.951485950329968
FOODS_3_412_WI_2_validation,2016-04-02,0,25.43493509613245
FOODS_3_412_WI_2_validation,2016-04-03,0,15.359485065264984
FOODS_3_412_WI_2_validation,2016-04-04,0,15.965969717135398
FOODS_3_412_WI_2_validation,2016-04-05,0,21.025411510956765
FOODS_3_412_WI_2_validation,2016-04-06,0,20.29977569058191
FOODS_3_412_WI_2_validation,2016-04-07,0,13.684838824237701
FOODS_3_412_WI_2_validation,2016-04-08,2,27.406020112805912
FOODS_3_412_WI_2_validation,2016-04-09,0,21.675240408115407
FOODS_3_412_WI_2_validation,2016-04-10,83,17.66913335093931
FOODS_3_412_WI_2_validation,2016-04-11,90,27.372003087802103
FOODS_3_412_WI_2_validation,2016-04-12,4,22.16714824845329
FOODS_3_412_WI_2_validation,2016-04-13,0,16.7288811597023
FOODS_3_412_WI_2_validation,2016-04-14,0,21.36492691968761
FOODS_3_412_WI_2_validation,2016-04-15,0,19.78800742222146
FOODS_3_412_WI_2_validation,2016-04-16,0,17.819808918267327
FOODS_3_412_WI_2_validation,2016-04-17,85,22.567823517848225
FOODS_3_412_WI_2_validation,2016-04-18,25,12.70762337320997
FOODS_3_412_WI_2_validation,2016-04-19,21,14.80606083504789
FOODS_3_412_WI_2_validation,2016-04-20,12,17.63561974362868
FOODS_3_412_WI_2_validation,2016-04-21,0,17.810591133207502
FOODS_3_412_WI_2_validation,2016-04-22,9,17.964396024934334
FOODS_3_412_WI_2_validation,2016-04-23,27,20.907636599866194
FOODS_3_412_WI_2_validation,2016-04-24,35,17.29749740784952
FOODS_3_462_WI_2_validation,2016-03-28,41,20.832762220477765
FOODS_3_462_WI_2_validation,2016-03-29,26,21.490206183220433
FOODS_3_462_WI_2_validation,2016-03-30,17,21.516922140030555
FOODS_3_462_WI_2_validation,2016-03-31,21,22.119579248071286
FOODS_3_462_WI_2_validation,2016-04-01,29,22.419181361765347
FOODS_3_462_WI_2_validation,2016-04-02,37,34.74375537307251
FOODS_3_462_WI_2_validation,2016-04-03,51,34.00164562702569
FOODS_3_462_WI_2_validation,2016-04-04,20,22.308268099393587
FOODS_3_462_WI_2_validation,2016-04-05,11,23.07032140593707
FOODS_3_462_WI_2_validation,2016-04-06,27,28.774254444076977
FOODS_3_462_WI_2_validation,2016-04-07,35,27.051840894502725
FOODS_3_462_WI_2_validation,2016-04-08,40,28.813344283171535
FOODS_3_462_WI_2_validation,2016-04-09,65,35.971556298962966
FOODS_3_462_WI_2_validation,2016-04-10,39,31.384811531170953
FOODS_3_462_WI_2_validation,2016-04-11,48,27.06643439162737
FOODS_3_462_WI_2_validation,2016-04-12,19,32.68755654388423
FOODS_3_462_WI_2_validation,2016-04-13,26,26.609348572311273
FOODS_3_462_WI_2_validation,2016-04-14,33,26.662655495145906
FOODS_3_462_WI_2_validation,2016-04-15,22,29.70260301533636
FOODS_3_462_WI_2_validation,2016-04-16,42,30.918948051744497
FOODS_3_462_WI_2_validation,2016-04-17,29,34.21501318995924
FOODS_3_462_WI_2_validation,2016-04-18,4,25.440679334117753
FOODS_3_462_WI_2_validation,2016-04-19,17,23.70383364692803
FOODS_3_462_WI_2_validation,2016-04-20,7,23.98622054886607
FOODS_3_462_WI_2_validation,2016-04-21,5,21.383485365031614
FOODS_3_462_WI_2_validation,2016-04-22,14,20.91866228795047
FOODS_3_462_WI_2_validation,2016-04-23,49,37.04045699519659
FOODS_3_462_WI_2_validation,2016-04-24,45,35.38502619139062
FOODS_3_501_CA_3_validation,2016-03-28,11,24.40591456538258
FOODS_3_501_CA_3_validation,2016-03-29,13,19.38654248016978
FOODS_3_501_CA_3_validation,2016-03-30,34,19.13727245127973
FOODS_3_501_CA_3_validation,2016-03-31,15,18.154705905967486
FOODS_3_501_CA_3_validation,2016-04-01,10,20.56256857245498
FOODS_3_501_CA_3_validation,2016-04-02,9,21.330084748812602
FOODS_3_501_CA_3_validation,2016-04-03,37,22.35283100565317
FOODS_3_501_CA_3_validation,2016-04-04,12,20.308078124148384
FOODS_3_501_CA_3_validation,2016-04-05,23,20.32665599491339
FOODS_3_501_CA_3_validation,2016-04-06,17,21.597450416495622
FOODS_3_501_CA_3_validation,2016-04-07,28,20.15547914367516
FOODS_3_501_CA_3_validation,2016-04-08,17,20.30508976257947
FOODS_3_501_CA_3_validation,2016-04-09,13,21.69839694627751
FOODS_3_501_CA_3_validation,2016-04-10,18,22.8989493840694
FOODS_3_501_CA_3_validation,2016-04-11,26,17.29021167759586
FOODS_3_501_CA_3_validation,2016-04-12,13,17.371777400194286
FOODS_3_501_CA_3_validation,2016-04-13,13,17.208139596885932
FOODS_3_501_CA_3_validation,2016-04-14,14,17.254166725933956
FOODS_3_501_CA_3_validation,2016-04-15,8,17.77570951989605
FOODS_3_501_CA_3_validation,2016-04-16,17,21.047270467164235
FOODS_3_501_CA_3_validation,2016-04-17,20,20.457405287296137
FOODS_3_501_CA_3_validation,2016-04-18,17,17.903691659986315
FOODS_3_501_CA_3_validation,2016-04-19,21,17.325681906829985
FOODS_3_501_CA_3_validation,2016-04-20,8,17.324455048974304
FOODS_3_501_CA_3_validation,2016-04-21,12,17.176276119321027
FOODS_3_501_CA_3_validation,2016-04-22,8,18.814790939631838
FOODS_3_501_CA_3_validation,2016-04-23,16,23.148496766907137
FOODS_3_501_CA_3_validation,2016-04-24,23,20.81366680716238
FOODS_3_541_CA_3_validation,2016-03-28,23,20.365317114459394
FOODS_3_541_CA_3_validation,2016-03-29,21,22.621202494627966
FOODS_3_541_CA_3_validation,2016-03-30,17,20.481198257073334
FOODS_3_541_CA_3_validation,2016-03-31,0,22.115443355020442
FOODS_3_541_CA_3_validation,2016-04-01,0,22.34343878032281
FOODS_3_541_CA_3_validation,2016-04-02,0,27.09215109114166
FOODS_3_541_CA_3_validation,2016-04-03,0,28.957823178988566
FOODS_3_541_CA_3_validation,2016-04-04,0,20.162329075331527
FOODS_3_541_CA_3_validation,2016-04-05,0,20.504221180173353
FOODS_3_541_CA_3_validation,2016-04-06,0,21.385613985048654
FOODS_3_541_CA_3_validation,2016-04-07,0,21.235824553900287
FOODS_3_541_CA_3_validation,2016-04-08,0,20.601673837146336
FOODS_3_541_CA_3_validation,2016-04-09,0,21.730862151224684
FOODS_3_541_CA_3_validation,2016-04-10,0,21.55228422901668
FOODS_3_541_CA_3_validation,2016-04-11,0,15.308278333389033
FOODS_3_541_CA_3_validation,2016-04-12,0,15.312864766825106
FOODS_3_541_CA_3_validation,2016-04-13,0,15.149631619748824
FOODS_3_541_CA_3_validation,2016-04-14,0,15.181237798793243
FOODS_3_541_CA_3_validation,2016-04-15,0,15.087827336819833
FOODS_3_541_CA_3_validation,2016-04-16,0,21.460799539609308
FOODS_3_541_CA_3_validation,2016-04-17,0,23.00144533674956
FOODS_3_541_CA_3_validation,2016-04-18,0,15.477031511872383
FOODS_3_541_CA_3_validation,2016-04-19,0,15.393012458143893
FOODS_3_541_CA_3_validation,2016-04-20,0,15.587227179332253
FOODS_3_541_CA_3_validation,2016-04-21,0,17.31343230458164
FOODS_3_541_CA_3_validation,2016-04-22,0,16.17354303307582
FOODS_3_541_CA_3_validation,2016-04-23,0,21.04821618559314
FOODS_3_541_CA_3_validation,2016-04-24,0,23.592557295062274
FOODS_3_547_WI_2_validation,2016-03-28,4,14.546683681871013
FOODS_3_547_WI_2_validation,2016-03-29,1,11.75989449439882
FOODS_3_547_WI_2_validation,2016-03-30,0,15.96983998469583
FOODS_3_547_WI_2_validation,2016-03-31,1,19.283030362752722
FOODS_3_547_WI_2_validation,2016-04-01,0,18.162678190101737
FOODS_3_547_WI_2_validation,2016-04-02,89,20.337108538617464
FOODS_3_547_WI_2_validation,2016-04-03,66,18.91188666667387
FOODS_3_547_WI_2_validation,2016-04-04,1,17.02845544003607
FOODS_3_547_WI_2_validation,2016-04-05,0,30.978777239261543
FOODS_3_547_WI_2_validation,2016-04-06,0,27.729642546166964
FOODS_3_547_WI_2_validation,2016-04-07,0,15.984342458553293
FOODS_3_547_WI_2_validation,2016-04-08,1,29.540579240974218
FOODS_3_547_WI_2_validation,2016-04-09,3,24.952374746609944
FOODS_3_547_WI_2_validation,2016-04-10,1,19.574028575264116
FOODS_3_547_WI_2_validation,2016-04-11,0,33.01029203836152
FOODS_3_547_WI_2_validation,2016-04-12,0,32.689811639943784
FOODS_3_547_WI_2_validation,2016-04-13,1,20.321624850312215
FOODS_3_547_WI_2_validation,2016-04-14,0,22.20292005469812
FOODS_3_547_WI_2_validation,2016-04-15,0,22.517570753859655
FOODS_3_547_WI_2_validation,2016-04-16,0,15.55056466034008
FOODS_3_547_WI_2_validation,2016-04-17,0,15.151869894643134
FOODS_3_547_WI_2_validation,2016-04-18,24,13.383521654417516
FOODS_3_547_WI_2_validation,2016-04-19,31,13.589442405290898
FOODS_3_547_WI_2_validation,2016-04-20,18,13.77022922572202
FOODS_3_547_WI_2_validation,2016-04-21,17,14.19271445138779
FOODS_3_547_WI_2_validation,2016-04-22,21,16.74877429442803
FOODS_3_547_WI_2_validation,2016-04-23,18,17.752163664027556
FOODS_3_547_WI_2_validation,2016-04-24,22,19.237075194133066
FOODS_3_555_CA_1_validation,2016-03-28,19,15.55372244722492
FOODS_3_555_CA_1_validation,2016-03-29,19,15.55372244722492
FOODS_3_555_CA_1_validation,2016-03-30,16,15.55372244722492
FOODS_3_555_CA_1_validation,2016-03-31,12,15.266622201048785
FOODS_3_555_CA_1_validation,2016-04-01,19,16.77576085868074
FOODS_3_555_CA_1_validation,2016-04-02,30,22.105391409270297
FOODS_3_555_CA_1_validation,2016-04-03,30,24.22825172298974
FOODS_3_555_CA_1_validation,2016-04-04,16,17.085807087789103
FOODS_3_555_CA_1_validation,2016-04-05,21,17.169968417707558
FOODS_3_555_CA_1_validation,2016-04-06,17,17.373733396064406
FOODS_3_555_CA_1_validation,2016-04-07,13,17.485020636724922
FOODS_3_555_CA_1_validation,2016-04-08,14,17.260508797732037
FOODS_3_555_CA_1_validation,2016-04-09,33,24.650846573359985
FOODS_3_555_CA_1_validation,2016-04-10,26,22.131218397935523
FOODS_3_555_CA_1_validation,2016-04-11,18,16.037158465575974
FOODS_3_555_CA_1_validation,2016-04-12,14,15.69996393177531
FOODS_3_555_CA_1_validation,2016-04-13,15,15.769521855513783
FOODS_3_555_CA_1_validation,2016-04-14,12,15.72839446510987
FOODS_3_555_CA_1_validation,2016-04-15,10,15.855751431023943
FOODS_3_555_CA_1_validation,2016-04-16,32,21.9084112682694
FOODS_3_555_CA_1_validation,2016-04-17,26,21.943208435741585
FOODS_3_555_CA_1_validation,2016-04-18,13,15.472990145655727
FOODS_3_555_CA_1_validation,2016-04-19,21,15.736345885409099
FOODS_3_555_CA_1_validation,2016-04-20,15,15.742332825402457
FOODS_3_555_CA_1_validation,2016-04-21,14,15.764899233778984
FOODS_3_555_CA_1_validation,2016-04-22,14,16.63046929235083
FOODS_3_555_CA_1_validation,2016-04-23,23,23.19008695787413
FOODS_3_555_CA_1_validation,2016-04-24,24,22.194373765333463
FOODS_3_555_CA_3_validation,2016-03-28,24,25.291213777972107
FOODS_3_555_CA_3_validation,2016-03-29,9,25.93281707888956
FOODS_3_555_CA_3_validation,2016-03-30,23,25.984119109817176
FOODS_3_555_CA_3_validation,2016-03-31,25,26.287743121018508
FOODS_3_555_CA_3_validation,2016-04-01,35,28.554066986798542
FOODS_3_555_CA_3_validation,2016-04-02,44,37.20118569187172
FOODS_3_555_CA_3_validation,2016-04-03,33,34.50046682631077
FOODS_3_555_CA_3_validation,2016-04-04,25,25.985029538309085
FOODS_3_555_CA_3_validation,2016-04-05,28,26.154425826784582
FOODS_3_555_CA_3_validation,2016-04-06,35,26.598347400808624
FOODS_3_555_CA_3_validation,2016-04-07,35,25.72957759280743
FOODS_3_555_CA_3_validation,2016-04-08,32,27.49451997253864
FOODS_3_555_CA_3_validation,2016-04-09,38,33.6470988566099
FOODS_3_555_CA_3_validation,2016-04-10,40,33.57598765168688
FOODS_3_555_CA_3_validation,2016-04-11,41,25.0605400238532
FOODS_3_555_CA_3_validation,2016-04-12,23,24.068154699263786
FOODS_3_555_CA_3_validation,2016-04-13,20,24.65851025923101
FOODS_3_555_CA_3_validation,2016-04-14,14,24.28182636610781
FOODS_3_555_CA_3_validation,2016-04-15,31,25.278059910666087
FOODS_3_555_CA_3_validation,2016-04-16,46,35.73582432019755
FOODS_3_555_CA_3_validation,2016-04-17,49,34.079296381789185
FOODS_3_555_CA_3_validation,2016-04-18,31,24.734395095256627
FOODS_3_555_CA_3_validation,2016-04-19,31,25.507287887183
FOODS_3_555_CA_3_validation,2016-04-20,27,24.833420532618717
FOODS_3_555_CA_3_validation,2016-04-21,26,24.83106757024078
FOODS_3_555_CA_3_validation,2016-04-22,30,30.57824214570724
FOODS_3_555_CA_3_validation,2016-04-23,33,35.29662953887624
FOODS_3_555_CA_3_validation,2016-04-24,36,37.093626254211884
FOODS_3_555_TX_1_validation,2016-03-28,23,21.71937645569207
FOODS_3_555_TX_1_validation,2016-03-29,13,20.907844190613947
FOODS_3_555_TX_1_validation,2016-03-30,15,20.51417070949894
FOODS_3_555_TX_1_validation,2016-03-31,35,22.56013225294047
FOODS_3_555_TX_1_validation,2016-04-01,28,21.75048664141637
FOODS_3_555_TX_1_validation,2016-04-02,44,28.502041944955664
FOODS_3_555_TX_1_validation,2016-04-03,32,29.794926283828996
FOODS_3_555_TX_1_validation,2016-04-04,23,22.289196105190076
FOODS_3_555_TX_1_validation,2016-04-05,31,23.621368007243465
FOODS_3_555_TX_1_validation,2016-04-06,30,22.165435872489606
FOODS_3_555_TX_1_validation,2016-04-07,37,23.111269561982
FOODS_3_555_TX_1_validation,2016-04-08,38,24.198986737613954
FOODS_3_555_TX_1_validation,2016-04-09,34,34.963754571272055
FOODS_3_555_TX_1_validation,2016-04-10,34,34.27922986364255
FOODS_3_555_TX_1_validation,2016-04-11,19,28.067876881872188
FOODS_3_555_TX_1_validation,2016-04-12,26,23.9738940526093
FOODS_3_555_TX_1_validation,2016-04-13,21,23.27813274218517
FOODS_3_555_TX_1_validation,2016-04-14,25,25.126933405066428
FOODS_3_555_TX_1_validation,2016-04-15,30,27.512278610745984
FOODS_3_555_TX_1_validation,2016-04-16,19,29.804672073679022
FOODS_3_555_TX_1_validation,2016-04-17,32,33.58698280901801
FOODS_3_555_TX_1_validation,2016-04-18,32,21.804099891204963
FOODS_3_555_TX_1_validation,2016-04-19,35,21.277508300349687
FOODS_3_555_TX_1_validation,2016-04-20,26,22.797838872941874
FOODS_3_555_TX_1_validation,2016-04-21,26,23.160870603535226
FOODS_3_555_TX_1_validation,2016-04-22,30,25.31511267010511
FOODS_3_555_TX_1_validation,2016-04-23,38,33.919004714375326
FOODS_3_555_TX_1_validation,2016-04-24,28,35.92979945459108
FOODS_3_555_TX_2_validation,2016-03-28,29,42.94329313148972
FOODS_3_555_TX_2_validation,2016-03-29,33,41.1957683913431
FOODS_3_555_TX_2_validation,2016-03-30,33,40.944288626391874
FOODS_3_555_TX_2_validation,2016-03-31,47,41.170738102702664
FOODS_3_555_TX_2_validation,2016-04-01,51,46.85249679342679
FOODS_3_555_TX_2_validation,2016-04-02,70,62.18787550685108
FOODS_3_555_TX_2_validation,2016-04-03,49,60.29131754821467
FOODS_3_555_TX_2_validation,2016-04-04,44,42.5337952438261
FOODS_3_555_TX_2_validation,2016-04-05,31,41.015097003497274
FOODS_3_555_TX_2_validation,2016-04-06,33,41.31986251179517
FOODS_3_555_TX_2_validation,2016-04-07,48,41.253885227514246
FOODS_3_555_TX_2_validation,2016-04-08,54,46.105513868848284
FOODS_3_555_TX_2_validation,2016-04-09,57,63.04727627802623
FOODS_3_555_TX_2_validation,2016-04-10,57,63.710618103512125
FOODS_3_555_TX_2_validation,2016-04-11,35,42.74683696709395
FOODS_3_555_TX_2_validation,2016-04-12,32,42.99174007292102
FOODS_3_555_TX_2_validation,2016-04-13,23,40.162595995344205
FOODS_3_555_TX_2_validation,2016-04-14,41,38.74133254617322
FOODS_3_555_TX_2_validation,2016-04-15,39,48.790267878917774
FOODS_3_555_TX_2_validation,2016-04-16,57,58.987653812531924
FOODS_3_555_TX_2_validation,2016-04-17,54,58.226949479305574
FOODS_3_555_TX_2_validation,2016-04-18,35,39.300728001365854
FOODS_3_555_TX_2_validation,2016-04-19,28,38.21992839278123
FOODS_3_555_TX_2_validation,2016-04-20,33,39.754781470207256
FOODS_3_555_TX_2_validation,2016-04-21,34,39.94476596912701
FOODS_3_555_TX_2_validation,2016-04-22,41,46.89646003354581
FOODS_3_555_TX_2_validation,2016-04-23,48,63.92436534864626
FOODS_3_555_TX_2_validation,2016-04-24,39,62.79115949922025
FOODS_3_555_TX_3_validation,2016-03-28,24,25.718617927381114
FOODS_3_555_TX_3_validation,2016-03-29,24,24.88196640286787
FOODS_3_555_TX_3_validation,2016-03-30,17,25.755835284585086
FOODS_3_555_TX_3_validation,2016-03-31,27,25.92511045844891
FOODS_3_555_TX_3_validation,2016-04-01,23,30.13067320277116
FOODS_3_555_TX_3_validation,2016-04-02,33,34.19544990946792
FOODS_3_555_TX_3_validation,2016-04-03,40,31.341448664230892
FOODS_3_555_TX_3_validation,2016-04-04,30,22.608292225796937
FOODS_3_555_TX_3_validation,2016-04-05,27,21.202478938775954
FOODS_3_555_TX_3_validation,2016-04-06,24,21.37818488215484
FOODS_3_555_TX_3_validation,2016-04-07,26,24.355141207855674
FOODS_3_555_TX_3_validation,2016-04-08,35,22.244717763372652
FOODS_3_555_TX_3_validation,2016-04-09,37,34.78634779796141
FOODS_3_555_TX_3_validation,2016-04-10,38,33.98753082084365
FOODS_3_555_TX_3_validation,2016-04-11,23,23.53042399367757
FOODS_3_555_TX_3_validation,2016-04-12,23,24.293844231910533
FOODS_3_555_TX_3_validation,2016-04-13,18,26.56352050161197
FOODS_3_555_TX_3_validation,2016-04-14,30,22.945001223428594
FOODS_3_555_TX_3_validation,2016-04-15,30,22.173657036544718
FOODS_3_555_TX_3_validation,2016-04-16,27,28.948625056129075
FOODS_3_555_TX_3_validation,2016-04-17,29,28.240762944698016
FOODS_3_555_TX_3_validation,2016-04-18,4,19.808761984564054
FOODS_3_555_TX_3_validation,2016-04-19,28,19.445204040610157
FOODS_3_555_TX_3_validation,2016-04-20,29,19.245016978835388
FOODS_3_555_TX_3_validation,2016-04-21,28,18.60249474026514
FOODS_3_555_TX_3_validation,2016-04-22,40,24.209950098487283
FOODS_3_555_TX_3_validation,2016-04-23,50,29.621705454835208
FOODS_3_555_TX_3_validation,2016-04-24,17,33.712078157369184
FOODS_3_555_WI_3_validation,2016-03-28,22,21.790308726214775
FOODS_3_555_WI_3_validation,2016-03-29,24,22.343232482479994
FOODS_3_555_WI_3_validation,2016-03-30,22,21.96218107345279
FOODS_3_555_WI_3_validation,2016-03-31,13,22.150512204041046
FOODS_3_555_WI_3_validation,2016-04-01,20,22.1535838281305
FOODS_3_555_WI_3_validation,2016-04-02,47,32.983031494294856
FOODS_3_555_WI_3_validation,2016-04-03,51,29.890665271322888
FOODS_3_555_WI_3_validation,2016-04-04,18,24.20086609412075
FOODS_3_555_WI_3_validation,2016-04-05,15,24.670037334746297
FOODS_3_555_WI_3_validation,2016-04-06,20,21.931967461497003
FOODS_3_555_WI_3_validation,2016-04-07,26,22.733030085155175
FOODS_3_555_WI_3_validation,2016-04-08,18,22.181344893419208
FOODS_3_555_WI_3_validation,2016-04-09,41,33.32712083336153
FOODS_3_555_WI_3_validation,2016-04-10,28,33.81473315779489
FOODS_3_555_WI_3_validation,2016-04-11,21,21.33394660324148
FOODS_3_555_WI_3_validation,2016-04-12,17,22.544825535015917
FOODS_3_555_WI_3_validation,2016-04-13,16,22.564673560725943
FOODS_3_555_WI_3_validation,2016-04-14,28,22.85992241273529
FOODS_3_555_WI_3_validation,2016-04-15,25,22.958967010107564
FOODS_3_555_WI_3_validation,2016-04-16,43,33.02581719148714
FOODS_3_555_WI_3_validation,2016-04-17,37,29.418147060668336
FOODS_3_555_WI_3_validation,2016-04-18,41,21.375348420553998
FOODS_3_555_WI_3_validation,2016-04-19,30,21.73904831995167
FOODS_3_555_WI_3_validation,2016-04-20,23,21.053281496800743
FOODS_3_555_WI_3_validation,2016-04-21,24,21.58846929112511
FOODS_3_555_WI_3_validation,2016-04-22,26,24.738418327275213
FOODS_3_555_WI_3_validation,2016-04-23,43,35.70805620167831
FOODS_3_555_WI_3_validation,2016-04-24,25,34.16274309089233
FOODS_3_586_CA_1_validation,2016-03-28,27,31.731096206027342
FOODS_3_586_CA_1_validation,2016-03-29,32,31.195282175037228
FOODS_3_586_CA_1_validation,2016-03-30,26,31.88045910499953
FOODS_3_586_CA_1_validation,2016-03-31,28,32.09450622058143
FOODS_3_586_CA_1_validation,2016-04-01,36,36.27796491287196
FOODS_3_586_CA_1_validation,2016-04-02,65,47.09877786867629
FOODS_3_586_CA_1_validation,2016-04-03,54,50.49341198977495
FOODS_3_586_CA_1_validation,2016-04-04,30,34.59793452155832
FOODS_3_586_CA_1_validation,2016-04-05,37,35.42196882071223
FOODS_3_586_CA_1_validation,2016-04-06,27,34.70839070776711
FOODS_3_586_CA_1_validation,2016-04-07,35,35.63955031468641
FOODS_3_586_CA_1_validation,2016-04-08,41,33.97685572351184
FOODS_3_586_CA_1_validation,2016-04-09,60,48.1808476131292
FOODS_3_586_CA_1_validation,2016-04-10,48,45.10172770251408
FOODS_3_586_CA_1_validation,2016-04-11,36,31.982155551747756
FOODS_3_586_CA_1_validation,2016-04-12,29,30.77876341651178
FOODS_3_586_CA_1_validation,2016-04-13,20,30.653034606884333
FOODS_3_586_CA_1_validation,2016-04-14,43,31.68130404641629
FOODS_3_586_CA_1_validation,2016-04-15,32,35.384290351301544
FOODS_3_586_CA_1_validation,2016-04-16,37,47.749487708795414
FOODS_3_586_CA_1_validation,2016-04-17,64,48.10074113187501
FOODS_3_586_CA_1_validation,2016-04-18,30,31.026262026203803
FOODS_3_586_CA_1_validation,2016-04-19,40,30.292807112826384
FOODS_3_586_CA_1_validation,2016-04-20,31,31.51524880373961
FOODS_3_586_CA_1_validation,2016-04-21,45,31.69283321165145
FOODS_3_586_CA_1_validation,2016-04-22,28,37.10628725906409
FOODS_3_586_CA_1_validation,2016-04-23,40,52.41904388120318
FOODS_3_586_CA_1_validation,2016-04-24,54,52.79252713693868
FOODS_3_586_CA_2_validation,2016-03-28,26,30.345777752102116
FOODS_3_586_CA_2_validation,2016-03-29,27,31.63449474235594
FOODS_3_586_CA_2_validation,2016-03-30,26,31.688200964696467
FOODS_3_586_CA_2_validation,2016-03-31,28,31.621702214402852
FOODS_3_586_CA_2_validation,2016-04-01,30,37.687069811168364
FOODS_3_586_CA_2_validation,2016-04-02,49,46.07263799034775
FOODS_3_586_CA_2_validation,2016-04-03,34,46.07635561437588
FOODS_3_586_CA_2_validation,2016-04-04,26,31.940407540621568
FOODS_3_586_CA_2_validation,2016-04-05,25,32.11316145236255
FOODS_3_586_CA_2_validation,2016-04-06,27,34.07699149654289
FOODS_3_586_CA_2_validation,2016-04-07,33,34.426690468028596
FOODS_3_586_CA_2_validation,2016-04-08,36,37.483810012785696
FOODS_3_586_CA_2_validation,2016-04-09,49,44.9095124594744
FOODS_3_586_CA_2_validation,2016-04-10,30,43.247531601510985
FOODS_3_586_CA_2_validation,2016-04-11,38,31.910640796971038
FOODS_3_586_CA_2_validation,2016-04-12,24,30.37425707471774
FOODS_3_586_CA_2_validation,2016-04-13,29,31.51926029686313
FOODS_3_586_CA_2_validation,2016-04-14,18,29.214173062219356
FOODS_3_586_CA_2_validation,2016-04-15,24,30.814097029783607
FOODS_3_586_CA_2_validation,2016-04-16,47,36.382691629271534
FOODS_3_586_CA_2_validation,2016-04-17,39,35.73812004646946
FOODS_3_586_CA_2_validation,2016-04-18,26,25.075630082790276
FOODS_3_586_CA_2_validation,2016-04-19,45,27.79589938842844
FOODS_3_586_CA_2_validation,2016-04-20,42,26.602867474565805
FOODS_3_586_CA_2_validation,2016-04-21,30,29.646528561634614
FOODS_3_586_CA_2_validation,2016-04-22,34,34.02022846852043
FOODS_3_586_CA_2_validation,2016-04-23,39,45.62916870920844
FOODS_3_586_CA_2_validation,2016-04-24,36,48.0147500642284
FOODS_3_586_CA_3_validation,2016-03-28,60,61.20121052742277
FOODS_3_586_CA_3_validation,2016-03-29,53,63.67053099854265
FOODS_3_586_CA_3_validation,2016-03-30,44,61.91520423408192
FOODS_3_586_CA_3_validation,2016-03-31,42,62.457019804962236
FOODS_3_586_CA_3_validation,2016-04-01,62,64.11931172915172
FOODS_3_586_CA_3_validation,2016-04-02,72,78.61290453541652
FOODS_3_586_CA_3_validation,2016-04-03,73,81.23599595939157
FOODS_3_586_CA_3_validation,2016-04-04,60,62.35495672018311
FOODS_3_586_CA_3_validation,2016-04-05,70,62.52322199874713
FOODS_3_586_CA_3_validation,2016-04-06,75,62.17970036281996
FOODS_3_586_CA_3_validation,2016-04-07,69,61.20630480388412
FOODS_3_586_CA_3_validation,2016-04-08,58,63.09107409410237
FOODS_3_586_CA_3_validation,2016-04-09,84,79.02351705426373
FOODS_3_586_CA_3_validation,2016-04-10,85,79.18259460474869
FOODS_3_586_CA_3_validation,2016-04-11,76,59.798540330456824
FOODS_3_586_CA_3_validation,2016-04-12,60,58.89392778718486
FOODS_3_586_CA_3_validation,2016-04-13,52,54.25433278545327
FOODS_3_586_CA_3_validation,2016-04-14,63,58.860071053699066
FOODS_3_586_CA_3_validation,2016-04-15,57,60.15771245616286
FOODS_3_586_CA_3_validation,2016-04-16,85,73.54625563093435
FOODS_3_586_CA_3_validation,2016-04-17,91,77.24140884066834
FOODS_3_586_CA_3_validation,2016-04-18,77,48.84126303927229
FOODS_3_586_CA_3_validation,2016-04-19,75,55.62235483261574
FOODS_3_586_CA_3_validation,2016-04-20,70,59.662731642309055
FOODS_3_586_CA_3_validation,2016-04-21,48,59.8353189128816
FOODS_3_586_CA_3_validation,2016-04-22,61,61.64200253128858
FOODS_3_586_CA_3_validation,2016-04-23,74,79.6540481507587
FOODS_3_586_CA_3_validation,2016-04-24,78,80.94155753301472
FOODS_3_586_TX_1_validation,2016-03-28,54,41.51268857032875
FOODS_3_586_TX_1_validation,2016-03-29,22,40.739074462797106
FOODS_3_586_TX_1_validation,2016-03-30,38,41.948234226576986
FOODS_3_586_TX_1_validation,2016-03-31,44,42.2505177797556
FOODS_3_586_TX_1_validation,2016-04-01,40,42.71449831434017
FOODS_3_586_TX_1_validation,2016-04-02,55,58.60502240529727
FOODS_3_586_TX_1_validation,2016-04-03,74,58.405538005588895
FOODS_3_586_TX_1_validation,2016-04-04,61,42.805218726530555
FOODS_3_586_TX_1_validation,2016-04-05,65,41.2086490857056
FOODS_3_586_TX_1_validation,2016-04-06,44,40.87950806983165
FOODS_3_586_TX_1_validation,2016-04-07,74,42.84795878251794
FOODS_3_586_TX_1_validation,2016-04-08,54,46.552699769806495
FOODS_3_586_TX_1_validation,2016-04-09,52,57.91757752066899
FOODS_3_586_TX_1_validation,2016-04-10,75,55.84514494135455
FOODS_3_586_TX_1_validation,2016-04-11,38,42.244890386844915
FOODS_3_586_TX_1_validation,2016-04-12,39,42.80590060158471
FOODS_3_586_TX_1_validation,2016-04-13,47,41.912504932679404
FOODS_3_586_TX_1_validation,2016-04-14,42,40.49489538111584
FOODS_3_586_TX_1_validation,2016-04-15,53,47.792361387781064
FOODS_3_586_TX_1_validation,2016-04-16,50,51.41141617844559
FOODS_3_586_TX_1_validation,2016-04-17,68,49.47457155803667
FOODS_3_586_TX_1_validation,2016-04-18,72,38.57452214426781
FOODS_3_586_TX_1_validation,2016-04-19,81,40.06831379001752
FOODS_3_586_TX_1_validation,2016-04-20,45,40.46092638623414
FOODS_3_586_TX_1_validation,2016-04-21,59,40.16712030647779
FOODS_3_586_TX_1_validation,2016-04-22,50,48.406532446904414
FOODS_3_586_TX_1_validation,2016-04-23,56,59.217082609330845
FOODS_3_586_TX_1_validation,2016-04-24,58,58.81090717406798
FOODS_3_586_TX_2_validation,2016-03-28,59,76.39789544442668
FOODS_3_586_TX_2_validation,2016-03-29,51,75.33888300922372
FOODS_3_586_TX_2_validation,2016-03-30,61,76.63315173403876
FOODS_3_586_TX_2_validation,2016-03-31,79,77.698898116946
FOODS_3_586_TX_2_validation,2016-04-01,77,91.243462912646
FOODS_3_586_TX_2_validation,2016-04-02,98,110.73013066067205
FOODS_3_586_TX_2_validation,2016-04-03,107,113.7397810094055
FOODS_3_586_TX_2_validation,2016-04-04,68,77.00535684255951
FOODS_3_586_TX_2_validation,2016-04-05,74,77.5428547860956
FOODS_3_586_TX_2_validation,2016-04-06,72,78.94182133850431
FOODS_3_586_TX_2_validation,2016-04-07,87,80.40955393799365
FOODS_3_586_TX_2_validation,2016-04-08,79,90.4201349975594
FOODS_3_586_TX_2_validation,2016-04-09,100,112.17900447437145
FOODS_3_586_TX_2_validation,2016-04-10,114,111.52286840608558
FOODS_3_586_TX_2_validation,2016-04-11,66,80.35200327509384
FOODS_3_586_TX_2_validation,2016-04-12,53,80.88010786002232
FOODS_3_586_TX_2_validation,2016-04-13,62,77.73362575527486
FOODS_3_586_TX_2_validation,2016-04-14,69,81.36878267877023
FOODS_3_586_TX_2_validation,2016-04-15,80,91.82171671320268
FOODS_3_586_TX_2_validation,2016-04-16,78,113.1078588173195
FOODS_3_586_TX_2_validation,2016-04-17,102,113.1015270212283
FOODS_3_586_TX_2_validation,2016-04-18,54,75.59450335327712
FOODS_3_586_TX_2_validation,2016-04-19,67,75.00140023187022
FOODS_3_586_TX_2_validation,2016-04-20,57,75.18749519896645
FOODS_3_586_TX_2_validation,2016-04-21,59,74.99280919947992
FOODS_3_586_TX_2_validation,2016-04-22,80,90.91101359410386
FOODS_3_586_TX_2_validation,2016-04-23,100,115.39103950067661
FOODS_3_586_TX_2_validation,2016-04-24,75,112.11228731276023
FOODS_3_586_TX_3_validation,2016-03-28,45,65.18684190970257
FOODS_3_586_TX_3_validation,2016-03-29,46,64.89267666097398
FOODS_3_586_TX_3_validation,2016-03-30,45,63.73549865567758
FOODS_3_586_TX_3_validation,2016-03-31,54,65.14451450202648
FOODS_3_586_TX_3_validation,2016-04-01,61,66.85236423706051
FOODS_3_586_TX_3_validation,2016-04-02,62,84.3060268744438
FOODS_3_586_TX_3_validation,2016-04-03,72,82.64108299744623
FOODS_3_586_TX_3_validation,2016-04-04,54,64.96918438398001
FOODS_3_586_TX_3_validation,2016-04-05,77,63.36283883045193
FOODS_3_586_TX_3_validation,2016-04-06,45,64.63965547283026
FOODS_3_586_TX_3_validation,2016-04-07,51,63.113474680695965
FOODS_3_586_TX_3_validation,2016-04-08,68,65.46597974227852
FOODS_3_586_TX_3_validation,2016-04-09,77,83.59289713074843
FOODS_3_586_TX_3_validation,2016-04-10,72,83.03549023922501
FOODS_3_586_TX_3_validation,2016-04-11,58,66.03067252608128
FOODS_3_586_TX_3_validation,2016-04-12,43,61.83799437290461
FOODS_3_586_TX_3_validation,2016-04-13,67,63.52805478399276
FOODS_3_586_TX_3_validation,2016-04-14,55,64.3921812343759
FOODS_3_586_TX_3_validation,2016-04-15,56,65.57396924223927
FOODS_3_586_TX_3_validation,2016-04-16,67,83.3587522036909
FOODS_3_586_TX_3_validation,2016-04-17,69,83.40764691299273
FOODS_3_586_TX_3_validation,2016-04-18,49,63.76002964729544
FOODS_3_586_TX_3_validation,2016-04-19,55,61.660798006778826
FOODS_3_586_TX_3_validation,2016-04-20,60,58.81518050700651
FOODS_3_586_TX_3_validation,2016-04-21,55,60.469383891240504
FOODS_3_586_TX_3_validation,2016-04-22,55,60.672893171710705
FOODS_3_586_TX_3_validation,2016-04-23,66,82.13604103366218
FOODS_3_586_TX_3_validation,2016-04-24,47,82.47304445927801
FOODS_3_586_WI_3_validation,2016-03-28,29,24.744516976037673
FOODS_3_586_WI_3_validation,2016-03-29,24,23.91251841501431
FOODS_3_586_WI_3_validation,2016-03-30,27,25.183864932099752
FOODS_3_586_WI_3_validation,2016-03-31,20,26.224214876650745
FOODS_3_586_WI_3_validation,2016-04-01,37,30.386734343570883
FOODS_3_586_WI_3_validation,2016-04-02,34,38.65841310496562
FOODS_3_586_WI_3_validation,2016-04-03,37,39.21181965221062
FOODS_3_586_WI_3_validation,2016-04-04,21,27.609331196195775
FOODS_3_586_WI_3_validation,2016-04-05,15,32.63837249797904
FOODS_3_586_WI_3_validation,2016-04-06,35,30.9453172983649
FOODS_3_586_WI_3_validation,2016-04-07,33,27.861335953962342
FOODS_3_586_WI_3_validation,2016-04-08,25,32.129060888188235
FOODS_3_586_WI_3_validation,2016-04-09,35,39.15463749553858
FOODS_3_586_WI_3_validation,2016-04-10,38,38.69114996982437
FOODS_3_586_WI_3_validation,2016-04-11,32,29.889106767311247
FOODS_3_586_WI_3_validation,2016-04-12,16,30.53719883220232
FOODS_3_586_WI_3_validation,2016-04-13,27,27.867254771351995
FOODS_3_586_WI_3_validation,2016-04-14,29,28.84603409909544
FOODS_3_586_WI_3_validation,2016-04-15,37,32.18866450095304
FOODS_3_586_WI_3_validation,2016-04-16,48,38.3008144893396
FOODS_3_586_WI_3_validation,2016-04-17,40,39.52028010203931
FOODS_3_586_WI_3_validation,2016-04-18,35,28.201903033842772
FOODS_3_586_WI_3_validation,2016-04-19,22,27.39974158388614
FOODS_3_586_WI_3_validation,2016-04-20,25,26.428951356354318
FOODS_3_586_WI_3_validation,2016-04-21,31,26.31026221115551
FOODS_3_586_WI_3_validation,2016-04-22,35,34.302716830913205
FOODS_3_586_WI_3_validation,2016-04-23,47,40.573711763049644
FOODS_3_586_WI_3_validation,2016-04-24,44,35.18468098539708
FOODS_3_587_CA_1_validation,2016-03-28,38,23.80262269247804
FOODS_3_587_CA_1_validation,2016-03-29,26,25.132216399894805
FOODS_3_587_CA_1_validation,2016-03-30,25,23.724091410907764
FOODS_3_587_CA_1_validation,2016-03-31,15,23.841710722110946
FOODS_3_587_CA_1_validation,2016-04-01,15,24.03491695360563
FOODS_3_587_CA_1_validation,2016-04-02,27,31.755986465990315
FOODS_3_587_CA_1_validation,2016-04-03,29,36.03691173859831
FOODS_3_587_CA_1_validation,2016-04-04,23,25.521064296200837
FOODS_3_587_CA_1_validation,2016-04-05,21,24.321436811683775
FOODS_3_587_CA_1_validation,2016-04-06,21,25.629715556436736
FOODS_3_587_CA_1_validation,2016-04-07,16,24.881192288579367
FOODS_3_587_CA_1_validation,2016-04-08,22,27.492617677243498
FOODS_3_587_CA_1_validation,2016-04-09,24,34.24598052728775
FOODS_3_587_CA_1_validation,2016-04-10,43,31.6829928885353
FOODS_3_587_CA_1_validation,2016-04-11,33,25.05849491962636
FOODS_3_587_CA_1_validation,2016-04-12,16,21.699822614595995
FOODS_3_587_CA_1_validation,2016-04-13,23,25.14529712528232
FOODS_3_587_CA_1_validation,2016-04-14,21,23.62725500181744
FOODS_3_587_CA_1_validation,2016-04-15,20,24.59010898264572
FOODS_3_587_CA_1_validation,2016-04-16,27,36.36423788254287
FOODS_3_587_CA_1_validation,2016-04-17,36,36.97207734591779
FOODS_3_587_CA_1_validation,2016-04-18,16,27.2242300284179
FOODS_3_587_CA_1_validation,2016-04-19,10,26.78518107191302
FOODS_3_587_CA_1_validation,2016-04-20,15,26.085061624069272
FOODS_3_587_CA_1_validation,2016-04-21,10,27.243963646359703
FOODS_3_587_CA_1_validation,2016-04-22,21,28.213740586182094
FOODS_3_587_CA_1_validation,2016-04-23,24,36.85520618326341
FOODS_3_587_CA_1_validation,2016-04-24,26,37.454515824737676
FOODS_3_587_CA_3_validation,2016-03-28,27,31.907735798663953
FOODS_3_587_CA_3_validation,2016-03-29,60,28.007240572123365
FOODS_3_587_CA_3_validation,2016-03-30,28,30.934171967905126
FOODS_3_587_CA_3_validation,2016-03-31,37,31.58359423989123
FOODS_3_587_CA_3_validation,2016-04-01,24,32.05803406960256
FOODS_3_587_CA_3_validation,2016-04-02,37,39.451216862711554
FOODS_3_587_CA_3_validation,2016-04-03,48,43.798351217189335
FOODS_3_587_CA_3_validation,2016-04-04,38,36.209910962111195
FOODS_3_587_CA_3_validation,2016-04-05,34,36.91297488717948
FOODS_3_587_CA_3_validation,2016-04-06,29,38.63558113996515
FOODS_3_587_CA_3_validation,2016-04-07,35,36.33700490713329
FOODS_3_587_CA_3_validation,2016-04-08,42,34.55084477818826
FOODS_3_587_CA_3_validation,2016-04-09,46,38.3392537910987
FOODS_3_587_CA_3_validation,2016-04-10,49,40.1302813706377
FOODS_3_587_CA_3_validation,2016-04-11,38,31.76840407336961
FOODS_3_587_CA_3_validation,2016-04-12,22,31.715226768398225
FOODS_3_587_CA_3_validation,2016-04-13,41,27.824949443953273
FOODS_3_587_CA_3_validation,2016-04-14,29,28.01139393347382
FOODS_3_587_CA_3_validation,2016-04-15,33,29.097697430472905
FOODS_3_587_CA_3_validation,2016-04-16,28,35.92259180808141
FOODS_3_587_CA_3_validation,2016-04-17,60,35.91122541836715
FOODS_3_587_CA_3_validation,2016-04-18,31,29.237591457712497
FOODS_3_587_CA_3_validation,2016-04-19,25,29.411313009742663
FOODS_3_587_CA_3_validation,2016-04-20,25,29.73697738760732
FOODS_3_587_CA_3_validation,2016-04-21,23,27.800531940944587
FOODS_3_587_CA_3_validation,2016-04-22,37,28.55688357730704
FOODS_3_587_CA_3_validation,2016-04-23,28,35.42555108465899
FOODS_3_587_CA_3_validation,2016-04-24,41,36.06074198243761
FOODS_3_587_TX_1_validation,2016-03-28,22,29.192017252182477
FOODS_3_587_TX_1_validation,2016-03-29,27,30.18003385749882
FOODS_3_587_TX_1_validation,2016-03-30,24,28.790265113998945
FOODS_3_587_TX_1_validation,2016-03-31,11,30.10271090398273
FOODS_3_587_TX_1_validation,2016-04-01,12,33.49691442307528
FOODS_3_587_TX_1_validation,2016-04-02,22,35.276963938117206
FOODS_3_587_TX_1_validation,2016-04-03,21,38.992543163904976
FOODS_3_587_TX_1_validation,2016-04-04,16,30.271363551341352
FOODS_3_587_TX_1_validation,2016-04-05,19,32.87306484906836
FOODS_3_587_TX_1_validation,2016-04-06,15,30.436561508780738
FOODS_3_587_TX_1_validation,2016-04-07,22,32.0978215547401
FOODS_3_587_TX_1_validation,2016-04-08,32,28.686510987405537
FOODS_3_587_TX_1_validation,2016-04-09,32,36.88457181408932
FOODS_3_587_TX_1_validation,2016-04-10,24,38.99366929734428
FOODS_3_587_TX_1_validation,2016-04-11,29,34.146154305222495
FOODS_3_587_TX_1_validation,2016-04-12,32,29.850764196510404
FOODS_3_587_TX_1_validation,2016-04-13,29,35.70902334835445
FOODS_3_587_TX_1_validation,2016-04-14,24,28.955988281721766
FOODS_3_587_TX_1_validation,2016-04-15,38,31.331183178070486
FOODS_3_587_TX_1_validation,2016-04-16,24,35.1711265610976
FOODS_3_587_TX_1_validation,2016-04-17,16,37.01429360451772
FOODS_3_587_TX_1_validation,2016-04-18,23,27.103195809573062
FOODS_3_587_TX_1_validation,2016-04-19,28,30.74158245568901
FOODS_3_587_TX_1_validation,2016-04-20,21,28.162549288915443
FOODS_3_587_TX_1_validation,2016-04-21,17,29.10883110409309
FOODS_3_587_TX_1_validation,2016-04-22,17,29.504590739378315
FOODS_3_587_TX_1_validation,2016-04-23,32,35.48221729436809
FOODS_3_587_TX_1_validation,2016-04-24,24,37.89901560653582
FOODS_3_587_TX_2_validation,2016-03-28,27,27.637131073325037
FOODS_3_587_TX_2_validation,2016-03-29,22,27.583040131095785
FOODS_3_587_TX_2_validation,2016-03-30,21,28.0133922625498
FOODS_3_587_TX_2_validation,2016-03-31,25,27.97703571738678
FOODS_3_587_TX_2_validation,2016-04-01,21,30.214331993075977
FOODS_3_587_TX_2_validation,2016-04-02,33,36.87617863871166
FOODS_3_587_TX_2_validation,2016-04-03,34,36.66558834916398
FOODS_3_587_TX_2_validation,2016-04-04,31,28.973986591531165
FOODS_3_587_TX_2_validation,2016-04-05,14,30.326940557788674
FOODS_3_587_TX_2_validation,2016-04-06,25,29.0214423873198
FOODS_3_587_TX_2_validation,2016-04-07,35,30.340440700253204
FOODS_3_587_TX_2_validation,2016-04-08,28,28.25210654851812
FOODS_3_587_TX_2_validation,2016-04-09,32,36.734179054220434
FOODS_3_587_TX_2_validation,2016-04-10,54,36.32651592537759
FOODS_3_587_TX_2_validation,2016-04-11,32,31.845444657523316
FOODS_3_587_TX_2_validation,2016-04-12,23,30.975563059744964
FOODS_3_587_TX_2_validation,2016-04-13,22,31.391130007205263
FOODS_3_587_TX_2_validation,2016-04-14,20,28.752373221408448
FOODS_3_587_TX_2_validation,2016-04-15,27,30.837702714523303
FOODS_3_587_TX_2_validation,2016-04-16,26,35.11620482299056
FOODS_3_587_TX_2_validation,2016-04-17,36,36.48046409418013
FOODS_3_587_TX_2_validation,2016-04-18,23,29.62590633977965
FOODS_3_587_TX_2_validation,2016-04-19,30,30.190442320446795
FOODS_3_587_TX_2_validation,2016-04-20,19,29.91748596652719
FOODS_3_587_TX_2_validation,2016-04-21,19,28.286425052339283
FOODS_3_587_TX_2_validation,2016-04-22,34,29.001955563406412
FOODS_3_587_TX_2_validation,2016-04-23,38,35.513420318265375
FOODS_3_587_TX_2_validation,2016-04-24,44,36.472951194003066
FOODS_3_587_TX_3_validation,2016-03-28,12,36.79644600991501
FOODS_3_587_TX_3_validation,2016-03-29,14,38.89304834915965
FOODS_3_587_TX_3_validation,2016-03-30,13,39.465805838396776
FOODS_3_587_TX_3_validation,2016-03-31,9,39.994391224158704
FOODS_3_587_TX_3_validation,2016-04-01,26,37.28196724680986
FOODS_3_587_TX_3_validation,2016-04-02,26,48.60969822670066
FOODS_3_587_TX_3_validation,2016-04-03,31,51.70659091524228
FOODS_3_587_TX_3_validation,2016-04-04,17,40.14485479939595
FOODS_3_587_TX_3_validation,2016-04-05,21,42.4624479386819
FOODS_3_587_TX_3_validation,2016-04-06,19,37.59296424100089
FOODS_3_587_TX_3_validation,2016-04-07,18,42.37315130736416
FOODS_3_587_TX_3_validation,2016-04-08,19,36.6889784362576
FOODS_3_587_TX_3_validation,2016-04-09,21,48.29889451114595
FOODS_3_587_TX_3_validation,2016-04-10,26,54.97845976942687
FOODS_3_587_TX_3_validation,2016-04-11,25,41.8290609203383
FOODS_3_587_TX_3_validation,2016-04-12,20,42.106831030661304
FOODS_3_587_TX_3_validation,2016-04-13,28,42.440027924021635
FOODS_3_587_TX_3_validation,2016-04-14,19,39.70036214383556
FOODS_3_587_TX_3_validation,2016-04-15,27,37.298332724772365
FOODS_3_587_TX_3_validation,2016-04-16,23,46.75655468138231
FOODS_3_587_TX_3_validation,2016-04-17,25,50.08899522718172
FOODS_3_587_TX_3_validation,2016-04-18,22,39.782186091006906
FOODS_3_587_TX_3_validation,2016-04-19,15,37.09000333351171
FOODS_3_587_TX_3_validation,2016-04-20,16,35.26361298867038
FOODS_3_587_TX_3_validation,2016-04-21,14,33.08335854136188
FOODS_3_587_TX_3_validation,2016-04-22,25,31.741446267210108
FOODS_3_587_TX_3_validation,2016-04-23,18,37.12751507288557
FOODS_3_587_TX_3_validation,2016-04-24,20,37.366907872499425
FOODS_3_587_WI_3_validation,2016-03-28,32,22.981564455531867
FOODS_3_587_WI_3_validation,2016-03-29,43,23.4181795864146
FOODS_3_587_WI_3_validation,2016-03-30,37,23.356463191746826
FOODS_3_587_WI_3_validation,2016-03-31,37,30.776385865654706
FOODS_3_587_WI_3_validation,2016-04-01,39,30.274964543554187
FOODS_3_587_WI_3_validation,2016-04-02,55,32.93256677246608
FOODS_3_587_WI_3_validation,2016-04-03,71,33.04960970032332
FOODS_3_587_WI_3_validation,2016-04-04,37,19.289199273450134
FOODS_3_587_WI_3_validation,2016-04-05,44,19.00676270556906
FOODS_3_587_WI_3_validation,2016-04-06,44,19.110898683979077
FOODS_3_587_WI_3_validation,2016-04-07,27,17.552494490478477
FOODS_3_587_WI_3_validation,2016-04-08,32,20.338516970054147
FOODS_3_587_WI_3_validation,2016-04-09,45,24.38138034465744
FOODS_3_587_WI_3_validation,2016-04-10,44,36.953804100404014
FOODS_3_587_WI_3_validation,2016-04-11,50,29.56729038828104
FOODS_3_587_WI_3_validation,2016-04-12,22,28.226086544747048
FOODS_3_587_WI_3_validation,2016-04-13,21,27.585698042621576
FOODS_3_587_WI_3_validation,2016-04-14,23,27.368191773856875
FOODS_3_587_WI_3_validation,2016-04-15,26,28.212013652677506
FOODS_3_587_WI_3_validation,2016-04-16,21,40.01324066993641
FOODS_3_587_WI_3_validation,2016-04-17,38,37.12222136804843
FOODS_3_587_WI_3_validation,2016-04-18,42,28.83912696141375
FOODS_3_587_WI_3_validation,2016-04-19,15,29.652867490005562
FOODS_3_587_WI_3_validation,2016-04-20,17,27.33523949352408
FOODS_3_587_WI_3_validation,2016-04-21,14,21.167560144893006
FOODS_3_587_WI_3_validation,2016-04-22,17,28.03345561184165
FOODS_3_587_WI_3_validation,2016-04-23,30,35.4094927063672
FOODS_3_587_WI_3_validation,2016-04-24,29,35.36516942586869
FOODS_3_607_CA_3_validation,2016-03-28,12,15.031227236579397
FOODS_3_607_CA_3_validation,2016-03-29,9,15.046900662009072
FOODS_3_607_CA_3_validation,2016-03-30,12,15.141739115287898
FOODS_3_607_CA_3_validation,2016-03-31,6,15.322729213229437
FOODS_3_607_CA_3_validation,2016-04-01,16,16.977092407613107
FOODS_3_607_CA_3_validation,2016-04-02,19,19.938439379517234
FOODS_3_607_CA_3_validation,2016-04-03,27,20.01742230209722
FOODS_3_607_CA_3_validation,2016-04-04,10,16.86578583964824
FOODS_3_607_CA_3_validation,2016-04-05,20,17.74806230725184
FOODS_3_607_CA_3_validation,2016-04-06,9,16.81578581734551
FOODS_3_607_CA_3_validation,2016-04-07,11,16.745564858319934
FOODS_3_607_CA_3_validation,2016-04-08,9,16.597130602732598
FOODS_3_607_CA_3_validation,2016-04-09,17,20.712277955186497
FOODS_3_607_CA_3_validation,2016-04-10,21,20.213389863785018
FOODS_3_607_CA_3_validation,2016-04-11,12,15.021901398867193
FOODS_3_607_CA_3_validation,2016-04-12,17,15.006160323267594
FOODS_3_607_CA_3_validation,2016-04-13,9,15.021833748697269
FOODS_3_607_CA_3_validation,2016-04-14,17,15.006160323267594
FOODS_3_607_CA_3_validation,2016-04-15,9,15.037574824296868
FOODS_3_607_CA_3_validation,2016-04-16,13,20.097295456633923
FOODS_3_607_CA_3_validation,2016-04-17,27,23.897523992911978
FOODS_3_607_CA_3_validation,2016-04-18,10,15.589480984442798
FOODS_3_607_CA_3_validation,2016-04-19,5,15.580409766578958
FOODS_3_607_CA_3_validation,2016-04-20,8,15.508628689229774
FOODS_3_607_CA_3_validation,2016-04-21,9,15.591704149630681
FOODS_3_607_CA_3_validation,2016-04-22,5,16.311343095997728
FOODS_3_607_CA_3_validation,2016-04-23,9,25.31986795765174
FOODS_3_607_CA_3_validation,2016-04-24,18,24.61093867724976
FOODS_3_635_CA_3_validation,2016-03-28,32,17.508096562720276
FOODS_3_635_CA_3_validation,2016-03-29,28,20.229023994978544
FOODS_3_635_CA_3_validation,2016-03-30,51,22.141562696932873
FOODS_3_635_CA_3_validation,2016-03-31,2,18.89394863332472
FOODS_3_635_CA_3_validation,2016-04-01,0,21.85489992517898
FOODS_3_635_CA_3_validation,2016-04-02,0,30.49161678999918
FOODS_3_635_CA_3_validation,2016-04-03,0,31.09089079947903
FOODS_3_635_CA_3_validation,2016-04-04,0,26.912783863791493
FOODS_3_635_CA_3_validation,2016-04-05,0,24.006353085254858
FOODS_3_635_CA_3_validation,2016-04-06,0,23.072562350539886
FOODS_3_635_CA_3_validation,2016-04-07,0,22.941714750283477
FOODS_3_635_CA_3_validation,2016-04-08,0,21.854875371068665
FOODS_3_635_CA_3_validation,2016-04-09,0,30.720146999220614
FOODS_3_635_CA_3_validation,2016-04-10,0,26.346737382728374
FOODS_3_635_CA_3_validation,2016-04-11,0,20.193095623977687
FOODS_3_635_CA_3_validation,2016-04-12,0,20.482578849760316
FOODS_3_635_CA_3_validation,2016-04-13,0,19.433116793857117
FOODS_3_635_CA_3_validation,2016-04-14,0,20.78171196861592
FOODS_3_635_CA_3_validation,2016-04-15,0,19.7196144206267
FOODS_3_635_CA_3_validation,2016-04-16,0,30.56532140684848
FOODS_3_635_CA_3_validation,2016-04-17,0,32.27790809398777
FOODS_3_635_CA_3_validation,2016-04-18,0,20.449771791732147
FOODS_3_635_CA_3_validation,2016-04-19,0,21.401711898258014
FOODS_3_635_CA_3_validation,2016-04-20,0,23.390535339289567
FOODS_3_635_CA_3_validation,2016-04-21,0,21.05464383220213
FOODS_3_635_CA_3_validation,2016-04-22,0,22.018639544805115
FOODS_3_635_CA_3_validation,2016-04-23,0,24.709684868866738
FOODS_3_635_CA_3_validation,2016-04-24,0,21.27171619929441
FOODS_3_681_CA_3_validation,2016-03-28,14,45.07440162730433
FOODS_3_681_CA_3_validation,2016-03-29,31,41.639883619077466
FOODS_3_681_CA_3_validation,2016-03-30,14,39.444669337094716
FOODS_3_681_CA_3_validation,2016-03-31,44,39.45036657167926
FOODS_3_681_CA_3_validation,2016-04-01,46,39.96885851887209
FOODS_3_681_CA_3_validation,2016-04-02,38,45.55466533578219
FOODS_3_681_CA_3_validation,2016-04-03,14,43.8914817383017
FOODS_3_681_CA_3_validation,2016-04-04,8,32.631514554271455
FOODS_3_681_CA_3_validation,2016-04-05,37,33.17415387425154
FOODS_3_681_CA_3_validation,2016-04-06,37,32.09065881591056
FOODS_3_681_CA_3_validation,2016-04-07,39,41.40998635312752
FOODS_3_681_CA_3_validation,2016-04-08,41,33.36545491936256
FOODS_3_681_CA_3_validation,2016-04-09,63,41.95753329117741
FOODS_3_681_CA_3_validation,2016-04-10,29,42.423432005925044
FOODS_3_681_CA_3_validation,2016-04-11,21,30.951204406250355
FOODS_3_681_CA_3_validation,2016-04-12,48,31.090482360075047
FOODS_3_681_CA_3_validation,2016-04-13,32,33.30906703227968
FOODS_3_681_CA_3_validation,2016-04-14,28,28.512196891725623
FOODS_3_681_CA_3_validation,2016-04-15,47,34.86877771430355
FOODS_3_681_CA_3_validation,2016-04-16,26,48.68297851010464
FOODS_3_681_CA_3_validation,2016-04-17,51,42.776764183976965
FOODS_3_681_CA_3_validation,2016-04-18,40,29.300503810803683
FOODS_3_681_CA_3_validation,2016-04-19,31,29.573396189829147
FOODS_3_681_CA_3_validation,2016-04-20,42,28.25392191044922
FOODS_3_681_CA_3_validation,2016-04-21,24,28.727658174301105
FOODS_3_681_CA_3_validation,2016-04-22,55,32.88991260883378
FOODS_3_681_CA_3_validation,2016-04-23,52,46.56230379864006
FOODS_3_681_CA_3_validation,2016-04-24,15,38.50846603981223
FOODS_3_681_WI_3_validation,2016-03-28,1,36.317089086348986
FOODS_3_681_WI_3_validation,2016-03-29,27,36.221943124372025
FOODS_3_681_WI_3_validation,2016-03-30,32,36.313899681675885
FOODS_3_681_WI_3_validation,2016-03-31,30,40.929351708993735
FOODS_3_681_WI_3_validation,2016-04-01,70,47.9413057723644
FOODS_3_681_WI_3_validation,2016-04-02,68,58.6997119083533
FOODS_3_681_WI_3_validation,2016-04-03,87,60.6896580254463
FOODS_3_681_WI_3_validation,2016-04-04,37,40.55778038447806
FOODS_3_681_WI_3_validation,2016-04-05,35,44.08827503189269
FOODS_3_681_WI_3_validation,2016-04-06,41,37.30920568905024
FOODS_3_681_WI_3_validation,2016-04-07,32,36.385634698488985
FOODS_3_681_WI_3_validation,2016-04-08,46,45.00082410308421
FOODS_3_681_WI_3_validation,2016-04-09,66,56.317744869700235
FOODS_3_681_WI_3_validation,2016-04-10,62,54.848137367635175
FOODS_3_681_WI_3_validation,2016-04-11,35,45.10951103286888
FOODS_3_681_WI_3_validation,2016-04-12,40,38.36098568104149
FOODS_3_681_WI_3_validation,2016-04-13,21,36.53804915142216
FOODS_3_681_WI_3_validation,2016-04-14,44,45.00963583453954
FOODS_3_681_WI_3_validation,2016-04-15,56,50.45656575007557
FOODS_3_681_WI_3_validation,2016-04-16,98,62.64115726428147
FOODS_3_681_WI_3_validation,2016-04-17,64,56.78271108185632
FOODS_3_681_WI_3_validation,2016-04-18,66,43.79131729086112
FOODS_3_681_WI_3_validation,2016-04-19,34,39.14887724186224
FOODS_3_681_WI_3_validation,2016-04-20,9,39.069325977504796
FOODS_3_681_WI_3_validation,2016-04-21,38,45.088885855043436
FOODS_3_681_WI_3_validation,2016-04-22,43,51.12780317619491
FOODS_3_681_WI_3_validation,2016-04-23,83,67.63714331210694
FOODS_3_681_WI_3_validation,2016-04-24,54,49.39600246852271
FOODS_3_694_CA_3_validation,2016-03-28,18,15.129731078820004
FOODS_3_694_CA_3_validation,2016-03-29,12,15.230173875109651
FOODS_3_694_CA_3_validation,2016-03-30,18,15.395164283648368
FOODS_3_694_CA_3_validation,2016-03-31,21,15.426837398480863
FOODS_3_694_CA_3_validation,2016-04-01,18,16.817723566098827
FOODS_3_694_CA_3_validation,2016-04-02,27,21.845305194701417
FOODS_3_694_CA_3_validation,2016-04-03,25,21.92499886461474
FOODS_3_694_CA_3_validation,2016-04-04,24,16.81303999996343
FOODS_3_694_CA_3_validation,2016-04-05,18,16.79859797996402
FOODS_3_694_CA_3_validation,2016-04-06,20,16.78927526300384
FOODS_3_694_CA_3_validation,2016-04-07,31,16.591930483745116
FOODS_3_694_CA_3_validation,2016-04-08,29,16.631525126855717
FOODS_3_694_CA_3_validation,2016-04-09,23,21.09529814373725
FOODS_3_694_CA_3_validation,2016-04-10,27,21.09529814373725
FOODS_3_694_CA_3_validation,2016-04-11,15,15.12630332065497
FOODS_3_694_CA_3_validation,2016-04-12,22,15.42123305547004
FOODS_3_694_CA_3_validation,2016-04-13,9,17.603055374430717
FOODS_3_694_CA_3_validation,2016-04-14,17,18.87874801047797
FOODS_3_694_CA_3_validation,2016-04-15,8,18.848394430714915
FOODS_3_694_CA_3_validation,2016-04-16,16,21.00620126673534
FOODS_3_694_CA_3_validation,2016-04-17,20,20.756453530646414
FOODS_3_694_CA_3_validation,2016-04-18,17,19.12374563958843
FOODS_3_694_CA_3_validation,2016-04-19,20,18.923472555714916
FOODS_3_694_CA_3_validation,2016-04-20,16,18.701406356520724
FOODS_3_694_CA_3_validation,2016-04-21,19,18.848394430714915
FOODS_3_694_CA_3_validation,2016-04-22,22,18.913472555714915
FOODS_3_694_CA_3_validation,2016-04-23,24,20.88887149476756
FOODS_3_694_CA_3_validation,2016-04-24,24,20.600681032856752
FOODS_3_694_TX_1_validation,2016-03-28,13,15.569395872654596
FOODS_3_694_TX_1_validation,2016-03-29,18,15.791435938649533
FOODS_3_694_TX_1_validation,2016-03-30,17,15.742332825402457
FOODS_3_694_TX_1_validation,2016-03-31,12,17.587986158111892
FOODS_3_694_TX_1_validation,2016-04-01,24,20.426108430829355
FOODS_3_694_TX_1_validation,2016-04-02,26,20.93645254580381
FOODS_3_694_TX_1_validation,2016-04-03,26,20.92924558161597
FOODS_3_694_TX_1_validation,2016-04-04,17,19.354321273314586
FOODS_3_694_TX_1_validation,2016-04-05,18,18.90659747166316
FOODS_3_694_TX_1_validation,2016-04-06,22,18.809523137814917
FOODS_3_694_TX_1_validation,2016-04-07,21,18.844108645920745
FOODS_3_694_TX_1_validation,2016-04-08,25,18.702968932593826
FOODS_3_694_TX_1_validation,2016-04-09,31,21.259606227488543
FOODS_3_694_TX_1_validation,2016-04-10,22,24.888066655665167
FOODS_3_694_TX_1_validation,2016-04-11,18,19.74600185685113
FOODS_3_694_TX_1_validation,2016-04-12,11,21.22879236101439
FOODS_3_694_TX_1_validation,2016-04-13,11,19.764359520643772
FOODS_3_694_TX_1_validation,2016-04-14,19,19.664679426953384
FOODS_3_694_TX_1_validation,2016-04-15,16,20.08171651773787
FOODS_3_694_TX_1_validation,2016-04-16,17,23.004469517327024
FOODS_3_694_TX_1_validation,2016-04-17,25,23.148267547122508
FOODS_3_694_TX_1_validation,2016-04-18,17,18.19833891685712
FOODS_3_694_TX_1_validation,2016-04-19,21,17.465284123854097
FOODS_3_694_TX_1_validation,2016-04-20,12,17.220579711114606
FOODS_3_694_TX_1_validation,2016-04-21,16,17.09399230682022
FOODS_3_694_TX_1_validation,2016-04-22,16,18.648449304309544
FOODS_3_694_TX_1_validation,2016-04-23,22,23.951744905496543
FOODS_3_694_TX_1_validation,2016-04-24,29,24.036739847782506
FOODS_3_694_WI_1_validation,2016-03-28,12,17.576714277734542
FOODS_3_694_WI_1_validation,2016-03-29,16,17.289622357339134
FOODS_3_694_WI_1_validation,2016-03-30,18,17.685549448870223
FOODS_3_694_WI_1_validation,2016-03-31,18,17.50970543837669
FOODS_3_694_WI_1_validation,2016-04-01,31,19.4997614820474
FOODS_3_694_WI_1_validation,2016-04-02,26,25.23618391224417
FOODS_3_694_WI_1_validation,2016-04-03,28,23.555382402608206
FOODS_3_694_WI_1_validation,2016-04-04,16,17.9742017833232
FOODS_3_694_WI_1_validation,2016-04-05,16,19.585848729285033
FOODS_3_694_WI_1_validation,2016-04-06,12,19.512144621359358
FOODS_3_694_WI_1_validation,2016-04-07,16,18.807154377459042
FOODS_3_694_WI_1_validation,2016-04-08,21,20.051967493427572
FOODS_3_694_WI_1_validation,2016-04-09,24,27.217880800961783
FOODS_3_694_WI_1_validation,2016-04-10,27,28.63909283840851
FOODS_3_694_WI_1_validation,2016-04-11,21,19.875999464886725
FOODS_3_694_WI_1_validation,2016-04-12,17,19.819893638444263
FOODS_3_694_WI_1_validation,2016-04-13,16,17.94481557504161
FOODS_3_694_WI_1_validation,2016-04-14,14,18.805792432136965
FOODS_3_694_WI_1_validation,2016-04-15,21,19.790662349522332
FOODS_3_694_WI_1_validation,2016-04-16,34,23.883530459374718
FOODS_3_694_WI_1_validation,2016-04-17,32,23.88866725329722
FOODS_3_694_WI_1_validation,2016-04-18,27,17.163648129754915
FOODS_3_694_WI_1_validation,2016-04-19,14,17.1409792211343
FOODS_3_694_WI_1_validation,2016-04-20,12,17.08317018402232
FOODS_3_694_WI_1_validation,2016-04-21,14,17.06868243848101
FOODS_3_694_WI_1_validation,2016-04-22,18,18.508272475299705
FOODS_3_694_WI_1_validation,2016-04-23,28,25.149242394460043
FOODS_3_694_WI_1_validation,2016-04-24,24,23.654838150610132
FOODS_3_694_WI_2_validation,2016-03-28,30,31.85391787308877
FOODS_3_694_WI_2_validation,2016-03-29,24,32.996191854700875
FOODS_3_694_WI_2_validation,2016-03-30,37,32.996191854700875
FOODS_3_694_WI_2_validation,2016-03-31,35,33.68016126791173
FOODS_3_694_WI_2_validation,2016-04-01,52,40.792288102732535
FOODS_3_694_WI_2_validation,2016-04-02,44,44.48951743835355
FOODS_3_694_WI_2_validation,2016-04-03,41,46.3292867883124
FOODS_3_694_WI_2_validation,2016-04-04,32,36.94561202884301
FOODS_3_694_WI_2_validation,2016-04-05,33,39.33264105557653
FOODS_3_694_WI_2_validation,2016-04-06,36,39.33959777507843
FOODS_3_694_WI_2_validation,2016-04-07,37,36.051783117295855
FOODS_3_694_WI_2_validation,2016-04-08,37,40.55943638364487
FOODS_3_694_WI_2_validation,2016-04-09,43,47.49900704512437
FOODS_3_694_WI_2_validation,2016-04-10,34,44.54971740085862
FOODS_3_694_WI_2_validation,2016-04-11,45,38.3451378618136
FOODS_3_694_WI_2_validation,2016-04-12,37,38.87614911460793
FOODS_3_694_WI_2_validation,2016-04-13,27,35.78469190635295
FOODS_3_694_WI_2_validation,2016-04-14,45,36.02455275571615
FOODS_3_694_WI_2_validation,2016-04-15,41,42.114162258202676
FOODS_3_694_WI_2_validation,2016-04-16,44,44.51503824467426
FOODS_3_694_WI_2_validation,2016-04-17,52,44.508761505967016
FOODS_3_694_WI_2_validation,2016-04-18,38,34.23800335119736
FOODS_3_694_WI_2_validation,2016-04-19,31,35.04050362009448
FOODS_3_694_WI_2_validation,2016-04-20,32,34.74522516626935
FOODS_3_694_WI_2_validation,2016-04-21,32,34.24247381788287
FOODS_3_694_WI_2_validation,2016-04-22,31,41.74783616767253
FOODS_3_694_WI_2_validation,2016-04-23,33,47.73348405341242
FOODS_3_694_WI_2_validation,2016-04-24,29,43.41645861488917
FOODS_3_694_WI_3_validation,2016-03-28,36,37.88143937821911
FOODS_3_694_WI_3_validation,2016-03-29,44,38.87807047052988
FOODS_3_694_WI_3_validation,2016-03-30,39,40.02343602468551
FOODS_3_694_WI_3_validation,2016-03-31,39,40.34721795071443
FOODS_3_694_WI_3_validation,2016-04-01,46,49.60775497395392
FOODS_3_694_WI_3_validation,2016-04-02,56,56.51479105854852
FOODS_3_694_WI_3_validation,2016-04-03,54,49.27679325685754
FOODS_3_694_WI_3_validation,2016-04-04,29,39.63537771423716
FOODS_3_694_WI_3_validation,2016-04-05,43,43.00133766194754
FOODS_3_694_WI_3_validation,2016-04-06,31,41.91343315776769
FOODS_3_694_WI_3_validation,2016-04-07,34,41.920935449246564
FOODS_3_694_WI_3_validation,2016-04-08,48,49.701488980505246
FOODS_3_694_WI_3_validation,2016-04-09,61,54.98622954086434
FOODS_3_694_WI_3_validation,2016-04-10,42,48.446682464845004
FOODS_3_694_WI_3_validation,2016-04-11,41,39.32451908747108
FOODS_3_694_WI_3_validation,2016-04-12,34,38.36937963486429
FOODS_3_694_WI_3_validation,2016-04-13,37,38.09222773515218
FOODS_3_694_WI_3_validation,2016-04-14,51,42.42468245441861
FOODS_3_694_WI_3_validation,2016-04-15,65,42.12525276076289
FOODS_3_694_WI_3_validation,2016-04-16,58,50.91670964344534
FOODS_3_694_WI_3_validation,2016-04-17,59,50.7533683060949
FOODS_3_694_WI_3_validation,2016-04-18,54,40.07066978395508
FOODS_3_694_WI_3_validation,2016-04-19,42,39.64915241984202
FOODS_3_694_WI_3_validation,2016-04-20,34,38.39088733671181
FOODS_3_694_WI_3_validation,2016-04-21,34,37.55688538234881
FOODS_3_694_WI_3_validation,2016-04-22,46,49.686612651741264
FOODS_3_694_WI_3_validation,2016-04-23,46,54.856433834606484
FOODS_3_694_WI_3_validation,2016-04-24,48,49.22203854732942
FOODS_3_711_CA_3_validation,2016-03-28,13,13.944324959422502
FOODS_3_711_CA_3_validation,2016-03-29,1,19.069635736292845
FOODS_3_711_CA_3_validation,2016-03-30,7,17.92836910239094
FOODS_3_711_CA_3_validation,2016-03-31,11,18.658740756672138
FOODS_3_711_CA_3_validation,2016-04-01,33,21.13700649694902
FOODS_3_711_CA_3_validation,2016-04-02,4,22.405529987730848
FOODS_3_711_CA_3_validation,2016-04-03,1,22.725418010558414
FOODS_3_711_CA_3_validation,2016-04-04,0,22.83325043939851
FOODS_3_711_CA_3_validation,2016-04-05,0,19.003616126637354
FOODS_3_711_CA_3_validation,2016-04-06,33,18.906971036494223
FOODS_3_711_CA_3_validation,2016-04-07,26,18.917189050339534
FOODS_3_711_CA_3_validation,2016-04-08,6,18.917189050339534
FOODS_3_711_CA_3_validation,2016-04-09,6,20.33264893110129
FOODS_3_711_CA_3_validation,2016-04-10,18,16.64872888161996
FOODS_3_711_CA_3_validation,2016-04-11,21,13.643321873928674
FOODS_3_711_CA_3_validation,2016-04-12,7,13.603256881991275
FOODS_3_711_CA_3_validation,2016-04-13,0,13.643321873928674
FOODS_3_711_CA_3_validation,2016-04-14,0,13.59590775324279
FOODS_3_711_CA_3_validation,2016-04-15,15,13.59590775324279
FOODS_3_711_CA_3_validation,2016-04-16,3,16.364594760698157
FOODS_3_711_CA_3_validation,2016-04-17,15,16.395478144077853
FOODS_3_711_CA_3_validation,2016-04-18,28,11.178784661151235
FOODS_3_711_CA_3_validation,2016-04-19,2,13.643321873928674
FOODS_3_711_CA_3_validation,2016-04-20,2,13.643321873928674
FOODS_3_711_CA_3_validation,2016-04-21,0,13.689616953434847
FOODS_3_711_CA_3_validation,2016-04-22,0,13.695963592430815
FOODS_3_711_CA_3_validation,2016-04-23,4,17.503010104915223
FOODS_3_711_CA_3_validation,2016-04-24,6,17.748453225972717
FOODS_3_711_WI_2_validation,2016-03-28,10,20.967825881989462
FOODS_3_711_WI_2_validation,2016-03-29,57,16.049639173380143
FOODS_3_711_WI_2_validation,2016-03-30,0,17.031469541277676
FOODS_3_711_WI_2_validation,2016-03-31,0,15.174261371935932
FOODS_3_711_WI_2_validation,2016-04-01,0,16.807430228418262
FOODS_3_711_WI_2_validation,2016-04-02,0,28.41196836053468
FOODS_3_711_WI_2_validation,2016-04-03,1,24.326915136919634
FOODS_3_711_WI_2_validation,2016-04-04,0,15.273891716330688
FOODS_3_711_WI_2_validation,2016-04-05,0,22.314073990969483
FOODS_3_711_WI_2_validation,2016-04-06,0,23.271887756913497
FOODS_3_711_WI_2_validation,2016-04-07,0,12.198043734237908
FOODS_3_711_WI_2_validation,2016-04-08,1,35.28452801868629
FOODS_3_711_WI_2_validation,2016-04-09,1,23.64756351476657
FOODS_3_711_WI_2_validation,2016-04-10,0,17.5292027004732
FOODS_3_711_WI_2_validation,2016-04-11,0,33.723618436830364
FOODS_3_711_WI_2_validation,2016-04-12,0,23.707022032350547
FOODS_3_711_WI_2_validation,2016-04-13,2,16.94818425193274
FOODS_3_711_WI_2_validation,2016-04-14,0,19.83613486813838
FOODS_3_711_WI_2_validation,2016-04-15,0,27.018652216107565
FOODS_3_711_WI_2_validation,2016-04-16,0,20.136080971676673
FOODS_3_711_WI_2_validation,2016-04-17,0,21.33166357959603
FOODS_3_711_WI_2_validation,2016-04-18,47,16.814049623269785
FOODS_3_711_WI_2_validation,2016-04-19,38,16.28948945836441
FOODS_3_711_WI_2_validation,2016-04-20,8,16.341876118121846
FOODS_3_711_WI_2_validation,2016-04-21,20,16.510742515944333
FOODS_3_711_WI_2_validation,2016-04-22,26,16.545917215550194
FOODS_3_711_WI_2_validation,2016-04-23,21,22.940774823965295
FOODS_3_711_WI_2_validation,2016-04-24,18,18.058993759511495
FOODS_3_714_CA_1_validation,2016-03-28,11,15.569395872654596
FOODS_3_714_CA_1_validation,2016-03-29,4,15.55372244722492
FOODS_3_714_CA_1_validation,2016-03-30,13,15.55372244722492
FOODS_3_714_CA_1_validation,2016-03-31,19,15.742332825402457
FOODS_3_714_CA_1_validation,2016-04-01,29,17.239540476716904
FOODS_3_714_CA_1_validation,2016-04-02,40,22.72864655532773
FOODS_3_714_CA_1_validation,2016-04-03,23,24.342955892592276
FOODS_3_714_CA_1_validation,2016-04-04,25,17.114006540639323
FOODS_3_714_CA_1_validation,2016-04-05,19,17.002325903524223
FOODS_3_714_CA_1_validation,2016-04-06,15,17.24458337932112
FOODS_3_714_CA_1_validation,2016-04-07,15,17.519850506405927
FOODS_3_714_CA_1_validation,2016-04-08,18,17.734834190259903
FOODS_3_714_CA_1_validation,2016-04-09,33,24.687639131999287
FOODS_3_714_CA_1_validation,2016-04-10,25,22.112671938256494
FOODS_3_714_CA_1_validation,2016-04-11,7,15.769521855513783
FOODS_3_714_CA_1_validation,2016-04-12,5,15.626181827797188
FOODS_3_714_CA_1_validation,2016-04-13,11,15.619231630206116
FOODS_3_714_CA_1_validation,2016-04-14,9,15.472990145655727
FOODS_3_714_CA_1_validation,2016-04-15,20,15.56552645925787
FOODS_3_714_CA_1_validation,2016-04-16,37,24.358875328487603
FOODS_3_714_CA_1_validation,2016-04-17,37,23.93784580651353
FOODS_3_714_CA_1_validation,2016-04-18,15,15.758227472462057
FOODS_3_714_CA_1_validation,2016-04-19,6,16.419885389998377
FOODS_3_714_CA_1_validation,2016-04-20,10,16.527190731480122
FOODS_3_714_CA_1_validation,2016-04-21,12,16.763313114023376
FOODS_3_714_CA_1_validation,2016-04-22,18,19.182651628994286
FOODS_3_714_CA_1_validation,2016-04-23,22,28.573671852689987
FOODS_3_714_CA_1_validation,2016-04-24,27,26.79185310241763
FOODS_3_714_CA_3_validation,2016-03-28,26,25.391580254592967
FOODS_3_714_CA_3_validation,2016-03-29,28,25.76883139476226
FOODS_3_714_CA_3_validation,2016-03-30,34,24.998864412419653
FOODS_3_714_CA_3_validation,2016-03-31,25,24.91006134493898
FOODS_3_714_CA_3_validation,2016-04-01,34,25.24410062678296
FOODS_3_714_CA_3_validation,2016-04-02,39,37.29891925720753
FOODS_3_714_CA_3_validation,2016-04-03,35,35.36979150689309
FOODS_3_714_CA_3_validation,2016-04-04,29,24.883688860390198
FOODS_3_714_CA_3_validation,2016-04-05,45,25.188955976217855
FOODS_3_714_CA_3_validation,2016-04-06,41,25.489220463427877
FOODS_3_714_CA_3_validation,2016-04-07,38,24.744240462288225
FOODS_3_714_CA_3_validation,2016-04-08,30,28.88138742594793
FOODS_3_714_CA_3_validation,2016-04-09,32,33.99486624121537
FOODS_3_714_CA_3_validation,2016-04-10,13,30.97707907178246
FOODS_3_714_CA_3_validation,2016-04-11,18,23.00005460435466
FOODS_3_714_CA_3_validation,2016-04-12,24,22.500504673875135
FOODS_3_714_CA_3_validation,2016-04-13,41,21.905538322824512
FOODS_3_714_CA_3_validation,2016-04-14,29,24.75924650247693
FOODS_3_714_CA_3_validation,2016-04-15,31,28.269323037305526
FOODS_3_714_CA_3_validation,2016-04-16,35,36.80733159271552
FOODS_3_714_CA_3_validation,2016-04-17,57,35.00464555284578
FOODS_3_714_CA_3_validation,2016-04-18,24,25.70422609007795
FOODS_3_714_CA_3_validation,2016-04-19,25,25.765873499206702
FOODS_3_714_CA_3_validation,2016-04-20,33,25.184478592105567
FOODS_3_714_CA_3_validation,2016-04-21,23,26.304916584361003
FOODS_3_714_CA_3_validation,2016-04-22,20,28.819083919266053
FOODS_3_714_CA_3_validation,2016-04-23,42,37.97696965868559
FOODS_3_714_CA_3_validation,2016-04-24,40,35.3963624351846
FOODS_3_714_TX_1_validation,2016-03-28,9,15.451738341202015
FOODS_3_714_TX_1_validation,2016-03-29,15,15.575572180702798
FOODS_3_714_TX_1_validation,2016-03-30,14,15.907446302358089
FOODS_3_714_TX_1_validation,2016-03-31,12,16.35143975210666
FOODS_3_714_TX_1_validation,2016-04-01,25,17.517475157340574
FOODS_3_714_TX_1_validation,2016-04-02,21,23.765351128098995
FOODS_3_714_TX_1_validation,2016-04-03,28,24.441312011888602
FOODS_3_714_TX_1_validation,2016-04-04,14,16.758296102905046
FOODS_3_714_TX_1_validation,2016-04-05,23,17.330645719008952
FOODS_3_714_TX_1_validation,2016-04-06,16,17.215405378257486
FOODS_3_714_TX_1_validation,2016-04-07,23,16.79184702232246
FOODS_3_714_TX_1_validation,2016-04-08,24,15.738745687762062
FOODS_3_714_TX_1_validation,2016-04-09,30,23.52426067025234
FOODS_3_714_TX_1_validation,2016-04-10,34,22.294892038422486
FOODS_3_714_TX_1_validation,2016-04-11,19,20.008571251241666
FOODS_3_714_TX_1_validation,2016-04-12,19,20.23881241921105
FOODS_3_714_TX_1_validation,2016-04-13,13,17.780243359288775
FOODS_3_714_TX_1_validation,2016-04-14,21,17.7706396265468
FOODS_3_714_TX_1_validation,2016-04-15,17,18.593399249548995
FOODS_3_714_TX_1_validation,2016-04-16,31,22.19656971928242
FOODS_3_714_TX_1_validation,2016-04-17,21,22.159512167372455
FOODS_3_714_TX_1_validation,2016-04-18,14,15.852355720723356
FOODS_3_714_TX_1_validation,2016-04-19,10,15.949719710308653
FOODS_3_714_TX_1_validation,2016-04-20,20,16.00309749214852
FOODS_3_714_TX_1_validation,2016-04-21,14,15.66383575298215
FOODS_3_714_TX_1_validation,2016-04-22,21,16.038491118014214
FOODS_3_714_TX_1_validation,2016-04-23,32,21.997140276918298
FOODS_3_714_TX_1_validation,2016-04-24,20,22.161891769972808
FOODS_3_714_TX_2_validation,2016-03-28,23,18.209134719871955
FOODS_3_714_TX_2_validation,2016-03-29,23,18.910865096753668
FOODS_3_714_TX_2_validation,2016-03-30,16,18.683534490254143
FOODS_3_714_TX_2_validation,2016-03-31,22,19.74647372612767
FOODS_3_714_TX_2_validation,2016-04-01,21,22.172833438032022
FOODS_3_714_TX_2_validation,2016-04-02,34,30.41064340837179
FOODS_3_714_TX_2_validation,2016-04-03,42,29.88053332995565
FOODS_3_714_TX_2_validation,2016-04-04,18,22.028660645636446
FOODS_3_714_TX_2_validation,2016-04-05,18,21.334273868880814
FOODS_3_714_TX_2_validation,2016-04-06,15,21.55418456715987
FOODS_3_714_TX_2_validation,2016-04-07,23,21.61292295421975
FOODS_3_714_TX_2_validation,2016-04-08,28,23.580892156294407
FOODS_3_714_TX_2_validation,2016-04-09,26,29.996135429999228
FOODS_3_714_TX_2_validation,2016-04-10,22,30.462087309819825
FOODS_3_714_TX_2_validation,2016-04-11,25,23.86247257287308
FOODS_3_714_TX_2_validation,2016-04-12,13,22.892921045157074
FOODS_3_714_TX_2_validation,2016-04-13,13,22.75337608048757
FOODS_3_714_TX_2_validation,2016-04-14,18,21.50315618909211
FOODS_3_714_TX_2_validation,2016-04-15,29,24.637000591251752
FOODS_3_714_TX_2_validation,2016-04-16,17,30.929040198745234
FOODS_3_714_TX_2_validation,2016-04-17,30,31.321696410576205
FOODS_3_714_TX_2_validation,2016-04-18,13,22.261456050971628
FOODS_3_714_TX_2_validation,2016-04-19,21,22.57661291166445
FOODS_3_714_TX_2_validation,2016-04-20,12,22.88087648709266
FOODS_3_714_TX_2_validation,2016-04-21,32,22.488479089441697
FOODS_3_714_TX_2_validation,2016-04-22,39,25.280290658357654
FOODS_3_714_TX_2_validation,2016-04-23,20,35.32246195510079
FOODS_3_714_TX_2_validation,2016-04-24,15,34.07509454157353
FOODS_3_714_TX_3_validation,2016-03-28,8,19.1818496758345
FOODS_3_714_TX_3_validation,2016-03-29,21,19.555339789789514
FOODS_3_714_TX_3_validation,2016-03-30,24,18.841357630471013
FOODS_3_714_TX_3_validation,2016-03-31,28,19.722512935965373
FOODS_3_714_TX_3_validation,2016-04-01,22,20.13491287182258
FOODS_3_714_TX_3_validation,2016-04-02,27,29.707817851412457
FOODS_3_714_TX_3_validation,2016-04-03,29,28.662264472097036
FOODS_3_714_TX_3_validation,2016-04-04,42,19.319948027122162
FOODS_3_714_TX_3_validation,2016-04-05,33,19.86112836605457
FOODS_3_714_TX_3_validation,2016-04-06,29,19.86112836605457
FOODS_3_714_TX_3_validation,2016-04-07,24,20.455719182147043
FOODS_3_714_TX_3_validation,2016-04-08,23,21.043812545004748
FOODS_3_714_TX_3_validation,2016-04-09,28,30.927892886177833
FOODS_3_714_TX_3_validation,2016-04-10,24,27.98894960684658
FOODS_3_714_TX_3_validation,2016-04-11,11,23.838932091130708
FOODS_3_714_TX_3_validation,2016-04-12,17,22.508931616464892
FOODS_3_714_TX_3_validation,2016-04-13,23,25.006545974302313
FOODS_3_714_TX_3_validation,2016-04-14,17,20.42903529194872
FOODS_3_714_TX_3_validation,2016-04-15,29,25.743899059509143
FOODS_3_714_TX_3_validation,2016-04-16,26,27.872136831545184
FOODS_3_714_TX_3_validation,2016-04-17,27,31.07913082029465
FOODS_3_714_TX_3_validation,2016-04-18,13,21.11881644531461
FOODS_3_714_TX_3_validation,2016-04-19,19,20.97516769985204
FOODS_3_714_TX_3_validation,2016-04-20,8,20.4299862580878
FOODS_3_714_TX_3_validation,2016-04-21,15,18.538315794722195
FOODS_3_714_TX_3_validation,2016-04-22,17,24.72671622136954
FOODS_3_714_TX_3_validation,2016-04-23,30,31.799263242663425
FOODS_3_714_TX_3_validation,2016-04-24,19,28.226070624760446
FOODS_3_714_WI_3_validation,2016-03-28,11,17.86331281207155
FOODS_3_714_WI_3_validation,2016-03-29,33,17.77487268827899
FOODS_3_714_WI_3_validation,2016-03-30,13,17.825170923064608
FOODS_3_714_WI_3_validation,2016-03-31,4,19.805647843669146
FOODS_3_714_WI_3_validation,2016-04-01,32,23.222080723286826
FOODS_3_714_WI_3_validation,2016-04-02,21,26.209689578440845
FOODS_3_714_WI_3_validation,2016-04-03,13,25.33406663395025
FOODS_3_714_WI_3_validation,2016-04-04,11,21.764926122410575
FOODS_3_714_WI_3_validation,2016-04-05,21,23.357630377542478
FOODS_3_714_WI_3_validation,2016-04-06,8,23.55195583553866
FOODS_3_714_WI_3_validation,2016-04-07,9,22.268465476185963
FOODS_3_714_WI_3_validation,2016-04-08,24,22.826290587742196
FOODS_3_714_WI_3_validation,2016-04-09,22,30.887737864226583
FOODS_3_714_WI_3_validation,2016-04-10,16,29.52767304333489
FOODS_3_714_WI_3_validation,2016-04-11,19,22.817526283329958
FOODS_3_714_WI_3_validation,2016-04-12,16,20.83724831381871
FOODS_3_714_WI_3_validation,2016-04-13,13,20.13248884949264
FOODS_3_714_WI_3_validation,2016-04-14,30,20.410434513751035
FOODS_3_714_WI_3_validation,2016-04-15,31,20.876088574944745
FOODS_3_714_WI_3_validation,2016-04-16,40,27.58202126041496
FOODS_3_714_WI_3_validation,2016-04-17,10,24.30704610857456
FOODS_3_714_WI_3_validation,2016-04-18,20,17.371650892528365
FOODS_3_714_WI_3_validation,2016-04-19,18,17.51567896770846
FOODS_3_714_WI_3_validation,2016-04-20,16,17.404439933975162
FOODS_3_714_WI_3_validation,2016-04-21,25,19.61648914636215
FOODS_3_714_WI_3_validation,2016-04-22,26,20.31599099082946
FOODS_3_714_WI_3_validation,2016-04-23,36,26.975345940513296
FOODS_3_714_WI_3_validation,2016-04-24,20,28.22674506134373
FOODS_3_723_CA_3_validation,2016-03-28,14,24.681152812320036
FOODS_3_723_CA_3_validation,2016-03-29,19,24.18943173627963
FOODS_3_723_CA_3_validation,2016-03-30,14,23.36311697240139
FOODS_3_723_CA_3_validation,2016-03-31,56,24.64007186259067
FOODS_3_723_CA_3_validation,2016-04-01,31,29.643214948941342
FOODS_3_723_CA_3_validation,2016-04-02,35,31.976266368162005
FOODS_3_723_CA_3_validation,2016-04-03,19,34.17505594749965
FOODS_3_723_CA_3_validation,2016-04-04,30,21.30806116152295
FOODS_3_723_CA_3_validation,2016-04-05,22,22.812966196680215
FOODS_3_723_CA_3_validation,2016-04-06,12,24.848894980609817
FOODS_3_723_CA_3_validation,2016-04-07,30,26.431375852360944
FOODS_3_723_CA_3_validation,2016-04-08,26,25.033186405990786
FOODS_3_723_CA_3_validation,2016-04-09,34,33.78076852957029
FOODS_3_723_CA_3_validation,2016-04-10,28,30.69659140305373
FOODS_3_723_CA_3_validation,2016-04-11,17,21.436837821698855
FOODS_3_723_CA_3_validation,2016-04-12,18,22.995716050485047
FOODS_3_723_CA_3_validation,2016-04-13,22,22.765157982463734
FOODS_3_723_CA_3_validation,2016-04-14,18,20.866131353670944
FOODS_3_723_CA_3_validation,2016-04-15,28,24.46316029947759
FOODS_3_723_CA_3_validation,2016-04-16,32,32.469025690908985
FOODS_3_723_CA_3_validation,2016-04-17,42,29.645834218876253
FOODS_3_723_CA_3_validation,2016-04-18,21,20.736673732832557
FOODS_3_723_CA_3_validation,2016-04-19,18,19.623499825636028
FOODS_3_723_CA_3_validation,2016-04-20,26,19.429246371412706
FOODS_3_723_CA_3_validation,2016-04-21,12,19.929730345828567
FOODS_3_723_CA_3_validation,2016-04-22,31,24.80323025992082
FOODS_3_723_CA_3_validation,2016-04-23,48,35.41538500080703
FOODS_3_723_CA_3_validation,2016-04-24,23,29.787124890323884
FOODS_3_723_WI_3_validation,2016-03-28,30,26.11132436514044
FOODS_3_723_WI_3_validation,2016-03-29,23,24.26362183485693
FOODS_3_723_WI_3_validation,2016-03-30,17,24.514558218976433
FOODS_3_723_WI_3_validation,2016-03-31,18,26.44442408174974
FOODS_3_723_WI_3_validation,2016-04-01,39,31.062522763624628
FOODS_3_723_WI_3_validation,2016-04-02,40,43.98167078066555
FOODS_3_723_WI_3_validation,2016-04-03,30,36.52499059109808
FOODS_3_723_WI_3_validation,2016-04-04,24,24.989768906732483
FOODS_3_723_WI_3_validation,2016-04-05,20,26.235259772369297
FOODS_3_723_WI_3_validation,2016-04-06,21,25.236897526206736
FOODS_3_723_WI_3_validation,2016-04-07,20,24.428151444159734
FOODS_3_723_WI_3_validation,2016-04-08,26,27.342470047748602
FOODS_3_723_WI_3_validation,2016-04-09,43,34.14217548901902
FOODS_3_723_WI_3_validation,2016-04-10,34,34.74882639889425
FOODS_3_723_WI_3_validation,2016-04-11,23,23.74072374626482
FOODS_3_723_WI_3_validation,2016-04-12,25,29.921831519209785
FOODS_3_723_WI_3_validation,2016-04-13,19,24.489530387647438
FOODS_3_723_WI_3_validation,2016-04-14,32,27.621115952993637
FOODS_3_723_WI_3_validation,2016-04-15,30,28.170003616057834
FOODS_3_723_WI_3_validation,2016-04-16,37,38.820227111663286
FOODS_3_723_WI_3_validation,2016-04-17,38,37.86832288983903
FOODS_3_723_WI_3_validation,2016-04-18,21,24.396725335669302
FOODS_3_723_WI_3_validation,2016-04-19,15,24.86318698078895
FOODS_3_723_WI_3_validation,2016-04-20,24,24.20780215018335
FOODS_3_723_WI_3_validation,2016-04-21,16,23.332245184430736
FOODS_3_723_WI_3_validation,2016-04-22,27,28.88849874259911
FOODS_3_723_WI_3_validation,2016-04-23,42,38.91383250603661
FOODS_3_723_WI_3_validation,2016-04-24,41,40.68898868547914
FOODS_3_752_CA_3_validation,2016-03-28,15,13.925556087423269
FOODS_3_752_CA_3_validation,2016-03-29,9,13.915061040473631
FOODS_3_752_CA_3_validation,2016-03-30,12,13.633081457927581
FOODS_3_752_CA_3_validation,2016-03-31,6,13.633081457927581
FOODS_3_752_CA_3_validation,2016-04-01,7,18.244193199589567
FOODS_3_752_CA_3_validation,2016-04-02,13,18.637746885059897
FOODS_3_752_CA_3_validation,2016-04-03,14,18.453231199546835
FOODS_3_752_CA_3_validation,2016-04-04,15,20.9433302296833
FOODS_3_752_CA_3_validation,2016-04-05,4,18.207081565731176
FOODS_3_752_CA_3_validation,2016-04-06,23,18.193822886089198
FOODS_3_752_CA_3_validation,2016-04-07,10,18.08575039374369
FOODS_3_752_CA_3_validation,2016-04-08,51,17.76518044191138
FOODS_3_752_CA_3_validation,2016-04-09,7,19.009574155459863
FOODS_3_752_CA_3_validation,2016-04-10,29,19.57888000711631
FOODS_3_752_CA_3_validation,2016-04-11,9,13.563426882422654
FOODS_3_752_CA_3_validation,2016-04-12,37,13.657005109900002
FOODS_3_752_CA_3_validation,2016-04-13,1,13.6838791989914
FOODS_3_752_CA_3_validation,2016-04-14,1,13.581850124911169
FOODS_3_752_CA_3_validation,2016-04-15,21,13.872742774686355
FOODS_3_752_CA_3_validation,2016-04-16,13,15.268646961770482
FOODS_3_752_CA_3_validation,2016-04-17,26,15.21705067874467
FOODS_3_752_CA_3_validation,2016-04-18,61,13.563426882422654
FOODS_3_752_CA_3_validation,2016-04-19,6,13.563426882422654
FOODS_3_752_CA_3_validation,2016-04-20,19,13.476030147500062
FOODS_3_752_CA_3_validation,2016-04-21,10,13.428520923407332
FOODS_3_752_CA_3_validation,2016-04-22,2,13.355783981066379
FOODS_3_752_CA_3_validation,2016-04-23,1,15.75132970978657
FOODS_3_752_CA_3_validation,2016-04-24,3,15.605657307084925
FOODS_3_804_CA_3_validation,2016-03-28,18,15.20499441080769
FOODS_3_804_CA_3_validation,2016-03-29,0,15.572544621090254
FOODS_3_804_CA_3_validation,2016-03-30,13,17.950343030832588
FOODS_3_804_CA_3_validation,2016-03-31,10,15.714517064268389
FOODS_3_804_CA_3_validation,2016-04-01,14,18.688062725363384
FOODS_3_804_CA_3_validation,2016-04-02,28,20.277915642636145
FOODS_3_804_CA_3_validation,2016-04-03,15,20.8469276693375
FOODS_3_804_CA_3_validation,2016-04-04,17,18.10331658495986
FOODS_3_804_CA_3_validation,2016-04-05,14,20.492168089039623
FOODS_3_804_CA_3_validation,2016-04-06,0,18.084244719315663
FOODS_3_804_CA_3_validation,2016-04-07,0,18.135533569058335
FOODS_3_804_CA_3_validation,2016-04-08,0,18.33441867644535
FOODS_3_804_CA_3_validation,2016-04-09,0,21.764692446571665
FOODS_3_804_CA_3_validation,2016-04-10,0,21.555004425403407
FOODS_3_804_CA_3_validation,2016-04-11,0,15.06386277720746
FOODS_3_804_CA_3_validation,2016-04-12,0,15.030073852014628
FOODS_3_804_CA_3_validation,2016-04-13,0,15.04043157621237
FOODS_3_804_CA_3_validation,2016-04-14,0,19.509291860190878
FOODS_3_804_CA_3_validation,2016-04-15,16,15.013587673378538
FOODS_3_804_CA_3_validation,2016-04-16,22,20.050543582426602
FOODS_3_804_CA_3_validation,2016-04-17,1,20.107195757383252
FOODS_3_804_CA_3_validation,2016-04-18,24,15.356875320114074
FOODS_3_804_CA_3_validation,2016-04-19,16,15.1390282131107
FOODS_3_804_CA_3_validation,2016-04-20,17,15.090706680041293
FOODS_3_804_CA_3_validation,2016-04-21,17,15.006160323267594
FOODS_3_804_CA_3_validation,2016-04-22,45,14.989674144631504
FOODS_3_804_CA_3_validation,2016-04-23,0,20.294518681760863
FOODS_3_804_CA_3_validation,2016-04-24,18,20.552238343537134
FOODS_3_808_CA_1_validation,2016-03-28,16,14.965416144490163
FOODS_3_808_CA_1_validation,2016-03-29,1,14.965416144490163
FOODS_3_808_CA_1_validation,2016-03-30,3,14.965416144490163
FOODS_3_808_CA_1_validation,2016-03-31,13,14.94490566244568
FOODS_3_808_CA_1_validation,2016-04-01,6,16.48257589041983
FOODS_3_808_CA_1_validation,2016-04-02,0,20.207277745424765
FOODS_3_808_CA_1_validation,2016-04-03,0,20.459138511196485
FOODS_3_808_CA_1_validation,2016-04-04,0,16.385636672539878
FOODS_3_808_CA_1_validation,2016-04-05,0,16.385636672539878
FOODS_3_808_CA_1_validation,2016-04-06,0,16.385636672539878
FOODS_3_808_CA_1_validation,2016-04-07,0,16.398497871946528
FOODS_3_808_CA_1_validation,2016-04-08,0,8.833646465972231
FOODS_3_808_CA_1_validation,2016-04-09,0,10.63858216004488
FOODS_3_808_CA_1_validation,2016-04-10,0,9.311223419525852
FOODS_3_808_CA_1_validation,2016-04-11,0,8.988069634575613
FOODS_3_808_CA_1_validation,2016-04-12,0,8.737828839622896
FOODS_3_808_CA_1_validation,2016-04-13,0,8.680351096569968
FOODS_3_808_CA_1_validation,2016-04-14,0,8.680351096569968
FOODS_3_808_CA_1_validation,2016-04-15,0,8.680351096569968
FOODS_3_808_CA_1_validation,2016-04-16,0,9.645473381646546
FOODS_3_808_CA_1_validation,2016-04-17,0,9.415439022083008
FOODS_3_808_CA_1_validation,2016-04-18,0,9.143151539951232
FOODS_3_808_CA_1_validation,2016-04-19,0,8.427783454515401
FOODS_3_808_CA_1_validation,2016-04-20,0,8.412690461612229
FOODS_3_808_CA_1_validation,2016-04-21,0,8.409202089519205
FOODS_3_808_CA_1_validation,2016-04-22,0,8.409202089519205
FOODS_3_808_CA_1_validation,2016-04-23,0,9.310671434201412
FOODS_3_808_CA_1_validation,2016-04-24,0,9.351413275251447
FOODS_3_808_CA_3_validation,2016-03-28,37,30.688366419971153
FOODS_3_808_CA_3_validation,2016-03-29,27,29.890978703578934
FOODS_3_808_CA_3_validation,2016-03-30,41,28.788868946321326
FOODS_3_808_CA_3_validation,2016-03-31,1,28.16569325171318
FOODS_3_808_CA_3_validation,2016-04-01,0,28.38008425232626
FOODS_3_808_CA_3_validation,2016-04-02,0,25.15047558673475
FOODS_3_808_CA_3_validation,2016-04-03,0,29.435868224052633
FOODS_3_808_CA_3_validation,2016-04-04,0,26.10139511774175
FOODS_3_808_CA_3_validation,2016-04-05,0,25.49146807416672
FOODS_3_808_CA_3_validation,2016-04-06,4,23.97308612502456
FOODS_3_808_CA_3_validation,2016-04-07,0,29.80713154688319
FOODS_3_808_CA_3_validation,2016-04-08,0,25.78000802772246
FOODS_3_808_CA_3_validation,2016-04-09,0,28.721236338151677
FOODS_3_808_CA_3_validation,2016-04-10,0,30.06260182508304
FOODS_3_808_CA_3_validation,2016-04-11,0,15.843578236430961
FOODS_3_808_CA_3_validation,2016-04-12,0,18.36114506559332
FOODS_3_808_CA_3_validation,2016-04-13,0,18.131264007876226
FOODS_3_808_CA_3_validation,2016-04-14,0,19.71481324738976
FOODS_3_808_CA_3_validation,2016-04-15,0,20.539831089036802
FOODS_3_808_CA_3_validation,2016-04-16,2,17.38202276841828
FOODS_3_808_CA_3_validation,2016-04-17,0,16.80369219529443
FOODS_3_808_CA_3_validation,2016-04-18,0,12.453769579583794
FOODS_3_808_CA_3_validation,2016-04-19,0,14.887865100930572
FOODS_3_808_CA_3_validation,2016-04-20,0,17.973722241628348
FOODS_3_808_CA_3_validation,2016-04-21,0,17.939345018622213
FOODS_3_808_CA_3_validation,2016-04-22,0,19.982828337302927
FOODS_3_808_CA_3_validation,2016-04-23,0,17.066912743077634
FOODS_3_808_CA_3_validation,2016-04-24,0,17.528876153670936
HOUSEHOLD_1_118_CA_3_validation,2016-03-28,16,17.493082949473404
HOUSEHOLD_1_118_CA_3_validation,2016-03-29,14,17.302684781776225
HOUSEHOLD_1_118_CA_3_validation,2016-03-30,39,17.320809931167833
HOUSEHOLD_1_118_CA_3_validation,2016-03-31,17,19.66314506494977
HOUSEHOLD_1_118_CA_3_validation,2016-04-01,19,19.66842591937914
HOUSEHOLD_1_118_CA_3_validation,2016-04-02,27,23.504341066572906
HOUSEHOLD_1_118_CA_3_validation,2016-04-03,30,24.255764509910623
HOUSEHOLD_1_118_CA_3_validation,2016-04-04,35,20.696622897864636
HOUSEHOLD_1_118_CA_3_validation,2016-04-05,25,21.02151798168186
HOUSEHOLD_1_118_CA_3_validation,2016-04-06,21,20.93565243146669
HOUSEHOLD_1_118_CA_3_validation,2016-04-07,41,19.91602065748559
HOUSEHOLD_1_118_CA_3_validation,2016-04-08,8,21.11684738831987
HOUSEHOLD_1_118_CA_3_validation,2016-04-09,24,23.305263544729822
HOUSEHOLD_1_118_CA_3_validation,2016-04-10,24,24.646727281608086
HOUSEHOLD_1_118_CA_3_validation,2016-04-11,16,19.455297101161
HOUSEHOLD_1_118_CA_3_validation,2016-04-12,20,18.07750878222984
HOUSEHOLD_1_118_CA_3_validation,2016-04-13,9,18.13258014427393
HOUSEHOLD_1_118_CA_3_validation,2016-04-14,11,17.69937208271105
HOUSEHOLD_1_118_CA_3_validation,2016-04-15,21,18.669857595657128
HOUSEHOLD_1_118_CA_3_validation,2016-04-16,20,22.93422748310991
HOUSEHOLD_1_118_CA_3_validation,2016-04-17,38,23.03140692614479
HOUSEHOLD_1_118_CA_3_validation,2016-04-18,13,17.22975866741641
HOUSEHOLD_1_118_CA_3_validation,2016-04-19,22,16.773114632630314
HOUSEHOLD_1_118_CA_3_validation,2016-04-20,19,16.885507957301257
HOUSEHOLD_1_118_CA_3_validation,2016-04-21,52,16.14310342111781
HOUSEHOLD_1_118_CA_3_validation,2016-04-22,14,16.624237355710598
HOUSEHOLD_1_118_CA_3_validation,2016-04-23,25,22.90140961862114
HOUSEHOLD_1_118_CA_3_validation,2016-04-24,31,22.606983248369453
HOUSEHOLD_1_334_CA_3_validation,2016-03-28,7,15.607464512055339
HOUSEHOLD_1_334_CA_3_validation,2016-03-29,23,15.43452755930748
HOUSEHOLD_1_334_CA_3_validation,2016-03-30,4,17.254395734729385
HOUSEHOLD_1_334_CA_3_validation,2016-03-31,43,15.43452755930748
HOUSEHOLD_1_334_CA_3_validation,2016-04-01,24,16.60323988383175
HOUSEHOLD_1_334_CA_3_validation,2016-04-02,31,22.134792796966188
HOUSEHOLD_1_334_CA_3_validation,2016-04-03,28,22.363478057437643
HOUSEHOLD_1_334_CA_3_validation,2016-04-04,15,17.17430814833388
HOUSEHOLD_1_334_CA_3_validation,2016-04-05,21,17.242823512421634
HOUSEHOLD_1_334_CA_3_validation,2016-04-06,19,16.76547244767706
HOUSEHOLD_1_334_CA_3_validation,2016-04-07,12,16.882900529068653
HOUSEHOLD_1_334_CA_3_validation,2016-04-08,18,17.131398184454714
HOUSEHOLD_1_334_CA_3_validation,2016-04-09,17,21.976854935572625
HOUSEHOLD_1_334_CA_3_validation,2016-04-10,42,22.34761054527219
HOUSEHOLD_1_334_CA_3_validation,2016-04-11,22,15.662076455317901
HOUSEHOLD_1_334_CA_3_validation,2016-04-12,25,15.858404491582217
HOUSEHOLD_1_334_CA_3_validation,2016-04-13,27,15.60890470686462
HOUSEHOLD_1_334_CA_3_validation,2016-04-14,25,15.577120705080192
HOUSEHOLD_1_334_CA_3_validation,2016-04-15,14,15.514542878073309
HOUSEHOLD_1_334_CA_3_validation,2016-04-16,37,22.054168782005902
HOUSEHOLD_1_334_CA_3_validation,2016-04-17,29,21.809525022809453
HOUSEHOLD_1_334_CA_3_validation,2016-04-18,19,16.18001880176684
HOUSEHOLD_1_334_CA_3_validation,2016-04-19,27,15.214159100102663
HOUSEHOLD_1_334_CA_3_validation,2016-04-20,19,15.504812927999717
HOUSEHOLD_1_334_CA_3_validation,2016-04-21,20,15.713126849083329
HOUSEHOLD_1_334_CA_3_validation,2016-04-22,21,15.67191935667524
HOUSEHOLD_1_334_CA_3_validation,2016-04-23,27,21.84096147329003
HOUSEHOLD_1_334_CA_3_validation,2016-04-24,29,22.29863524163864
HOUSEHOLD_1_459_CA_3_validation,2016-03-28,32,17.131037658451195
HOUSEHOLD_1_459_CA_3_validation,2016-03-29,13,16.506146231746353
HOUSEHOLD_1_459_CA_3_validation,2016-03-30,16,18.093573443317094
HOUSEHOLD_1_459_CA_3_validation,2016-03-31,30,16.73948806401485
HOUSEHOLD_1_459_CA_3_validation,2016-04-01,23,17.191335709545978
HOUSEHOLD_1_459_CA_3_validation,2016-04-02,32,22.53350788836243
HOUSEHOLD_1_459_CA_3_validation,2016-04-03,34,22.605090958233692
HOUSEHOLD_1_459_CA_3_validation,2016-04-04,21,17.102447680826625
HOUSEHOLD_1_459_CA_3_validation,2016-04-05,23,17.238944922725185
HOUSEHOLD_1_459_CA_3_validation,2016-04-06,18,16.759565519389646
HOUSEHOLD_1_459_CA_3_validation,2016-04-07,36,16.670242158106937
HOUSEHOLD_1_459_CA_3_validation,2016-04-08,40,20.574536168842027
HOUSEHOLD_1_459_CA_3_validation,2016-04-09,34,22.169762790769326
HOUSEHOLD_1_459_CA_3_validation,2016-04-10,30,22.833642719725887
HOUSEHOLD_1_459_CA_3_validation,2016-04-11,16,17.03009311010115
HOUSEHOLD_1_459_CA_3_validation,2016-04-12,21,16.362609872755364
HOUSEHOLD_1_459_CA_3_validation,2016-04-13,9,17.07128110721752
HOUSEHOLD_1_459_CA_3_validation,2016-04-14,34,17.652208685460227
HOUSEHOLD_1_459_CA_3_validation,2016-04-15,35,18.448127647240177
HOUSEHOLD_1_459_CA_3_validation,2016-04-16,29,22.474875008816948
HOUSEHOLD_1_459_CA_3_validation,2016-04-17,42,22.33260078492209
HOUSEHOLD_1_459_CA_3_validation,2016-04-18,37,17.29652974107219
HOUSEHOLD_1_459_CA_3_validation,2016-04-19,27,19.016048022955637
HOUSEHOLD_1_459_CA_3_validation,2016-04-20,21,17.815644547628143
HOUSEHOLD_1_459_CA_3_validation,2016-04-21,7,19.016990164089194
HOUSEHOLD_1_459_CA_3_validation,2016-04-22,33,18.84460955129432
HOUSEHOLD_1_459_CA_3_validation,2016-04-23,32,23.612397561188057
HOUSEHOLD_1_459_CA_3_validation,2016-04-24,35,22.977978944944837
