id,date,sales,forecast
FOODS_1_218_TX_2_validation,2016-03-28,4,11.427744708324427
FOODS_1_218_TX_2_validation,2016-03-29,6,10.552260724810646
FOODS_1_218_TX_2_validation,2016-03-30,15,12.189635107235079
FOODS_1_218_TX_2_validation,2016-03-31,20,11.754868922741993
FOODS_1_218_TX_2_validation,2016-04-01,31,11.189869781017297
FOODS_1_218_TX_2_validation,2016-04-02,19,13.434567318172578
FOODS_1_218_TX_2_validation,2016-04-03,16,12.624339509058657
FOODS_1_218_TX_2_validation,2016-04-04,10,11.319025725357204
FOODS_1_218_TX_2_validation,2016-04-05,4,10.303010669975354
FOODS_1_218_TX_2_validation,2016-04-06,9,9.214856301845847
FOODS_1_218_TX_2_validation,2016-04-07,8,11.6410295694658
FOODS_1_218_TX_2_validation,2016-04-08,16,12.972753889964808
FOODS_1_218_TX_2_validation,2016-04-09,22,14.624558579324049
FOODS_1_218_TX_2_validation,2016-04-10,14,13.218706368988203
FOODS_1_218_TX_2_validation,2016-04-11,11,8.44568406405274
FOODS_1_218_TX_2_validation,2016-04-12,10,10.196366882043675
FOODS_1_218_TX_2_validation,2016-04-13,8,9.108880252504582
FOODS_1_218_TX_2_validation,2016-04-14,3,11.596685042557587
FOODS_1_218_TX_2_validation,2016-04-15,18,10.968779391724615
FOODS_1_218_TX_2_validation,2016-04-16,19,13.130270729534907
FOODS_1_218_TX_2_validation,2016-04-17,17,13.075252761642316
FOODS_1_218_TX_2_validation,2016-04-18,13,11.094962566347125
FOODS_1_218_TX_2_validation,2016-04-19,13,10.214340123253608
FOODS_1_218_TX_2_validation,2016-04-20,11,11.93734303659513
FOODS_1_218_TX_2_validation,2016-04-21,16,11.514693213912658
FOODS_1_218_TX_2_validation,2016-04-22,9,12.751992808513346
FOODS_1_218_TX_2_validation,2016-04-23,17,12.97581982129498
FOODS_1_218_TX_2_validation,2016-04-24,14,12.929995434155794
FOODS_2_197_CA_1_validation,2016-03-28,26,16.25902417482835
FOODS_2_197_CA_1_validation,2016-03-29,12,13.506550390039479
FOODS_2_197_CA_1_validation,2016-03-30,12,11.307980109285044
FOODS_2_197_CA_1_validation,2016-03-31,9,9.571035562205342
FOODS_2_197_CA_1_validation,2016-04-01,9,16.258614039589666
FOODS_2_197_CA_1_validation,2016-04-02,23,22.862399353314434
FOODS_2_197_CA_1_validation,2016-04-03,25,25.24717474731654
FOODS_2_197_CA_1_validation,2016-04-04,28,17.459905987552027
FOODS_2_197_CA_1_validation,2016-04-05,12,15.767441319054985
FOODS_2_197_CA_1_validation,2016-04-06,23,14.064340861570829
FOODS_2_197_CA_1_validation,2016-04-07,12,13.340084706756736
FOODS_2_197_CA_1_validation,2016-04-08,35,16.252411118071663
FOODS_2_197_CA_1_validation,2016-04-09,37,22.86332551204679
FOODS_2_197_CA_1_validation,2016-04-10,23,25.185459260808322
FOODS_2_197_CA_1_validation,2016-04-11,20,16.23076869350826
FOODS_2_197_CA_1_validation,2016-04-12,40,13.486756516933415
FOODS_2_197_CA_1_validation,2016-04-13,7,11.256222110459213
FOODS_2_197_CA_1_validation,2016-04-14,9,9.524041262075738
FOODS_2_197_CA_1_validation,2016-04-15,9,11.475365924444112
FOODS_2_197_CA_1_validation,2016-04-16,22,16.612023159647418
FOODS_2_197_CA_1_validation,2016-04-17,24,24.017974693456733
FOODS_2_197_CA_1_validation,2016-04-18,21,16.217203119240864
FOODS_2_197_CA_1_validation,2016-04-19,22,13.477328871617354
FOODS_2_197_CA_1_validation,2016-04-20,25,11.231003074962256
FOODS_2_197_CA_1_validation,2016-04-21,11,9.501255990792098
FOODS_2_197_CA_1_validation,2016-04-22,11,11.471541455307467
FOODS_2_197_CA_1_validation,2016-04-23,19,16.612720769626016
FOODS_2_197_CA_1_validation,2016-04-24,33,23.974560427223544
FOODS_2_197_CA_3_validation,2016-03-28,9,11.413374670142895
FOODS_2_197_CA_3_validation,2016-03-29,7,10.477375620744008
FOODS_2_197_CA_3_validation,2016-03-30,7,10.559980280614875
FOODS_2_197_CA_3_validation,2016-03-31,10,7.9590717477297
FOODS_2_197_CA_3_validation,2016-04-01,14,12.951207688153865
FOODS_2_197_CA_3_validation,2016-04-02,14,15.962601507424482
FOODS_2_197_CA_3_validation,2016-04-03,18,16.30578564342842
FOODS_2_197_CA_3_validation,2016-04-04,10,14.452249463750196
FOODS_2_197_CA_3_validation,2016-04-05,13,13.780106074134366
FOODS_2_197_CA_3_validation,2016-04-06,9,11.267709823015641
FOODS_2_197_CA_3_validation,2016-04-07,13,10.104136158350398
FOODS_2_197_CA_3_validation,2016-04-08,7,12.889871971950212
FOODS_2_197_CA_3_validation,2016-04-09,14,15.891865409188274
FOODS_2_197_CA_3_validation,2016-04-10,18,16.168051618126853
FOODS_2_197_CA_3_validation,2016-04-11,12,11.241245800314859
FOODS_2_197_CA_3_validation,2016-04-12,8,10.342822000137797
FOODS_2_197_CA_3_validation,2016-04-13,11,10.468357808838988
FOODS_2_197_CA_3_validation,2016-04-14,7,7.86981090504093
FOODS_2_197_CA_3_validation,2016-04-15,6,9.129637914966041
FOODS_2_197_CA_3_validation,2016-04-16,17,12.112392365288827
FOODS_2_197_CA_3_validation,2016-04-17,14,12.670502331926361
FOODS_2_197_CA_3_validation,2016-04-18,8,11.155845207511783
FOODS_2_197_CA_3_validation,2016-04-19,3,10.275669555859912
FOODS_2_197_CA_3_validation,2016-04-20,3,10.422711485285637
FOODS_2_197_CA_3_validation,2016-04-21,8,7.826306630555392
FOODS_2_197_CA_3_validation,2016-04-22,5,9.093050682147625
FOODS_2_197_CA_3_validation,2016-04-23,19,12.066293310255356
FOODS_2_197_CA_3_validation,2016-04-24,9,12.584693930454854
FOODS_2_276_CA_3_validation,2016-03-28,8,8.459503369547491
FOODS_2_276_CA_3_validation,2016-03-29,11,6.97109602241461
FOODS_2_276_CA_3_validation,2016-03-30,9,6.708588319489401
FOODS_2_276_CA_3_validation,2016-03-31,10,5.43757312532116
FOODS_2_276_CA_3_validation,2016-04-01,7,8.373658233774892
FOODS_2_276_CA_3_validation,2016-04-02,8,9.61293983738393
FOODS_2_276_CA_3_validation,2016-04-03,14,10.78777120560148
FOODS_2_276_CA_3_validation,2016-04-04,12,9.745576744139818
FOODS_2_276_CA_3_validation,2016-04-05,16,10.434973064843696
FOODS_2_276_CA_3_validation,2016-04-06,8,9.326587796836453
FOODS_2_276_CA_3_validation,2016-04-07,5,9.531771483618057
FOODS_2_276_CA_3_validation,2016-04-08,6,8.376396757601086
FOODS_2_276_CA_3_validation,2016-04-09,15,9.609718096274566
FOODS_2_276_CA_3_validation,2016-04-10,15,10.778862555812246
FOODS_2_276_CA_3_validation,2016-04-11,10,8.460567566990687
FOODS_2_276_CA_3_validation,2016-04-12,12,6.9778474691597
FOODS_2_276_CA_3_validation,2016-04-13,4,6.734000902720693
FOODS_2_276_CA_3_validation,2016-04-14,7,5.430731408970372
FOODS_2_276_CA_3_validation,2016-04-15,8,3.80881229626749
FOODS_2_276_CA_3_validation,2016-04-16,8,6.040716423032521
FOODS_2_276_CA_3_validation,2016-04-17,6,9.907949019769571
FOODS_2_276_CA_3_validation,2016-04-18,7,8.461815316520719
FOODS_2_276_CA_3_validation,2016-04-19,9,6.981869515448022
FOODS_2_276_CA_3_validation,2016-04-20,7,6.747211254338572
FOODS_2_276_CA_3_validation,2016-04-21,9,5.428032400332231
FOODS_2_276_CA_3_validation,2016-04-22,5,3.769523775393086
FOODS_2_276_CA_3_validation,2016-04-23,7,5.992875894838221
FOODS_2_276_CA_3_validation,2016-04-24,3,9.890978530265505
FOODS_2_360_CA_3_validation,2016-03-28,18,10.140754286527505
FOODS_2_360_CA_3_validation,2016-03-29,15,10.159161168895816
FOODS_2_360_CA_3_validation,2016-03-30,11,8.263609015170205
FOODS_2_360_CA_3_validation,2016-03-31,14,6.690773610085717
FOODS_2_360_CA_3_validation,2016-04-01,14,14.095579715833212
FOODS_2_360_CA_3_validation,2016-04-02,27,10.82337158194795
FOODS_2_360_CA_3_validation,2016-04-03,7,6.76941729464585
FOODS_2_360_CA_3_validation,2016-04-04,19,7.193367831081459
FOODS_2_360_CA_3_validation,2016-04-05,14,3.857201086257822
FOODS_2_360_CA_3_validation,2016-04-06,42,5.7286891480475095
FOODS_2_360_CA_3_validation,2016-04-07,17,10.871865137385269
FOODS_2_360_CA_3_validation,2016-04-08,6,14.172477944616192
FOODS_2_360_CA_3_validation,2016-04-09,25,10.955437389897423
FOODS_2_360_CA_3_validation,2016-04-10,26,6.879466993142447
FOODS_2_360_CA_3_validation,2016-04-11,32,10.313216299542502
FOODS_2_360_CA_3_validation,2016-04-12,25,10.388768466704988
FOODS_2_360_CA_3_validation,2016-04-13,31,8.450488330954158
FOODS_2_360_CA_3_validation,2016-04-14,14,6.7758094729452445
FOODS_2_360_CA_3_validation,2016-04-15,16,6.075179317912692
FOODS_2_360_CA_3_validation,2016-04-16,17,10.176779355322338
FOODS_2_360_CA_3_validation,2016-04-17,22,12.434193399195006
FOODS_2_360_CA_3_validation,2016-04-18,17,10.396531879995091
FOODS_2_360_CA_3_validation,2016-04-19,11,10.500965027304332
FOODS_2_360_CA_3_validation,2016-04-20,21,8.541866779665382
FOODS_2_360_CA_3_validation,2016-04-21,15,6.816771853328252
FOODS_2_360_CA_3_validation,2016-04-22,16,6.1342513514143855
FOODS_2_360_CA_3_validation,2016-04-23,4,10.255102597639628
FOODS_2_360_CA_3_validation,2016-04-24,31,12.49579462208256
FOODS_2_360_TX_3_validation,2016-03-28,12,0.0
FOODS_2_360_TX_3_validation,2016-03-29,1,0.0
FOODS_2_360_TX_3_validation,2016-03-30,19,0.0
FOODS_2_360_TX_3_validation,2016-03-31,25,0.0
FOODS_2_360_TX_3_validation,2016-04-01,0,0.0
FOODS_2_360_TX_3_validation,2016-04-02,0,0.0
FOODS_2_360_TX_3_validation,2016-04-03,26,0.0
FOODS_2_360_TX_3_validation,2016-04-04,0,0.0
FOODS_2_360_TX_3_validation,2016-04-05,0,4.011466283757976
FOODS_2_360_TX_3_validation,2016-04-06,17,2.990343282919019
FOODS_2_360_TX_3_validation,2016-04-07,19,0.3908926981141079
FOODS_2_360_TX_3_validation,2016-04-08,4,0.0
FOODS_2_360_TX_3_validation,2016-04-09,16,0.0
FOODS_2_360_TX_3_validation,2016-04-10,18,0.04711237872732532
FOODS_2_360_TX_3_validation,2016-04-11,48,2.2164388628736607
FOODS_2_360_TX_3_validation,2016-04-12,24,3.852169911783067
FOODS_2_360_TX_3_validation,2016-04-13,23,2.8430534189374246
FOODS_2_360_TX_3_validation,2016-04-14,20,0.0
FOODS_2_360_TX_3_validation,2016-04-15,27,0.0
FOODS_2_360_TX_3_validation,2016-04-16,26,0.0
FOODS_2_360_TX_3_validation,2016-04-17,9,0.0
FOODS_2_360_TX_3_validation,2016-04-18,13,0.0
FOODS_2_360_TX_3_validation,2016-04-19,20,0.0
FOODS_2_360_TX_3_validation,2016-04-20,36,0.0
FOODS_2_360_TX_3_validation,2016-04-21,9,0.0
FOODS_2_360_TX_3_validation,2016-04-22,25,0.0
FOODS_2_360_TX_3_validation,2016-04-23,18,0.0
FOODS_2_360_TX_3_validation,2016-04-24,11,0.0
FOODS_2_360_WI_2_validation,2016-03-28,32,0.9673690345777928
FOODS_2_360_WI_2_validation,2016-03-29,24,0.5689950273796551
FOODS_2_360_WI_2_validation,2016-03-30,28,0.477111251527055
FOODS_2_360_WI_2_validation,2016-03-31,30,1.011921156958873
FOODS_2_360_WI_2_validation,2016-04-01,54,1.3031124253202817
FOODS_2_360_WI_2_validation,2016-04-02,106,0.3886794854926565
FOODS_2_360_WI_2_validation,2016-04-03,70,1.1783147532683973
FOODS_2_360_WI_2_validation,2016-04-04,76,0.9910918700791314
FOODS_2_360_WI_2_validation,2016-04-05,101,0.17202515273997787
FOODS_2_360_WI_2_validation,2016-04-06,86,0.01355264657124522
FOODS_2_360_WI_2_validation,2016-04-07,70,1.0492992255354805
FOODS_2_360_WI_2_validation,2016-04-08,95,0.0
FOODS_2_360_WI_2_validation,2016-04-09,169,0.3966886598767094
FOODS_2_360_WI_2_validation,2016-04-10,79,1.0278234122504522
FOODS_2_360_WI_2_validation,2016-04-11,122,0.1373842539378023
FOODS_2_360_WI_2_validation,2016-04-12,123,0.1495705788261248
FOODS_2_360_WI_2_validation,2016-04-13,40,0.48119295682141927
FOODS_2_360_WI_2_validation,2016-04-14,84,0.0
FOODS_2_360_WI_2_validation,2016-04-15,73,0.0
FOODS_2_360_WI_2_validation,2016-04-16,51,0.9407032655572243
FOODS_2_360_WI_2_validation,2016-04-17,35,1.0652562112836907
FOODS_2_360_WI_2_validation,2016-04-18,42,1.0410561839455346
FOODS_2_360_WI_2_validation,2016-04-19,43,0.6175075111921116
FOODS_2_360_WI_2_validation,2016-04-20,34,0.48479776131790286
FOODS_2_360_WI_2_validation,2016-04-21,68,1.1260450864254268
FOODS_2_360_WI_2_validation,2016-04-22,51,1.4628906911713742
FOODS_2_360_WI_2_validation,2016-04-23,46,0.9761848655172383
FOODS_2_360_WI_2_validation,2016-04-24,30,1.1033738052426205
FOODS_3_007_WI_2_validation,2016-03-28,0,0.0
FOODS_3_007_WI_2_validation,2016-03-29,0,0.0
FOODS_3_007_WI_2_validation,2016-03-30,0,0.0
FOODS_3_007_WI_2_validation,2016-03-31,0,0.0
FOODS_3_007_WI_2_validation,2016-04-01,0,0.0
FOODS_3_007_WI_2_validation,2016-04-02,0,17.746723602414413
FOODS_3_007_WI_2_validation,2016-04-03,0,12.117000389346686
FOODS_3_007_WI_2_validation,2016-04-04,0,0.0
FOODS_3_007_WI_2_validation,2016-04-05,4,2.4305413815079806
FOODS_3_007_WI_2_validation,2016-04-06,75,0.6181434314376961
FOODS_3_007_WI_2_validation,2016-04-07,128,0.0
FOODS_3_007_WI_2_validation,2016-04-08,87,16.29518241890029
FOODS_3_007_WI_2_validation,2016-04-09,85,17.231667003661443
FOODS_3_007_WI_2_validation,2016-04-10,89,0.0
FOODS_3_007_WI_2_validation,2016-04-11,12,1.9177000592443658
FOODS_3_007_WI_2_validation,2016-04-12,1,1.918782653631606
FOODS_3_007_WI_2_validation,2016-04-13,3,0.0
FOODS_3_007_WI_2_validation,2016-04-14,43,4.784974641917819
FOODS_3_007_WI_2_validation,2016-04-15,121,15.93209729196548
FOODS_3_007_WI_2_validation,2016-04-16,5,0.0
FOODS_3_007_WI_2_validation,2016-04-17,0,0.0
FOODS_3_007_WI_2_validation,2016-04-18,42,0.0
FOODS_3_007_WI_2_validation,2016-04-19,39,0.0
FOODS_3_007_WI_2_validation,2016-04-20,6,0.0
FOODS_3_007_WI_2_validation,2016-04-21,16,0.0
FOODS_3_007_WI_2_validation,2016-04-22,24,0.0
FOODS_3_007_WI_2_validation,2016-04-23,58,0.0
FOODS_3_007_WI_2_validation,2016-04-24,42,0.0
FOODS_3_030_TX_2_validation,2016-03-28,22,11.723124049052755
FOODS_3_030_TX_2_validation,2016-03-29,5,10.569716991905173
FOODS_3_030_TX_2_validation,2016-03-30,12,11.572052050695731
FOODS_3_030_TX_2_validation,2016-03-31,17,14.2297942474639
FOODS_3_030_TX_2_validation,2016-04-01,19,9.558092012368071
FOODS_3_030_TX_2_validation,2016-04-02,20,18.97822768868621
FOODS_3_030_TX_2_validation,2016-04-03,29,16.70254912011064
FOODS_3_030_TX_2_validation,2016-04-04,27,11.781408469264022
FOODS_3_030_TX_2_validation,2016-04-05,20,8.59699001328232
FOODS_3_030_TX_2_validation,2016-04-06,16,11.582355052943978
FOODS_3_030_TX_2_validation,2016-04-07,14,10.091191588610837
FOODS_3_030_TX_2_validation,2016-04-08,23,14.34780209219071
FOODS_3_030_TX_2_validation,2016-04-09,20,15.145611980444755
FOODS_3_030_TX_2_validation,2016-04-10,36,19.826647461938055
FOODS_3_030_TX_2_validation,2016-04-11,18,9.251701716346822
FOODS_3_030_TX_2_validation,2016-04-12,15,8.612133900016424
FOODS_3_030_TX_2_validation,2016-04-13,14,11.61199613604401
FOODS_3_030_TX_2_validation,2016-04-14,26,14.38931351667173
FOODS_3_030_TX_2_validation,2016-04-15,13,9.524435816413185
FOODS_3_030_TX_2_validation,2016-04-16,19,19.081609133175597
FOODS_3_030_TX_2_validation,2016-04-17,21,19.88396005625885
FOODS_3_030_TX_2_validation,2016-04-18,16,11.90070506748122
FOODS_3_030_TX_2_validation,2016-04-19,12,10.78311862694185
FOODS_3_030_TX_2_validation,2016-04-20,11,11.796252673379461
FOODS_3_030_TX_2_validation,2016-04-21,20,14.47048053812946
FOODS_3_030_TX_2_validation,2016-04-22,12,14.48074333400847
FOODS_3_030_TX_2_validation,2016-04-23,33,19.13486774310106
FOODS_3_030_TX_2_validation,2016-04-24,24,19.941981504180916
FOODS_3_030_TX_3_validation,2016-03-28,16,12.277820270705355
FOODS_3_030_TX_3_validation,2016-03-29,20,11.82874390783519
FOODS_3_030_TX_3_validation,2016-03-30,30,13.581499547575874
FOODS_3_030_TX_3_validation,2016-03-31,11,13.60120753853736
FOODS_3_030_TX_3_validation,2016-04-01,24,18.165427957201008
FOODS_3_030_TX_3_validation,2016-04-02,18,17.5579077250264
FOODS_3_030_TX_3_validation,2016-04-03,22,12.848183945464935
FOODS_3_030_TX_3_validation,2016-04-04,14,12.29766492976438
FOODS_3_030_TX_3_validation,2016-04-05,18,14.610410352668538
FOODS_3_030_TX_3_validation,2016-04-06,18,12.792867241996117
FOODS_3_030_TX_3_validation,2016-04-07,19,11.375416449285055
FOODS_3_030_TX_3_validation,2016-04-08,21,14.422470010579994
FOODS_3_030_TX_3_validation,2016-04-09,18,19.16423855702226
FOODS_3_030_TX_3_validation,2016-04-10,23,17.188945692523298
FOODS_3_030_TX_3_validation,2016-04-11,16,13.983044253302243
FOODS_3_030_TX_3_validation,2016-04-12,4,14.61711821849256
FOODS_3_030_TX_3_validation,2016-04-13,17,12.804988511589654
FOODS_3_030_TX_3_validation,2016-04-14,20,13.746973906303849
FOODS_3_030_TX_3_validation,2016-04-15,17,18.215297357428817
FOODS_3_030_TX_3_validation,2016-04-16,27,17.62309703386878
FOODS_3_030_TX_3_validation,2016-04-17,27,17.21032580503241
FOODS_3_030_TX_3_validation,2016-04-18,16,12.343798515069631
FOODS_3_030_TX_3_validation,2016-04-19,21,11.970470855681178
FOODS_3_030_TX_3_validation,2016-04-20,15,13.800786620990731
FOODS_3_030_TX_3_validation,2016-04-21,24,13.822709836395598
FOODS_3_030_TX_3_validation,2016-04-22,20,14.530356014788484
FOODS_3_030_TX_3_validation,2016-04-23,24,17.65821381816354
FOODS_3_030_TX_3_validation,2016-04-24,17,17.23346874380394
FOODS_3_080_CA_1_validation,2016-03-28,16,16.55870414777914
FOODS_3_080_CA_1_validation,2016-03-29,27,14.632589505827676
FOODS_3_080_CA_1_validation,2016-03-30,7,13.91385657940336
FOODS_3_080_CA_1_validation,2016-03-31,13,15.990981661695463
FOODS_3_080_CA_1_validation,2016-04-01,28,15.37914354895494
FOODS_3_080_CA_1_validation,2016-04-02,31,20.948098678460532
FOODS_3_080_CA_1_validation,2016-04-03,20,20.74542238293727
FOODS_3_080_CA_1_validation,2016-04-04,21,14.596079349340872
FOODS_3_080_CA_1_validation,2016-04-05,17,15.34349177149365
FOODS_3_080_CA_1_validation,2016-04-06,26,13.004443002581596
FOODS_3_080_CA_1_validation,2016-04-07,11,12.051375371034853
FOODS_3_080_CA_1_validation,2016-04-08,14,15.360880678218182
FOODS_3_080_CA_1_validation,2016-04-09,21,20.904630226528724
FOODS_3_080_CA_1_validation,2016-04-10,12,20.730974012000125
FOODS_3_080_CA_1_validation,2016-04-11,19,16.677716653998917
FOODS_3_080_CA_1_validation,2016-04-12,17,14.687710407415516
FOODS_3_080_CA_1_validation,2016-04-13,17,13.971532254030354
FOODS_3_080_CA_1_validation,2016-04-14,10,16.086034017179497
FOODS_3_080_CA_1_validation,2016-04-15,16,19.231253225289198
FOODS_3_080_CA_1_validation,2016-04-16,23,23.648761502310748
FOODS_3_080_CA_1_validation,2016-04-17,23,21.716075452054945
FOODS_3_080_CA_1_validation,2016-04-18,15,16.73767392401951
FOODS_3_080_CA_1_validation,2016-04-19,12,14.715670901848362
FOODS_3_080_CA_1_validation,2016-04-20,30,14.001011014802742
FOODS_3_080_CA_1_validation,2016-04-21,13,16.13409757427606
FOODS_3_080_CA_1_validation,2016-04-22,10,19.284974572386112
FOODS_3_080_CA_1_validation,2016-04-23,25,23.699357731039946
FOODS_3_080_CA_1_validation,2016-04-24,25,21.77711006387991
FOODS_3_080_TX_2_validation,2016-03-28,9,15.455008725647613
FOODS_3_080_TX_2_validation,2016-03-29,24,14.770709795157316
FOODS_3_080_TX_2_validation,2016-03-30,12,16.484396520968073
FOODS_3_080_TX_2_validation,2016-03-31,15,16.491306244758913
FOODS_3_080_TX_2_validation,2016-04-01,22,18.213189543019922
FOODS_3_080_TX_2_validation,2016-04-02,10,19.55950752992948
FOODS_3_080_TX_2_validation,2016-04-03,14,18.81897784052161
FOODS_3_080_TX_2_validation,2016-04-04,17,15.432106993856912
FOODS_3_080_TX_2_validation,2016-04-05,8,14.381246329116532
FOODS_3_080_TX_2_validation,2016-04-06,19,16.038331601142655
FOODS_3_080_TX_2_validation,2016-04-07,14,18.904390168092558
FOODS_3_080_TX_2_validation,2016-04-08,21,19.492026704695057
FOODS_3_080_TX_2_validation,2016-04-09,12,18.5451162263699
FOODS_3_080_TX_2_validation,2016-04-10,25,19.12294478217951
FOODS_3_080_TX_2_validation,2016-04-11,14,15.79033313138907
FOODS_3_080_TX_2_validation,2016-04-12,12,14.349513747163
FOODS_3_080_TX_2_validation,2016-04-13,16,16.05245473607025
FOODS_3_080_TX_2_validation,2016-04-14,12,16.47257666948426
FOODS_3_080_TX_2_validation,2016-04-15,22,18.255549436764067
FOODS_3_080_TX_2_validation,2016-04-16,20,19.560712611398166
FOODS_3_080_TX_2_validation,2016-04-17,21,19.10049990946945
FOODS_3_080_TX_2_validation,2016-04-18,15,15.385344493575136
FOODS_3_080_TX_2_validation,2016-04-19,16,14.690739597555465
FOODS_3_080_TX_2_validation,2016-04-20,8,16.435122198710697
FOODS_3_080_TX_2_validation,2016-04-21,23,16.462850059413846
FOODS_3_080_TX_2_validation,2016-04-22,12,19.487245391257815
FOODS_3_080_TX_2_validation,2016-04-23,18,19.56087098468374
FOODS_3_080_TX_2_validation,2016-04-24,16,19.077694544920682
FOODS_3_090_CA_1_validation,2016-03-28,25,41.250582849034444
FOODS_3_090_CA_1_validation,2016-03-29,47,37.46311000237665
FOODS_3_090_CA_1_validation,2016-03-30,23,35.06635408509516
FOODS_3_090_CA_1_validation,2016-03-31,21,35.32243795371982
FOODS_3_090_CA_1_validation,2016-04-01,72,59.33784040498921
FOODS_3_090_CA_1_validation,2016-04-02,58,69.94079619058124
FOODS_3_090_CA_1_validation,2016-04-03,54,55.36553433227837
FOODS_3_090_CA_1_validation,2016-04-04,42,35.98385385611362
FOODS_3_090_CA_1_validation,2016-04-05,29,31.933218564853558
FOODS_3_090_CA_1_validation,2016-04-06,53,35.78545083571551
FOODS_3_090_CA_1_validation,2016-04-07,39,41.93688693140569
FOODS_3_090_CA_1_validation,2016-04-08,42,59.16388056433166
FOODS_3_090_CA_1_validation,2016-04-09,83,69.66465960509316
FOODS_3_090_CA_1_validation,2016-04-10,83,55.078219165365894
FOODS_3_090_CA_1_validation,2016-04-11,48,41.23145444289705
FOODS_3_090_CA_1_validation,2016-04-12,26,37.46251481472578
FOODS_3_090_CA_1_validation,2016-04-13,41,35.00479942545222
FOODS_3_090_CA_1_validation,2016-04-14,44,35.18278201182618
FOODS_3_090_CA_1_validation,2016-04-15,47,49.74498920489334
FOODS_3_090_CA_1_validation,2016-04-16,82,61.96873214178744
FOODS_3_090_CA_1_validation,2016-04-17,83,60.17288816102905
FOODS_3_090_CA_1_validation,2016-04-18,30,41.22418986637076
FOODS_3_090_CA_1_validation,2016-04-19,45,37.4640963738056
FOODS_3_090_CA_1_validation,2016-04-20,29,34.97674561868707
FOODS_3_090_CA_1_validation,2016-04-21,53,35.117486589735684
FOODS_3_090_CA_1_validation,2016-04-22,87,49.557606557756614
FOODS_3_090_CA_1_validation,2016-04-23,95,61.759824600241245
FOODS_3_090_CA_1_validation,2016-04-24,42,59.993580267745614
FOODS_3_090_CA_2_validation,2016-03-28,50,34.04933543059232
FOODS_3_090_CA_2_validation,2016-03-29,18,29.79086060084059
FOODS_3_090_CA_2_validation,2016-03-30,30,32.818173584666916
FOODS_3_090_CA_2_validation,2016-03-31,32,38.139259398255476
FOODS_3_090_CA_2_validation,2016-04-01,53,47.30669535754012
FOODS_3_090_CA_2_validation,2016-04-02,59,58.03962515616375
FOODS_3_090_CA_2_validation,2016-04-03,53,47.53906613961033
FOODS_3_090_CA_2_validation,2016-04-04,19,28.185560217154837
FOODS_3_090_CA_2_validation,2016-04-05,21,25.813984887374076
FOODS_3_090_CA_2_validation,2016-04-06,29,30.484126380926202
FOODS_3_090_CA_2_validation,2016-04-07,41,32.820427730515696
FOODS_3_090_CA_2_validation,2016-04-08,70,47.64233809062144
FOODS_3_090_CA_2_validation,2016-04-09,82,58.418243041599276
FOODS_3_090_CA_2_validation,2016-04-10,62,47.88485347272754
FOODS_3_090_CA_2_validation,2016-04-11,27,34.64317298052708
FOODS_3_090_CA_2_validation,2016-04-12,34,30.29513298217121
FOODS_3_090_CA_2_validation,2016-04-13,37,33.341042210771064
FOODS_3_090_CA_2_validation,2016-04-14,49,38.73007134045955
FOODS_3_090_CA_2_validation,2016-04-15,70,53.192412157378904
FOODS_3_090_CA_2_validation,2016-04-16,79,67.21742943649576
FOODS_3_090_CA_2_validation,2016-04-17,62,52.76673982543479
FOODS_3_090_CA_2_validation,2016-04-18,65,34.93883658014448
FOODS_3_090_CA_2_validation,2016-04-19,29,30.54641422080906
FOODS_3_090_CA_2_validation,2016-04-20,40,33.60101577249213
FOODS_3_090_CA_2_validation,2016-04-21,24,39.02360214350368
FOODS_3_090_CA_2_validation,2016-04-22,91,53.62715958104328
FOODS_3_090_CA_2_validation,2016-04-23,73,67.67218513531265
FOODS_3_090_CA_2_validation,2016-04-24,60,53.15995533358306
FOODS_3_090_CA_3_validation,2016-03-28,61,78.59941339994154
FOODS_3_090_CA_3_validation,2016-03-29,62,74.72947864027623
FOODS_3_090_CA_3_validation,2016-03-30,71,74.15037939347822
FOODS_3_090_CA_3_validation,2016-03-31,130,74.93263005015007
FOODS_3_090_CA_3_validation,2016-04-01,156,115.52655882408101
FOODS_3_090_CA_3_validation,2016-04-02,133,130.92548060111363
FOODS_3_090_CA_3_validation,2016-04-03,114,108.90958724381773
FOODS_3_090_CA_3_validation,2016-04-04,80,69.18735211246008
FOODS_3_090_CA_3_validation,2016-04-05,75,64.37952572570676
FOODS_3_090_CA_3_validation,2016-04-06,113,77.01037234047709
FOODS_3_090_CA_3_validation,2016-04-07,81,90.02231304143154
FOODS_3_090_CA_3_validation,2016-04-08,107,115.20025690011552
FOODS_3_090_CA_3_validation,2016-04-09,160,130.57265012315935
FOODS_3_090_CA_3_validation,2016-04-10,124,108.76244313484341
FOODS_3_090_CA_3_validation,2016-04-11,107,78.83257878144101
FOODS_3_090_CA_3_validation,2016-04-12,84,74.98469860901008
FOODS_3_090_CA_3_validation,2016-04-13,88,74.46372694756852
FOODS_3_090_CA_3_validation,2016-04-14,90,75.02752307554667
FOODS_3_090_CA_3_validation,2016-04-15,129,107.45318434099352
FOODS_3_090_CA_3_validation,2016-04-16,160,131.40413564058824
FOODS_3_090_CA_3_validation,2016-04-17,204,109.48948936592183
FOODS_3_090_CA_3_validation,2016-04-18,86,78.95911192234239
FOODS_3_090_CA_3_validation,2016-04-19,100,75.12152800724597
FOODS_3_090_CA_3_validation,2016-04-20,88,74.62988148908681
FOODS_3_090_CA_3_validation,2016-04-21,77,75.08680021448039
FOODS_3_090_CA_3_validation,2016-04-22,141,107.33544396118536
FOODS_3_090_CA_3_validation,2016-04-23,139,131.24697135276438
FOODS_3_090_CA_3_validation,2016-04-24,130,109.51617560877446
FOODS_3_090_CA_4_validation,2016-03-28,19,22.418690215536472
FOODS_3_090_CA_4_validation,2016-03-29,20,21.57842480424607
FOODS_3_090_CA_4_validation,2016-03-30,18,21.695888442601454
FOODS_3_090_CA_4_validation,2016-03-31,20,26.485612730751555
FOODS_3_090_CA_4_validation,2016-04-01,52,33.443095347198756
FOODS_3_090_CA_4_validation,2016-04-02,34,34.98722431102716
FOODS_3_090_CA_4_validation,2016-04-03,30,30.544656551578502
FOODS_3_090_CA_4_validation,2016-04-04,19,21.75347174343166
FOODS_3_090_CA_4_validation,2016-04-05,16,20.482612017576443
FOODS_3_090_CA_4_validation,2016-04-06,22,23.384376839085235
FOODS_3_090_CA_4_validation,2016-04-07,31,27.768000770881237
FOODS_3_090_CA_4_validation,2016-04-08,30,33.537033883130135
FOODS_3_090_CA_4_validation,2016-04-09,32,35.03751155294729
FOODS_3_090_CA_4_validation,2016-04-10,32,30.55646760645722
FOODS_3_090_CA_4_validation,2016-04-11,23,22.588372946607493
FOODS_3_090_CA_4_validation,2016-04-12,26,21.733658894944835
FOODS_3_090_CA_4_validation,2016-04-13,17,21.86789741600156
FOODS_3_090_CA_4_validation,2016-04-14,17,26.70864112028348
FOODS_3_090_CA_4_validation,2016-04-15,48,31.444895522771354
FOODS_3_090_CA_4_validation,2016-04-16,32,36.40823528095809
FOODS_3_090_CA_4_validation,2016-04-17,36,30.642381363294195
FOODS_3_090_CA_4_validation,2016-04-18,30,22.672585631114515
FOODS_3_090_CA_4_validation,2016-04-19,19,21.8101241545009
FOODS_3_090_CA_4_validation,2016-04-20,35,21.953107831877524
FOODS_3_090_CA_4_validation,2016-04-21,31,26.819409127510315
FOODS_3_090_CA_4_validation,2016-04-22,15,31.55156018764537
FOODS_3_090_CA_4_validation,2016-04-23,24,36.50886632203249
FOODS_3_090_CA_4_validation,2016-04-24,18,30.694101644028194
FOODS_3_090_TX_1_validation,2016-03-28,36,43.43283527358242
FOODS_3_090_TX_1_validation,2016-03-29,35,39.348096419466074
FOODS_3_090_TX_1_validation,2016-03-30,43,39.98596117426973
FOODS_3_090_TX_1_validation,2016-03-31,57,45.11042471194268
FOODS_3_090_TX_1_validation,2016-04-01,44,47.40989793888416
FOODS_3_090_TX_1_validation,2016-04-02,81,59.75926400041023
FOODS_3_090_TX_1_validation,2016-04-03,67,63.845667350620225
FOODS_3_090_TX_1_validation,2016-04-04,56,43.66845559027209
FOODS_3_090_TX_1_validation,2016-04-05,50,40.79619925698209
FOODS_3_090_TX_1_validation,2016-04-06,43,36.046502089578986
FOODS_3_090_TX_1_validation,2016-04-07,42,36.6052647268256
FOODS_3_090_TX_1_validation,2016-04-08,59,53.12426899412068
FOODS_3_090_TX_1_validation,2016-04-09,64,59.46093368168826
FOODS_3_090_TX_1_validation,2016-04-10,79,61.5202057846629
FOODS_3_090_TX_1_validation,2016-04-11,55,48.96738755646429
FOODS_3_090_TX_1_validation,2016-04-12,35,40.84366973481467
FOODS_3_090_TX_1_validation,2016-04-13,35,36.099164366284384
FOODS_3_090_TX_1_validation,2016-04-14,36,45.48294119809329
FOODS_3_090_TX_1_validation,2016-04-15,60,47.55142661931108
FOODS_3_090_TX_1_validation,2016-04-16,68,60.02866619817779
FOODS_3_090_TX_1_validation,2016-04-17,69,61.66970100459536
FOODS_3_090_TX_1_validation,2016-04-18,48,44.14162903561482
FOODS_3_090_TX_1_validation,2016-04-19,34,40.076018693922876
FOODS_3_090_TX_1_validation,2016-04-20,49,40.53795212763039
FOODS_3_090_TX_1_validation,2016-04-21,39,45.669508613012184
FOODS_3_090_TX_1_validation,2016-04-22,59,53.53886075529614
FOODS_3_090_TX_1_validation,2016-04-23,45,60.164683481396494
FOODS_3_090_TX_1_validation,2016-04-24,58,61.819433747657335
FOODS_3_090_TX_2_validation,2016-03-28,48,44.862989400852165
FOODS_3_090_TX_2_validation,2016-03-29,23,44.5865923162541
FOODS_3_090_TX_2_validation,2016-03-30,45,49.230350702936214
FOODS_3_090_TX_2_validation,2016-03-31,60,51.187609361836444
FOODS_3_090_TX_2_validation,2016-04-01,48,54.788579137156894
FOODS_3_090_TX_2_validation,2016-04-02,101,80.57185651508722
FOODS_3_090_TX_2_validation,2016-04-03,107,60.275356894818486
FOODS_3_090_TX_2_validation,2016-04-04,61,45.041274673014456
FOODS_3_090_TX_2_validation,2016-04-05,50,42.69769875844439
FOODS_3_090_TX_2_validation,2016-04-06,31,44.10152469490875
FOODS_3_090_TX_2_validation,2016-04-07,49,43.78872758675633
FOODS_3_090_TX_2_validation,2016-04-08,86,61.76223967936596
FOODS_3_090_TX_2_validation,2016-04-09,102,65.44422427252499
FOODS_3_090_TX_2_validation,2016-04-10,69,68.5372373799839
FOODS_3_090_TX_2_validation,2016-04-11,53,45.935459629117574
FOODS_3_090_TX_2_validation,2016-04-12,48,42.76629371750524
FOODS_3_090_TX_2_validation,2016-04-13,34,44.15487498609111
FOODS_3_090_TX_2_validation,2016-04-14,40,51.46528408775386
FOODS_3_090_TX_2_validation,2016-04-15,68,54.776035612326055
FOODS_3_090_TX_2_validation,2016-04-16,124,80.71853124033537
FOODS_3_090_TX_2_validation,2016-04-17,86,68.64203226753821
FOODS_3_090_TX_2_validation,2016-04-18,43,45.40367445863578
FOODS_3_090_TX_2_validation,2016-04-19,61,45.17703240115485
FOODS_3_090_TX_2_validation,2016-04-20,46,49.68184689849823
FOODS_3_090_TX_2_validation,2016-04-21,35,51.605136471926514
FOODS_3_090_TX_2_validation,2016-04-22,54,61.97983636573552
FOODS_3_090_TX_2_validation,2016-04-23,83,80.79253806448712
FOODS_3_090_TX_2_validation,2016-04-24,73,68.74796734146683
FOODS_3_090_TX_3_validation,2016-03-28,42,54.779051482707885
FOODS_3_090_TX_3_validation,2016-03-29,10,47.056443375083155
FOODS_3_090_TX_3_validation,2016-03-30,50,49.104686534323285
FOODS_3_090_TX_3_validation,2016-03-31,68,52.349246606841234
FOODS_3_090_TX_3_validation,2016-04-01,59,61.758412608914256
FOODS_3_090_TX_3_validation,2016-04-02,74,81.07117608713094
FOODS_3_090_TX_3_validation,2016-04-03,74,76.58539677920734
FOODS_3_090_TX_3_validation,2016-04-04,41,55.01831991208203
FOODS_3_090_TX_3_validation,2016-04-05,45,47.92749986913086
FOODS_3_090_TX_3_validation,2016-04-06,61,53.268840935559425
FOODS_3_090_TX_3_validation,2016-04-07,45,54.328832735131826
FOODS_3_090_TX_3_validation,2016-04-08,56,64.95785483412646
FOODS_3_090_TX_3_validation,2016-04-09,97,80.43587796389022
FOODS_3_090_TX_3_validation,2016-04-10,85,75.92857331536571
FOODS_3_090_TX_3_validation,2016-04-11,74,54.32615810354591
FOODS_3_090_TX_3_validation,2016-04-12,43,47.960584122403404
FOODS_3_090_TX_3_validation,2016-04-13,48,53.32798614099744
FOODS_3_090_TX_3_validation,2016-04-14,48,52.79272139061469
FOODS_3_090_TX_3_validation,2016-04-15,84,61.928094093920464
FOODS_3_090_TX_3_validation,2016-04-16,75,81.40675775931106
FOODS_3_090_TX_3_validation,2016-04-17,83,76.16546738878384
FOODS_3_090_TX_3_validation,2016-04-18,81,55.497635626816546
FOODS_3_090_TX_3_validation,2016-04-19,46,47.64695319950388
FOODS_3_090_TX_3_validation,2016-04-20,53,49.641703929722
FOODS_3_090_TX_3_validation,2016-04-21,43,53.015331622414706
FOODS_3_090_TX_3_validation,2016-04-22,70,65.42760328423765
FOODS_3_090_TX_3_validation,2016-04-23,102,81.5740411145507
FOODS_3_090_TX_3_validation,2016-04-24,66,76.40158860495589
FOODS_3_090_WI_3_validation,2016-03-28,7,53.41359352528102
FOODS_3_090_WI_3_validation,2016-03-29,63,50.26206580565891
FOODS_3_090_WI_3_validation,2016-03-30,70,51.91117589544032
FOODS_3_090_WI_3_validation,2016-03-31,64,61.44675091162081
FOODS_3_090_WI_3_validation,2016-04-01,101,88.71494802482133
FOODS_3_090_WI_3_validation,2016-04-02,119,103.14162199782645
FOODS_3_090_WI_3_validation,2016-04-03,110,86.22435283357636
FOODS_3_090_WI_3_validation,2016-04-04,71,53.817628897722386
FOODS_3_090_WI_3_validation,2016-04-05,46,45.48381135321835
FOODS_3_090_WI_3_validation,2016-04-06,43,48.5256548746661
FOODS_3_090_WI_3_validation,2016-04-07,43,61.92052715154196
FOODS_3_090_WI_3_validation,2016-04-08,107,81.29227616669648
FOODS_3_090_WI_3_validation,2016-04-09,131,103.25187976983479
FOODS_3_090_WI_3_validation,2016-04-10,108,83.84422797421117
FOODS_3_090_WI_3_validation,2016-04-11,50,57.63937011577513
FOODS_3_090_WI_3_validation,2016-04-12,52,45.66139885517105
FOODS_3_090_WI_3_validation,2016-04-13,52,52.62973078891393
FOODS_3_090_WI_3_validation,2016-04-14,68,57.60362653869832
FOODS_3_090_WI_3_validation,2016-04-15,102,81.49312367776784
FOODS_3_090_WI_3_validation,2016-04-16,146,104.98791050420563
FOODS_3_090_WI_3_validation,2016-04-17,112,84.23583957071729
FOODS_3_090_WI_3_validation,2016-04-18,70,54.62831407643123
FOODS_3_090_WI_3_validation,2016-04-19,61,51.259968777967686
FOODS_3_090_WI_3_validation,2016-04-20,60,52.98952553123215
FOODS_3_090_WI_3_validation,2016-04-21,70,62.867811506250774
FOODS_3_090_WI_3_validation,2016-04-22,70,90.18905887169758
FOODS_3_090_WI_3_validation,2016-04-23,171,105.39375083582063
FOODS_3_090_WI_3_validation,2016-04-24,91,84.62715770206273
FOODS_3_099_TX_2_validation,2016-03-28,13,16.461913861082415
FOODS_3_099_TX_2_validation,2016-03-29,18,14.912462078857734
FOODS_3_099_TX_2_validation,2016-03-30,8,15.613620405612433
FOODS_3_099_TX_2_validation,2016-03-31,17,13.52709664442344
FOODS_3_099_TX_2_validation,2016-04-01,9,13.484407365061184
FOODS_3_099_TX_2_validation,2016-04-02,12,14.488544127918303
FOODS_3_099_TX_2_validation,2016-04-03,25,13.717323619762668
FOODS_3_099_TX_2_validation,2016-04-04,15,16.45534921362871
FOODS_3_099_TX_2_validation,2016-04-05,10,16.675707464485434
FOODS_3_099_TX_2_validation,2016-04-06,15,17.30358320822525
FOODS_3_099_TX_2_validation,2016-04-07,10,14.807747242293873
FOODS_3_099_TX_2_validation,2016-04-08,12,12.386963988553187
FOODS_3_099_TX_2_validation,2016-04-09,23,11.838357747056925
FOODS_3_099_TX_2_validation,2016-04-10,23,16.442821754011717
FOODS_3_099_TX_2_validation,2016-04-11,15,17.009448375950143
FOODS_3_099_TX_2_validation,2016-04-12,20,16.649115200417206
FOODS_3_099_TX_2_validation,2016-04-13,10,17.277549680747804
FOODS_3_099_TX_2_validation,2016-04-14,13,13.583931018286945
FOODS_3_099_TX_2_validation,2016-04-15,10,13.364636828038009
FOODS_3_099_TX_2_validation,2016-04-16,16,14.431854184000006
FOODS_3_099_TX_2_validation,2016-04-17,21,16.426406460109163
FOODS_3_099_TX_2_validation,2016-04-18,15,16.44584185586868
FOODS_3_099_TX_2_validation,2016-04-19,14,14.931708883844639
FOODS_3_099_TX_2_validation,2016-04-20,13,15.683655923484334
FOODS_3_099_TX_2_validation,2016-04-21,9,13.613948167027422
FOODS_3_099_TX_2_validation,2016-04-22,17,12.398308703836587
FOODS_3_099_TX_2_validation,2016-04-23,19,14.405748095163348
FOODS_3_099_TX_2_validation,2016-04-24,17,16.41138083025362
FOODS_3_120_CA_1_validation,2016-03-28,34,36.708792337469916
FOODS_3_120_CA_1_validation,2016-03-29,62,31.981502629145076
FOODS_3_120_CA_1_validation,2016-03-30,21,36.388531498564994
FOODS_3_120_CA_1_validation,2016-03-31,29,37.148154247628355
FOODS_3_120_CA_1_validation,2016-04-01,44,39.95194845572267
FOODS_3_120_CA_1_validation,2016-04-02,109,56.53939183038372
FOODS_3_120_CA_1_validation,2016-04-03,126,55.69597773294633
FOODS_3_120_CA_1_validation,2016-04-04,24,39.37891980571925
FOODS_3_120_CA_1_validation,2016-04-05,0,35.017298359466395
FOODS_3_120_CA_1_validation,2016-04-06,0,32.66657203996138
FOODS_3_120_CA_1_validation,2016-04-07,0,27.92485316964143
FOODS_3_120_CA_1_validation,2016-04-08,58,39.91923304454418
FOODS_3_120_CA_1_validation,2016-04-09,55,56.43839034017695
FOODS_3_120_CA_1_validation,2016-04-10,0,55.62128384179077
FOODS_3_120_CA_1_validation,2016-04-11,2,36.77898758732218
FOODS_3_120_CA_1_validation,2016-04-12,0,32.08446582008817
FOODS_3_120_CA_1_validation,2016-04-13,0,36.597393538785596
FOODS_3_120_CA_1_validation,2016-04-14,38,37.397427378471185
FOODS_3_120_CA_1_validation,2016-04-15,60,38.492256022163275
FOODS_3_120_CA_1_validation,2016-04-16,52,47.32191261588806
FOODS_3_120_CA_1_validation,2016-04-17,56,55.801024797234064
FOODS_3_120_CA_1_validation,2016-04-18,6,36.81235884957074
FOODS_3_120_CA_1_validation,2016-04-19,43,32.1347906625835
FOODS_3_120_CA_1_validation,2016-04-20,48,36.699823338933726
FOODS_3_120_CA_1_validation,2016-04-21,47,37.51969124570804
FOODS_3_120_CA_1_validation,2016-04-22,39,38.48732839682015
FOODS_3_120_CA_1_validation,2016-04-23,59,47.245933944993524
FOODS_3_120_CA_1_validation,2016-04-24,59,55.73280406741408
FOODS_3_120_CA_3_validation,2016-03-28,46,78.35918491741958
FOODS_3_120_CA_3_validation,2016-03-29,58,72.11234809884228
FOODS_3_120_CA_3_validation,2016-03-30,56,64.31642033334617
FOODS_3_120_CA_3_validation,2016-03-31,36,61.36808274188684
FOODS_3_120_CA_3_validation,2016-04-01,56,75.68018024130241
FOODS_3_120_CA_3_validation,2016-04-02,61,93.82863546561845
FOODS_3_120_CA_3_validation,2016-04-03,59,100.80571422943058
FOODS_3_120_CA_3_validation,2016-04-04,71,82.37464159215874
FOODS_3_120_CA_3_validation,2016-04-05,73,76.60375534146941
FOODS_3_120_CA_3_validation,2016-04-06,63,72.12440313951461
FOODS_3_120_CA_3_validation,2016-04-07,43,70.01589157023139
FOODS_3_120_CA_3_validation,2016-04-08,47,75.56097012362342
FOODS_3_120_CA_3_validation,2016-04-09,61,93.71417377657689
FOODS_3_120_CA_3_validation,2016-04-10,84,100.68487651953775
FOODS_3_120_CA_3_validation,2016-04-11,57,78.040718829555
FOODS_3_120_CA_3_validation,2016-04-12,86,71.61451360998215
FOODS_3_120_CA_3_validation,2016-04-13,89,63.73172876927137
FOODS_3_120_CA_3_validation,2016-04-14,142,60.81234632112731
FOODS_3_120_CA_3_validation,2016-04-15,46,67.05266670130642
FOODS_3_120_CA_3_validation,2016-04-16,66,84.90220746338314
FOODS_3_120_CA_3_validation,2016-04-17,72,92.8039242174567
FOODS_3_120_CA_3_validation,2016-04-18,77,77.86944094953493
FOODS_3_120_CA_3_validation,2016-04-19,71,71.35521095427255
FOODS_3_120_CA_3_validation,2016-04-20,69,63.430177585445875
FOODS_3_120_CA_3_validation,2016-04-21,66,60.525077307513705
FOODS_3_120_CA_3_validation,2016-04-22,43,66.79841130372515
FOODS_3_120_CA_3_validation,2016-04-23,81,84.66350932992404
FOODS_3_120_CA_3_validation,2016-04-24,98,92.58519800654241
FOODS_3_120_WI_3_validation,2016-03-28,2,36.69831094717072
FOODS_3_120_WI_3_validation,2016-03-29,17,29.585364607227035
FOODS_3_120_WI_3_validation,2016-03-30,19,23.144137336469186
FOODS_3_120_WI_3_validation,2016-03-31,27,26.77794243863814
FOODS_3_120_WI_3_validation,2016-04-01,18,29.97170477923576
FOODS_3_120_WI_3_validation,2016-04-02,56,42.05942840132337
FOODS_3_120_WI_3_validation,2016-04-03,51,46.539407521378465
FOODS_3_120_WI_3_validation,2016-04-04,29,36.75965664968522
FOODS_3_120_WI_3_validation,2016-04-05,44,36.46212191161706
FOODS_3_120_WI_3_validation,2016-04-06,24,23.520694774641957
FOODS_3_120_WI_3_validation,2016-04-07,27,26.9171524169842
FOODS_3_120_WI_3_validation,2016-04-08,20,35.685682606563404
FOODS_3_120_WI_3_validation,2016-04-09,44,42.04255122176731
FOODS_3_120_WI_3_validation,2016-04-10,54,42.729674278035574
FOODS_3_120_WI_3_validation,2016-04-11,54,45.67759355858619
FOODS_3_120_WI_3_validation,2016-04-12,42,36.44775212033531
FOODS_3_120_WI_3_validation,2016-04-13,20,23.33380961363916
FOODS_3_120_WI_3_validation,2016-04-14,35,31.918734033026162
FOODS_3_120_WI_3_validation,2016-04-15,38,35.75173907259717
FOODS_3_120_WI_3_validation,2016-04-16,56,40.295044130752586
FOODS_3_120_WI_3_validation,2016-04-17,30,42.7117513541215
FOODS_3_120_WI_3_validation,2016-04-18,43,36.87724319608141
FOODS_3_120_WI_3_validation,2016-04-19,25,29.840087853114955
FOODS_3_120_WI_3_validation,2016-04-20,33,23.42934365636606
FOODS_3_120_WI_3_validation,2016-04-21,22,27.19570501849669
FOODS_3_120_WI_3_validation,2016-04-22,29,30.413978939379206
FOODS_3_120_WI_3_validation,2016-04-23,39,40.377725747343135
FOODS_3_120_WI_3_validation,2016-04-24,55,42.69286526752312
FOODS_3_202_CA_3_validation,2016-03-28,19,25.260237057060078
FOODS_3_202_CA_3_validation,2016-03-29,13,19.62329012630328
FOODS_3_202_CA_3_validation,2016-03-30,19,18.345390989770262
FOODS_3_202_CA_3_validation,2016-03-31,11,17.60748179633781
FOODS_3_202_CA_3_validation,2016-04-01,15,20.2448531436375
FOODS_3_202_CA_3_validation,2016-04-02,26,27.07639796198456
FOODS_3_202_CA_3_validation,2016-04-03,39,28.608700304295876
FOODS_3_202_CA_3_validation,2016-04-04,29,22.741051903810195
FOODS_3_202_CA_3_validation,2016-04-05,19,18.332067801997496
FOODS_3_202_CA_3_validation,2016-04-06,24,14.615327932455155
FOODS_3_202_CA_3_validation,2016-04-07,28,16.05256739815608
FOODS_3_202_CA_3_validation,2016-04-08,23,20.264418828128388
FOODS_3_202_CA_3_validation,2016-04-09,34,27.08588871172938
FOODS_3_202_CA_3_validation,2016-04-10,30,28.59221570158821
FOODS_3_202_CA_3_validation,2016-04-11,19,25.497765461990113
FOODS_3_202_CA_3_validation,2016-04-12,22,19.852655910591068
FOODS_3_202_CA_3_validation,2016-04-13,16,18.534994744279302
FOODS_3_202_CA_3_validation,2016-04-14,23,17.76591579854988
FOODS_3_202_CA_3_validation,2016-04-15,29,21.432295326053392
FOODS_3_202_CA_3_validation,2016-04-16,36,29.304197864023738
FOODS_3_202_CA_3_validation,2016-04-17,58,32.40050639866137
FOODS_3_202_CA_3_validation,2016-04-18,37,25.616191423416918
FOODS_3_202_CA_3_validation,2016-04-19,18,19.967543590111266
FOODS_3_202_CA_3_validation,2016-04-20,27,18.629757027773064
FOODS_3_202_CA_3_validation,2016-04-21,24,17.845144072154906
FOODS_3_202_CA_3_validation,2016-04-22,22,21.550536872980153
FOODS_3_202_CA_3_validation,2016-04-23,37,29.442511396452165
FOODS_3_202_CA_3_validation,2016-04-24,29,32.5120222916821
FOODS_3_202_TX_1_validation,2016-03-28,17,21.957622194058125
FOODS_3_202_TX_1_validation,2016-03-29,12,18.760695727318133
FOODS_3_202_TX_1_validation,2016-03-30,18,19.94715554267143
FOODS_3_202_TX_1_validation,2016-03-31,11,21.090721150289195
FOODS_3_202_TX_1_validation,2016-04-01,16,24.51333817372204
FOODS_3_202_TX_1_validation,2016-04-02,34,34.39008205238852
FOODS_3_202_TX_1_validation,2016-04-03,38,38.06314881301549
FOODS_3_202_TX_1_validation,2016-04-04,14,22.13763222472151
FOODS_3_202_TX_1_validation,2016-04-05,23,22.98655930752721
FOODS_3_202_TX_1_validation,2016-04-06,17,17.9328430039139
FOODS_3_202_TX_1_validation,2016-04-07,17,20.032936732427125
FOODS_3_202_TX_1_validation,2016-04-08,21,22.190160768225173
FOODS_3_202_TX_1_validation,2016-04-09,39,35.78553270739585
FOODS_3_202_TX_1_validation,2016-04-10,42,38.86182182936162
FOODS_3_202_TX_1_validation,2016-04-11,19,23.542132939225134
FOODS_3_202_TX_1_validation,2016-04-12,25,23.076488413426127
FOODS_3_202_TX_1_validation,2016-04-13,16,18.02207930112226
FOODS_3_202_TX_1_validation,2016-04-14,18,21.39927391917787
FOODS_3_202_TX_1_validation,2016-04-15,30,24.82972955631203
FOODS_3_202_TX_1_validation,2016-04-16,48,34.85455371021994
FOODS_3_202_TX_1_validation,2016-04-17,56,39.101003679135076
FOODS_3_202_TX_1_validation,2016-04-18,30,22.49697683249796
FOODS_3_202_TX_1_validation,2016-04-19,29,19.13840062826401
FOODS_3_202_TX_1_validation,2016-04-20,18,20.324481493437347
FOODS_3_202_TX_1_validation,2016-04-21,18,21.552413878457443
FOODS_3_202_TX_1_validation,2016-04-22,18,22.57761480082809
FOODS_3_202_TX_1_validation,2016-04-23,37,35.084800160743754
FOODS_3_202_TX_1_validation,2016-04-24,38,39.33872817488242
FOODS_3_202_TX_2_validation,2016-03-28,13,20.830485219194202
FOODS_3_202_TX_2_validation,2016-03-29,11,18.85076505981889
FOODS_3_202_TX_2_validation,2016-03-30,8,15.599797053664629
FOODS_3_202_TX_2_validation,2016-03-31,15,16.597417175043596
FOODS_3_202_TX_2_validation,2016-04-01,25,21.62094205152254
FOODS_3_202_TX_2_validation,2016-04-02,29,25.21522754695911
FOODS_3_202_TX_2_validation,2016-04-03,26,27.85386165003104
FOODS_3_202_TX_2_validation,2016-04-04,14,20.86949862934591
FOODS_3_202_TX_2_validation,2016-04-05,11,17.51802081796174
FOODS_3_202_TX_2_validation,2016-04-06,12,17.769860837004707
FOODS_3_202_TX_2_validation,2016-04-07,16,19.941377650102815
FOODS_3_202_TX_2_validation,2016-04-08,25,21.261330628507082
FOODS_3_202_TX_2_validation,2016-04-09,37,27.251660548756796
FOODS_3_202_TX_2_validation,2016-04-10,29,27.4476021411231
FOODS_3_202_TX_2_validation,2016-04-11,12,19.66771813529067
FOODS_3_202_TX_2_validation,2016-04-12,13,17.559217071423134
FOODS_3_202_TX_2_validation,2016-04-13,14,17.845899242383513
FOODS_3_202_TX_2_validation,2016-04-14,12,16.695192418256074
FOODS_3_202_TX_2_validation,2016-04-15,19,21.628531348840372
FOODS_3_202_TX_2_validation,2016-04-16,36,25.213166057533957
FOODS_3_202_TX_2_validation,2016-04-17,38,27.43826701833386
FOODS_3_202_TX_2_validation,2016-04-18,14,20.946133157181805
FOODS_3_202_TX_2_validation,2016-04-19,14,18.994351296483277
FOODS_3_202_TX_2_validation,2016-04-20,13,15.751638669009084
FOODS_3_202_TX_2_validation,2016-04-21,18,16.744277439911556
FOODS_3_202_TX_2_validation,2016-04-22,18,21.351534815308455
FOODS_3_202_TX_2_validation,2016-04-23,30,25.21154907591253
FOODS_3_202_TX_2_validation,2016-04-24,13,27.428268571291902
FOODS_3_202_TX_3_validation,2016-03-28,33,29.772121944507212
FOODS_3_202_TX_3_validation,2016-03-29,35,24.806127819001208
FOODS_3_202_TX_3_validation,2016-03-30,17,25.239668109661096
FOODS_3_202_TX_3_validation,2016-03-31,14,27.824360972642697
FOODS_3_202_TX_3_validation,2016-04-01,22,27.548835389248225
FOODS_3_202_TX_3_validation,2016-04-02,30,31.441129330929293
FOODS_3_202_TX_3_validation,2016-04-03,33,43.705295099394775
FOODS_3_202_TX_3_validation,2016-04-04,23,29.938804763669914
FOODS_3_202_TX_3_validation,2016-04-05,29,26.53415237919284
FOODS_3_202_TX_3_validation,2016-04-06,28,26.8390770179418
FOODS_3_202_TX_3_validation,2016-04-07,44,26.490333861338048
FOODS_3_202_TX_3_validation,2016-04-08,24,25.965949811738803
FOODS_3_202_TX_3_validation,2016-04-09,24,33.99013925050457
FOODS_3_202_TX_3_validation,2016-04-10,38,40.29453209790459
FOODS_3_202_TX_3_validation,2016-04-11,27,28.98175745651509
FOODS_3_202_TX_3_validation,2016-04-12,24,26.69804087717496
FOODS_3_202_TX_3_validation,2016-04-13,24,26.996038765042606
FOODS_3_202_TX_3_validation,2016-04-14,29,28.18193845821924
FOODS_3_202_TX_3_validation,2016-04-15,28,27.80459802258911
FOODS_3_202_TX_3_validation,2016-04-16,28,31.822347574991326
FOODS_3_202_TX_3_validation,2016-04-17,59,40.50453465150948
FOODS_3_202_TX_3_validation,2016-04-18,36,30.267748708031505
FOODS_3_202_TX_3_validation,2016-04-19,23,25.22182488894019
FOODS_3_202_TX_3_validation,2016-04-20,23,25.745390419322966
FOODS_3_202_TX_3_validation,2016-04-21,18,28.358709394204602
FOODS_3_202_TX_3_validation,2016-04-22,23,26.31327313433062
FOODS_3_202_TX_3_validation,2016-04-23,40,32.01159239495733
FOODS_3_202_TX_3_validation,2016-04-24,59,40.71258661668328
FOODS_3_226_WI_1_validation,2016-03-28,22,30.446718596456268
FOODS_3_226_WI_1_validation,2016-03-29,25,28.740443955842085
FOODS_3_226_WI_1_validation,2016-03-30,27,29.61783030620804
FOODS_3_226_WI_1_validation,2016-03-31,40,34.00709466446308
FOODS_3_226_WI_1_validation,2016-04-01,39,41.320155511383426
FOODS_3_226_WI_1_validation,2016-04-02,39,51.110734488161405
FOODS_3_226_WI_1_validation,2016-04-03,49,42.938838684650875
FOODS_3_226_WI_1_validation,2016-04-04,29,30.389049337077097
FOODS_3_226_WI_1_validation,2016-04-05,35,30.23196311967257
FOODS_3_226_WI_1_validation,2016-04-06,22,32.137761535788805
FOODS_3_226_WI_1_validation,2016-04-07,27,33.9224651925547
FOODS_3_226_WI_1_validation,2016-04-08,31,39.239980720646116
FOODS_3_226_WI_1_validation,2016-04-09,55,50.9430234823341
FOODS_3_226_WI_1_validation,2016-04-10,52,40.272679597673964
FOODS_3_226_WI_1_validation,2016-04-11,33,28.56686413841753
FOODS_3_226_WI_1_validation,2016-04-12,26,30.14013278303309
FOODS_3_226_WI_1_validation,2016-04-13,32,29.501007935182578
FOODS_3_226_WI_1_validation,2016-04-14,40,33.54174213295162
FOODS_3_226_WI_1_validation,2016-04-15,38,39.1156619689501
FOODS_3_226_WI_1_validation,2016-04-16,56,47.3308940028906
FOODS_3_226_WI_1_validation,2016-04-17,58,40.162893632050995
FOODS_3_226_WI_1_validation,2016-04-18,42,30.28098576528886
FOODS_3_226_WI_1_validation,2016-04-19,27,28.52065807689248
FOODS_3_226_WI_1_validation,2016-04-20,34,29.44578643513976
FOODS_3_226_WI_1_validation,2016-04-21,24,33.759414979525786
FOODS_3_226_WI_1_validation,2016-04-22,41,40.947941523550575
FOODS_3_226_WI_1_validation,2016-04-23,41,47.17671082774023
FOODS_3_226_WI_1_validation,2016-04-24,38,40.05569340733415
FOODS_3_226_WI_2_validation,2016-03-28,28,35.47806641795254
FOODS_3_226_WI_2_validation,2016-03-29,34,34.04748461282806
FOODS_3_226_WI_2_validation,2016-03-30,46,35.284874184124014
FOODS_3_226_WI_2_validation,2016-03-31,30,39.793054781825674
FOODS_3_226_WI_2_validation,2016-04-01,55,40.61897564237146
FOODS_3_226_WI_2_validation,2016-04-02,45,40.863033821649545
FOODS_3_226_WI_2_validation,2016-04-03,48,42.62320838076571
FOODS_3_226_WI_2_validation,2016-04-04,33,35.61084119002194
FOODS_3_226_WI_2_validation,2016-04-05,48,42.87840692668271
FOODS_3_226_WI_2_validation,2016-04-06,43,45.19812051806559
FOODS_3_226_WI_2_validation,2016-04-07,36,39.96066768316578
FOODS_3_226_WI_2_validation,2016-04-08,53,41.11483270502959
FOODS_3_226_WI_2_validation,2016-04-09,52,40.921521403146
FOODS_3_226_WI_2_validation,2016-04-10,47,34.89178141577995
FOODS_3_226_WI_2_validation,2016-04-11,46,40.54489164676397
FOODS_3_226_WI_2_validation,2016-04-12,38,43.03120324616376
FOODS_3_226_WI_2_validation,2016-04-13,43,35.60347933675688
FOODS_3_226_WI_2_validation,2016-04-14,58,44.47728553030963
FOODS_3_226_WI_2_validation,2016-04-15,60,41.20480963730807
FOODS_3_226_WI_2_validation,2016-04-16,56,36.96023053311889
FOODS_3_226_WI_2_validation,2016-04-17,67,35.02785557008501
FOODS_3_226_WI_2_validation,2016-04-18,40,35.88304279594233
FOODS_3_226_WI_2_validation,2016-04-19,31,34.42626623770132
FOODS_3_226_WI_2_validation,2016-04-20,40,35.766257474965954
FOODS_3_226_WI_2_validation,2016-04-21,50,40.302062039174686
FOODS_3_226_WI_2_validation,2016-04-22,48,40.99141342620274
FOODS_3_226_WI_2_validation,2016-04-23,43,37.08313992571998
FOODS_3_226_WI_2_validation,2016-04-24,38,35.16655830237846
FOODS_3_226_WI_3_validation,2016-03-28,46,43.428338436083166
FOODS_3_226_WI_3_validation,2016-03-29,50,45.21323035192244
FOODS_3_226_WI_3_validation,2016-03-30,42,42.31859677270646
FOODS_3_226_WI_3_validation,2016-03-31,50,45.15738847909191
FOODS_3_226_WI_3_validation,2016-04-01,50,53.98524423208941
FOODS_3_226_WI_3_validation,2016-04-02,56,55.83252305892719
FOODS_3_226_WI_3_validation,2016-04-03,44,53.753502216286535
FOODS_3_226_WI_3_validation,2016-04-04,35,43.54020020486915
FOODS_3_226_WI_3_validation,2016-04-05,53,43.663429765174214
FOODS_3_226_WI_3_validation,2016-04-06,36,44.65266399646143
FOODS_3_226_WI_3_validation,2016-04-07,40,45.24463730682291
FOODS_3_226_WI_3_validation,2016-04-08,39,56.225669083430624
FOODS_3_226_WI_3_validation,2016-04-09,55,55.850877309946355
FOODS_3_226_WI_3_validation,2016-04-10,45,46.35389299224366
FOODS_3_226_WI_3_validation,2016-04-11,45,45.08001164580241
FOODS_3_226_WI_3_validation,2016-04-12,45,43.69132182408584
FOODS_3_226_WI_3_validation,2016-04-13,45,42.509587454282375
FOODS_3_226_WI_3_validation,2016-04-14,53,50.31735802084814
FOODS_3_226_WI_3_validation,2016-04-15,51,56.25179076830923
FOODS_3_226_WI_3_validation,2016-04-16,59,55.1150626307288
FOODS_3_226_WI_3_validation,2016-04-17,46,46.47991004893687
FOODS_3_226_WI_3_validation,2016-04-18,49,43.765803465943186
FOODS_3_226_WI_3_validation,2016-04-19,38,45.43780877245426
FOODS_3_226_WI_3_validation,2016-04-20,37,42.60611947154913
FOODS_3_226_WI_3_validation,2016-04-21,43,45.42189358511433
FOODS_3_226_WI_3_validation,2016-04-22,55,54.20751887123505
FOODS_3_226_WI_3_validation,2016-04-23,40,55.20580131989905
FOODS_3_226_WI_3_validation,2016-04-24,38,46.606744105770645
FOODS_3_234_CA_3_validation,2016-03-28,13,13.685061873557395
FOODS_3_234_CA_3_validation,2016-03-29,4,10.076818915648264
FOODS_3_234_CA_3_validation,2016-03-30,2,12.745721609116535
FOODS_3_234_CA_3_validation,2016-03-31,7,9.601887112217055
FOODS_3_234_CA_3_validation,2016-04-01,27,13.488758017566656
FOODS_3_234_CA_3_validation,2016-04-02,8,18.461617365245175
FOODS_3_234_CA_3_validation,2016-04-03,12,13.689490237552235
FOODS_3_234_CA_3_validation,2016-04-04,10,16.50313971457904
FOODS_3_234_CA_3_validation,2016-04-05,16,14.04302891379127
FOODS_3_234_CA_3_validation,2016-04-06,8,13.229012489532941
FOODS_3_234_CA_3_validation,2016-04-07,41,13.763830701992074
FOODS_3_234_CA_3_validation,2016-04-08,19,13.262597640856082
FOODS_3_234_CA_3_validation,2016-04-09,2,18.212257394900764
FOODS_3_234_CA_3_validation,2016-04-10,0,13.474248540329045
FOODS_3_234_CA_3_validation,2016-04-11,0,13.438747852070124
FOODS_3_234_CA_3_validation,2016-04-12,0,9.916164606842194
FOODS_3_234_CA_3_validation,2016-04-13,12,12.623302333739938
FOODS_3_234_CA_3_validation,2016-04-14,65,9.481252642722202
FOODS_3_234_CA_3_validation,2016-04-15,8,7.441023614922473
FOODS_3_234_CA_3_validation,2016-04-16,1,13.037608047058342
FOODS_3_234_CA_3_validation,2016-04-17,34,13.430106384708411
FOODS_3_234_CA_3_validation,2016-04-18,27,13.3168974111572
FOODS_3_234_CA_3_validation,2016-04-19,2,9.837843933580778
FOODS_3_234_CA_3_validation,2016-04-20,2,12.56372852909463
FOODS_3_234_CA_3_validation,2016-04-21,0,9.422962022640501
FOODS_3_234_CA_3_validation,2016-04-22,0,7.359292507148236
FOODS_3_234_CA_3_validation,2016-04-23,0,12.899903404314344
FOODS_3_234_CA_3_validation,2016-04-24,0,13.274111594617969
FOODS_3_234_WI_2_validation,2016-03-28,0,1.4374088131336382
FOODS_3_234_WI_2_validation,2016-03-29,0,2.3244366697466923
FOODS_3_234_WI_2_validation,2016-03-30,0,0.18531715078082378
FOODS_3_234_WI_2_validation,2016-03-31,4,1.1105415380289756
FOODS_3_234_WI_2_validation,2016-04-01,0,0.0
FOODS_3_234_WI_2_validation,2016-04-02,0,13.808657933078328
FOODS_3_234_WI_2_validation,2016-04-03,0,0.0
FOODS_3_234_WI_2_validation,2016-04-04,0,1.2039229897605015
FOODS_3_234_WI_2_validation,2016-04-05,0,0.0
FOODS_3_234_WI_2_validation,2016-04-06,0,8.607465199160522
FOODS_3_234_WI_2_validation,2016-04-07,0,0.7214833345279015
FOODS_3_234_WI_2_validation,2016-04-08,0,15.721524824437681
FOODS_3_234_WI_2_validation,2016-04-09,0,13.526061452591907
FOODS_3_234_WI_2_validation,2016-04-10,0,0.0
FOODS_3_234_WI_2_validation,2016-04-11,0,0.0
FOODS_3_234_WI_2_validation,2016-04-12,0,0.0
FOODS_3_234_WI_2_validation,2016-04-13,1,0.0
FOODS_3_234_WI_2_validation,2016-04-14,0,11.766107193658609
FOODS_3_234_WI_2_validation,2016-04-15,0,15.475326431318344
FOODS_3_234_WI_2_validation,2016-04-16,1,0.0
FOODS_3_234_WI_2_validation,2016-04-17,0,0.0
FOODS_3_234_WI_2_validation,2016-04-18,0,0.7398911504457892
FOODS_3_234_WI_2_validation,2016-04-19,57,1.6174729381484863
FOODS_3_234_WI_2_validation,2016-04-20,82,0.0
FOODS_3_234_WI_2_validation,2016-04-21,41,0.0
FOODS_3_234_WI_2_validation,2016-04-22,32,0.0
FOODS_3_234_WI_2_validation,2016-04-23,27,0.0
FOODS_3_234_WI_2_validation,2016-04-24,12,0.0
FOODS_3_234_WI_3_validation,2016-03-28,9,19.874451384861967
FOODS_3_234_WI_3_validation,2016-03-29,17,19.408596466264175
FOODS_3_234_WI_3_validation,2016-03-30,20,19.401180003103693
FOODS_3_234_WI_3_validation,2016-03-31,16,17.778905322935934
FOODS_3_234_WI_3_validation,2016-04-01,25,18.315319480380584
FOODS_3_234_WI_3_validation,2016-04-02,42,32.32846450714366
FOODS_3_234_WI_3_validation,2016-04-03,47,29.115667086714094
FOODS_3_234_WI_3_validation,2016-04-04,2,20.250249744875706
FOODS_3_234_WI_3_validation,2016-04-05,31,29.779674486124815
FOODS_3_234_WI_3_validation,2016-04-06,39,24.714438179593856
FOODS_3_234_WI_3_validation,2016-04-07,19,18.093445659641393
FOODS_3_234_WI_3_validation,2016-04-08,35,34.02276943373569
FOODS_3_234_WI_3_validation,2016-04-09,83,32.67318418533194
FOODS_3_234_WI_3_validation,2016-04-10,48,23.365926309912478
FOODS_3_234_WI_3_validation,2016-04-11,23,32.176812963337944
FOODS_3_234_WI_3_validation,2016-04-12,53,30.071134285211084
FOODS_3_234_WI_3_validation,2016-04-13,0,20.113016733936
FOODS_3_234_WI_3_validation,2016-04-14,17,28.892460436495128
FOODS_3_234_WI_3_validation,2016-04-15,43,34.32988774337269
FOODS_3_234_WI_3_validation,2016-04-16,7,23.961475119676976
FOODS_3_234_WI_3_validation,2016-04-17,21,23.759919139077894
FOODS_3_234_WI_3_validation,2016-04-18,17,21.00529805358224
FOODS_3_234_WI_3_validation,2016-04-19,7,20.424825519483264
FOODS_3_234_WI_3_validation,2016-04-20,2,20.470748681523144
FOODS_3_234_WI_3_validation,2016-04-21,8,18.72693938950443
FOODS_3_234_WI_3_validation,2016-04-22,14,19.266430255277612
FOODS_3_234_WI_3_validation,2016-04-23,12,24.335647324455195
FOODS_3_234_WI_3_validation,2016-04-24,8,24.154786272527666
FOODS_3_252_CA_1_validation,2016-03-28,24,27.455915706656064
FOODS_3_252_CA_1_validation,2016-03-29,28,26.22791537989781
FOODS_3_252_CA_1_validation,2016-03-30,25,26.597901874093598
FOODS_3_252_CA_1_validation,2016-03-31,26,26.13362560217853
FOODS_3_252_CA_1_validation,2016-04-01,45,32.029388134709535
FOODS_3_252_CA_1_validation,2016-04-02,68,43.98120430347962
FOODS_3_252_CA_1_validation,2016-04-03,52,45.03188686032521
FOODS_3_252_CA_1_validation,2016-04-04,33,26.851375166430334
FOODS_3_252_CA_1_validation,2016-04-05,32,22.171251898501417
FOODS_3_252_CA_1_validation,2016-04-06,34,24.741152169169258
FOODS_3_252_CA_1_validation,2016-04-07,40,24.027767327980058
FOODS_3_252_CA_1_validation,2016-04-08,45,31.798660199791232
FOODS_3_252_CA_1_validation,2016-04-09,59,43.7104405005771
FOODS_3_252_CA_1_validation,2016-04-10,37,44.75968388616711
FOODS_3_252_CA_1_validation,2016-04-11,32,27.25897786058988
FOODS_3_252_CA_1_validation,2016-04-12,18,26.07634938793187
FOODS_3_252_CA_1_validation,2016-04-13,37,26.422361384735495
FOODS_3_252_CA_1_validation,2016-04-14,27,25.861644624100414
FOODS_3_252_CA_1_validation,2016-04-15,23,35.13775122860242
FOODS_3_252_CA_1_validation,2016-04-16,57,48.52769824063208
FOODS_3_252_CA_1_validation,2016-04-17,49,48.307202984641876
FOODS_3_252_CA_1_validation,2016-04-18,21,27.160530664045705
FOODS_3_252_CA_1_validation,2016-04-19,46,26.0003995871167
FOODS_3_252_CA_1_validation,2016-04-20,24,26.334417772999455
FOODS_3_252_CA_1_validation,2016-04-21,35,25.72604561412558
FOODS_3_252_CA_1_validation,2016-04-22,33,34.977795499484856
FOODS_3_252_CA_1_validation,2016-04-23,49,48.316680837604615
FOODS_3_252_CA_1_validation,2016-04-24,52,48.10407653795549
FOODS_3_252_CA_2_validation,2016-03-28,11,31.970720498819514
FOODS_3_252_CA_2_validation,2016-03-29,35,28.79755566922013
FOODS_3_252_CA_2_validation,2016-03-30,28,29.84284992718989
FOODS_3_252_CA_2_validation,2016-03-31,37,29.537591317875197
FOODS_3_252_CA_2_validation,2016-04-01,29,39.552171879748315
FOODS_3_252_CA_2_validation,2016-04-02,56,49.9114559718268
FOODS_3_252_CA_2_validation,2016-04-03,53,49.211194034135374
FOODS_3_252_CA_2_validation,2016-04-04,34,33.611138119398
FOODS_3_252_CA_2_validation,2016-04-05,39,30.953753580552565
FOODS_3_252_CA_2_validation,2016-04-06,40,30.37676055904746
FOODS_3_252_CA_2_validation,2016-04-07,29,33.87453754775308
FOODS_3_252_CA_2_validation,2016-04-08,26,39.62716751500699
FOODS_3_252_CA_2_validation,2016-04-09,41,49.95764281130116
FOODS_3_252_CA_2_validation,2016-04-10,48,49.259743479500955
FOODS_3_252_CA_2_validation,2016-04-11,23,32.13691110762924
FOODS_3_252_CA_2_validation,2016-04-12,16,28.91446982458811
FOODS_3_252_CA_2_validation,2016-04-13,27,29.963556495884642
FOODS_3_252_CA_2_validation,2016-04-14,8,29.662904820719213
FOODS_3_252_CA_2_validation,2016-04-15,35,37.09854251492783
FOODS_3_252_CA_2_validation,2016-04-16,59,51.94960027655799
FOODS_3_252_CA_2_validation,2016-04-17,55,48.66257753535159
FOODS_3_252_CA_2_validation,2016-04-18,43,32.219297794712716
FOODS_3_252_CA_2_validation,2016-04-19,37,28.972455714606458
FOODS_3_252_CA_2_validation,2016-04-20,23,30.023268566915107
FOODS_3_252_CA_2_validation,2016-04-21,25,29.7253989383294
FOODS_3_252_CA_2_validation,2016-04-22,27,37.1594441200973
FOODS_3_252_CA_2_validation,2016-04-23,41,52.03258691496191
FOODS_3_252_CA_2_validation,2016-04-24,38,48.7540496273366
FOODS_3_252_CA_3_validation,2016-03-28,36,35.084464577166656
FOODS_3_252_CA_3_validation,2016-03-29,43,31.50380782184105
FOODS_3_252_CA_3_validation,2016-03-30,30,33.615368347894325
FOODS_3_252_CA_3_validation,2016-03-31,24,34.200660190598185
FOODS_3_252_CA_3_validation,2016-04-01,33,37.65793923849863
FOODS_3_252_CA_3_validation,2016-04-02,47,49.40915907150644
FOODS_3_252_CA_3_validation,2016-04-03,61,50.28764146927915
FOODS_3_252_CA_3_validation,2016-04-04,42,38.78655684597577
FOODS_3_252_CA_3_validation,2016-04-05,38,35.02532538007395
FOODS_3_252_CA_3_validation,2016-04-06,60,34.03200592511068
FOODS_3_252_CA_3_validation,2016-04-07,40,36.18891488868206
FOODS_3_252_CA_3_validation,2016-04-08,46,37.52154218231517
FOODS_3_252_CA_3_validation,2016-04-09,51,49.26244827958743
FOODS_3_252_CA_3_validation,2016-04-10,52,50.18784731258998
FOODS_3_252_CA_3_validation,2016-04-11,58,34.938043280124745
FOODS_3_252_CA_3_validation,2016-04-12,35,31.37352023109711
FOODS_3_252_CA_3_validation,2016-04-13,43,33.485526220769444
FOODS_3_252_CA_3_validation,2016-04-14,30,34.06689943442366
FOODS_3_252_CA_3_validation,2016-04-15,44,36.10082481586525
FOODS_3_252_CA_3_validation,2016-04-16,65,50.63860928916763
FOODS_3_252_CA_3_validation,2016-04-17,81,49.28568851423881
FOODS_3_252_CA_3_validation,2016-04-18,59,34.865363842829325
FOODS_3_252_CA_3_validation,2016-04-19,56,31.309490063150413
FOODS_3_252_CA_3_validation,2016-04-20,29,33.42149109686272
FOODS_3_252_CA_3_validation,2016-04-21,46,34.00084559140039
FOODS_3_252_CA_3_validation,2016-04-22,35,36.00275300010347
FOODS_3_252_CA_3_validation,2016-04-23,61,50.52910190009656
FOODS_3_252_CA_3_validation,2016-04-24,39,49.17782953568477
FOODS_3_252_TX_1_validation,2016-03-28,26,25.842834624568912
FOODS_3_252_TX_1_validation,2016-03-29,9,22.66266313354627
FOODS_3_252_TX_1_validation,2016-03-30,12,24.964634241088127
FOODS_3_252_TX_1_validation,2016-03-31,34,30.600054965815445
FOODS_3_252_TX_1_validation,2016-04-01,32,35.00252197785553
FOODS_3_252_TX_1_validation,2016-04-02,36,37.16518371012695
FOODS_3_252_TX_1_validation,2016-04-03,35,40.17287027464654
FOODS_3_252_TX_1_validation,2016-04-04,28,25.91123654032399
FOODS_3_252_TX_1_validation,2016-04-05,32,23.44540485281307
FOODS_3_252_TX_1_validation,2016-04-06,30,24.867962318841567
FOODS_3_252_TX_1_validation,2016-04-07,37,31.25663593817264
FOODS_3_252_TX_1_validation,2016-04-08,27,32.03009954652447
FOODS_3_252_TX_1_validation,2016-04-09,55,40.23028831515382
FOODS_3_252_TX_1_validation,2016-04-10,38,35.15614818931736
FOODS_3_252_TX_1_validation,2016-04-11,23,30.58768154455592
FOODS_3_252_TX_1_validation,2016-04-12,23,23.447767887959472
FOODS_3_252_TX_1_validation,2016-04-13,26,24.910862797618844
FOODS_3_252_TX_1_validation,2016-04-14,26,30.798842487868043
FOODS_3_252_TX_1_validation,2016-04-15,27,35.24470726219695
FOODS_3_252_TX_1_validation,2016-04-16,31,37.218455266898914
FOODS_3_252_TX_1_validation,2016-04-17,35,35.21371957016554
FOODS_3_252_TX_1_validation,2016-04-18,17,26.047828697405336
FOODS_3_252_TX_1_validation,2016-04-19,31,22.76215218032624
FOODS_3_252_TX_1_validation,2016-04-20,36,25.11578586302138
FOODS_3_252_TX_1_validation,2016-04-21,32,30.897304076186124
FOODS_3_252_TX_1_validation,2016-04-22,17,32.187475812878304
FOODS_3_252_TX_1_validation,2016-04-23,55,37.24407626306662
FOODS_3_252_TX_1_validation,2016-04-24,35,35.27082418680631
FOODS_3_252_TX_2_validation,2016-03-28,45,45.98129341391335
FOODS_3_252_TX_2_validation,2016-03-29,29,40.34689646935045
FOODS_3_252_TX_2_validation,2016-03-30,30,46.48572491465405
FOODS_3_252_TX_2_validation,2016-03-31,47,51.04710703153513
FOODS_3_252_TX_2_validation,2016-04-01,52,60.71893962482106
FOODS_3_252_TX_2_validation,2016-04-02,81,73.83609088094204
FOODS_3_252_TX_2_validation,2016-04-03,77,70.02290187442888
FOODS_3_252_TX_2_validation,2016-04-04,41,46.00073800458023
FOODS_3_252_TX_2_validation,2016-04-05,53,44.008734842642426
FOODS_3_252_TX_2_validation,2016-04-06,50,43.96777161401004
FOODS_3_252_TX_2_validation,2016-04-07,57,50.972098808590374
FOODS_3_252_TX_2_validation,2016-04-08,63,56.793724697434214
FOODS_3_252_TX_2_validation,2016-04-09,50,76.63570740612784
FOODS_3_252_TX_2_validation,2016-04-10,61,69.92023844743254
FOODS_3_252_TX_2_validation,2016-04-11,45,50.18390586063468
FOODS_3_252_TX_2_validation,2016-04-12,37,44.01510627072957
FOODS_3_252_TX_2_validation,2016-04-13,31,43.99571307362665
FOODS_3_252_TX_2_validation,2016-04-14,32,51.20469624317757
FOODS_3_252_TX_2_validation,2016-04-15,56,60.613872110026
FOODS_3_252_TX_2_validation,2016-04-16,48,73.75289135659182
FOODS_3_252_TX_2_validation,2016-04-17,63,69.86513072250862
FOODS_3_252_TX_2_validation,2016-04-18,22,46.03742660874332
FOODS_3_252_TX_2_validation,2016-04-19,32,40.28829536476741
FOODS_3_252_TX_2_validation,2016-04-20,31,46.55650171654814
FOODS_3_252_TX_2_validation,2016-04-21,39,51.281478781459626
FOODS_3_252_TX_2_validation,2016-04-22,63,56.86806415479221
FOODS_3_252_TX_2_validation,2016-04-23,91,73.70881693385036
FOODS_3_252_TX_2_validation,2016-04-24,46,69.80832193138085
FOODS_3_252_TX_3_validation,2016-03-28,24,36.946550314394884
FOODS_3_252_TX_3_validation,2016-03-29,18,32.127944853321246
FOODS_3_252_TX_3_validation,2016-03-30,16,34.99336297408632
FOODS_3_252_TX_3_validation,2016-03-31,37,40.75780230008841
FOODS_3_252_TX_3_validation,2016-04-01,29,41.06263773022262
FOODS_3_252_TX_3_validation,2016-04-02,60,52.165592853364
FOODS_3_252_TX_3_validation,2016-04-03,30,52.37650659270912
FOODS_3_252_TX_3_validation,2016-04-04,23,36.87083655576647
FOODS_3_252_TX_3_validation,2016-04-05,25,38.51571227194155
FOODS_3_252_TX_3_validation,2016-04-06,16,39.62453548422827
FOODS_3_252_TX_3_validation,2016-04-07,36,40.95809564577415
FOODS_3_252_TX_3_validation,2016-04-08,41,42.21311968383451
FOODS_3_252_TX_3_validation,2016-04-09,45,50.41987795102048
FOODS_3_252_TX_3_validation,2016-04-10,43,48.08592644021016
FOODS_3_252_TX_3_validation,2016-04-11,38,43.98345732705416
FOODS_3_252_TX_3_validation,2016-04-12,32,38.50672317870397
FOODS_3_252_TX_3_validation,2016-04-13,36,39.60366750482359
FOODS_3_252_TX_3_validation,2016-04-14,33,40.797108220045345
FOODS_3_252_TX_3_validation,2016-04-15,37,40.938878089651766
FOODS_3_252_TX_3_validation,2016-04-16,39,51.87544895270816
FOODS_3_252_TX_3_validation,2016-04-17,28,47.93119301958665
FOODS_3_252_TX_3_validation,2016-04-18,20,36.71408544571601
FOODS_3_252_TX_3_validation,2016-04-19,43,32.0106774364512
FOODS_3_252_TX_3_validation,2016-04-20,25,34.932009857423004
FOODS_3_252_TX_3_validation,2016-04-21,21,40.81373913007906
FOODS_3_252_TX_3_validation,2016-04-22,36,42.13551603237144
FOODS_3_252_TX_3_validation,2016-04-23,64,51.727060603039796
FOODS_3_252_TX_3_validation,2016-04-24,20,47.77427265295792
FOODS_3_252_WI_3_validation,2016-03-28,18,14.453451206974584
FOODS_3_252_WI_3_validation,2016-03-29,17,13.11350876306686
FOODS_3_252_WI_3_validation,2016-03-30,10,14.202166927226372
FOODS_3_252_WI_3_validation,2016-03-31,15,13.695486789356483
FOODS_3_252_WI_3_validation,2016-04-01,13,19.357368802874785
FOODS_3_252_WI_3_validation,2016-04-02,25,27.198246416169923
FOODS_3_252_WI_3_validation,2016-04-03,31,24.753271666518003
FOODS_3_252_WI_3_validation,2016-04-04,5,14.484285308785816
FOODS_3_252_WI_3_validation,2016-04-05,14,16.197798007354493
FOODS_3_252_WI_3_validation,2016-04-06,9,16.344096067378054
FOODS_3_252_WI_3_validation,2016-04-07,9,13.721976675283624
FOODS_3_252_WI_3_validation,2016-04-08,12,21.026013618727102
FOODS_3_252_WI_3_validation,2016-04-09,27,27.265622502999797
FOODS_3_252_WI_3_validation,2016-04-10,9,20.05121491588951
FOODS_3_252_WI_3_validation,2016-04-11,23,16.337159673180345
FOODS_3_252_WI_3_validation,2016-04-12,18,16.228554019300898
FOODS_3_252_WI_3_validation,2016-04-13,11,14.285193493659165
FOODS_3_252_WI_3_validation,2016-04-14,11,17.913907585117688
FOODS_3_252_WI_3_validation,2016-04-15,26,21.082589653158124
FOODS_3_252_WI_3_validation,2016-04-16,35,23.812962415741538
FOODS_3_252_WI_3_validation,2016-04-17,39,20.121835027156152
FOODS_3_252_WI_3_validation,2016-04-18,24,14.541312154132921
FOODS_3_252_WI_3_validation,2016-04-19,10,13.18567265024256
FOODS_3_252_WI_3_validation,2016-04-20,13,14.324061222891073
FOODS_3_252_WI_3_validation,2016-04-21,23,13.769662625970359
FOODS_3_252_WI_3_validation,2016-04-22,16,19.503375937644368
FOODS_3_252_WI_3_validation,2016-04-23,28,23.884861210813682
FOODS_3_252_WI_3_validation,2016-04-24,34,20.190351568776823
FOODS_3_281_CA_3_validation,2016-03-28,24,5.924918578401007
FOODS_3_281_CA_3_validation,2016-03-29,114,8.050843407374913
FOODS_3_281_CA_3_validation,2016-03-30,6,8.323200952998773
FOODS_3_281_CA_3_validation,2016-03-31,19,6.92213949062357
FOODS_3_281_CA_3_validation,2016-04-01,33,4.493659586965147
FOODS_3_281_CA_3_validation,2016-04-02,20,2.6717643230707697
FOODS_3_281_CA_3_validation,2016-04-03,18,3.221252540249816
FOODS_3_281_CA_3_validation,2016-04-04,9,3.2008977102984435
FOODS_3_281_CA_3_validation,2016-04-05,15,2.3139533966027184
FOODS_3_281_CA_3_validation,2016-04-06,10,2.5766064514178826
FOODS_3_281_CA_3_validation,2016-04-07,16,3.822100327520296
FOODS_3_281_CA_3_validation,2016-04-08,15,4.436821280788799
FOODS_3_281_CA_3_validation,2016-04-09,19,2.5814200530882037
FOODS_3_281_CA_3_validation,2016-04-10,14,3.149487630483838
FOODS_3_281_CA_3_validation,2016-04-11,10,6.138843929945347
FOODS_3_281_CA_3_validation,2016-04-12,21,8.263568523548834
FOODS_3_281_CA_3_validation,2016-04-13,23,8.519127626703714
FOODS_3_281_CA_3_validation,2016-04-14,12,7.086477201863065
FOODS_3_281_CA_3_validation,2016-04-15,37,7.94622188686856
FOODS_3_281_CA_3_validation,2016-04-16,9,9.944306733963884
FOODS_3_281_CA_3_validation,2016-04-17,0,8.767838299670448
FOODS_3_281_CA_3_validation,2016-04-18,1,6.251673781732652
FOODS_3_281_CA_3_validation,2016-04-19,16,8.375128382273266
FOODS_3_281_CA_3_validation,2016-04-20,12,8.622021285834924
FOODS_3_281_CA_3_validation,2016-04-21,14,7.174240222232026
FOODS_3_281_CA_3_validation,2016-04-22,12,8.016400620460642
FOODS_3_281_CA_3_validation,2016-04-23,23,9.996747854874606
FOODS_3_281_CA_3_validation,2016-04-24,15,8.844761559988502
FOODS_3_282_CA_3_validation,2016-03-28,53,34.09758130513573
FOODS_3_282_CA_3_validation,2016-03-29,45,24.77586378217299
FOODS_3_282_CA_3_validation,2016-03-30,35,20.255234385560293
FOODS_3_282_CA_3_validation,2016-03-31,22,18.47558129169471
FOODS_3_282_CA_3_validation,2016-04-01,34,24.39490785678693
FOODS_3_282_CA_3_validation,2016-04-02,63,32.361207145890795
FOODS_3_282_CA_3_validation,2016-04-03,85,41.08492513915232
FOODS_3_282_CA_3_validation,2016-04-04,55,35.83890666599216
FOODS_3_282_CA_3_validation,2016-04-05,46,34.532619431550515
FOODS_3_282_CA_3_validation,2016-04-06,35,31.412078451377553
FOODS_3_282_CA_3_validation,2016-04-07,36,24.90983890301693
FOODS_3_282_CA_3_validation,2016-04-08,32,24.087118869029837
FOODS_3_282_CA_3_validation,2016-04-09,54,32.02907028125615
FOODS_3_282_CA_3_validation,2016-04-10,85,40.73316872299555
FOODS_3_282_CA_3_validation,2016-04-11,43,33.44289938350237
FOODS_3_282_CA_3_validation,2016-04-12,31,24.076836462939443
FOODS_3_282_CA_3_validation,2016-04-13,47,19.59388853204127
FOODS_3_282_CA_3_validation,2016-04-14,33,17.880228137148556
FOODS_3_282_CA_3_validation,2016-04-15,31,18.62369925504512
FOODS_3_282_CA_3_validation,2016-04-16,47,30.56386123240354
FOODS_3_282_CA_3_validation,2016-04-17,73,43.74423586284303
FOODS_3_282_CA_3_validation,2016-04-18,39,33.113102076907765
FOODS_3_282_CA_3_validation,2016-04-19,46,23.72639512094848
FOODS_3_282_CA_3_validation,2016-04-20,26,19.262918327020927
FOODS_3_282_CA_3_validation,2016-04-21,20,17.582520532653522
FOODS_3_282_CA_3_validation,2016-04-22,11,18.34885510196272
FOODS_3_282_CA_3_validation,2016-04-23,20,30.27819542887577
FOODS_3_282_CA_3_validation,2016-04-24,38,43.437649304411906
FOODS_3_288_CA_3_validation,2016-03-28,29,32.217647498615804
FOODS_3_288_CA_3_validation,2016-03-29,21,28.484024401741806
FOODS_3_288_CA_3_validation,2016-03-30,34,32.441800378552074
FOODS_3_288_CA_3_validation,2016-03-31,33,29.50436592050667
FOODS_3_288_CA_3_validation,2016-04-01,32,30.075812069088578
FOODS_3_288_CA_3_validation,2016-04-02,38,37.97034533673078
FOODS_3_288_CA_3_validation,2016-04-03,66,36.76137376032149
FOODS_3_288_CA_3_validation,2016-04-04,31,29.73539028898693
FOODS_3_288_CA_3_validation,2016-04-05,43,27.185770525641395
FOODS_3_288_CA_3_validation,2016-04-06,28,28.32976999699282
FOODS_3_288_CA_3_validation,2016-04-07,25,27.81224628368907
FOODS_3_288_CA_3_validation,2016-04-08,31,29.89391879220158
FOODS_3_288_CA_3_validation,2016-04-09,44,37.751409163201735
FOODS_3_288_CA_3_validation,2016-04-10,59,36.506879670153566
FOODS_3_288_CA_3_validation,2016-04-11,32,31.953641094862817
FOODS_3_288_CA_3_validation,2016-04-12,18,28.25482089707645
FOODS_3_288_CA_3_validation,2016-04-13,26,32.2701680548049
FOODS_3_288_CA_3_validation,2016-04-14,26,29.24738876881259
FOODS_3_288_CA_3_validation,2016-04-15,23,28.348574053177266
FOODS_3_288_CA_3_validation,2016-04-16,48,37.686556936642035
FOODS_3_288_CA_3_validation,2016-04-17,52,41.056082423010906
FOODS_3_288_CA_3_validation,2016-04-18,37,31.82208896431974
FOODS_3_288_CA_3_validation,2016-04-19,33,28.140946574103545
FOODS_3_288_CA_3_validation,2016-04-20,14,32.1837315820636
FOODS_3_288_CA_3_validation,2016-04-21,28,29.11897616206094
FOODS_3_288_CA_3_validation,2016-04-22,21,28.204019824673956
FOODS_3_288_CA_3_validation,2016-04-23,41,37.56790992491727
FOODS_3_288_CA_3_validation,2016-04-24,64,40.94319433304311
FOODS_3_318_CA_3_validation,2016-03-28,6,8.915245022709705
FOODS_3_318_CA_3_validation,2016-03-29,10,9.51930003553921
FOODS_3_318_CA_3_validation,2016-03-30,20,8.425628638263529
FOODS_3_318_CA_3_validation,2016-03-31,26,9.497590261307742
FOODS_3_318_CA_3_validation,2016-04-01,33,1.3739600925962554
FOODS_3_318_CA_3_validation,2016-04-02,41,0.2018016511388705
FOODS_3_318_CA_3_validation,2016-04-03,20,1.6653525503721114
FOODS_3_318_CA_3_validation,2016-04-04,30,0.0
FOODS_3_318_CA_3_validation,2016-04-05,13,4.282653112772761
FOODS_3_318_CA_3_validation,2016-04-06,24,8.333251142626846
FOODS_3_318_CA_3_validation,2016-04-07,25,5.38372333633198
FOODS_3_318_CA_3_validation,2016-04-08,11,1.2854650393671077
FOODS_3_318_CA_3_validation,2016-04-09,31,0.08858772787417868
FOODS_3_318_CA_3_validation,2016-04-10,26,1.5435797604931336
FOODS_3_318_CA_3_validation,2016-04-11,23,8.952860219867748
FOODS_3_318_CA_3_validation,2016-04-12,12,9.53106823020222
FOODS_3_318_CA_3_validation,2016-04-13,32,8.413793327331469
FOODS_3_318_CA_3_validation,2016-04-14,32,9.498575630772308
FOODS_3_318_CA_3_validation,2016-04-15,13,12.771338974337365
FOODS_3_318_CA_3_validation,2016-04-16,18,11.91278338126262
FOODS_3_318_CA_3_validation,2016-04-17,0,10.728612609152645
FOODS_3_318_CA_3_validation,2016-04-18,37,8.972999294437887
FOODS_3_318_CA_3_validation,2016-04-19,23,9.537778278735047
FOODS_3_318_CA_3_validation,2016-04-20,16,8.409019232324056
FOODS_3_318_CA_3_validation,2016-04-21,23,9.50028581834783
FOODS_3_318_CA_3_validation,2016-04-22,25,12.765209373612528
FOODS_3_318_CA_3_validation,2016-04-23,29,11.911781804676583
FOODS_3_318_CA_3_validation,2016-04-24,28,10.729576549707737
FOODS_3_318_WI_3_validation,2016-03-28,25,10.733749005398069
FOODS_3_318_WI_3_validation,2016-03-29,11,13.627332760853673
FOODS_3_318_WI_3_validation,2016-03-30,5,12.243240234292248
FOODS_3_318_WI_3_validation,2016-03-31,14,11.239660048151626
FOODS_3_318_WI_3_validation,2016-04-01,28,14.617840390952543
FOODS_3_318_WI_3_validation,2016-04-02,25,0.0
FOODS_3_318_WI_3_validation,2016-04-03,38,2.16620815054827
FOODS_3_318_WI_3_validation,2016-04-04,22,10.8130691272503
FOODS_3_318_WI_3_validation,2016-04-05,22,8.843745273321717
FOODS_3_318_WI_3_validation,2016-04-06,16,3.7802445099895916
FOODS_3_318_WI_3_validation,2016-04-07,24,11.317123761471715
FOODS_3_318_WI_3_validation,2016-04-08,14,3.0735160509122563
FOODS_3_318_WI_3_validation,2016-04-09,23,0.0
FOODS_3_318_WI_3_validation,2016-04-10,26,13.500704273498698
FOODS_3_318_WI_3_validation,2016-04-11,35,6.953460529923948
FOODS_3_318_WI_3_validation,2016-04-12,22,8.78462786085558
FOODS_3_318_WI_3_validation,2016-04-13,23,12.385075758741369
FOODS_3_318_WI_3_validation,2016-04-14,18,6.555332833402918
FOODS_3_318_WI_3_validation,2016-04-15,25,2.9945298098331996
FOODS_3_318_WI_3_validation,2016-04-16,48,16.14975422510248
FOODS_3_318_WI_3_validation,2016-04-17,28,13.566478775475213
FOODS_3_318_WI_3_validation,2016-04-18,18,10.973594526144877
FOODS_3_318_WI_3_validation,2016-04-19,14,13.793238282984168
FOODS_3_318_WI_3_validation,2016-04-20,10,12.456521498716667
FOODS_3_318_WI_3_validation,2016-04-21,14,11.473734473634101
FOODS_3_318_WI_3_validation,2016-04-22,33,14.857743950844325
FOODS_3_318_WI_3_validation,2016-04-23,52,16.229528705391974
FOODS_3_318_WI_3_validation,2016-04-24,14,13.633703379163483
FOODS_3_319_CA_3_validation,2016-03-28,37,12.478942408929925
FOODS_3_319_CA_3_validation,2016-03-29,19,10.389542828615944
FOODS_3_319_CA_3_validation,2016-03-30,15,12.32521232400525
FOODS_3_319_CA_3_validation,2016-03-31,0,11.090230792628308
FOODS_3_319_CA_3_validation,2016-04-01,0,10.219787727709969
FOODS_3_319_CA_3_validation,2016-04-02,0,14.09554809299102
FOODS_3_319_CA_3_validation,2016-04-03,0,14.977028842629121
FOODS_3_319_CA_3_validation,2016-04-04,0,7.629914785079237
FOODS_3_319_CA_3_validation,2016-04-05,0,7.677267929126559
FOODS_3_319_CA_3_validation,2016-04-06,2,12.713228279434343
FOODS_3_319_CA_3_validation,2016-04-07,0,9.595472022585044
FOODS_3_319_CA_3_validation,2016-04-08,0,10.105140607491515
FOODS_3_319_CA_3_validation,2016-04-09,0,13.998667750190075
FOODS_3_319_CA_3_validation,2016-04-10,0,14.865675962627298
FOODS_3_319_CA_3_validation,2016-04-11,0,12.394559800715264
FOODS_3_319_CA_3_validation,2016-04-12,0,10.370771217070915
FOODS_3_319_CA_3_validation,2016-04-13,0,12.297439237281829
FOODS_3_319_CA_3_validation,2016-04-14,0,11.019158503725583
FOODS_3_319_CA_3_validation,2016-04-15,0,8.3459178405977
FOODS_3_319_CA_3_validation,2016-04-16,0,12.218226244075726
FOODS_3_319_CA_3_validation,2016-04-17,0,14.349452087092896
FOODS_3_319_CA_3_validation,2016-04-18,0,12.354900761059914
FOODS_3_319_CA_3_validation,2016-04-19,0,10.36350053963836
FOODS_3_319_CA_3_validation,2016-04-20,0,12.284965688091223
FOODS_3_319_CA_3_validation,2016-04-21,0,10.985024860175393
FOODS_3_319_CA_3_validation,2016-04-22,0,8.29693001204146
FOODS_3_319_CA_3_validation,2016-04-23,0,12.199994065661908
FOODS_3_319_CA_3_validation,2016-04-24,0,14.30262826223289
FOODS_3_376_WI_2_validation,2016-03-28,18,10.243677885597954
FOODS_3_376_WI_2_validation,2016-03-29,23,10.425567492414348
FOODS_3_376_WI_2_validation,2016-03-30,17,9.34379221820216
FOODS_3_376_WI_2_validation,2016-03-31,39,11.505365998434932
FOODS_3_376_WI_2_validation,2016-04-01,38,15.13922277682865
FOODS_3_376_WI_2_validation,2016-04-02,42,31.893344445160114
FOODS_3_376_WI_2_validation,2016-04-03,56,25.62333134461896
FOODS_3_376_WI_2_validation,2016-04-04,22,10.224274710115914
FOODS_3_376_WI_2_validation,2016-04-05,28,19.453130378766666
FOODS_3_376_WI_2_validation,2016-04-06,49,17.491634587491976
FOODS_3_376_WI_2_validation,2016-04-07,38,11.522374734505043
FOODS_3_376_WI_2_validation,2016-04-08,44,27.72937813735395
FOODS_3_376_WI_2_validation,2016-04-09,75,31.892846363708113
FOODS_3_376_WI_2_validation,2016-04-10,36,14.732016818844343
FOODS_3_376_WI_2_validation,2016-04-11,61,19.680348425556687
FOODS_3_376_WI_2_validation,2016-04-12,38,19.427972905099608
FOODS_3_376_WI_2_validation,2016-04-13,36,9.361159692019367
FOODS_3_376_WI_2_validation,2016-04-14,74,19.433627067302737
FOODS_3_376_WI_2_validation,2016-04-15,71,27.756958094562204
FOODS_3_376_WI_2_validation,2016-04-16,46,17.444573532989736
FOODS_3_376_WI_2_validation,2016-04-17,69,14.727361041418664
FOODS_3_376_WI_2_validation,2016-04-18,5,10.189230243835617
FOODS_3_376_WI_2_validation,2016-04-19,7,10.43635515374054
FOODS_3_376_WI_2_validation,2016-04-20,24,9.371720696468323
FOODS_3_376_WI_2_validation,2016-04-21,30,11.559508738733665
FOODS_3_376_WI_2_validation,2016-04-22,26,15.21624394658308
FOODS_3_376_WI_2_validation,2016-04-23,69,17.46775539322355
FOODS_3_376_WI_2_validation,2016-04-24,70,14.723725794581407
FOODS_3_377_TX_2_validation,2016-03-28,24,30.17076473653107
FOODS_3_377_TX_2_validation,2016-03-29,22,27.728626261195842
FOODS_3_377_TX_2_validation,2016-03-30,19,26.202115758917227
FOODS_3_377_TX_2_validation,2016-03-31,16,28.338496702344926
FOODS_3_377_TX_2_validation,2016-04-01,32,37.48694264059047
FOODS_3_377_TX_2_validation,2016-04-02,34,34.3832195076553
FOODS_3_377_TX_2_validation,2016-04-03,27,36.96051155690466
FOODS_3_377_TX_2_validation,2016-04-04,30,30.21723452949142
FOODS_3_377_TX_2_validation,2016-04-05,31,30.404048759041803
FOODS_3_377_TX_2_validation,2016-04-06,13,31.66771394024774
FOODS_3_377_TX_2_validation,2016-04-07,27,32.8725258949298
FOODS_3_377_TX_2_validation,2016-04-08,32,32.96874372036094
FOODS_3_377_TX_2_validation,2016-04-09,26,40.071862358147406
FOODS_3_377_TX_2_validation,2016-04-10,30,34.66455925695688
FOODS_3_377_TX_2_validation,2016-04-11,22,32.806848778819635
FOODS_3_377_TX_2_validation,2016-04-12,27,30.470055326301807
FOODS_3_377_TX_2_validation,2016-04-13,21,31.708555920586733
FOODS_3_377_TX_2_validation,2016-04-14,22,28.411774125500468
FOODS_3_377_TX_2_validation,2016-04-15,39,37.61838585920079
FOODS_3_377_TX_2_validation,2016-04-16,36,34.441845244120415
FOODS_3_377_TX_2_validation,2016-04-17,32,34.70718394941971
FOODS_3_377_TX_2_validation,2016-04-18,18,30.309274277199567
FOODS_3_377_TX_2_validation,2016-04-19,25,27.83717132284452
FOODS_3_377_TX_2_validation,2016-04-20,28,26.278816123380516
FOODS_3_377_TX_2_validation,2016-04-21,22,28.4481243712183
FOODS_3_377_TX_2_validation,2016-04-22,28,33.058127056141565
FOODS_3_377_TX_2_validation,2016-04-23,39,34.471030589929114
FOODS_3_377_TX_2_validation,2016-04-24,28,34.74958267815955
FOODS_3_377_TX_3_validation,2016-03-28,41,36.69542023428298
FOODS_3_377_TX_3_validation,2016-03-29,27,34.956423783021506
FOODS_3_377_TX_3_validation,2016-03-30,28,37.68189645671126
FOODS_3_377_TX_3_validation,2016-03-31,38,38.834487511290966
FOODS_3_377_TX_3_validation,2016-04-01,56,47.243850367078025
FOODS_3_377_TX_3_validation,2016-04-02,44,47.42342606705829
FOODS_3_377_TX_3_validation,2016-04-03,39,48.30022893576773
FOODS_3_377_TX_3_validation,2016-04-04,44,36.703803541910034
FOODS_3_377_TX_3_validation,2016-04-05,43,35.61350221996308
FOODS_3_377_TX_3_validation,2016-04-06,33,39.876046903272524
FOODS_3_377_TX_3_validation,2016-04-07,39,45.93600831369913
FOODS_3_377_TX_3_validation,2016-04-08,44,45.34938630684229
FOODS_3_377_TX_3_validation,2016-04-09,57,51.00039849379795
FOODS_3_377_TX_3_validation,2016-04-10,40,42.93327694668665
FOODS_3_377_TX_3_validation,2016-04-11,38,40.7252771095819
FOODS_3_377_TX_3_validation,2016-04-12,56,35.61044050020147
FOODS_3_377_TX_3_validation,2016-04-13,41,39.884881277836584
FOODS_3_377_TX_3_validation,2016-04-14,42,38.91989939798883
FOODS_3_377_TX_3_validation,2016-04-15,42,47.35269196088011
FOODS_3_377_TX_3_validation,2016-04-16,45,47.33993351634167
FOODS_3_377_TX_3_validation,2016-04-17,41,42.90933071465224
FOODS_3_377_TX_3_validation,2016-04-18,23,36.716947628698385
FOODS_3_377_TX_3_validation,2016-04-19,43,34.95501300640035
FOODS_3_377_TX_3_validation,2016-04-20,39,37.73419561688616
FOODS_3_377_TX_3_validation,2016-04-21,42,38.96017789465994
FOODS_3_377_TX_3_validation,2016-04-22,52,45.38863789452785
FOODS_3_377_TX_3_validation,2016-04-23,48,47.29556047911533
FOODS_3_377_TX_3_validation,2016-04-24,50,42.884049678179224
FOODS_3_412_WI_2_validation,2016-03-28,0,0.0
FOODS_3_412_WI_2_validation,2016-03-29,0,2.2953873627767614
FOODS_3_412_WI_2_validation,2016-03-30,1,5.0722291003273146
FOODS_3_412_WI_2_validation,2016-03-31,0,1.557240088139031
FOODS_3_412_WI_2_validation,2016-04-01,0,0.6455419244985885
FOODS_3_412_WI_2_validation,2016-04-02,0,7.2587875009793645
FOODS_3_412_WI_2_validation,2016-04-03,0,0.0
FOODS_3_412_WI_2_validation,2016-04-04,0,0.0
FOODS_3_412_WI_2_validation,2016-04-05,0,0.0
FOODS_3_412_WI_2_validation,2016-04-06,0,0.0
FOODS_3_412_WI_2_validation,2016-04-07,0,1.480272888631382
FOODS_3_412_WI_2_validation,2016-04-08,2,6.937393069768783
FOODS_3_412_WI_2_validation,2016-04-09,0,7.194459845045794
FOODS_3_412_WI_2_validation,2016-04-10,83,0.30814464532220853
FOODS_3_412_WI_2_validation,2016-04-11,90,0.0
FOODS_3_412_WI_2_validation,2016-04-12,4,0.0
FOODS_3_412_WI_2_validation,2016-04-13,0,4.84069630641616
FOODS_3_412_WI_2_validation,2016-04-14,0,0.4559957541198325
FOODS_3_412_WI_2_validation,2016-04-15,0,6.981942428793888
FOODS_3_412_WI_2_validation,2016-04-16,0,0.0
FOODS_3_412_WI_2_validation,2016-04-17,85,0.18029760250052895
FOODS_3_412_WI_2_validation,2016-04-18,25,0.0
FOODS_3_412_WI_2_validation,2016-04-19,21,1.984629781849222
FOODS_3_412_WI_2_validation,2016-04-20,12,4.725830099154374
FOODS_3_412_WI_2_validation,2016-04-21,0,1.3291012301458998
FOODS_3_412_WI_2_validation,2016-04-22,9,0.3593531199107556
FOODS_3_412_WI_2_validation,2016-04-23,27,0.0
FOODS_3_412_WI_2_validation,2016-04-24,35,0.05494684531167948
FOODS_3_462_WI_2_validation,2016-03-28,41,8.713737646025052
FOODS_3_462_WI_2_validation,2016-03-29,26,9.85606811505476
FOODS_3_462_WI_2_validation,2016-03-30,17,9.197458272046685
FOODS_3_462_WI_2_validation,2016-03-31,21,13.153245680020058
FOODS_3_462_WI_2_validation,2016-04-01,29,13.992499934682773
FOODS_3_462_WI_2_validation,2016-04-02,37,26.59922651305551
FOODS_3_462_WI_2_validation,2016-04-03,51,23.5395431519925
FOODS_3_462_WI_2_validation,2016-04-04,20,8.616666132518347
FOODS_3_462_WI_2_validation,2016-04-05,11,15.114292624254734
FOODS_3_462_WI_2_validation,2016-04-06,27,15.337106871968476
FOODS_3_462_WI_2_validation,2016-04-07,35,13.132864820168642
FOODS_3_462_WI_2_validation,2016-04-08,40,22.3828863360883
FOODS_3_462_WI_2_validation,2016-04-09,65,26.572181894072195
FOODS_3_462_WI_2_validation,2016-04-10,39,14.915596521046869
FOODS_3_462_WI_2_validation,2016-04-11,48,16.63681992602344
FOODS_3_462_WI_2_validation,2016-04-12,19,14.971265120634795
FOODS_3_462_WI_2_validation,2016-04-13,26,9.14018614339268
FOODS_3_462_WI_2_validation,2016-04-14,33,17.086786336234255
FOODS_3_462_WI_2_validation,2016-04-15,22,22.37555656271096
FOODS_3_462_WI_2_validation,2016-04-16,42,15.359824980921736
FOODS_3_462_WI_2_validation,2016-04-17,29,14.860551893783814
FOODS_3_462_WI_2_validation,2016-04-18,4,8.425919420321828
FOODS_3_462_WI_2_validation,2016-04-19,17,9.67665001587157
FOODS_3_462_WI_2_validation,2016-04-20,7,9.113078894797153
FOODS_3_462_WI_2_validation,2016-04-21,5,13.094320416028994
FOODS_3_462_WI_2_validation,2016-04-22,14,14.000092899632335
FOODS_3_462_WI_2_validation,2016-04-23,49,15.363232679594992
FOODS_3_462_WI_2_validation,2016-04-24,45,14.806259609568245
FOODS_3_501_CA_3_validation,2016-03-28,11,13.687797437034524
FOODS_3_501_CA_3_validation,2016-03-29,13,12.208486420711122
FOODS_3_501_CA_3_validation,2016-03-30,34,11.735105620815869
FOODS_3_501_CA_3_validation,2016-03-31,15,10.601694106717185
FOODS_3_501_CA_3_validation,2016-04-01,10,15.459235557645174
FOODS_3_501_CA_3_validation,2016-04-02,9,13.613357661032953
FOODS_3_501_CA_3_validation,2016-04-03,37,13.949867546144823
FOODS_3_501_CA_3_validation,2016-04-04,12,12.144401879085136
FOODS_3_501_CA_3_validation,2016-04-05,23,13.193552691785547
FOODS_3_501_CA_3_validation,2016-04-06,17,12.312563869459101
FOODS_3_501_CA_3_validation,2016-04-07,28,11.880418810921855
FOODS_3_501_CA_3_validation,2016-04-08,17,15.451042932705555
FOODS_3_501_CA_3_validation,2016-04-09,13,13.56900682428863
FOODS_3_501_CA_3_validation,2016-04-10,18,13.886818929714014
FOODS_3_501_CA_3_validation,2016-04-11,26,13.601385001741459
FOODS_3_501_CA_3_validation,2016-04-12,13,12.206206385913443
FOODS_3_501_CA_3_validation,2016-04-13,13,11.738021727772868
FOODS_3_501_CA_3_validation,2016-04-14,14,10.637676716406364
FOODS_3_501_CA_3_validation,2016-04-15,8,11.835240821217958
FOODS_3_501_CA_3_validation,2016-04-16,17,14.586893383577127
FOODS_3_501_CA_3_validation,2016-04-17,20,14.387336730749475
FOODS_3_501_CA_3_validation,2016-04-18,17,13.558917761256954
FOODS_3_501_CA_3_validation,2016-04-19,21,12.205879625903052
FOODS_3_501_CA_3_validation,2016-04-20,8,11.740870856626943
FOODS_3_501_CA_3_validation,2016-04-21,12,10.657326384300244
FOODS_3_501_CA_3_validation,2016-04-22,8,11.855020017776605
FOODS_3_501_CA_3_validation,2016-04-23,16,14.550795931039477
FOODS_3_501_CA_3_validation,2016-04-24,23,14.294334501351075
FOODS_3_541_CA_3_validation,2016-03-28,23,18.02626414614396
FOODS_3_541_CA_3_validation,2016-03-29,21,11.342867661454918
FOODS_3_541_CA_3_validation,2016-03-30,17,11.264807753898321
FOODS_3_541_CA_3_validation,2016-03-31,0,17.291342405430576
FOODS_3_541_CA_3_validation,2016-04-01,0,11.55351001469139
FOODS_3_541_CA_3_validation,2016-04-02,0,19.987791984872185
FOODS_3_541_CA_3_validation,2016-04-03,0,27.357800084283156
FOODS_3_541_CA_3_validation,2016-04-04,0,16.848693971534775
FOODS_3_541_CA_3_validation,2016-04-05,0,11.034858854195978
FOODS_3_541_CA_3_validation,2016-04-06,0,10.919778098054618
FOODS_3_541_CA_3_validation,2016-04-07,0,14.031635293238736
FOODS_3_541_CA_3_validation,2016-04-08,0,11.453915479115341
FOODS_3_541_CA_3_validation,2016-04-09,0,19.795505231917343
FOODS_3_541_CA_3_validation,2016-04-10,0,27.080419839945918
FOODS_3_541_CA_3_validation,2016-04-11,0,17.56793515121236
FOODS_3_541_CA_3_validation,2016-04-12,0,11.039092822706237
FOODS_3_541_CA_3_validation,2016-04-13,0,11.042403452903592
FOODS_3_541_CA_3_validation,2016-04-14,0,17.123081763524823
FOODS_3_541_CA_3_validation,2016-04-15,0,11.21957900793917
FOODS_3_541_CA_3_validation,2016-04-16,0,15.7672271635861
FOODS_3_541_CA_3_validation,2016-04-17,0,22.748381046427852
FOODS_3_541_CA_3_validation,2016-04-18,0,17.34460112297034
FOODS_3_541_CA_3_validation,2016-04-19,0,10.892956062402412
FOODS_3_541_CA_3_validation,2016-04-20,0,10.937050028468661
FOODS_3_541_CA_3_validation,2016-04-21,0,17.04383319767973
FOODS_3_541_CA_3_validation,2016-04-22,0,11.158478540092705
FOODS_3_541_CA_3_validation,2016-04-23,0,15.594599967650783
FOODS_3_541_CA_3_validation,2016-04-24,0,22.500822104875247
FOODS_3_547_WI_2_validation,2016-03-28,4,2.676455646557095
FOODS_3_547_WI_2_validation,2016-03-29,1,3.499050751032131
FOODS_3_547_WI_2_validation,2016-03-30,0,1.2484017078417469
FOODS_3_547_WI_2_validation,2016-03-31,1,0.26247383616876085
FOODS_3_547_WI_2_validation,2016-04-01,0,2.1431886834229896
FOODS_3_547_WI_2_validation,2016-04-02,89,12.743891036807572
FOODS_3_547_WI_2_validation,2016-04-03,66,19.142628874612917
FOODS_3_547_WI_2_validation,2016-04-04,1,2.545382018865637
FOODS_3_547_WI_2_validation,2016-04-05,0,11.253775198640541
FOODS_3_547_WI_2_validation,2016-04-06,0,21.058900857996782
FOODS_3_547_WI_2_validation,2016-04-07,0,0.145275410596728
FOODS_3_547_WI_2_validation,2016-04-08,1,0.0
FOODS_3_547_WI_2_validation,2016-04-09,3,12.368204639864649
FOODS_3_547_WI_2_validation,2016-04-10,1,7.622411330693039
FOODS_3_547_WI_2_validation,2016-04-11,0,10.3759637903184
FOODS_3_547_WI_2_validation,2016-04-12,0,11.06868655949324
FOODS_3_547_WI_2_validation,2016-04-13,1,1.0022756823256502
FOODS_3_547_WI_2_validation,2016-04-14,0,8.593418879595994
FOODS_3_547_WI_2_validation,2016-04-15,0,0.0
FOODS_3_547_WI_2_validation,2016-04-16,0,6.7407965101518235
FOODS_3_547_WI_2_validation,2016-04-17,0,7.402529996491589
FOODS_3_547_WI_2_validation,2016-04-18,24,2.287740980283715
FOODS_3_547_WI_2_validation,2016-04-19,31,3.1212193402656228
FOODS_3_547_WI_2_validation,2016-04-20,18,0.8812990509709415
FOODS_3_547_WI_2_validation,2016-04-21,17,0.0
FOODS_3_547_WI_2_validation,2016-04-22,21,1.594955925541977
FOODS_3_547_WI_2_validation,2016-04-23,18,6.490997169448828
FOODS_3_547_WI_2_validation,2016-04-24,22,7.184514916769589
FOODS_3_555_CA_1_validation,2016-03-28,19,14.274225422022084
FOODS_3_555_CA_1_validation,2016-03-29,19,12.138437970786942
FOODS_3_555_CA_1_validation,2016-03-30,16,12.941653301101056
FOODS_3_555_CA_1_validation,2016-03-31,12,13.413467898350996
FOODS_3_555_CA_1_validation,2016-04-01,19,17.94020388839165
FOODS_3_555_CA_1_validation,2016-04-02,30,24.00731070081096
FOODS_3_555_CA_1_validation,2016-04-03,30,22.556856399832903
FOODS_3_555_CA_1_validation,2016-04-04,16,15.05491325878964
FOODS_3_555_CA_1_validation,2016-04-05,21,14.305772390281742
FOODS_3_555_CA_1_validation,2016-04-06,17,13.658883173327972
FOODS_3_555_CA_1_validation,2016-04-07,13,13.788538031230114
FOODS_3_555_CA_1_validation,2016-04-08,14,17.868658221331795
FOODS_3_555_CA_1_validation,2016-04-09,33,23.920193917261283
FOODS_3_555_CA_1_validation,2016-04-10,26,22.45803998098028
FOODS_3_555_CA_1_validation,2016-04-11,18,14.161618858915347
FOODS_3_555_CA_1_validation,2016-04-12,14,12.05675069502907
FOODS_3_555_CA_1_validation,2016-04-13,15,12.85626110199054
FOODS_3_555_CA_1_validation,2016-04-14,12,13.326507898830037
FOODS_3_555_CA_1_validation,2016-04-15,10,15.095362665501538
FOODS_3_555_CA_1_validation,2016-04-16,32,21.241877484845116
FOODS_3_555_CA_1_validation,2016-04-17,26,22.629298306167883
FOODS_3_555_CA_1_validation,2016-04-18,13,14.104915593053192
FOODS_3_555_CA_1_validation,2016-04-19,21,12.015964358769166
FOODS_3_555_CA_1_validation,2016-04-20,15,12.813735772236935
FOODS_3_555_CA_1_validation,2016-04-21,14,13.282916865038025
FOODS_3_555_CA_1_validation,2016-04-22,14,15.029424116027444
FOODS_3_555_CA_1_validation,2016-04-23,23,21.156786340797627
FOODS_3_555_CA_1_validation,2016-04-24,24,22.517661143857666
FOODS_3_555_CA_3_validation,2016-03-28,24,24.54530073660211
FOODS_3_555_CA_3_validation,2016-03-29,9,22.808656812322262
FOODS_3_555_CA_3_validation,2016-03-30,23,22.05385077033659
FOODS_3_555_CA_3_validation,2016-03-31,25,22.18876057661882
FOODS_3_555_CA_3_validation,2016-04-01,35,27.888857466117646
FOODS_3_555_CA_3_validation,2016-04-02,44,29.014707198724043
FOODS_3_555_CA_3_validation,2016-04-03,33,31.58105989153303
FOODS_3_555_CA_3_validation,2016-04-04,25,27.220109482450813
FOODS_3_555_CA_3_validation,2016-04-05,28,26.982930565900283
FOODS_3_555_CA_3_validation,2016-04-06,35,26.07230558402749
FOODS_3_555_CA_3_validation,2016-04-07,35,28.7461577991013
FOODS_3_555_CA_3_validation,2016-04-08,32,27.775921509905693
FOODS_3_555_CA_3_validation,2016-04-09,38,28.87495963493541
FOODS_3_555_CA_3_validation,2016-04-10,40,31.428469919951404
FOODS_3_555_CA_3_validation,2016-04-11,41,24.429224801468624
FOODS_3_555_CA_3_validation,2016-04-12,23,22.728722923668485
FOODS_3_555_CA_3_validation,2016-04-13,20,21.960542415903383
FOODS_3_555_CA_3_validation,2016-04-14,14,22.054684254266327
FOODS_3_555_CA_3_validation,2016-04-15,31,22.703420636791236
FOODS_3_555_CA_3_validation,2016-04-16,46,29.817686714014915
FOODS_3_555_CA_3_validation,2016-04-17,49,31.23140174296718
FOODS_3_555_CA_3_validation,2016-04-18,31,24.373312143010473
FOODS_3_555_CA_3_validation,2016-04-19,31,22.691317106802792
FOODS_3_555_CA_3_validation,2016-04-20,27,21.91659331365404
FOODS_3_555_CA_3_validation,2016-04-21,26,21.99007794110836
FOODS_3_555_CA_3_validation,2016-04-22,30,22.63172625289474
FOODS_3_555_CA_3_validation,2016-04-23,33,29.762814477597914
FOODS_3_555_CA_3_validation,2016-04-24,36,31.15620251143882
FOODS_3_555_TX_1_validation,2016-03-28,23,22.793336891803367
FOODS_3_555_TX_1_validation,2016-03-29,13,23.1686358718947
FOODS_3_555_TX_1_validation,2016-03-30,15,26.02633785625608
FOODS_3_555_TX_1_validation,2016-03-31,35,24.753762054383643
FOODS_3_555_TX_1_validation,2016-04-01,28,24.844130310390142
FOODS_3_555_TX_1_validation,2016-04-02,44,29.23378432929649
FOODS_3_555_TX_1_validation,2016-04-03,32,30.751052031268756
FOODS_3_555_TX_1_validation,2016-04-04,23,22.906859084768204
FOODS_3_555_TX_1_validation,2016-04-05,31,23.041167551689114
FOODS_3_555_TX_1_validation,2016-04-06,30,22.553141489655527
FOODS_3_555_TX_1_validation,2016-04-07,37,22.609091191202722
FOODS_3_555_TX_1_validation,2016-04-08,38,26.26415283007992
FOODS_3_555_TX_1_validation,2016-04-09,34,27.64376799842348
FOODS_3_555_TX_1_validation,2016-04-10,34,29.908744768053193
FOODS_3_555_TX_1_validation,2016-04-11,19,27.876498613525428
FOODS_3_555_TX_1_validation,2016-04-12,26,23.16750114858131
FOODS_3_555_TX_1_validation,2016-04-13,21,22.66330135170257
FOODS_3_555_TX_1_validation,2016-04-14,25,25.092409468332377
FOODS_3_555_TX_1_validation,2016-04-15,30,25.039386603829634
FOODS_3_555_TX_1_validation,2016-04-16,19,29.4088578420324
FOODS_3_555_TX_1_validation,2016-04-17,32,30.017817328234123
FOODS_3_555_TX_1_validation,2016-04-18,32,23.135816318666876
FOODS_3_555_TX_1_validation,2016-04-19,35,23.537822385930873
FOODS_3_555_TX_1_validation,2016-04-20,26,26.489634105425843
FOODS_3_555_TX_1_validation,2016-04-21,26,25.262811011330278
FOODS_3_555_TX_1_validation,2016-04-22,30,26.551957207230462
FOODS_3_555_TX_1_validation,2016-04-23,38,29.498116770459674
FOODS_3_555_TX_1_validation,2016-04-24,28,30.127674513401892
FOODS_3_555_TX_2_validation,2016-03-28,29,39.52311723848311
FOODS_3_555_TX_2_validation,2016-03-29,33,35.90729671341686
FOODS_3_555_TX_2_validation,2016-03-30,33,37.96590991763489
FOODS_3_555_TX_2_validation,2016-03-31,47,43.59428314564582
FOODS_3_555_TX_2_validation,2016-04-01,51,48.73383836171286
FOODS_3_555_TX_2_validation,2016-04-02,70,60.580518781344566
FOODS_3_555_TX_2_validation,2016-04-03,49,51.73352972354688
FOODS_3_555_TX_2_validation,2016-04-04,44,39.5454620940474
FOODS_3_555_TX_2_validation,2016-04-05,31,37.80491304077041
FOODS_3_555_TX_2_validation,2016-04-06,33,35.79344008745909
FOODS_3_555_TX_2_validation,2016-04-07,48,38.938767642408145
FOODS_3_555_TX_2_validation,2016-04-08,54,49.09119876342483
FOODS_3_555_TX_2_validation,2016-04-09,57,59.21018608511342
FOODS_3_555_TX_2_validation,2016-04-10,57,51.56082424874353
FOODS_3_555_TX_2_validation,2016-04-11,35,38.88196181001402
FOODS_3_555_TX_2_validation,2016-04-12,32,37.81939709083202
FOODS_3_555_TX_2_validation,2016-04-13,23,35.82513392623157
FOODS_3_555_TX_2_validation,2016-04-14,41,43.607092470997294
FOODS_3_555_TX_2_validation,2016-04-15,39,48.795100995384296
FOODS_3_555_TX_2_validation,2016-04-16,57,60.63423356352929
FOODS_3_555_TX_2_validation,2016-04-17,54,51.56734187676204
FOODS_3_555_TX_2_validation,2016-04-18,35,39.587562616036465
FOODS_3_555_TX_2_validation,2016-04-19,28,35.98182681169302
FOODS_3_555_TX_2_validation,2016-04-20,33,38.011003623703616
FOODS_3_555_TX_2_validation,2016-04-21,34,43.610742257686326
FOODS_3_555_TX_2_validation,2016-04-22,41,49.15788745842498
FOODS_3_555_TX_2_validation,2016-04-23,48,60.65754069764692
FOODS_3_555_TX_2_validation,2016-04-24,39,51.57264032776996
FOODS_3_555_TX_3_validation,2016-03-28,24,26.90287849434868
FOODS_3_555_TX_3_validation,2016-03-29,24,26.026618680081608
FOODS_3_555_TX_3_validation,2016-03-30,17,30.968178061023522
FOODS_3_555_TX_3_validation,2016-03-31,27,33.88183038227191
FOODS_3_555_TX_3_validation,2016-04-01,23,36.11341158935523
FOODS_3_555_TX_3_validation,2016-04-02,33,37.83750838942554
FOODS_3_555_TX_3_validation,2016-04-03,40,37.2272984068766
FOODS_3_555_TX_3_validation,2016-04-04,30,26.939728173732252
FOODS_3_555_TX_3_validation,2016-04-05,27,30.89072655131206
FOODS_3_555_TX_3_validation,2016-04-06,24,31.979082787201328
FOODS_3_555_TX_3_validation,2016-04-07,26,35.269021248189375
FOODS_3_555_TX_3_validation,2016-04-08,35,35.721768498255656
FOODS_3_555_TX_3_validation,2016-04-09,37,41.175235755575166
FOODS_3_555_TX_3_validation,2016-04-10,38,36.4528102642585
FOODS_3_555_TX_3_validation,2016-04-11,23,30.512817027978755
FOODS_3_555_TX_3_validation,2016-04-12,23,30.937462557323357
FOODS_3_555_TX_3_validation,2016-04-13,18,32.049656525853194
FOODS_3_555_TX_3_validation,2016-04-14,30,34.16894657776183
FOODS_3_555_TX_3_validation,2016-04-15,30,36.29777350747547
FOODS_3_555_TX_3_validation,2016-04-16,27,37.99505220762512
FOODS_3_555_TX_3_validation,2016-04-17,29,36.493110640737115
FOODS_3_555_TX_3_validation,2016-04-18,4,27.01317622189491
FOODS_3_555_TX_3_validation,2016-04-19,28,26.204988882287914
FOODS_3_555_TX_3_validation,2016-04-20,29,31.26468576354155
FOODS_3_555_TX_3_validation,2016-04-21,28,34.31145725258759
FOODS_3_555_TX_3_validation,2016-04-22,40,35.980299844837944
FOODS_3_555_TX_3_validation,2016-04-23,50,38.07388807471794
FOODS_3_555_TX_3_validation,2016-04-24,17,36.53307323382246
FOODS_3_555_WI_3_validation,2016-03-28,22,23.685561856062872
FOODS_3_555_WI_3_validation,2016-03-29,24,25.65275915171692
FOODS_3_555_WI_3_validation,2016-03-30,22,21.58840102270915
FOODS_3_555_WI_3_validation,2016-03-31,13,24.63662730076357
FOODS_3_555_WI_3_validation,2016-04-01,20,25.8656020345863
FOODS_3_555_WI_3_validation,2016-04-02,47,30.59072712532795
FOODS_3_555_WI_3_validation,2016-04-03,51,29.077866374701735
FOODS_3_555_WI_3_validation,2016-04-04,18,23.9224778733433
FOODS_3_555_WI_3_validation,2016-04-05,15,25.21430442746928
FOODS_3_555_WI_3_validation,2016-04-06,20,23.831135183571536
FOODS_3_555_WI_3_validation,2016-04-07,26,24.824732468873734
FOODS_3_555_WI_3_validation,2016-04-08,18,28.85745345501938
FOODS_3_555_WI_3_validation,2016-04-09,41,30.766887844636674
FOODS_3_555_WI_3_validation,2016-04-10,28,28.274554774264228
FOODS_3_555_WI_3_validation,2016-04-11,21,25.387068878240694
FOODS_3_555_WI_3_validation,2016-04-12,17,25.4005340368126
FOODS_3_555_WI_3_validation,2016-04-13,16,21.95035637579786
FOODS_3_555_WI_3_validation,2016-04-14,28,27.142172451990806
FOODS_3_555_WI_3_validation,2016-04-15,25,29.01459344324052
FOODS_3_555_WI_3_validation,2016-04-16,43,32.492392882319116
FOODS_3_555_WI_3_validation,2016-04-17,37,28.520272142252743
FOODS_3_555_WI_3_validation,2016-04-18,41,24.395508786874366
FOODS_3_555_WI_3_validation,2016-04-19,30,26.181478091476727
FOODS_3_555_WI_3_validation,2016-04-20,23,22.130898944958247
FOODS_3_555_WI_3_validation,2016-04-21,24,25.199184017003795
FOODS_3_555_WI_3_validation,2016-04-22,26,26.37337277834714
FOODS_3_555_WI_3_validation,2016-04-23,43,32.70165787483283
FOODS_3_555_WI_3_validation,2016-04-24,25,28.76553458021175
FOODS_3_586_CA_1_validation,2016-03-28,27,33.50448786429413
FOODS_3_586_CA_1_validation,2016-03-29,32,31.140723538589917
FOODS_3_586_CA_1_validation,2016-03-30,26,33.20807478005819
FOODS_3_586_CA_1_validation,2016-03-31,28,34.67816426579612
FOODS_3_586_CA_1_validation,2016-04-01,36,39.154445436466
FOODS_3_586_CA_1_validation,2016-04-02,65,48.98323669766836
FOODS_3_586_CA_1_validation,2016-04-03,54,50.91539602645948
FOODS_3_586_CA_1_validation,2016-04-04,30,36.01110707689575
FOODS_3_586_CA_1_validation,2016-04-05,37,32.59062011806236
FOODS_3_586_CA_1_validation,2016-04-06,27,34.16485313060337
FOODS_3_586_CA_1_validation,2016-04-07,35,34.44194855576565
FOODS_3_586_CA_1_validation,2016-04-08,41,39.03337885361262
FOODS_3_586_CA_1_validation,2016-04-09,60,48.83604612589636
FOODS_3_586_CA_1_validation,2016-04-10,48,50.724570174625654
FOODS_3_586_CA_1_validation,2016-04-11,36,33.24071214631748
FOODS_3_586_CA_1_validation,2016-04-12,29,30.991990253933373
FOODS_3_586_CA_1_validation,2016-04-13,20,33.10374760238671
FOODS_3_586_CA_1_validation,2016-04-14,43,34.539970932737575
FOODS_3_586_CA_1_validation,2016-04-15,32,39.24249124936664
FOODS_3_586_CA_1_validation,2016-04-16,37,46.85840092320643
FOODS_3_586_CA_1_validation,2016-04-17,64,50.71514768888641
FOODS_3_586_CA_1_validation,2016-04-18,30,33.10758926154621
FOODS_3_586_CA_1_validation,2016-04-19,40,30.916298745274585
FOODS_3_586_CA_1_validation,2016-04-20,31,33.050325663296796
FOODS_3_586_CA_1_validation,2016-04-21,45,34.46983413046315
FOODS_3_586_CA_1_validation,2016-04-22,28,39.1216684598256
FOODS_3_586_CA_1_validation,2016-04-23,40,46.69812850408907
FOODS_3_586_CA_1_validation,2016-04-24,54,50.514543603075055
FOODS_3_586_CA_2_validation,2016-03-28,26,34.70055100577461
FOODS_3_586_CA_2_validation,2016-03-29,27,34.626255763576864
FOODS_3_586_CA_2_validation,2016-03-30,26,32.73462248117086
FOODS_3_586_CA_2_validation,2016-03-31,28,33.49553034115043
FOODS_3_586_CA_2_validation,2016-04-01,30,38.56215827736522
FOODS_3_586_CA_2_validation,2016-04-02,49,51.15849610005256
FOODS_3_586_CA_2_validation,2016-04-03,34,51.07100618801199
FOODS_3_586_CA_2_validation,2016-04-04,26,35.1172313411529
FOODS_3_586_CA_2_validation,2016-04-05,25,35.076678884673264
FOODS_3_586_CA_2_validation,2016-04-06,27,35.83841760859
FOODS_3_586_CA_2_validation,2016-04-07,33,33.70111960226875
FOODS_3_586_CA_2_validation,2016-04-08,36,38.57557893014621
FOODS_3_586_CA_2_validation,2016-04-09,49,51.18639639194812
FOODS_3_586_CA_2_validation,2016-04-10,30,51.099060740752385
FOODS_3_586_CA_2_validation,2016-04-11,38,34.71191320718948
FOODS_3_586_CA_2_validation,2016-04-12,24,34.6579099641278
FOODS_3_586_CA_2_validation,2016-04-13,29,32.7725352037176
FOODS_3_586_CA_2_validation,2016-04-14,18,33.54730133043095
FOODS_3_586_CA_2_validation,2016-04-15,24,40.46710465474876
FOODS_3_586_CA_2_validation,2016-04-16,47,48.4507228366262
FOODS_3_586_CA_2_validation,2016-04-17,39,46.444429556052114
FOODS_3_586_CA_2_validation,2016-04-18,26,34.71574213346377
FOODS_3_586_CA_2_validation,2016-04-19,45,34.67183247665159
FOODS_3_586_CA_2_validation,2016-04-20,42,32.790391211958536
FOODS_3_586_CA_2_validation,2016-04-21,30,33.57218703022652
FOODS_3_586_CA_2_validation,2016-04-22,34,40.47851142594271
FOODS_3_586_CA_2_validation,2016-04-23,39,48.43772908465382
FOODS_3_586_CA_2_validation,2016-04-24,36,46.42877214041651
FOODS_3_586_CA_3_validation,2016-03-28,60,64.95139688897997
FOODS_3_586_CA_3_validation,2016-03-29,53,58.662254470361994
FOODS_3_586_CA_3_validation,2016-03-30,44,55.89536524748774
FOODS_3_586_CA_3_validation,2016-03-31,42,62.142959813482236
FOODS_3_586_CA_3_validation,2016-04-01,62,64.19705809816789
FOODS_3_586_CA_3_validation,2016-04-02,72,82.51020526369057
FOODS_3_586_CA_3_validation,2016-04-03,73,83.61331440835454
FOODS_3_586_CA_3_validation,2016-04-04,60,69.62567742361162
FOODS_3_586_CA_3_validation,2016-04-05,70,63.90934895322913
FOODS_3_586_CA_3_validation,2016-04-06,75,59.78551079872296
FOODS_3_586_CA_3_validation,2016-04-07,69,59.17490163654483
FOODS_3_586_CA_3_validation,2016-04-08,58,64.06526801946758
FOODS_3_586_CA_3_validation,2016-04-09,84,82.38522425576285
FOODS_3_586_CA_3_validation,2016-04-10,85,83.47601598926111
FOODS_3_586_CA_3_validation,2016-04-11,76,64.69114237477662
FOODS_3_586_CA_3_validation,2016-04-12,60,58.47905543273735
FOODS_3_586_CA_3_validation,2016-04-13,52,55.75228084185649
FOODS_3_586_CA_3_validation,2016-04-14,63,61.89237421537044
FOODS_3_586_CA_3_validation,2016-04-15,57,59.94527797986409
FOODS_3_586_CA_3_validation,2016-04-16,85,74.580569599802
FOODS_3_586_CA_3_validation,2016-04-17,91,81.06458979713008
FOODS_3_586_CA_3_validation,2016-04-18,77,64.56089790931853
FOODS_3_586_CA_3_validation,2016-04-19,75,58.38809278673585
FOODS_3_586_CA_3_validation,2016-04-20,70,55.68177922088101
FOODS_3_586_CA_3_validation,2016-04-21,48,61.76777097227712
FOODS_3_586_CA_3_validation,2016-04-22,61,59.79200762313123
FOODS_3_586_CA_3_validation,2016-04-23,74,74.44697241500438
FOODS_3_586_CA_3_validation,2016-04-24,78,80.90124588852706
FOODS_3_586_TX_1_validation,2016-03-28,54,46.06207166465188
FOODS_3_586_TX_1_validation,2016-03-29,22,43.75611199579589
FOODS_3_586_TX_1_validation,2016-03-30,38,46.8628487504602
FOODS_3_586_TX_1_validation,2016-03-31,44,48.97193648699697
FOODS_3_586_TX_1_validation,2016-04-01,40,55.55000555091174
FOODS_3_586_TX_1_validation,2016-04-02,55,58.76687935976879
FOODS_3_586_TX_1_validation,2016-04-03,74,59.686944508954745
FOODS_3_586_TX_1_validation,2016-04-04,61,46.11666822714979
FOODS_3_586_TX_1_validation,2016-04-05,65,50.12217520267733
FOODS_3_586_TX_1_validation,2016-04-06,44,48.34312802815441
FOODS_3_586_TX_1_validation,2016-04-07,74,51.55782210531701
FOODS_3_586_TX_1_validation,2016-04-08,54,51.292009423068194
FOODS_3_586_TX_1_validation,2016-04-09,52,60.89709508021549
FOODS_3_586_TX_1_validation,2016-04-10,75,59.84903295447564
FOODS_3_586_TX_1_validation,2016-04-11,38,51.37366325609529
FOODS_3_586_TX_1_validation,2016-04-12,39,50.185283088637824
FOODS_3_586_TX_1_validation,2016-04-13,47,48.415360861339636
FOODS_3_586_TX_1_validation,2016-04-14,42,49.1491481863332
FOODS_3_586_TX_1_validation,2016-04-15,53,55.73608123513667
FOODS_3_586_TX_1_validation,2016-04-16,50,58.83117692332478
FOODS_3_586_TX_1_validation,2016-04-17,68,59.878251278864035
FOODS_3_586_TX_1_validation,2016-04-18,72,46.22550872599735
FOODS_3_586_TX_1_validation,2016-04-19,81,43.938131345114414
FOODS_3_586_TX_1_validation,2016-04-20,45,47.132164444628586
FOODS_3_586_TX_1_validation,2016-04-21,59,49.23687957143331
FOODS_3_586_TX_1_validation,2016-04-22,50,51.409267595150965
FOODS_3_586_TX_1_validation,2016-04-23,56,58.862391452734094
FOODS_3_586_TX_1_validation,2016-04-24,58,59.90691113354917
FOODS_3_586_TX_2_validation,2016-03-28,59,75.94996824604925
FOODS_3_586_TX_2_validation,2016-03-29,51,75.8566379532814
FOODS_3_586_TX_2_validation,2016-03-30,61,78.16896829043475
FOODS_3_586_TX_2_validation,2016-03-31,79,81.55525169026262
FOODS_3_586_TX_2_validation,2016-04-01,77,98.23692429520159
FOODS_3_586_TX_2_validation,2016-04-02,98,108.66266150566042
FOODS_3_586_TX_2_validation,2016-04-03,107,113.90189540321279
FOODS_3_586_TX_2_validation,2016-04-04,68,76.04458556599911
FOODS_3_586_TX_2_validation,2016-04-05,74,83.17427957881586
FOODS_3_586_TX_2_validation,2016-04-06,72,77.9530658648607
FOODS_3_586_TX_2_validation,2016-04-07,87,85.6534265494507
FOODS_3_586_TX_2_validation,2016-04-08,79,93.3793878158823
FOODS_3_586_TX_2_validation,2016-04-09,100,116.52155178281139
FOODS_3_586_TX_2_validation,2016-04-10,114,103.17833680139293
FOODS_3_586_TX_2_validation,2016-04-11,66,88.71652575075439
FOODS_3_586_TX_2_validation,2016-04-12,53,83.2797990894724
FOODS_3_586_TX_2_validation,2016-04-13,62,78.06785166921462
FOODS_3_586_TX_2_validation,2016-04-14,69,81.7199717121591
FOODS_3_586_TX_2_validation,2016-04-15,80,98.34205431024562
FOODS_3_586_TX_2_validation,2016-04-16,78,108.632961886067
FOODS_3_586_TX_2_validation,2016-04-17,102,103.13141799421479
FOODS_3_586_TX_2_validation,2016-04-18,54,76.23568937150323
FOODS_3_586_TX_2_validation,2016-04-19,67,76.13318701287545
FOODS_3_586_TX_2_validation,2016-04-20,57,78.32365572390044
FOODS_3_586_TX_2_validation,2016-04-21,59,81.80224261591808
FOODS_3_586_TX_2_validation,2016-04-22,80,93.55529904364874
FOODS_3_586_TX_2_validation,2016-04-23,100,108.61727361819128
FOODS_3_586_TX_2_validation,2016-04-24,75,103.08464646001254
FOODS_3_586_TX_3_validation,2016-03-28,45,67.01186319398856
FOODS_3_586_TX_3_validation,2016-03-29,46,64.3267295650008
FOODS_3_586_TX_3_validation,2016-03-30,45,63.247678567463026
FOODS_3_586_TX_3_validation,2016-03-31,54,68.3273937089901
FOODS_3_586_TX_3_validation,2016-04-01,61,79.54936055638571
FOODS_3_586_TX_3_validation,2016-04-02,62,84.68081852690658
FOODS_3_586_TX_3_validation,2016-04-03,72,83.38919488854351
FOODS_3_586_TX_3_validation,2016-04-04,54,67.13218474342634
FOODS_3_586_TX_3_validation,2016-04-05,77,67.91703576512984
FOODS_3_586_TX_3_validation,2016-04-06,45,70.09074598806592
FOODS_3_586_TX_3_validation,2016-04-07,51,74.83224851166219
FOODS_3_586_TX_3_validation,2016-04-08,68,76.70440942227336
FOODS_3_586_TX_3_validation,2016-04-09,77,84.68003096118545
FOODS_3_586_TX_3_validation,2016-04-10,72,78.06756725307989
FOODS_3_586_TX_3_validation,2016-04-11,58,73.27128382971364
FOODS_3_586_TX_3_validation,2016-04-12,43,68.0175335005153
FOODS_3_586_TX_3_validation,2016-04-13,67,70.18782014476102
FOODS_3_586_TX_3_validation,2016-04-14,55,68.56103580977928
FOODS_3_586_TX_3_validation,2016-04-15,56,79.72342638429954
FOODS_3_586_TX_3_validation,2016-04-16,67,84.74287522535403
FOODS_3_586_TX_3_validation,2016-04-17,69,78.08513848352777
FOODS_3_586_TX_3_validation,2016-04-18,49,67.36981943029087
FOODS_3_586_TX_3_validation,2016-04-19,55,64.62509827520063
FOODS_3_586_TX_3_validation,2016-04-20,60,63.54501196021701
FOODS_3_586_TX_3_validation,2016-04-21,55,68.6758805647412
FOODS_3_586_TX_3_validation,2016-04-22,55,76.92294466451011
FOODS_3_586_TX_3_validation,2016-04-23,66,84.77167795257306
FOODS_3_586_TX_3_validation,2016-04-24,47,78.10193200836162
FOODS_3_586_WI_3_validation,2016-03-28,29,27.56625054022894
FOODS_3_586_WI_3_validation,2016-03-29,24,27.21801534584105
FOODS_3_586_WI_3_validation,2016-03-30,27,27.988145518921414
FOODS_3_586_WI_3_validation,2016-03-31,20,29.631623730935146
FOODS_3_586_WI_3_validation,2016-04-01,37,37.41756387524754
FOODS_3_586_WI_3_validation,2016-04-02,34,42.384898130129045
FOODS_3_586_WI_3_validation,2016-04-03,37,44.810123367784726
FOODS_3_586_WI_3_validation,2016-04-04,21,27.587502390069844
FOODS_3_586_WI_3_validation,2016-04-05,15,31.7727066134696
FOODS_3_586_WI_3_validation,2016-04-06,35,33.82575819359538
FOODS_3_586_WI_3_validation,2016-04-07,33,29.70344088434099
FOODS_3_586_WI_3_validation,2016-04-08,25,37.838043298878915
FOODS_3_586_WI_3_validation,2016-04-09,35,42.43487727843152
FOODS_3_586_WI_3_validation,2016-04-10,38,36.62380945655781
FOODS_3_586_WI_3_validation,2016-04-11,32,33.23930654950188
FOODS_3_586_WI_3_validation,2016-04-12,16,31.863246103883146
FOODS_3_586_WI_3_validation,2016-04-13,27,28.14935607310111
FOODS_3_586_WI_3_validation,2016-04-14,29,32.26445509952484
FOODS_3_586_WI_3_validation,2016-04-15,37,37.86509068567841
FOODS_3_586_WI_3_validation,2016-04-16,48,40.66320896145942
FOODS_3_586_WI_3_validation,2016-04-17,40,36.646394302067115
FOODS_3_586_WI_3_validation,2016-04-18,35,27.628542487757876
FOODS_3_586_WI_3_validation,2016-04-19,22,27.3484524407775
FOODS_3_586_WI_3_validation,2016-04-20,25,28.22952490206262
FOODS_3_586_WI_3_validation,2016-04-21,31,29.84515708827417
FOODS_3_586_WI_3_validation,2016-04-22,35,37.54560198105356
FOODS_3_586_WI_3_validation,2016-04-23,47,40.703660956028635
FOODS_3_586_WI_3_validation,2016-04-24,44,36.66770522274267
FOODS_3_587_CA_1_validation,2016-03-28,38,34.613972451415705
FOODS_3_587_CA_1_validation,2016-03-29,26,27.185590161283812
FOODS_3_587_CA_1_validation,2016-03-30,25,24.951709342437066
FOODS_3_587_CA_1_validation,2016-03-31,15,23.514277587016537
FOODS_3_587_CA_1_validation,2016-04-01,15,28.66169932132119
FOODS_3_587_CA_1_validation,2016-04-02,27,34.246563065707456
FOODS_3_587_CA_1_validation,2016-04-03,29,36.76312054299124
FOODS_3_587_CA_1_validation,2016-04-04,23,31.840376565753058
FOODS_3_587_CA_1_validation,2016-04-05,21,29.627823119245686
FOODS_3_587_CA_1_validation,2016-04-06,21,29.903586462776182
FOODS_3_587_CA_1_validation,2016-04-07,16,26.284861076186857
FOODS_3_587_CA_1_validation,2016-04-08,22,28.663929407704813
FOODS_3_587_CA_1_validation,2016-04-09,24,34.22761295864439
FOODS_3_587_CA_1_validation,2016-04-10,43,36.70042511032535
FOODS_3_587_CA_1_validation,2016-04-11,33,34.57817793791089
FOODS_3_587_CA_1_validation,2016-04-12,16,27.145509890369418
FOODS_3_587_CA_1_validation,2016-04-13,23,24.93343059929791
FOODS_3_587_CA_1_validation,2016-04-14,21,23.488185733355856
FOODS_3_587_CA_1_validation,2016-04-15,20,28.249654393260556
FOODS_3_587_CA_1_validation,2016-04-16,27,34.55848354412007
FOODS_3_587_CA_1_validation,2016-04-17,36,41.800353360818065
FOODS_3_587_CA_1_validation,2016-04-18,16,34.551828389421395
FOODS_3_587_CA_1_validation,2016-04-19,10,27.118459006026363
FOODS_3_587_CA_1_validation,2016-04-20,15,24.917772638921676
FOODS_3_587_CA_1_validation,2016-04-21,10,23.4685544530669
FOODS_3_587_CA_1_validation,2016-04-22,21,28.2117133659487
FOODS_3_587_CA_1_validation,2016-04-23,24,34.56442436133376
FOODS_3_587_CA_1_validation,2016-04-24,26,41.78283901171603
FOODS_3_587_CA_3_validation,2016-03-28,27,38.38639711803241
FOODS_3_587_CA_3_validation,2016-03-29,60,33.66611533991209
FOODS_3_587_CA_3_validation,2016-03-30,28,29.925265306044327
FOODS_3_587_CA_3_validation,2016-03-31,37,29.419450042584053
FOODS_3_587_CA_3_validation,2016-04-01,24,35.428890799249615
FOODS_3_587_CA_3_validation,2016-04-02,37,41.89853594655728
FOODS_3_587_CA_3_validation,2016-04-03,48,53.621558885565655
FOODS_3_587_CA_3_validation,2016-04-04,38,47.12784966238388
FOODS_3_587_CA_3_validation,2016-04-05,34,40.918617124408655
FOODS_3_587_CA_3_validation,2016-04-06,29,41.10428596119642
FOODS_3_587_CA_3_validation,2016-04-07,35,37.43880089780779
FOODS_3_587_CA_3_validation,2016-04-08,42,35.41159860189382
FOODS_3_587_CA_3_validation,2016-04-09,46,41.892493844372
FOODS_3_587_CA_3_validation,2016-04-10,49,53.58221191646694
FOODS_3_587_CA_3_validation,2016-04-11,38,38.13005642770554
FOODS_3_587_CA_3_validation,2016-04-12,22,33.349529641103544
FOODS_3_587_CA_3_validation,2016-04-13,41,29.61371189050636
FOODS_3_587_CA_3_validation,2016-04-14,29,29.14144448933982
FOODS_3_587_CA_3_validation,2016-04-15,33,31.197874100708283
FOODS_3_587_CA_3_validation,2016-04-16,28,34.682654283303094
FOODS_3_587_CA_3_validation,2016-04-17,60,41.18552192458215
FOODS_3_587_CA_3_validation,2016-04-18,31,37.990261511995854
FOODS_3_587_CA_3_validation,2016-04-19,25,33.1809621051249
FOODS_3_587_CA_3_validation,2016-04-20,25,29.448748468223116
FOODS_3_587_CA_3_validation,2016-04-21,23,28.993812967777004
FOODS_3_587_CA_3_validation,2016-04-22,37,31.042386414302502
FOODS_3_587_CA_3_validation,2016-04-23,28,34.55854720168191
FOODS_3_587_CA_3_validation,2016-04-24,41,41.05033734243211
FOODS_3_587_TX_1_validation,2016-03-28,22,25.321254858790873
FOODS_3_587_TX_1_validation,2016-03-29,27,23.569588783239034
FOODS_3_587_TX_1_validation,2016-03-30,24,21.270036092542597
FOODS_3_587_TX_1_validation,2016-03-31,11,20.41019841528385
FOODS_3_587_TX_1_validation,2016-04-01,12,30.60967757420149
FOODS_3_587_TX_1_validation,2016-04-02,22,32.24019928553843
FOODS_3_587_TX_1_validation,2016-04-03,21,33.46503173195642
FOODS_3_587_TX_1_validation,2016-04-04,16,25.14187961759902
FOODS_3_587_TX_1_validation,2016-04-05,19,25.623111039939158
FOODS_3_587_TX_1_validation,2016-04-06,15,24.77518413795486
FOODS_3_587_TX_1_validation,2016-04-07,22,25.44739197231607
FOODS_3_587_TX_1_validation,2016-04-08,32,24.17507830473336
FOODS_3_587_TX_1_validation,2016-04-09,32,31.79251914579672
FOODS_3_587_TX_1_validation,2016-04-10,24,32.9854124558614
FOODS_3_587_TX_1_validation,2016-04-11,29,28.846308284181845
FOODS_3_587_TX_1_validation,2016-04-12,32,25.45714909164276
FOODS_3_587_TX_1_validation,2016-04-13,29,24.5918148738028
FOODS_3_587_TX_1_validation,2016-04-14,24,20.127019521186952
FOODS_3_587_TX_1_validation,2016-04-15,38,30.277650738670157
FOODS_3_587_TX_1_validation,2016-04-16,24,31.97618718155526
FOODS_3_587_TX_1_validation,2016-04-17,16,32.81233560394875
FOODS_3_587_TX_1_validation,2016-04-18,23,24.782148516604053
FOODS_3_587_TX_1_validation,2016-04-19,28,23.04040817718798
FOODS_3_587_TX_1_validation,2016-04-20,21,20.791010377906055
FOODS_3_587_TX_1_validation,2016-04-21,17,19.98611335541007
FOODS_3_587_TX_1_validation,2016-04-22,17,23.95709592315949
FOODS_3_587_TX_1_validation,2016-04-23,32,31.842914747838712
FOODS_3_587_TX_1_validation,2016-04-24,24,32.63865759310958
FOODS_3_587_TX_2_validation,2016-03-28,27,30.681130966059275
FOODS_3_587_TX_2_validation,2016-03-29,22,24.249589887409847
FOODS_3_587_TX_2_validation,2016-03-30,21,22.95749545578979
FOODS_3_587_TX_2_validation,2016-03-31,25,21.952833006971595
FOODS_3_587_TX_2_validation,2016-04-01,21,25.55802755690629
FOODS_3_587_TX_2_validation,2016-04-02,33,31.68178558327116
FOODS_3_587_TX_2_validation,2016-04-03,34,37.46541728912321
FOODS_3_587_TX_2_validation,2016-04-04,31,30.47019071426914
FOODS_3_587_TX_2_validation,2016-04-05,14,29.160664297990586
FOODS_3_587_TX_2_validation,2016-04-06,25,24.87777173715486
FOODS_3_587_TX_2_validation,2016-04-07,35,25.776872542541028
FOODS_3_587_TX_2_validation,2016-04-08,28,24.369566970748735
FOODS_3_587_TX_2_validation,2016-04-09,32,31.654527759482953
FOODS_3_587_TX_2_validation,2016-04-10,54,39.9209948855769
FOODS_3_587_TX_2_validation,2016-04-11,32,33.63962206890417
FOODS_3_587_TX_2_validation,2016-04-12,23,28.98929107785284
FOODS_3_587_TX_2_validation,2016-04-13,22,24.681834643041295
FOODS_3_587_TX_2_validation,2016-04-14,20,21.550764042919177
FOODS_3_587_TX_2_validation,2016-04-15,27,25.180512996522125
FOODS_3_587_TX_2_validation,2016-04-16,26,31.341060335735182
FOODS_3_587_TX_2_validation,2016-04-17,36,39.708393044955635
FOODS_3_587_TX_2_validation,2016-04-18,23,30.041484160953928
FOODS_3_587_TX_2_validation,2016-04-19,30,23.57408791396688
FOODS_3_587_TX_2_validation,2016-04-20,19,22.26879404062333
FOODS_3_587_TX_2_validation,2016-04-21,19,21.34793044526084
FOODS_3_587_TX_2_validation,2016-04-22,34,24.034765548347146
FOODS_3_587_TX_2_validation,2016-04-23,38,31.168114080078613
FOODS_3_587_TX_2_validation,2016-04-24,44,39.49320311073866
FOODS_3_587_TX_3_validation,2016-03-28,12,38.37435339972062
FOODS_3_587_TX_3_validation,2016-03-29,14,36.67933410464951
FOODS_3_587_TX_3_validation,2016-03-30,13,32.47521603838258
FOODS_3_587_TX_3_validation,2016-03-31,9,28.048215310137046
FOODS_3_587_TX_3_validation,2016-04-01,26,35.23197902649195
FOODS_3_587_TX_3_validation,2016-04-02,26,35.85357301849825
FOODS_3_587_TX_3_validation,2016-04-03,31,44.8005229222235
FOODS_3_587_TX_3_validation,2016-04-04,17,38.37771067119668
FOODS_3_587_TX_3_validation,2016-04-05,21,37.62326621756533
FOODS_3_587_TX_3_validation,2016-04-06,19,36.965180342620016
FOODS_3_587_TX_3_validation,2016-04-07,18,34.73695897387621
FOODS_3_587_TX_3_validation,2016-04-08,19,29.560284019262557
FOODS_3_587_TX_3_validation,2016-04-09,21,40.10324570686849
FOODS_3_587_TX_3_validation,2016-04-10,26,42.06157464588529
FOODS_3_587_TX_3_validation,2016-04-11,25,44.83379385708128
FOODS_3_587_TX_3_validation,2016-04-12,20,37.65034119357516
FOODS_3_587_TX_3_validation,2016-04-13,28,36.981705506956864
FOODS_3_587_TX_3_validation,2016-04-14,19,28.009092872920426
FOODS_3_587_TX_3_validation,2016-04-15,27,35.25176909454601
FOODS_3_587_TX_3_validation,2016-04-16,23,35.82438790159566
FOODS_3_587_TX_3_validation,2016-04-17,25,42.058859691664296
FOODS_3_587_TX_3_validation,2016-04-18,22,38.367517730747615
FOODS_3_587_TX_3_validation,2016-04-19,15,36.65485234130176
FOODS_3_587_TX_3_validation,2016-04-20,16,32.45461431499013
FOODS_3_587_TX_3_validation,2016-04-21,14,27.982985035232353
FOODS_3_587_TX_3_validation,2016-04-22,25,29.46879290166392
FOODS_3_587_TX_3_validation,2016-04-23,18,35.80152435133211
FOODS_3_587_TX_3_validation,2016-04-24,20,42.05015007459175
FOODS_3_587_WI_3_validation,2016-03-28,32,35.27553770975412
FOODS_3_587_WI_3_validation,2016-03-29,43,29.69832451615708
FOODS_3_587_WI_3_validation,2016-03-30,37,29.963854556444513
FOODS_3_587_WI_3_validation,2016-03-31,37,29.71103312461632
FOODS_3_587_WI_3_validation,2016-04-01,39,36.46661001099176
FOODS_3_587_WI_3_validation,2016-04-02,55,39.701538625451676
FOODS_3_587_WI_3_validation,2016-04-03,71,45.22961198039568
FOODS_3_587_WI_3_validation,2016-04-04,37,35.41104175600806
FOODS_3_587_WI_3_validation,2016-04-05,44,36.3428310986933
FOODS_3_587_WI_3_validation,2016-04-06,44,29.059160987341787
FOODS_3_587_WI_3_validation,2016-04-07,27,29.844502869971805
FOODS_3_587_WI_3_validation,2016-04-08,32,36.755117504153695
FOODS_3_587_WI_3_validation,2016-04-09,45,39.78372992270644
FOODS_3_587_WI_3_validation,2016-04-10,44,44.931074449265736
FOODS_3_587_WI_3_validation,2016-04-11,50,41.920470840330516
FOODS_3_587_WI_3_validation,2016-04-12,22,36.45396554459415
FOODS_3_587_WI_3_validation,2016-04-13,21,30.208517589091525
FOODS_3_587_WI_3_validation,2016-04-14,23,31.821426146073982
FOODS_3_587_WI_3_validation,2016-04-15,26,36.8565794719565
FOODS_3_587_WI_3_validation,2016-04-16,21,39.94357075132086
FOODS_3_587_WI_3_validation,2016-04-17,38,45.080765983020946
FOODS_3_587_WI_3_validation,2016-04-18,42,35.666896634912646
FOODS_3_587_WI_3_validation,2016-04-19,15,30.056899114108745
FOODS_3_587_WI_3_validation,2016-04-20,17,30.324781216272367
FOODS_3_587_WI_3_validation,2016-04-21,14,30.099345518964345
FOODS_3_587_WI_3_validation,2016-04-22,17,36.92630992514286
FOODS_3_587_WI_3_validation,2016-04-23,30,40.108827243686804
FOODS_3_587_WI_3_validation,2016-04-24,29,45.224559120059084
FOODS_3_607_CA_3_validation,2016-03-28,12,9.138849250639993
FOODS_3_607_CA_3_validation,2016-03-29,9,7.195443226791716
FOODS_3_607_CA_3_validation,2016-03-30,12,4.0388369479882815
FOODS_3_607_CA_3_validation,2016-03-31,6,6.948432909513517
FOODS_3_607_CA_3_validation,2016-04-01,16,11.536197752796987
FOODS_3_607_CA_3_validation,2016-04-02,19,14.386272423703563
FOODS_3_607_CA_3_validation,2016-04-03,27,14.636279443798436
FOODS_3_607_CA_3_validation,2016-04-04,10,13.775479804283346
FOODS_3_607_CA_3_validation,2016-04-05,20,8.252691058104794
FOODS_3_607_CA_3_validation,2016-04-06,9,6.376319634789821
FOODS_3_607_CA_3_validation,2016-04-07,11,8.131943154159528
FOODS_3_607_CA_3_validation,2016-04-08,9,10.998277787299733
FOODS_3_607_CA_3_validation,2016-04-09,17,13.764491026751827
FOODS_3_607_CA_3_validation,2016-04-10,21,13.97454688833459
FOODS_3_607_CA_3_validation,2016-04-11,12,7.944437777685415
FOODS_3_607_CA_3_validation,2016-04-12,17,6.090010772419511
FOODS_3_607_CA_3_validation,2016-04-13,9,3.116098402876773
FOODS_3_607_CA_3_validation,2016-04-14,17,6.011945748953252
FOODS_3_607_CA_3_validation,2016-04-15,9,7.530114130569553
FOODS_3_607_CA_3_validation,2016-04-16,13,10.666274440238
FOODS_3_607_CA_3_validation,2016-04-17,27,11.505901644689406
FOODS_3_607_CA_3_validation,2016-04-18,10,7.349423590209852
FOODS_3_607_CA_3_validation,2016-04-19,5,5.539701171788811
FOODS_3_607_CA_3_validation,2016-04-20,8,2.6570982671959653
FOODS_3_607_CA_3_validation,2016-04-21,9,5.545889739838479
FOODS_3_607_CA_3_validation,2016-04-22,5,7.006544388029071
FOODS_3_607_CA_3_validation,2016-04-23,9,10.066859357714868
FOODS_3_607_CA_3_validation,2016-04-24,18,10.871543893470989
FOODS_3_635_CA_3_validation,2016-03-28,32,16.005870278514482
FOODS_3_635_CA_3_validation,2016-03-29,28,14.51466329690049
FOODS_3_635_CA_3_validation,2016-03-30,51,17.66754576666395
FOODS_3_635_CA_3_validation,2016-03-31,2,19.453382485105877
FOODS_3_635_CA_3_validation,2016-04-01,0,17.422000123984855
FOODS_3_635_CA_3_validation,2016-04-02,0,26.874724449944072
FOODS_3_635_CA_3_validation,2016-04-03,0,26.80354662843811
FOODS_3_635_CA_3_validation,2016-04-04,0,23.465163023760425
FOODS_3_635_CA_3_validation,2016-04-05,0,19.79700903721899
FOODS_3_635_CA_3_validation,2016-04-06,0,15.214088321175513
FOODS_3_635_CA_3_validation,2016-04-07,0,16.374076619560235
FOODS_3_635_CA_3_validation,2016-04-08,0,17.36533348975367
FOODS_3_635_CA_3_validation,2016-04-09,0,26.79407127246158
FOODS_3_635_CA_3_validation,2016-04-10,0,26.698347512210724
FOODS_3_635_CA_3_validation,2016-04-11,0,15.786686189997944
FOODS_3_635_CA_3_validation,2016-04-12,0,14.38691729010489
FOODS_3_635_CA_3_validation,2016-04-13,0,17.591690753321565
FOODS_3_635_CA_3_validation,2016-04-14,0,19.371259959112557
FOODS_3_635_CA_3_validation,2016-04-15,0,16.753476434764806
FOODS_3_635_CA_3_validation,2016-04-16,0,17.55439049159703
FOODS_3_635_CA_3_validation,2016-04-17,0,20.029758334162597
FOODS_3_635_CA_3_validation,2016-04-18,0,15.684112918829598
FOODS_3_635_CA_3_validation,2016-04-19,0,14.329093237199302
FOODS_3_635_CA_3_validation,2016-04-20,0,17.559102472038973
FOODS_3_635_CA_3_validation,2016-04-21,0,19.33539239535998
FOODS_3_635_CA_3_validation,2016-04-22,0,16.70747904618671
FOODS_3_635_CA_3_validation,2016-04-23,0,17.47470756382763
FOODS_3_635_CA_3_validation,2016-04-24,0,19.919222933115044
FOODS_3_681_CA_3_validation,2016-03-28,14,26.099383945609972
FOODS_3_681_CA_3_validation,2016-03-29,31,26.875197916970972
FOODS_3_681_CA_3_validation,2016-03-30,14,30.972339849884726
FOODS_3_681_CA_3_validation,2016-03-31,44,33.29769168826945
FOODS_3_681_CA_3_validation,2016-04-01,46,40.406137317760354
FOODS_3_681_CA_3_validation,2016-04-02,38,39.909449843436235
FOODS_3_681_CA_3_validation,2016-04-03,14,30.56023822612991
FOODS_3_681_CA_3_validation,2016-04-04,8,26.47919732003405
FOODS_3_681_CA_3_validation,2016-04-05,37,24.70654356114189
FOODS_3_681_CA_3_validation,2016-04-06,37,24.464692497078783
FOODS_3_681_CA_3_validation,2016-04-07,39,30.695709447091655
FOODS_3_681_CA_3_validation,2016-04-08,41,40.41774293141863
FOODS_3_681_CA_3_validation,2016-04-09,63,39.904198268295275
FOODS_3_681_CA_3_validation,2016-04-10,29,30.575729333100256
FOODS_3_681_CA_3_validation,2016-04-11,21,26.15253062816521
FOODS_3_681_CA_3_validation,2016-04-12,48,26.972437959879585
FOODS_3_681_CA_3_validation,2016-04-13,32,31.12474231140316
FOODS_3_681_CA_3_validation,2016-04-14,28,33.471160389446865
FOODS_3_681_CA_3_validation,2016-04-15,47,40.810828714373685
FOODS_3_681_CA_3_validation,2016-04-16,26,40.12654207289091
FOODS_3_681_CA_3_validation,2016-04-17,51,33.280740597882826
FOODS_3_681_CA_3_validation,2016-04-18,40,26.180014439756018
FOODS_3_681_CA_3_validation,2016-04-19,31,27.021388507802317
FOODS_3_681_CA_3_validation,2016-04-20,42,31.1999457302028
FOODS_3_681_CA_3_validation,2016-04-21,24,33.557231158844544
FOODS_3_681_CA_3_validation,2016-04-22,55,40.91608415538336
FOODS_3_681_CA_3_validation,2016-04-23,52,40.21608731860529
FOODS_3_681_CA_3_validation,2016-04-24,15,33.331097193548366
FOODS_3_681_WI_3_validation,2016-03-28,1,37.03712739261389
FOODS_3_681_WI_3_validation,2016-03-29,27,30.306321078169997
FOODS_3_681_WI_3_validation,2016-03-30,32,33.3702872652916
FOODS_3_681_WI_3_validation,2016-03-31,30,35.19382047955085
FOODS_3_681_WI_3_validation,2016-04-01,70,51.79209885505365
FOODS_3_681_WI_3_validation,2016-04-02,68,52.57811493758512
FOODS_3_681_WI_3_validation,2016-04-03,87,40.44253501784898
FOODS_3_681_WI_3_validation,2016-04-04,37,37.548275070404706
FOODS_3_681_WI_3_validation,2016-04-05,35,32.35012295460494
FOODS_3_681_WI_3_validation,2016-04-06,41,30.82571107155041
FOODS_3_681_WI_3_validation,2016-04-07,32,35.6922789779009
FOODS_3_681_WI_3_validation,2016-04-08,46,45.2387137097592
FOODS_3_681_WI_3_validation,2016-04-09,66,53.06632205223957
FOODS_3_681_WI_3_validation,2016-04-10,62,52.050199943307334
FOODS_3_681_WI_3_validation,2016-04-11,35,37.37824210055383
FOODS_3_681_WI_3_validation,2016-04-12,40,32.757851024531334
FOODS_3_681_WI_3_validation,2016-04-13,21,34.23461392294658
FOODS_3_681_WI_3_validation,2016-04-14,44,36.12190652815779
FOODS_3_681_WI_3_validation,2016-04-15,56,45.67141125818446
FOODS_3_681_WI_3_validation,2016-04-16,98,64.1852884607
FOODS_3_681_WI_3_validation,2016-04-17,64,52.676418362297554
FOODS_3_681_WI_3_validation,2016-04-18,66,38.57114648159907
FOODS_3_681_WI_3_validation,2016-04-19,34,31.693442066445172
FOODS_3_681_WI_3_validation,2016-04-20,9,34.666536662785276
FOODS_3_681_WI_3_validation,2016-04-21,38,36.68865389191994
FOODS_3_681_WI_3_validation,2016-04-22,43,53.498704030344946
FOODS_3_681_WI_3_validation,2016-04-23,83,64.83599116308156
FOODS_3_681_WI_3_validation,2016-04-24,54,53.301197583629694
FOODS_3_694_CA_3_validation,2016-03-28,18,15.285761354077833
FOODS_3_694_CA_3_validation,2016-03-29,12,12.362603569426527
FOODS_3_694_CA_3_validation,2016-03-30,18,14.563663959036562
FOODS_3_694_CA_3_validation,2016-03-31,21,14.58905999707975
FOODS_3_694_CA_3_validation,2016-04-01,18,14.842934712332246
FOODS_3_694_CA_3_validation,2016-04-02,27,16.449099100532774
FOODS_3_694_CA_3_validation,2016-04-03,25,19.17135287886854
FOODS_3_694_CA_3_validation,2016-04-04,24,16.122082336306754
FOODS_3_694_CA_3_validation,2016-04-05,18,13.345547557950473
FOODS_3_694_CA_3_validation,2016-04-06,20,14.189435966230134
FOODS_3_694_CA_3_validation,2016-04-07,31,12.587551879211386
FOODS_3_694_CA_3_validation,2016-04-08,29,14.787514811321069
FOODS_3_694_CA_3_validation,2016-04-09,23,16.377828279878855
FOODS_3_694_CA_3_validation,2016-04-10,27,19.091630360457682
FOODS_3_694_CA_3_validation,2016-04-11,15,15.251473602291075
FOODS_3_694_CA_3_validation,2016-04-12,22,12.350774304288151
FOODS_3_694_CA_3_validation,2016-04-13,9,14.595385342632532
FOODS_3_694_CA_3_validation,2016-04-14,17,14.610185680454357
FOODS_3_694_CA_3_validation,2016-04-15,8,15.439306059145013
FOODS_3_694_CA_3_validation,2016-04-16,16,17.40225912556159
FOODS_3_694_CA_3_validation,2016-04-17,20,20.273807972522917
FOODS_3_694_CA_3_validation,2016-04-18,17,15.235350798572446
FOODS_3_694_CA_3_validation,2016-04-19,20,12.346322917298561
FOODS_3_694_CA_3_validation,2016-04-20,16,14.612538896688498
FOODS_3_694_CA_3_validation,2016-04-21,19,14.621758718700798
FOODS_3_694_CA_3_validation,2016-04-22,22,15.425862296563164
FOODS_3_694_CA_3_validation,2016-04-23,24,17.37141294747724
FOODS_3_694_CA_3_validation,2016-04-24,24,20.248136224573894
FOODS_3_694_TX_1_validation,2016-03-28,13,14.81442320206742
FOODS_3_694_TX_1_validation,2016-03-29,18,13.684992394690422
FOODS_3_694_TX_1_validation,2016-03-30,17,15.138762887929957
FOODS_3_694_TX_1_validation,2016-03-31,12,16.536497022765264
FOODS_3_694_TX_1_validation,2016-04-01,24,14.658960800028098
FOODS_3_694_TX_1_validation,2016-04-02,26,18.517930959289203
FOODS_3_694_TX_1_validation,2016-04-03,26,19.27517986825852
FOODS_3_694_TX_1_validation,2016-04-04,17,14.860454611505258
FOODS_3_694_TX_1_validation,2016-04-05,18,16.525555015089957
FOODS_3_694_TX_1_validation,2016-04-06,22,14.403052912209121
FOODS_3_694_TX_1_validation,2016-04-07,21,15.006165574396196
FOODS_3_694_TX_1_validation,2016-04-08,25,15.265458540681278
FOODS_3_694_TX_1_validation,2016-04-09,31,17.584398610091895
FOODS_3_694_TX_1_validation,2016-04-10,22,20.02324476328402
FOODS_3_694_TX_1_validation,2016-04-11,18,18.104067549885656
FOODS_3_694_TX_1_validation,2016-04-12,11,16.562644289026178
FOODS_3_694_TX_1_validation,2016-04-13,11,14.458587588421494
FOODS_3_694_TX_1_validation,2016-04-14,19,16.654329301282083
FOODS_3_694_TX_1_validation,2016-04-15,16,14.697727337366205
FOODS_3_694_TX_1_validation,2016-04-16,17,18.53806459758882
FOODS_3_694_TX_1_validation,2016-04-17,25,20.053235864451253
FOODS_3_694_TX_1_validation,2016-04-18,17,14.953074579768542
FOODS_3_694_TX_1_validation,2016-04-19,21,13.797365920836612
FOODS_3_694_TX_1_validation,2016-04-20,12,15.280171399489383
FOODS_3_694_TX_1_validation,2016-04-21,16,16.713400832517223
FOODS_3_694_TX_1_validation,2016-04-22,16,15.373364153891455
FOODS_3_694_TX_1_validation,2016-04-23,22,18.548866832008258
FOODS_3_694_TX_1_validation,2016-04-24,29,20.08327429849904
FOODS_3_694_WI_1_validation,2016-03-28,12,14.933292260079117
FOODS_3_694_WI_1_validation,2016-03-29,16,14.741043882975477
FOODS_3_694_WI_1_validation,2016-03-30,18,13.627441344925034
FOODS_3_694_WI_1_validation,2016-03-31,18,15.827817955525893
FOODS_3_694_WI_1_validation,2016-04-01,31,19.5867749726753
FOODS_3_694_WI_1_validation,2016-04-02,26,24.393592425983478
FOODS_3_694_WI_1_validation,2016-04-03,28,19.602138746440907
FOODS_3_694_WI_1_validation,2016-04-04,16,14.965750582985859
FOODS_3_694_WI_1_validation,2016-04-05,16,14.785600967058391
FOODS_3_694_WI_1_validation,2016-04-06,12,15.916843821280398
FOODS_3_694_WI_1_validation,2016-04-07,16,15.834409930730448
FOODS_3_694_WI_1_validation,2016-04-08,21,18.472276155311597
FOODS_3_694_WI_1_validation,2016-04-09,24,24.38870108237655
FOODS_3_694_WI_1_validation,2016-04-10,27,21.779611538339257
FOODS_3_694_WI_1_validation,2016-04-11,21,15.783081602495137
FOODS_3_694_WI_1_validation,2016-04-12,17,14.828664782957969
FOODS_3_694_WI_1_validation,2016-04-13,16,13.676019049816555
FOODS_3_694_WI_1_validation,2016-04-14,14,17.4466585444235
FOODS_3_694_WI_1_validation,2016-04-15,21,18.493507280853855
FOODS_3_694_WI_1_validation,2016-04-16,34,25.212255293983667
FOODS_3_694_WI_1_validation,2016-04-17,32,21.81187974737579
FOODS_3_694_WI_1_validation,2016-04-18,27,15.037535036713995
FOODS_3_694_WI_1_validation,2016-04-19,14,14.849695557985275
FOODS_3_694_WI_1_validation,2016-04-20,12,13.703145277895594
FOODS_3_694_WI_1_validation,2016-04-21,14,15.853017753525764
FOODS_3_694_WI_1_validation,2016-04-22,18,19.589146095559947
FOODS_3_694_WI_1_validation,2016-04-23,28,25.21702438378383
FOODS_3_694_WI_1_validation,2016-04-24,24,21.846350183411715
FOODS_3_694_WI_2_validation,2016-03-28,30,25.26005661243317
FOODS_3_694_WI_2_validation,2016-03-29,24,28.486096717421383
FOODS_3_694_WI_2_validation,2016-03-30,37,29.028305054830778
FOODS_3_694_WI_2_validation,2016-03-31,35,28.064499795415827
FOODS_3_694_WI_2_validation,2016-04-01,52,31.524237533764715
FOODS_3_694_WI_2_validation,2016-04-02,44,36.26794301818783
FOODS_3_694_WI_2_validation,2016-04-03,41,33.974383001471665
FOODS_3_694_WI_2_validation,2016-04-04,32,25.32902550743322
FOODS_3_694_WI_2_validation,2016-04-05,33,32.931015952342875
FOODS_3_694_WI_2_validation,2016-04-06,36,33.13018228576384
FOODS_3_694_WI_2_validation,2016-04-07,37,28.16283286100694
FOODS_3_694_WI_2_validation,2016-04-08,37,35.622057332800594
FOODS_3_694_WI_2_validation,2016-04-09,43,36.28538593292145
FOODS_3_694_WI_2_validation,2016-04-10,34,29.972858017747996
FOODS_3_694_WI_2_validation,2016-04-11,45,29.89402754983906
FOODS_3_694_WI_2_validation,2016-04-12,37,33.01615573204287
FOODS_3_694_WI_2_validation,2016-04-13,27,29.297230573166996
FOODS_3_694_WI_2_validation,2016-04-14,45,32.54831984865955
FOODS_3_694_WI_2_validation,2016-04-15,41,35.65778377437927
FOODS_3_694_WI_2_validation,2016-04-16,44,33.57585461569514
FOODS_3_694_WI_2_validation,2016-04-17,52,30.04137905773535
FOODS_3_694_WI_2_validation,2016-04-18,38,25.47524114039099
FOODS_3_694_WI_2_validation,2016-04-19,31,28.84607161333534
FOODS_3_694_WI_2_validation,2016-04-20,32,29.4354382843646
FOODS_3_694_WI_2_validation,2016-04-21,32,28.36759978601048
FOODS_3_694_WI_2_validation,2016-04-22,31,31.71099838659616
FOODS_3_694_WI_2_validation,2016-04-23,33,33.64860535903268
FOODS_3_694_WI_2_validation,2016-04-24,29,30.11219745190416
FOODS_3_694_WI_3_validation,2016-03-28,36,37.75763884517904
FOODS_3_694_WI_3_validation,2016-03-29,44,38.81972560471284
FOODS_3_694_WI_3_validation,2016-03-30,39,38.601897182363174
FOODS_3_694_WI_3_validation,2016-03-31,39,42.48501777490278
FOODS_3_694_WI_3_validation,2016-04-01,46,53.13735998126861
FOODS_3_694_WI_3_validation,2016-04-02,56,53.91397227585801
FOODS_3_694_WI_3_validation,2016-04-03,54,53.42661331292671
FOODS_3_694_WI_3_validation,2016-04-04,29,37.84700922272681
FOODS_3_694_WI_3_validation,2016-04-05,43,40.68378007765893
FOODS_3_694_WI_3_validation,2016-04-06,31,42.2689952832538
FOODS_3_694_WI_3_validation,2016-04-07,34,42.605601002415106
FOODS_3_694_WI_3_validation,2016-04-08,48,50.26261561590252
FOODS_3_694_WI_3_validation,2016-04-09,61,53.98451565407821
FOODS_3_694_WI_3_validation,2016-04-10,42,44.12705256430279
FOODS_3_694_WI_3_validation,2016-04-11,41,45.76889666139712
FOODS_3_694_WI_3_validation,2016-04-12,34,40.76525357552486
FOODS_3_694_WI_3_validation,2016-04-13,37,38.79558207915238
FOODS_3_694_WI_3_validation,2016-04-14,51,49.080534564935405
FOODS_3_694_WI_3_validation,2016-04-15,65,50.32926961341393
FOODS_3_694_WI_3_validation,2016-04-16,58,53.24983648427713
FOODS_3_694_WI_3_validation,2016-04-17,59,44.242062983449635
FOODS_3_694_WI_3_validation,2016-04-18,54,38.02744794681718
FOODS_3_694_WI_3_validation,2016-04-19,42,39.0648996826585
FOODS_3_694_WI_3_validation,2016-04-20,34,38.89336213165004
FOODS_3_694_WI_3_validation,2016-04-21,34,42.847974088436466
FOODS_3_694_WI_3_validation,2016-04-22,46,53.5126892459012
FOODS_3_694_WI_3_validation,2016-04-23,46,53.38443030145306
FOODS_3_694_WI_3_validation,2016-04-24,48,44.35740144282832
FOODS_3_711_CA_3_validation,2016-03-28,13,10.108894406650784
FOODS_3_711_CA_3_validation,2016-03-29,1,8.404814836082442
FOODS_3_711_CA_3_validation,2016-03-30,7,9.272165958077391
FOODS_3_711_CA_3_validation,2016-03-31,11,6.5497741177359625
FOODS_3_711_CA_3_validation,2016-04-01,33,6.4726729727498995
FOODS_3_711_CA_3_validation,2016-04-02,4,7.402831390521136
FOODS_3_711_CA_3_validation,2016-04-03,1,15.220909207288129
FOODS_3_711_CA_3_validation,2016-04-04,0,15.162931086124427
FOODS_3_711_CA_3_validation,2016-04-05,0,11.753951940615668
FOODS_3_711_CA_3_validation,2016-04-06,33,10.853096964736334
FOODS_3_711_CA_3_validation,2016-04-07,26,7.459088145209405
FOODS_3_711_CA_3_validation,2016-04-08,6,6.360012805447196
FOODS_3_711_CA_3_validation,2016-04-09,6,7.31930032710353
FOODS_3_711_CA_3_validation,2016-04-10,18,15.146908763586925
FOODS_3_711_CA_3_validation,2016-04-11,21,9.99023690907688
FOODS_3_711_CA_3_validation,2016-04-12,7,8.34700505842619
FOODS_3_711_CA_3_validation,2016-04-13,0,9.282536064620853
FOODS_3_711_CA_3_validation,2016-04-14,0,6.520223252541866
FOODS_3_711_CA_3_validation,2016-04-15,15,5.8042979604516844
FOODS_3_711_CA_3_validation,2016-04-16,3,8.894472437812723
FOODS_3_711_CA_3_validation,2016-04-17,15,13.289967959329935
FOODS_3_711_CA_3_validation,2016-04-18,28,9.933265118171509
FOODS_3_711_CA_3_validation,2016-04-19,2,8.320397289489353
FOODS_3_711_CA_3_validation,2016-04-20,2,9.289915452397702
FOODS_3_711_CA_3_validation,2016-04-21,0,6.508134253556749
FOODS_3_711_CA_3_validation,2016-04-22,0,5.748842392260116
FOODS_3_711_CA_3_validation,2016-04-23,4,8.836452430659348
FOODS_3_711_CA_3_validation,2016-04-24,6,13.240485665863686
FOODS_3_711_WI_2_validation,2016-03-28,10,12.467814601643255
FOODS_3_711_WI_2_validation,2016-03-29,57,6.014468796215836
FOODS_3_711_WI_2_validation,2016-03-30,0,3.4369351946994766
FOODS_3_711_WI_2_validation,2016-03-31,0,1.7089729235655353
FOODS_3_711_WI_2_validation,2016-04-01,0,3.8896329086552903
FOODS_3_711_WI_2_validation,2016-04-02,0,25.26653665510155
FOODS_3_711_WI_2_validation,2016-04-03,1,21.985463338514784
FOODS_3_711_WI_2_validation,2016-04-04,0,12.382561028674367
FOODS_3_711_WI_2_validation,2016-04-05,0,1.4432998622560858
FOODS_3_711_WI_2_validation,2016-04-06,0,2.947544071983682
FOODS_3_711_WI_2_validation,2016-04-07,0,1.4734372402332667
FOODS_3_711_WI_2_validation,2016-04-08,1,6.8302520124398
FOODS_3_711_WI_2_validation,2016-04-09,1,24.901182766183272
FOODS_3_711_WI_2_validation,2016-04-10,0,11.780582912879165
FOODS_3_711_WI_2_validation,2016-04-11,0,2.6689531883926776
FOODS_3_711_WI_2_validation,2016-04-12,0,1.0934167659470893
FOODS_3_711_WI_2_validation,2016-04-13,2,2.903304028691741
FOODS_3_711_WI_2_validation,2016-04-14,0,1.0032131743946762
FOODS_3_711_WI_2_validation,2016-04-15,0,6.519680568676487
FOODS_3_711_WI_2_validation,2016-04-16,0,7.671014004222467
FOODS_3_711_WI_2_validation,2016-04-17,0,11.633863832940964
FOODS_3_711_WI_2_validation,2016-04-18,47,12.210025647729783
FOODS_3_711_WI_2_validation,2016-04-19,38,5.495268520553766
FOODS_3_711_WI_2_validation,2016-04-20,8,2.6370362348069376
FOODS_3_711_WI_2_validation,2016-04-21,20,1.0023624703096958
FOODS_3_711_WI_2_validation,2016-04-22,26,3.198141438454761
FOODS_3_711_WI_2_validation,2016-04-23,21,7.434804463976087
FOODS_3_711_WI_2_validation,2016-04-24,18,11.487062741110144
FOODS_3_714_CA_1_validation,2016-03-28,11,15.406400403531883
FOODS_3_714_CA_1_validation,2016-03-29,4,13.025228731305141
FOODS_3_714_CA_1_validation,2016-03-30,13,13.730474915780732
FOODS_3_714_CA_1_validation,2016-03-31,19,13.896361757928647
FOODS_3_714_CA_1_validation,2016-04-01,29,21.714888303187376
FOODS_3_714_CA_1_validation,2016-04-02,40,32.27017015449578
FOODS_3_714_CA_1_validation,2016-04-03,23,28.77347137044206
FOODS_3_714_CA_1_validation,2016-04-04,25,16.18598951911197
FOODS_3_714_CA_1_validation,2016-04-05,19,11.153897402344008
FOODS_3_714_CA_1_validation,2016-04-06,15,15.345046640888777
FOODS_3_714_CA_1_validation,2016-04-07,15,18.013888395461464
FOODS_3_714_CA_1_validation,2016-04-08,18,21.591475610102215
FOODS_3_714_CA_1_validation,2016-04-09,33,32.098392037268376
FOODS_3_714_CA_1_validation,2016-04-10,25,28.58946043272926
FOODS_3_714_CA_1_validation,2016-04-11,7,15.144126041481975
FOODS_3_714_CA_1_validation,2016-04-12,5,12.835369537820933
FOODS_3_714_CA_1_validation,2016-04-13,11,13.54569563671501
FOODS_3_714_CA_1_validation,2016-04-14,9,13.663290145869437
FOODS_3_714_CA_1_validation,2016-04-15,20,19.37361580853989
FOODS_3_714_CA_1_validation,2016-04-16,37,28.690879210781155
FOODS_3_714_CA_1_validation,2016-04-17,37,27.5882731962229
FOODS_3_714_CA_1_validation,2016-04-18,15,15.012692210516962
FOODS_3_714_CA_1_validation,2016-04-19,6,12.740657407807621
FOODS_3_714_CA_1_validation,2016-04-20,10,13.453356912033964
FOODS_3_714_CA_1_validation,2016-04-21,12,13.54666586926947
FOODS_3_714_CA_1_validation,2016-04-22,18,19.230153364942467
FOODS_3_714_CA_1_validation,2016-04-23,22,28.482203961539568
FOODS_3_714_CA_1_validation,2016-04-24,27,27.36418687935911
FOODS_3_714_CA_3_validation,2016-03-28,26,23.083625743013926
FOODS_3_714_CA_3_validation,2016-03-29,28,20.4918021413578
FOODS_3_714_CA_3_validation,2016-03-30,34,20.330429920843187
FOODS_3_714_CA_3_validation,2016-03-31,25,23.643976439329702
FOODS_3_714_CA_3_validation,2016-04-01,34,25.553170634953133
FOODS_3_714_CA_3_validation,2016-04-02,39,36.04057997038397
FOODS_3_714_CA_3_validation,2016-04-03,35,33.29108166420784
FOODS_3_714_CA_3_validation,2016-04-04,29,26.672742719357892
FOODS_3_714_CA_3_validation,2016-04-05,45,26.58484156439665
FOODS_3_714_CA_3_validation,2016-04-06,41,26.56680239777463
FOODS_3_714_CA_3_validation,2016-04-07,38,21.977283175817657
FOODS_3_714_CA_3_validation,2016-04-08,30,25.51228698421037
FOODS_3_714_CA_3_validation,2016-04-09,32,35.96598845515061
FOODS_3_714_CA_3_validation,2016-04-10,13,33.23834777636273
FOODS_3_714_CA_3_validation,2016-04-11,18,23.079187894781775
FOODS_3_714_CA_3_validation,2016-04-12,24,20.49158268282145
FOODS_3_714_CA_3_validation,2016-04-13,41,20.307745064408213
FOODS_3_714_CA_3_validation,2016-04-14,29,23.64507124801687
FOODS_3_714_CA_3_validation,2016-04-15,31,27.485897922289062
FOODS_3_714_CA_3_validation,2016-04-16,35,31.9462562022156
FOODS_3_714_CA_3_validation,2016-04-17,57,32.69239617081409
FOODS_3_714_CA_3_validation,2016-04-18,24,23.07716354153699
FOODS_3_714_CA_3_validation,2016-04-19,25,20.49210896611988
FOODS_3_714_CA_3_validation,2016-04-20,33,20.296559438815375
FOODS_3_714_CA_3_validation,2016-04-21,23,23.645318508552318
FOODS_3_714_CA_3_validation,2016-04-22,20,27.48098687597362
FOODS_3_714_CA_3_validation,2016-04-23,42,31.877430731370094
FOODS_3_714_CA_3_validation,2016-04-24,40,32.61104768923148
FOODS_3_714_TX_1_validation,2016-03-28,9,8.44522898799115
FOODS_3_714_TX_1_validation,2016-03-29,15,10.002474331327084
FOODS_3_714_TX_1_validation,2016-03-30,14,12.450260365439085
FOODS_3_714_TX_1_validation,2016-03-31,12,12.586948700596945
FOODS_3_714_TX_1_validation,2016-04-01,25,11.132958301440258
FOODS_3_714_TX_1_validation,2016-04-02,21,13.159440326368422
FOODS_3_714_TX_1_validation,2016-04-03,28,15.582386054540796
FOODS_3_714_TX_1_validation,2016-04-04,14,8.392726287894433
FOODS_3_714_TX_1_validation,2016-04-05,23,8.325272557634332
FOODS_3_714_TX_1_validation,2016-04-06,16,7.819890406926417
FOODS_3_714_TX_1_validation,2016-04-07,23,10.539662854826517
FOODS_3_714_TX_1_validation,2016-04-08,24,10.837055173999495
FOODS_3_714_TX_1_validation,2016-04-09,30,16.69331193241685
FOODS_3_714_TX_1_validation,2016-04-10,34,10.222131788273217
FOODS_3_714_TX_1_validation,2016-04-11,19,11.164639200445745
FOODS_3_714_TX_1_validation,2016-04-12,19,8.259078298520974
FOODS_3_714_TX_1_validation,2016-04-13,13,7.753136197872255
FOODS_3_714_TX_1_validation,2016-04-14,21,12.548345102619711
FOODS_3_714_TX_1_validation,2016-04-15,17,10.996404530615889
FOODS_3_714_TX_1_validation,2016-04-16,31,12.965620652164354
FOODS_3_714_TX_1_validation,2016-04-17,21,10.138252815324996
FOODS_3_714_TX_1_validation,2016-04-18,14,8.293795465440818
FOODS_3_714_TX_1_validation,2016-04-19,10,9.885564828916
FOODS_3_714_TX_1_validation,2016-04-20,20,12.390736192671394
FOODS_3_714_TX_1_validation,2016-04-21,14,12.531379090703618
FOODS_3_714_TX_1_validation,2016-04-22,21,10.744948955300586
FOODS_3_714_TX_1_validation,2016-04-23,32,12.872536430585308
FOODS_3_714_TX_1_validation,2016-04-24,20,10.057049014628076
FOODS_3_714_TX_2_validation,2016-03-28,23,15.786676969519068
FOODS_3_714_TX_2_validation,2016-03-29,23,12.79437189894744
FOODS_3_714_TX_2_validation,2016-03-30,16,16.45017012222395
FOODS_3_714_TX_2_validation,2016-03-31,22,18.28709003803703
FOODS_3_714_TX_2_validation,2016-04-01,21,17.07386192564253
FOODS_3_714_TX_2_validation,2016-04-02,34,26.855584032449237
FOODS_3_714_TX_2_validation,2016-04-03,42,26.10129718096331
FOODS_3_714_TX_2_validation,2016-04-04,18,15.68692914184977
FOODS_3_714_TX_2_validation,2016-04-05,18,14.243664940936242
FOODS_3_714_TX_2_validation,2016-04-06,15,13.450886060036883
FOODS_3_714_TX_2_validation,2016-04-07,23,16.565211742020324
FOODS_3_714_TX_2_validation,2016-04-08,28,21.284681804818852
FOODS_3_714_TX_2_validation,2016-04-09,26,25.520341336244577
FOODS_3_714_TX_2_validation,2016-04-10,22,21.729326645118967
FOODS_3_714_TX_2_validation,2016-04-11,25,21.11253137201837
FOODS_3_714_TX_2_validation,2016-04-12,13,14.155482321298454
FOODS_3_714_TX_2_validation,2016-04-13,13,13.341754523222818
FOODS_3_714_TX_2_validation,2016-04-14,18,18.130083009671296
FOODS_3_714_TX_2_validation,2016-04-15,29,16.90429812699194
FOODS_3_714_TX_2_validation,2016-04-16,17,26.62628606390901
FOODS_3_714_TX_2_validation,2016-04-17,30,21.600692299414966
FOODS_3_714_TX_2_validation,2016-04-18,13,15.489437612425602
FOODS_3_714_TX_2_validation,2016-04-19,21,12.55393188891368
FOODS_3_714_TX_2_validation,2016-04-20,12,16.26208281078555
FOODS_3_714_TX_2_validation,2016-04-21,32,18.05213376574401
FOODS_3_714_TX_2_validation,2016-04-22,39,21.158306375206408
FOODS_3_714_TX_2_validation,2016-04-23,20,26.51138892327836
FOODS_3_714_TX_2_validation,2016-04-24,15,21.47246781143135
FOODS_3_714_TX_3_validation,2016-03-28,8,14.70547581924675
FOODS_3_714_TX_3_validation,2016-03-29,21,15.296479444457702
FOODS_3_714_TX_3_validation,2016-03-30,24,16.11115757616887
FOODS_3_714_TX_3_validation,2016-03-31,28,16.484268144578035
FOODS_3_714_TX_3_validation,2016-04-01,22,15.715778003416446
FOODS_3_714_TX_3_validation,2016-04-02,27,15.253377893092871
FOODS_3_714_TX_3_validation,2016-04-03,29,18.42269721158347
FOODS_3_714_TX_3_validation,2016-04-04,42,14.641504368091448
FOODS_3_714_TX_3_validation,2016-04-05,33,14.945585518637243
FOODS_3_714_TX_3_validation,2016-04-06,29,12.844304949275692
FOODS_3_714_TX_3_validation,2016-04-07,24,17.406345433648518
FOODS_3_714_TX_3_validation,2016-04-08,23,16.73660217476661
FOODS_3_714_TX_3_validation,2016-04-09,28,18.891243482857703
FOODS_3_714_TX_3_validation,2016-04-10,24,15.788768444709607
FOODS_3_714_TX_3_validation,2016-04-11,11,14.036389364195621
FOODS_3_714_TX_3_validation,2016-04-12,17,14.895761515459457
FOODS_3_714_TX_3_validation,2016-04-13,23,12.80093967483468
FOODS_3_714_TX_3_validation,2016-04-14,17,16.496060929766042
FOODS_3_714_TX_3_validation,2016-04-15,29,15.56280690162825
FOODS_3_714_TX_3_validation,2016-04-16,26,15.012190641767297
FOODS_3_714_TX_3_validation,2016-04-17,27,15.64546363170328
FOODS_3_714_TX_3_validation,2016-04-18,13,14.517392433597372
FOODS_3_714_TX_3_validation,2016-04-19,19,15.300429595805241
FOODS_3_714_TX_3_validation,2016-04-20,8,16.124008305539068
FOODS_3_714_TX_3_validation,2016-04-21,15,16.50385276321841
FOODS_3_714_TX_3_validation,2016-04-22,17,16.64249075115577
FOODS_3_714_TX_3_validation,2016-04-23,30,14.893882248212368
FOODS_3_714_TX_3_validation,2016-04-24,19,15.503623916625543
FOODS_3_714_WI_3_validation,2016-03-28,11,18.623374574133766
FOODS_3_714_WI_3_validation,2016-03-29,33,19.537546124977894
FOODS_3_714_WI_3_validation,2016-03-30,13,18.84662537034241
FOODS_3_714_WI_3_validation,2016-03-31,4,21.67593460563917
FOODS_3_714_WI_3_validation,2016-04-01,32,25.883101772420314
FOODS_3_714_WI_3_validation,2016-04-02,21,23.92406220169913
FOODS_3_714_WI_3_validation,2016-04-03,13,21.3262378938986
FOODS_3_714_WI_3_validation,2016-04-04,11,18.655566014084034
FOODS_3_714_WI_3_validation,2016-04-05,21,18.519062402818612
FOODS_3_714_WI_3_validation,2016-04-06,8,20.07772275183551
FOODS_3_714_WI_3_validation,2016-04-07,9,21.715790213956225
FOODS_3_714_WI_3_validation,2016-04-08,24,22.662435808351034
FOODS_3_714_WI_3_validation,2016-04-09,22,23.88006299981153
FOODS_3_714_WI_3_validation,2016-04-10,16,20.528004305982982
FOODS_3_714_WI_3_validation,2016-04-11,19,16.854868807388776
FOODS_3_714_WI_3_validation,2016-04-12,16,18.526781258973205
FOODS_3_714_WI_3_validation,2016-04-13,13,18.938438123197493
FOODS_3_714_WI_3_validation,2016-04-14,30,20.920485497013523
FOODS_3_714_WI_3_validation,2016-04-15,31,22.66198502049908
FOODS_3_714_WI_3_validation,2016-04-16,40,26.015223236519073
FOODS_3_714_WI_3_validation,2016-04-17,10,20.535708513037864
FOODS_3_714_WI_3_validation,2016-04-18,20,18.721575595810286
FOODS_3_714_WI_3_validation,2016-04-19,18,19.65250634251836
FOODS_3_714_WI_3_validation,2016-04-20,16,18.985093179892274
FOODS_3_714_WI_3_validation,2016-04-21,25,21.796825723810876
FOODS_3_714_WI_3_validation,2016-04-22,26,26.01972978280888
FOODS_3_714_WI_3_validation,2016-04-23,36,26.026515370228147
FOODS_3_714_WI_3_validation,2016-04-24,20,20.544291088896607
FOODS_3_723_CA_3_validation,2016-03-28,14,17.784126687651767
FOODS_3_723_CA_3_validation,2016-03-29,19,17.5797864438536
FOODS_3_723_CA_3_validation,2016-03-30,14,19.275039352526214
FOODS_3_723_CA_3_validation,2016-03-31,56,21.32095869301367
FOODS_3_723_CA_3_validation,2016-04-01,31,25.09401246886477
FOODS_3_723_CA_3_validation,2016-04-02,35,27.454805648842566
FOODS_3_723_CA_3_validation,2016-04-03,19,20.32851583548519
FOODS_3_723_CA_3_validation,2016-04-04,30,12.473434532525273
FOODS_3_723_CA_3_validation,2016-04-05,22,12.914481054165169
FOODS_3_723_CA_3_validation,2016-04-06,12,17.163923694903062
FOODS_3_723_CA_3_validation,2016-04-07,30,20.376365984693876
FOODS_3_723_CA_3_validation,2016-04-08,26,25.189300630515437
FOODS_3_723_CA_3_validation,2016-04-09,34,27.52623050770636
FOODS_3_723_CA_3_validation,2016-04-10,28,20.417155279294242
FOODS_3_723_CA_3_validation,2016-04-11,17,18.05678622419201
FOODS_3_723_CA_3_validation,2016-04-12,18,17.904203275642054
FOODS_3_723_CA_3_validation,2016-04-13,22,19.58888855617988
FOODS_3_723_CA_3_validation,2016-04-14,18,21.601874414200754
FOODS_3_723_CA_3_validation,2016-04-15,28,27.19934694673391
FOODS_3_723_CA_3_validation,2016-04-16,32,31.131236349023844
FOODS_3_723_CA_3_validation,2016-04-17,42,22.729897971391097
FOODS_3_723_CA_3_validation,2016-04-18,21,18.19303269876371
FOODS_3_723_CA_3_validation,2016-04-19,18,18.066519223226273
FOODS_3_723_CA_3_validation,2016-04-20,26,19.7463612568462
FOODS_3_723_CA_3_validation,2016-04-21,12,21.74329275230568
FOODS_3_723_CA_3_validation,2016-04-22,31,27.344141727339995
FOODS_3_723_CA_3_validation,2016-04-23,48,31.27740013360153
FOODS_3_723_CA_3_validation,2016-04-24,23,22.8703677860084
FOODS_3_723_WI_3_validation,2016-03-28,30,18.35871045337485
FOODS_3_723_WI_3_validation,2016-03-29,23,17.146362399936915
FOODS_3_723_WI_3_validation,2016-03-30,17,15.760967904949833
FOODS_3_723_WI_3_validation,2016-03-31,18,18.69473171973965
FOODS_3_723_WI_3_validation,2016-04-01,39,30.87233392443764
FOODS_3_723_WI_3_validation,2016-04-02,40,30.506099025685657
FOODS_3_723_WI_3_validation,2016-04-03,30,28.77415833301056
FOODS_3_723_WI_3_validation,2016-04-04,24,18.54795564127316
FOODS_3_723_WI_3_validation,2016-04-05,20,15.79048616061873
FOODS_3_723_WI_3_validation,2016-04-06,21,18.10989175732272
FOODS_3_723_WI_3_validation,2016-04-07,20,18.86974613023051
FOODS_3_723_WI_3_validation,2016-04-08,26,23.075676631042466
FOODS_3_723_WI_3_validation,2016-04-09,43,30.597005947577195
FOODS_3_723_WI_3_validation,2016-04-10,34,28.008065495546013
FOODS_3_723_WI_3_validation,2016-04-11,23,19.320597451050027
FOODS_3_723_WI_3_validation,2016-04-12,25,15.933401185661454
FOODS_3_723_WI_3_validation,2016-04-13,19,16.045662614100163
FOODS_3_723_WI_3_validation,2016-04-14,32,20.81191520794289
FOODS_3_723_WI_3_validation,2016-04-15,30,23.188788983434975
FOODS_3_723_WI_3_validation,2016-04-16,37,36.546322579678204
FOODS_3_723_WI_3_validation,2016-04-17,38,28.23166154829171
FOODS_3_723_WI_3_validation,2016-04-18,21,18.927938149602667
FOODS_3_723_WI_3_validation,2016-04-19,15,17.636657824700855
FOODS_3_723_WI_3_validation,2016-04-20,24,16.18880892635736
FOODS_3_723_WI_3_validation,2016-04-21,16,19.220406733909314
FOODS_3_723_WI_3_validation,2016-04-22,27,31.62515797912321
FOODS_3_723_WI_3_validation,2016-04-23,42,36.80237292356803
FOODS_3_723_WI_3_validation,2016-04-24,41,28.455458648697977
FOODS_3_752_CA_3_validation,2016-03-28,15,9.322987572900606
FOODS_3_752_CA_3_validation,2016-03-29,9,9.932459881555033
FOODS_3_752_CA_3_validation,2016-03-30,12,11.811252616367298
FOODS_3_752_CA_3_validation,2016-03-31,6,7.9437643394066875
FOODS_3_752_CA_3_validation,2016-04-01,7,13.213967940177655
FOODS_3_752_CA_3_validation,2016-04-02,13,14.171055801186874
FOODS_3_752_CA_3_validation,2016-04-03,14,15.992102226580794
FOODS_3_752_CA_3_validation,2016-04-04,15,12.76961806960827
FOODS_3_752_CA_3_validation,2016-04-05,4,14.181452858518595
FOODS_3_752_CA_3_validation,2016-04-06,23,12.715308688917405
FOODS_3_752_CA_3_validation,2016-04-07,10,12.008183359047917
FOODS_3_752_CA_3_validation,2016-04-08,51,13.12280442594294
FOODS_3_752_CA_3_validation,2016-04-09,7,14.074801450494679
FOODS_3_752_CA_3_validation,2016-04-10,29,15.887882989009887
FOODS_3_752_CA_3_validation,2016-04-11,9,9.18446538827492
FOODS_3_752_CA_3_validation,2016-04-12,37,9.899333987818114
FOODS_3_752_CA_3_validation,2016-04-13,1,11.743927664878221
FOODS_3_752_CA_3_validation,2016-04-14,1,7.785291406838128
FOODS_3_752_CA_3_validation,2016-04-15,21,10.959273946563723
FOODS_3_752_CA_3_validation,2016-04-16,13,13.062301908184228
FOODS_3_752_CA_3_validation,2016-04-17,26,11.915597483134766
FOODS_3_752_CA_3_validation,2016-04-18,61,9.116172306410702
FOODS_3_752_CA_3_validation,2016-04-19,6,9.88283345056416
FOODS_3_752_CA_3_validation,2016-04-20,19,11.710119039323514
FOODS_3_752_CA_3_validation,2016-04-21,10,7.707018966884688
FOODS_3_752_CA_3_validation,2016-04-22,2,10.91193265885068
FOODS_3_752_CA_3_validation,2016-04-23,1,13.02465473416971
FOODS_3_752_CA_3_validation,2016-04-24,3,11.834094783569169
FOODS_3_804_CA_3_validation,2016-03-28,18,21.460282753309656
FOODS_3_804_CA_3_validation,2016-03-29,0,24.676007720227688
FOODS_3_804_CA_3_validation,2016-03-30,13,26.54670195066164
FOODS_3_804_CA_3_validation,2016-03-31,10,26.72484442672627
FOODS_3_804_CA_3_validation,2016-04-01,14,30.24739386369307
FOODS_3_804_CA_3_validation,2016-04-02,28,35.212451935542596
FOODS_3_804_CA_3_validation,2016-04-03,15,27.488905832941462
FOODS_3_804_CA_3_validation,2016-04-04,17,21.42528417057004
FOODS_3_804_CA_3_validation,2016-04-05,14,23.311046866775495
FOODS_3_804_CA_3_validation,2016-04-06,0,24.106398550048482
FOODS_3_804_CA_3_validation,2016-04-07,0,25.422187652922098
FOODS_3_804_CA_3_validation,2016-04-08,0,30.440392202957533
FOODS_3_804_CA_3_validation,2016-04-09,0,35.39913383355537
FOODS_3_804_CA_3_validation,2016-04-10,0,27.639436281807633
FOODS_3_804_CA_3_validation,2016-04-11,0,21.79493523372757
FOODS_3_804_CA_3_validation,2016-04-12,0,24.99332565281002
FOODS_3_804_CA_3_validation,2016-04-13,0,26.871018317629037
FOODS_3_804_CA_3_validation,2016-04-14,0,27.048634198199068
FOODS_3_804_CA_3_validation,2016-04-15,16,27.367406343096526
FOODS_3_804_CA_3_validation,2016-04-16,22,28.548368749984057
FOODS_3_804_CA_3_validation,2016-04-17,1,24.967249637559142
FOODS_3_804_CA_3_validation,2016-04-18,24,21.95869506977502
FOODS_3_804_CA_3_validation,2016-04-19,16,25.14787890510399
FOODS_3_804_CA_3_validation,2016-04-20,17,27.028343492343417
FOODS_3_804_CA_3_validation,2016-04-21,17,27.20591237041578
FOODS_3_804_CA_3_validation,2016-04-22,45,27.517766180401253
FOODS_3_804_CA_3_validation,2016-04-23,0,28.67022084942734
FOODS_3_804_CA_3_validation,2016-04-24,18,25.083885772433163
FOODS_3_808_CA_1_validation,2016-03-28,16,0.0
FOODS_3_808_CA_1_validation,2016-03-29,1,0.0028158683252961225
FOODS_3_808_CA_1_validation,2016-03-30,3,0.13838279627683647
FOODS_3_808_CA_1_validation,2016-03-31,13,0.0
FOODS_3_808_CA_1_validation,2016-04-01,6,0.0
FOODS_3_808_CA_1_validation,2016-04-02,0,0.0
FOODS_3_808_CA_1_validation,2016-04-03,0,0.0
FOODS_3_808_CA_1_validation,2016-04-04,0,0.0
FOODS_3_808_CA_1_validation,2016-04-05,0,0.0
FOODS_3_808_CA_1_validation,2016-04-06,0,0.0
FOODS_3_808_CA_1_validation,2016-04-07,0,0.0
FOODS_3_808_CA_1_validation,2016-04-08,0,0.0
FOODS_3_808_CA_1_validation,2016-04-09,0,0.0
FOODS_3_808_CA_1_validation,2016-04-10,0,0.0
FOODS_3_808_CA_1_validation,2016-04-11,0,0.0
FOODS_3_808_CA_1_validation,2016-04-12,0,0.0
FOODS_3_808_CA_1_validation,2016-04-13,0,0.16862497231881157
FOODS_3_808_CA_1_validation,2016-04-14,0,0.0
FOODS_3_808_CA_1_validation,2016-04-15,0,0.0
FOODS_3_808_CA_1_validation,2016-04-16,0,0.0
FOODS_3_808_CA_1_validation,2016-04-17,0,0.0
FOODS_3_808_CA_1_validation,2016-04-18,0,0.0
FOODS_3_808_CA_1_validation,2016-04-19,0,0.0
FOODS_3_808_CA_1_validation,2016-04-20,0,0.19113233030832077
FOODS_3_808_CA_1_validation,2016-04-21,0,0.0
FOODS_3_808_CA_1_validation,2016-04-22,0,0.0
FOODS_3_808_CA_1_validation,2016-04-23,0,0.0
FOODS_3_808_CA_1_validation,2016-04-24,0,0.0
FOODS_3_808_CA_3_validation,2016-03-28,37,30.40782956674643
FOODS_3_808_CA_3_validation,2016-03-29,27,25.046207314030937
FOODS_3_808_CA_3_validation,2016-03-30,41,20.302194240056274
FOODS_3_808_CA_3_validation,2016-03-31,1,21.88143670738075
FOODS_3_808_CA_3_validation,2016-04-01,0,17.04500826597279
FOODS_3_808_CA_3_validation,2016-04-02,0,25.828834593176566
FOODS_3_808_CA_3_validation,2016-04-03,0,31.44228394530394
FOODS_3_808_CA_3_validation,2016-04-04,0,29.49598005540288
FOODS_3_808_CA_3_validation,2016-04-05,0,24.90852802789884
FOODS_3_808_CA_3_validation,2016-04-06,4,18.391858585725164
FOODS_3_808_CA_3_validation,2016-04-07,0,15.60186709012442
FOODS_3_808_CA_3_validation,2016-04-08,0,16.98769052022734
FOODS_3_808_CA_3_validation,2016-04-09,0,25.729541079916018
FOODS_3_808_CA_3_validation,2016-04-10,0,31.342415620004086
FOODS_3_808_CA_3_validation,2016-04-11,0,30.182544347091863
FOODS_3_808_CA_3_validation,2016-04-12,0,24.922497382872244
FOODS_3_808_CA_3_validation,2016-04-13,0,20.251060892192562
FOODS_3_808_CA_3_validation,2016-04-14,0,21.797196087611137
FOODS_3_808_CA_3_validation,2016-04-15,0,17.854008532421823
FOODS_3_808_CA_3_validation,2016-04-16,2,25.93057181897651
FOODS_3_808_CA_3_validation,2016-04-17,0,32.15548382285535
FOODS_3_808_CA_3_validation,2016-04-18,0,30.07248159232999
FOODS_3_808_CA_3_validation,2016-04-19,0,24.862945563977746
FOODS_3_808_CA_3_validation,2016-04-20,0,20.22826772906442
FOODS_3_808_CA_3_validation,2016-04-21,0,21.7578901901183
FOODS_3_808_CA_3_validation,2016-04-22,0,17.814682605365814
FOODS_3_808_CA_3_validation,2016-04-23,0,25.823559269497935
FOODS_3_808_CA_3_validation,2016-04-24,0,32.043855671056974
HOUSEHOLD_1_118_CA_3_validation,2016-03-28,16,18.537240792353735
HOUSEHOLD_1_118_CA_3_validation,2016-03-29,14,18.438867956279484
HOUSEHOLD_1_118_CA_3_validation,2016-03-30,39,16.12956358278214
HOUSEHOLD_1_118_CA_3_validation,2016-03-31,17,13.361490745048036
HOUSEHOLD_1_118_CA_3_validation,2016-04-01,19,15.493556618884657
HOUSEHOLD_1_118_CA_3_validation,2016-04-02,27,20.932378098383502
HOUSEHOLD_1_118_CA_3_validation,2016-04-03,30,26.458340017749567
HOUSEHOLD_1_118_CA_3_validation,2016-04-04,35,24.526922311635005
HOUSEHOLD_1_118_CA_3_validation,2016-04-05,25,19.887679701576072
HOUSEHOLD_1_118_CA_3_validation,2016-04-06,21,19.93878370792217
HOUSEHOLD_1_118_CA_3_validation,2016-04-07,41,19.195142918718343
HOUSEHOLD_1_118_CA_3_validation,2016-04-08,8,15.499689466819076
HOUSEHOLD_1_118_CA_3_validation,2016-04-09,24,20.952749964115263
HOUSEHOLD_1_118_CA_3_validation,2016-04-10,24,26.454279187214365
HOUSEHOLD_1_118_CA_3_validation,2016-04-11,16,18.43401476008502
HOUSEHOLD_1_118_CA_3_validation,2016-04-12,20,18.362984728120516
HOUSEHOLD_1_118_CA_3_validation,2016-04-13,9,16.10051033577231
HOUSEHOLD_1_118_CA_3_validation,2016-04-14,11,13.324454513650524
HOUSEHOLD_1_118_CA_3_validation,2016-04-15,21,15.397779752425548
HOUSEHOLD_1_118_CA_3_validation,2016-04-16,20,23.41424402608732
HOUSEHOLD_1_118_CA_3_validation,2016-04-17,38,24.242834540259416
HOUSEHOLD_1_118_CA_3_validation,2016-04-18,13,18.38332958009347
HOUSEHOLD_1_118_CA_3_validation,2016-04-19,22,18.325621766423026
HOUSEHOLD_1_118_CA_3_validation,2016-04-20,19,16.086798776674954
HOUSEHOLD_1_118_CA_3_validation,2016-04-21,52,13.306722931538959
HOUSEHOLD_1_118_CA_3_validation,2016-04-22,14,15.38405520250947
HOUSEHOLD_1_118_CA_3_validation,2016-04-23,25,23.417455713583827
HOUSEHOLD_1_118_CA_3_validation,2016-04-24,31,24.214121755243962
HOUSEHOLD_1_334_CA_3_validation,2016-03-28,7,17.527046809460774
HOUSEHOLD_1_334_CA_3_validation,2016-03-29,23,14.934486710155873
HOUSEHOLD_1_334_CA_3_validation,2016-03-30,4,13.816383464319076
HOUSEHOLD_1_334_CA_3_validation,2016-03-31,43,14.069135804437863
HOUSEHOLD_1_334_CA_3_validation,2016-04-01,24,15.480329917410849
HOUSEHOLD_1_334_CA_3_validation,2016-04-02,31,17.142013961196955
HOUSEHOLD_1_334_CA_3_validation,2016-04-03,28,18.435194934802666
HOUSEHOLD_1_334_CA_3_validation,2016-04-04,15,16.977839242358932
HOUSEHOLD_1_334_CA_3_validation,2016-04-05,21,13.518607211526858
HOUSEHOLD_1_334_CA_3_validation,2016-04-06,19,15.734922878642857
HOUSEHOLD_1_334_CA_3_validation,2016-04-07,12,16.11476165610806
HOUSEHOLD_1_334_CA_3_validation,2016-04-08,18,15.481280643011793
HOUSEHOLD_1_334_CA_3_validation,2016-04-09,17,17.105586157337765
HOUSEHOLD_1_334_CA_3_validation,2016-04-10,42,18.4111228393334
HOUSEHOLD_1_334_CA_3_validation,2016-04-11,22,17.7111846301377
HOUSEHOLD_1_334_CA_3_validation,2016-04-12,25,15.102819055009057
HOUSEHOLD_1_334_CA_3_validation,2016-04-13,27,13.954968444840297
HOUSEHOLD_1_334_CA_3_validation,2016-04-14,25,14.198586112550796
HOUSEHOLD_1_334_CA_3_validation,2016-04-15,14,13.262920811397292
HOUSEHOLD_1_334_CA_3_validation,2016-04-16,37,16.894290643736642
HOUSEHOLD_1_334_CA_3_validation,2016-04-17,29,19.88461298358996
HOUSEHOLD_1_334_CA_3_validation,2016-04-18,19,17.807258883147036
HOUSEHOLD_1_334_CA_3_validation,2016-04-19,27,15.191132964345858
HOUSEHOLD_1_334_CA_3_validation,2016-04-20,19,14.02835672141514
HOUSEHOLD_1_334_CA_3_validation,2016-04-21,20,14.267402470714213
HOUSEHOLD_1_334_CA_3_validation,2016-04-22,21,13.336800680093274
HOUSEHOLD_1_334_CA_3_validation,2016-04-23,27,16.948866522820268
HOUSEHOLD_1_334_CA_3_validation,2016-04-24,29,19.93655891575237
HOUSEHOLD_1_459_CA_3_validation,2016-03-28,32,16.004961528776594
HOUSEHOLD_1_459_CA_3_validation,2016-03-29,13,13.815089510449923
HOUSEHOLD_1_459_CA_3_validation,2016-03-30,16,15.324568453071002
HOUSEHOLD_1_459_CA_3_validation,2016-03-31,30,14.910207488585982
HOUSEHOLD_1_459_CA_3_validation,2016-04-01,23,16.98922960324623
HOUSEHOLD_1_459_CA_3_validation,2016-04-02,32,20.987024135656487
HOUSEHOLD_1_459_CA_3_validation,2016-04-03,34,20.640385337895495
HOUSEHOLD_1_459_CA_3_validation,2016-04-04,21,14.952804349340692
HOUSEHOLD_1_459_CA_3_validation,2016-04-05,23,15.809262896420167
HOUSEHOLD_1_459_CA_3_validation,2016-04-06,18,17.19524903893159
HOUSEHOLD_1_459_CA_3_validation,2016-04-07,36,19.228849089350145
HOUSEHOLD_1_459_CA_3_validation,2016-04-08,40,16.93320400782674
HOUSEHOLD_1_459_CA_3_validation,2016-04-09,34,20.896766237933374
HOUSEHOLD_1_459_CA_3_validation,2016-04-10,30,20.519232267841574
HOUSEHOLD_1_459_CA_3_validation,2016-04-11,16,15.91944075241922
HOUSEHOLD_1_459_CA_3_validation,2016-04-12,21,13.721775990001476
HOUSEHOLD_1_459_CA_3_validation,2016-04-13,9,15.252389908044789
HOUSEHOLD_1_459_CA_3_validation,2016-04-14,34,14.90731970767062
HOUSEHOLD_1_459_CA_3_validation,2016-04-15,35,13.886741064715475
HOUSEHOLD_1_459_CA_3_validation,2016-04-16,29,19.15543389966228
HOUSEHOLD_1_459_CA_3_validation,2016-04-17,42,20.875963407911513
HOUSEHOLD_1_459_CA_3_validation,2016-04-18,37,15.879964598919877
HOUSEHOLD_1_459_CA_3_validation,2016-04-19,27,13.678685860358826
HOUSEHOLD_1_459_CA_3_validation,2016-04-20,21,15.218957415673803
HOUSEHOLD_1_459_CA_3_validation,2016-04-21,7,14.908515841242146
HOUSEHOLD_1_459_CA_3_validation,2016-04-22,33,13.879797362883293
HOUSEHOLD_1_459_CA_3_validation,2016-04-23,32,19.080482313845867
HOUSEHOLD_1_459_CA_3_validation,2016-04-24,35,20.791686635246002
