id,date,sales,forecast
FOODS_1_218_TX_2_validation,2016-03-28,4,13.16646
FOODS_1_218_TX_2_validation,2016-03-29,6,12.724998
FOODS_1_218_TX_2_validation,2016-03-30,15,12.653083
FOODS_1_218_TX_2_validation,2016-03-31,20,12.431696
FOODS_1_218_TX_2_validation,2016-04-01,31,15.643203
FOODS_1_218_TX_2_validation,2016-04-02,19,15.495011
FOODS_1_218_TX_2_validation,2016-04-03,16,17.979286
FOODS_1_218_TX_2_validation,2016-04-04,10,13.353695
FOODS_1_218_TX_2_validation,2016-04-05,4,14.337723
FOODS_1_218_TX_2_validation,2016-04-06,9,13.956772
FOODS_1_218_TX_2_validation,2016-04-07,8,13.05357
FOODS_1_218_TX_2_validation,2016-04-08,16,13.855894
FOODS_1_218_TX_2_validation,2016-04-09,22,16.563204
FOODS_1_218_TX_2_validation,2016-04-10,14,14.865033
FOODS_1_218_TX_2_validation,2016-04-11,11,14.357228
FOODS_1_218_TX_2_validation,2016-04-12,10,14.0286875
FOODS_1_218_TX_2_validation,2016-04-13,8,14.044151
FOODS_1_218_TX_2_validation,2016-04-14,3,11.444836
FOODS_1_218_TX_2_validation,2016-04-15,18,14.346454
FOODS_1_218_TX_2_validation,2016-04-16,19,14.225042
FOODS_1_218_TX_2_validation,2016-04-17,17,14.130944
FOODS_1_218_TX_2_validation,2016-04-18,13,12.9899235
FOODS_1_218_TX_2_validation,2016-04-19,13,11.397825
FOODS_1_218_TX_2_validation,2016-04-20,11,12.359396
FOODS_1_218_TX_2_validation,2016-04-21,16,11.403754
FOODS_1_218_TX_2_validation,2016-04-22,9,13.174607
FOODS_1_218_TX_2_validation,2016-04-23,17,14.0522375
FOODS_1_218_TX_2_validation,2016-04-24,14,13.974245
FOODS_2_197_CA_1_validation,2016-03-28,26,12.6050005
FOODS_2_197_CA_1_validation,2016-03-29,12,11.086349
FOODS_2_197_CA_1_validation,2016-03-30,12,11.960089
FOODS_2_197_CA_1_validation,2016-03-31,9,10.696192
FOODS_2_197_CA_1_validation,2016-04-01,9,13.968621
FOODS_2_197_CA_1_validation,2016-04-02,23,20.470778
FOODS_2_197_CA_1_validation,2016-04-03,25,22.452866
FOODS_2_197_CA_1_validation,2016-04-04,28,17.055586
FOODS_2_197_CA_1_validation,2016-04-05,12,14.448193
FOODS_2_197_CA_1_validation,2016-04-06,23,14.391866
FOODS_2_197_CA_1_validation,2016-04-07,12,13.826998
FOODS_2_197_CA_1_validation,2016-04-08,35,14.2173395
FOODS_2_197_CA_1_validation,2016-04-09,37,19.434723
FOODS_2_197_CA_1_validation,2016-04-10,23,20.888973
FOODS_2_197_CA_1_validation,2016-04-11,20,13.803938
FOODS_2_197_CA_1_validation,2016-04-12,40,12.313478
FOODS_2_197_CA_1_validation,2016-04-13,7,11.983121
FOODS_2_197_CA_1_validation,2016-04-14,9,11.40372
FOODS_2_197_CA_1_validation,2016-04-15,9,12.882801
FOODS_2_197_CA_1_validation,2016-04-16,22,18.059595
FOODS_2_197_CA_1_validation,2016-04-17,24,18.833166
FOODS_2_197_CA_1_validation,2016-04-18,21,12.876252
FOODS_2_197_CA_1_validation,2016-04-19,22,10.934195
FOODS_2_197_CA_1_validation,2016-04-20,25,11.066699
FOODS_2_197_CA_1_validation,2016-04-21,11,10.878001
FOODS_2_197_CA_1_validation,2016-04-22,11,11.92484
FOODS_2_197_CA_1_validation,2016-04-23,19,16.997519
FOODS_2_197_CA_1_validation,2016-04-24,33,17.25274
FOODS_2_197_CA_3_validation,2016-03-28,9,12.63845
FOODS_2_197_CA_3_validation,2016-03-29,7,11.602346
FOODS_2_197_CA_3_validation,2016-03-30,7,11.67723
FOODS_2_197_CA_3_validation,2016-03-31,10,11.535743
FOODS_2_197_CA_3_validation,2016-04-01,14,13.123776
FOODS_2_197_CA_3_validation,2016-04-02,14,15.838617
FOODS_2_197_CA_3_validation,2016-04-03,18,17.79379
FOODS_2_197_CA_3_validation,2016-04-04,10,14.276407
FOODS_2_197_CA_3_validation,2016-04-05,13,14.177124
FOODS_2_197_CA_3_validation,2016-04-06,9,14.195753
FOODS_2_197_CA_3_validation,2016-04-07,13,13.235292
FOODS_2_197_CA_3_validation,2016-04-08,7,12.978158
FOODS_2_197_CA_3_validation,2016-04-09,14,17.7829
FOODS_2_197_CA_3_validation,2016-04-10,18,17.663696
FOODS_2_197_CA_3_validation,2016-04-11,12,12.832417
FOODS_2_197_CA_3_validation,2016-04-12,8,12.020878
FOODS_2_197_CA_3_validation,2016-04-13,11,11.683075
FOODS_2_197_CA_3_validation,2016-04-14,7,11.593791
FOODS_2_197_CA_3_validation,2016-04-15,6,11.5696745
FOODS_2_197_CA_3_validation,2016-04-16,17,15.158777
FOODS_2_197_CA_3_validation,2016-04-17,14,16.35551
FOODS_2_197_CA_3_validation,2016-04-18,8,13.030668
FOODS_2_197_CA_3_validation,2016-04-19,3,12.208291
FOODS_2_197_CA_3_validation,2016-04-20,3,12.13367
FOODS_2_197_CA_3_validation,2016-04-21,8,11.593791
FOODS_2_197_CA_3_validation,2016-04-22,5,11.5696745
FOODS_2_197_CA_3_validation,2016-04-23,19,15.313457
FOODS_2_197_CA_3_validation,2016-04-24,9,16.056055
FOODS_2_276_CA_3_validation,2016-03-28,8,7.971151
FOODS_2_276_CA_3_validation,2016-03-29,11,7.303529
FOODS_2_276_CA_3_validation,2016-03-30,9,7.1036763
FOODS_2_276_CA_3_validation,2016-03-31,10,7.157713
FOODS_2_276_CA_3_validation,2016-04-01,7,11.067282
FOODS_2_276_CA_3_validation,2016-04-02,8,14.118661
FOODS_2_276_CA_3_validation,2016-04-03,14,15.2246895
FOODS_2_276_CA_3_validation,2016-04-04,12,12.429244
FOODS_2_276_CA_3_validation,2016-04-05,16,11.755116
FOODS_2_276_CA_3_validation,2016-04-06,8,12.26837
FOODS_2_276_CA_3_validation,2016-04-07,5,11.324419
FOODS_2_276_CA_3_validation,2016-04-08,6,11.067282
FOODS_2_276_CA_3_validation,2016-04-09,15,14.353189
FOODS_2_276_CA_3_validation,2016-04-10,15,15.459215
FOODS_2_276_CA_3_validation,2016-04-11,10,10.983033
FOODS_2_276_CA_3_validation,2016-04-12,12,10.160656
FOODS_2_276_CA_3_validation,2016-04-13,4,10.114652
FOODS_2_276_CA_3_validation,2016-04-14,7,9.729959
FOODS_2_276_CA_3_validation,2016-04-15,8,9.705843
FOODS_2_276_CA_3_validation,2016-04-16,8,12.579712
FOODS_2_276_CA_3_validation,2016-04-17,6,13.778191
FOODS_2_276_CA_3_validation,2016-04-18,7,10.945454
FOODS_2_276_CA_3_validation,2016-04-19,9,10.160656
FOODS_2_276_CA_3_validation,2016-04-20,7,9.923225
FOODS_2_276_CA_3_validation,2016-04-21,9,9.69238
FOODS_2_276_CA_3_validation,2016-04-22,5,9.395549
FOODS_2_276_CA_3_validation,2016-04-23,7,12.537849
FOODS_2_276_CA_3_validation,2016-04-24,3,13.698748
FOODS_2_360_CA_3_validation,2016-03-28,18,11.48406
FOODS_2_360_CA_3_validation,2016-03-29,15,10.841597
FOODS_2_360_CA_3_validation,2016-03-30,11,10.82233
FOODS_2_360_CA_3_validation,2016-03-31,14,10.678126
FOODS_2_360_CA_3_validation,2016-04-01,14,18.783464
FOODS_2_360_CA_3_validation,2016-04-02,27,16.205288
FOODS_2_360_CA_3_validation,2016-04-03,7,16.07042
FOODS_2_360_CA_3_validation,2016-04-04,19,14.791618
FOODS_2_360_CA_3_validation,2016-04-05,14,15.227172
FOODS_2_360_CA_3_validation,2016-04-06,42,13.834118
FOODS_2_360_CA_3_validation,2016-04-07,17,16.398973
FOODS_2_360_CA_3_validation,2016-04-08,6,13.923049
FOODS_2_360_CA_3_validation,2016-04-09,25,15.920682
FOODS_2_360_CA_3_validation,2016-04-10,26,18.53869
FOODS_2_360_CA_3_validation,2016-04-11,32,12.892348
FOODS_2_360_CA_3_validation,2016-04-12,25,12.891202
FOODS_2_360_CA_3_validation,2016-04-13,31,12.626691
FOODS_2_360_CA_3_validation,2016-04-14,14,12.253133
FOODS_2_360_CA_3_validation,2016-04-15,16,13.660036
FOODS_2_360_CA_3_validation,2016-04-16,17,14.162961
FOODS_2_360_CA_3_validation,2016-04-17,22,14.441546
FOODS_2_360_CA_3_validation,2016-04-18,17,13.587882
FOODS_2_360_CA_3_validation,2016-04-19,11,14.793017
FOODS_2_360_CA_3_validation,2016-04-20,21,14.310317
FOODS_2_360_CA_3_validation,2016-04-21,15,12.724176
FOODS_2_360_CA_3_validation,2016-04-22,16,13.914513
FOODS_2_360_CA_3_validation,2016-04-23,4,14.677775
FOODS_2_360_CA_3_validation,2016-04-24,31,15.694488
FOODS_2_360_TX_3_validation,2016-03-28,12,13.777249
FOODS_2_360_TX_3_validation,2016-03-29,1,13.519684
FOODS_2_360_TX_3_validation,2016-03-30,19,13.500416
FOODS_2_360_TX_3_validation,2016-03-31,25,13.393556
FOODS_2_360_TX_3_validation,2016-04-01,0,22.57628
FOODS_2_360_TX_3_validation,2016-04-02,0,19.880913
FOODS_2_360_TX_3_validation,2016-04-03,26,23.604425
FOODS_2_360_TX_3_validation,2016-04-04,0,14.957021
FOODS_2_360_TX_3_validation,2016-04-05,0,20.837952
FOODS_2_360_TX_3_validation,2016-04-06,17,16.59986
FOODS_2_360_TX_3_validation,2016-04-07,19,20.166834
FOODS_2_360_TX_3_validation,2016-04-08,4,13.575441
FOODS_2_360_TX_3_validation,2016-04-09,16,17.482428
FOODS_2_360_TX_3_validation,2016-04-10,18,14.617897
FOODS_2_360_TX_3_validation,2016-04-11,48,16.913992
FOODS_2_360_TX_3_validation,2016-04-12,24,16.118332
FOODS_2_360_TX_3_validation,2016-04-13,23,15.6693125
FOODS_2_360_TX_3_validation,2016-04-14,20,12.755844
FOODS_2_360_TX_3_validation,2016-04-15,27,15.369771
FOODS_2_360_TX_3_validation,2016-04-16,26,14.294609
FOODS_2_360_TX_3_validation,2016-04-17,9,15.00521
FOODS_2_360_TX_3_validation,2016-04-18,13,13.800667
FOODS_2_360_TX_3_validation,2016-04-19,20,13.310692
FOODS_2_360_TX_3_validation,2016-04-20,36,13.345414
FOODS_2_360_TX_3_validation,2016-04-21,9,13.484256
FOODS_2_360_TX_3_validation,2016-04-22,25,13.513148
FOODS_2_360_TX_3_validation,2016-04-23,18,14.584408
FOODS_2_360_TX_3_validation,2016-04-24,11,14.463374
FOODS_2_360_WI_2_validation,2016-03-28,32,16.649822
FOODS_2_360_WI_2_validation,2016-03-29,24,16.375725
FOODS_2_360_WI_2_validation,2016-03-30,28,16.356459
FOODS_2_360_WI_2_validation,2016-03-31,30,16.265041
FOODS_2_360_WI_2_validation,2016-04-01,54,25.309618
FOODS_2_360_WI_2_validation,2016-04-02,106,83.579124
FOODS_2_360_WI_2_validation,2016-04-03,70,73.955376
FOODS_2_360_WI_2_validation,2016-04-04,76,72.65721
FOODS_2_360_WI_2_validation,2016-04-05,101,88.57392
FOODS_2_360_WI_2_validation,2016-04-06,86,68.921326
FOODS_2_360_WI_2_validation,2016-04-07,70,57.72208
FOODS_2_360_WI_2_validation,2016-04-08,95,68.48106
FOODS_2_360_WI_2_validation,2016-04-09,169,50.09766
FOODS_2_360_WI_2_validation,2016-04-10,79,57.371876
FOODS_2_360_WI_2_validation,2016-04-11,122,69.515976
FOODS_2_360_WI_2_validation,2016-04-12,123,50.692394
FOODS_2_360_WI_2_validation,2016-04-13,40,30.339893
FOODS_2_360_WI_2_validation,2016-04-14,84,58.024426
FOODS_2_360_WI_2_validation,2016-04-15,73,46.702065
FOODS_2_360_WI_2_validation,2016-04-16,51,37.47623
FOODS_2_360_WI_2_validation,2016-04-17,35,44.93392
FOODS_2_360_WI_2_validation,2016-04-18,42,20.03312
FOODS_2_360_WI_2_validation,2016-04-19,43,29.99247
FOODS_2_360_WI_2_validation,2016-04-20,34,30.16893
FOODS_2_360_WI_2_validation,2016-04-21,68,31.166662
FOODS_2_360_WI_2_validation,2016-04-22,51,34.978077
FOODS_2_360_WI_2_validation,2016-04-23,46,32.34886
FOODS_2_360_WI_2_validation,2016-04-24,30,31.80315
FOODS_3_007_WI_2_validation,2016-03-28,0,8.899728
FOODS_3_007_WI_2_validation,2016-03-29,0,9.122978
FOODS_3_007_WI_2_validation,2016-03-30,0,9.103712
FOODS_3_007_WI_2_validation,2016-03-31,0,8.898544
FOODS_3_007_WI_2_validation,2016-04-01,0,12.712583
FOODS_3_007_WI_2_validation,2016-04-02,0,28.967257
FOODS_3_007_WI_2_validation,2016-04-03,0,28.208883
FOODS_3_007_WI_2_validation,2016-04-04,0,14.683192
FOODS_3_007_WI_2_validation,2016-04-05,4,25.809687
FOODS_3_007_WI_2_validation,2016-04-06,75,25.790419
FOODS_3_007_WI_2_validation,2016-04-07,128,14.68201
FOODS_3_007_WI_2_validation,2016-04-08,87,24.48684
FOODS_3_007_WI_2_validation,2016-04-09,85,28.967257
FOODS_3_007_WI_2_validation,2016-04-10,89,17.114546
FOODS_3_007_WI_2_validation,2016-04-11,12,25.690027
FOODS_3_007_WI_2_validation,2016-04-12,1,25.809687
FOODS_3_007_WI_2_validation,2016-04-13,3,14.8871765
FOODS_3_007_WI_2_validation,2016-04-14,43,25.569807
FOODS_3_007_WI_2_validation,2016-04-15,121,24.48684
FOODS_3_007_WI_2_validation,2016-04-16,5,17.7162
FOODS_3_007_WI_2_validation,2016-04-17,0,17.114546
FOODS_3_007_WI_2_validation,2016-04-18,42,14.683192
FOODS_3_007_WI_2_validation,2016-04-19,39,14.906443
FOODS_3_007_WI_2_validation,2016-04-20,6,14.8871765
FOODS_3_007_WI_2_validation,2016-04-21,16,14.68201
FOODS_3_007_WI_2_validation,2016-04-22,24,14.401949
FOODS_3_007_WI_2_validation,2016-04-23,58,17.7162
FOODS_3_007_WI_2_validation,2016-04-24,42,17.114546
FOODS_3_030_TX_2_validation,2016-03-28,22,14.237744
FOODS_3_030_TX_2_validation,2016-03-29,5,13.232092
FOODS_3_030_TX_2_validation,2016-03-30,12,12.9856825
FOODS_3_030_TX_2_validation,2016-03-31,17,13.516848
FOODS_3_030_TX_2_validation,2016-04-01,19,17.084045
FOODS_3_030_TX_2_validation,2016-04-02,20,18.62593
FOODS_3_030_TX_2_validation,2016-04-03,29,18.366837
FOODS_3_030_TX_2_validation,2016-04-04,27,14.803894
FOODS_3_030_TX_2_validation,2016-04-05,20,13.422764
FOODS_3_030_TX_2_validation,2016-04-06,16,12.849945
FOODS_3_030_TX_2_validation,2016-04-07,14,13.344511
FOODS_3_030_TX_2_validation,2016-04-08,23,14.8461075
FOODS_3_030_TX_2_validation,2016-04-09,20,16.491074
FOODS_3_030_TX_2_validation,2016-04-10,36,16.60463
FOODS_3_030_TX_2_validation,2016-04-11,18,12.076164
FOODS_3_030_TX_2_validation,2016-04-12,15,11.579369
FOODS_3_030_TX_2_validation,2016-04-13,14,12.836987
FOODS_3_030_TX_2_validation,2016-04-14,26,12.1662445
FOODS_3_030_TX_2_validation,2016-04-15,13,12.761595
FOODS_3_030_TX_2_validation,2016-04-16,19,16.82759
FOODS_3_030_TX_2_validation,2016-04-17,21,17.44699
FOODS_3_030_TX_2_validation,2016-04-18,16,12.081238
FOODS_3_030_TX_2_validation,2016-04-19,12,11.298396
FOODS_3_030_TX_2_validation,2016-04-20,11,11.030631
FOODS_3_030_TX_2_validation,2016-04-21,20,12.7105665
FOODS_3_030_TX_2_validation,2016-04-22,12,14.605404
FOODS_3_030_TX_2_validation,2016-04-23,33,17.420773
FOODS_3_030_TX_2_validation,2016-04-24,24,21.1767
FOODS_3_030_TX_3_validation,2016-03-28,16,16.6491
FOODS_3_030_TX_3_validation,2016-03-29,20,16.80711
FOODS_3_030_TX_3_validation,2016-03-30,30,20.302513
FOODS_3_030_TX_3_validation,2016-03-31,11,16.491827
FOODS_3_030_TX_3_validation,2016-04-01,24,19.71026
FOODS_3_030_TX_3_validation,2016-04-02,18,26.418634
FOODS_3_030_TX_3_validation,2016-04-03,22,22.644892
FOODS_3_030_TX_3_validation,2016-04-04,14,17.779629
FOODS_3_030_TX_3_validation,2016-04-05,18,17.080835
FOODS_3_030_TX_3_validation,2016-04-06,18,15.062588
FOODS_3_030_TX_3_validation,2016-04-07,19,15.4208555
FOODS_3_030_TX_3_validation,2016-04-08,21,16.810858
FOODS_3_030_TX_3_validation,2016-04-09,18,19.230654
FOODS_3_030_TX_3_validation,2016-04-10,23,19.08926
FOODS_3_030_TX_3_validation,2016-04-11,16,15.251203
FOODS_3_030_TX_3_validation,2016-04-12,4,14.522136
FOODS_3_030_TX_3_validation,2016-04-13,17,19.500185
FOODS_3_030_TX_3_validation,2016-04-14,20,14.329763
FOODS_3_030_TX_3_validation,2016-04-15,17,17.86641
FOODS_3_030_TX_3_validation,2016-04-16,27,19.315895
FOODS_3_030_TX_3_validation,2016-04-17,27,19.770576
FOODS_3_030_TX_3_validation,2016-04-18,16,15.098104
FOODS_3_030_TX_3_validation,2016-04-19,21,14.621694
FOODS_3_030_TX_3_validation,2016-04-20,15,14.753125
FOODS_3_030_TX_3_validation,2016-04-21,24,14.307556
FOODS_3_030_TX_3_validation,2016-04-22,20,16.58744
FOODS_3_030_TX_3_validation,2016-04-23,24,25.12116
FOODS_3_030_TX_3_validation,2016-04-24,17,25.983263
FOODS_3_080_CA_1_validation,2016-03-28,16,17.423897
FOODS_3_080_CA_1_validation,2016-03-29,27,15.99322
FOODS_3_080_CA_1_validation,2016-03-30,7,15.92885
FOODS_3_080_CA_1_validation,2016-03-31,13,16.428526
FOODS_3_080_CA_1_validation,2016-04-01,28,20.051294
FOODS_3_080_CA_1_validation,2016-04-02,31,23.738197
FOODS_3_080_CA_1_validation,2016-04-03,20,26.080793
FOODS_3_080_CA_1_validation,2016-04-04,21,17.796272
FOODS_3_080_CA_1_validation,2016-04-05,17,16.39946
FOODS_3_080_CA_1_validation,2016-04-06,26,16.535633
FOODS_3_080_CA_1_validation,2016-04-07,11,16.70866
FOODS_3_080_CA_1_validation,2016-04-08,14,19.959623
FOODS_3_080_CA_1_validation,2016-04-09,21,30.411915
FOODS_3_080_CA_1_validation,2016-04-10,12,23.01027
FOODS_3_080_CA_1_validation,2016-04-11,19,16.762094
FOODS_3_080_CA_1_validation,2016-04-12,17,15.347624
FOODS_3_080_CA_1_validation,2016-04-13,17,15.347624
FOODS_3_080_CA_1_validation,2016-04-14,10,15.648401
FOODS_3_080_CA_1_validation,2016-04-15,16,21.526567
FOODS_3_080_CA_1_validation,2016-04-16,23,25.516464
FOODS_3_080_CA_1_validation,2016-04-17,23,23.898874
FOODS_3_080_CA_1_validation,2016-04-18,15,17.441866
FOODS_3_080_CA_1_validation,2016-04-19,12,18.477726
FOODS_3_080_CA_1_validation,2016-04-20,30,16.351612
FOODS_3_080_CA_1_validation,2016-04-21,13,23.040176
FOODS_3_080_CA_1_validation,2016-04-22,10,23.02847
FOODS_3_080_CA_1_validation,2016-04-23,25,27.199903
FOODS_3_080_CA_1_validation,2016-04-24,25,24.942614
FOODS_3_080_TX_2_validation,2016-03-28,9,16.860016
FOODS_3_080_TX_2_validation,2016-03-29,24,16.445229
FOODS_3_080_TX_2_validation,2016-03-30,12,16.421196
FOODS_3_080_TX_2_validation,2016-03-31,15,17.416317
FOODS_3_080_TX_2_validation,2016-04-01,22,20.275274
FOODS_3_080_TX_2_validation,2016-04-02,10,22.370922
FOODS_3_080_TX_2_validation,2016-04-03,14,22.097082
FOODS_3_080_TX_2_validation,2016-04-04,17,16.048498
FOODS_3_080_TX_2_validation,2016-04-05,8,15.807314
FOODS_3_080_TX_2_validation,2016-04-06,19,15.40734
FOODS_3_080_TX_2_validation,2016-04-07,14,17.12992
FOODS_3_080_TX_2_validation,2016-04-08,21,18.967463
FOODS_3_080_TX_2_validation,2016-04-09,12,21.598087
FOODS_3_080_TX_2_validation,2016-04-10,25,21.17348
FOODS_3_080_TX_2_validation,2016-04-11,14,18.26418
FOODS_3_080_TX_2_validation,2016-04-12,12,16.363651
FOODS_3_080_TX_2_validation,2016-04-13,16,16.763613
FOODS_3_080_TX_2_validation,2016-04-14,12,17.05339
FOODS_3_080_TX_2_validation,2016-04-15,22,20.762415
FOODS_3_080_TX_2_validation,2016-04-16,20,21.32727
FOODS_3_080_TX_2_validation,2016-04-17,21,20.841597
FOODS_3_080_TX_2_validation,2016-04-18,15,17.386745
FOODS_3_080_TX_2_validation,2016-04-19,16,16.41029
FOODS_3_080_TX_2_validation,2016-04-20,8,16.374447
FOODS_3_080_TX_2_validation,2016-04-21,23,16.660398
FOODS_3_080_TX_2_validation,2016-04-22,12,19.974815
FOODS_3_080_TX_2_validation,2016-04-23,18,20.661194
FOODS_3_080_TX_2_validation,2016-04-24,16,20.179438
FOODS_3_090_CA_1_validation,2016-03-28,25,46.485016
FOODS_3_090_CA_1_validation,2016-03-29,47,43.77684
FOODS_3_090_CA_1_validation,2016-03-30,23,46.477497
FOODS_3_090_CA_1_validation,2016-03-31,21,47.83758
FOODS_3_090_CA_1_validation,2016-04-01,72,56.984787
FOODS_3_090_CA_1_validation,2016-04-02,58,71.5132
FOODS_3_090_CA_1_validation,2016-04-03,54,62.48273
FOODS_3_090_CA_1_validation,2016-04-04,42,57.18868
FOODS_3_090_CA_1_validation,2016-04-05,29,41.955467
FOODS_3_090_CA_1_validation,2016-04-06,53,41.04472
FOODS_3_090_CA_1_validation,2016-04-07,39,45.233173
FOODS_3_090_CA_1_validation,2016-04-08,42,56.51722
FOODS_3_090_CA_1_validation,2016-04-09,83,68.298615
FOODS_3_090_CA_1_validation,2016-04-10,83,66.83409
FOODS_3_090_CA_1_validation,2016-04-11,48,47.67163
FOODS_3_090_CA_1_validation,2016-04-12,26,40.85632
FOODS_3_090_CA_1_validation,2016-04-13,41,44.21649
FOODS_3_090_CA_1_validation,2016-04-14,44,45.360462
FOODS_3_090_CA_1_validation,2016-04-15,47,52.112072
FOODS_3_090_CA_1_validation,2016-04-16,82,73.08485
FOODS_3_090_CA_1_validation,2016-04-17,83,69.66279
FOODS_3_090_CA_1_validation,2016-04-18,30,47.259205
FOODS_3_090_CA_1_validation,2016-04-19,45,43.923077
FOODS_3_090_CA_1_validation,2016-04-20,29,41.042744
FOODS_3_090_CA_1_validation,2016-04-21,53,46.248333
FOODS_3_090_CA_1_validation,2016-04-22,87,55.694496
FOODS_3_090_CA_1_validation,2016-04-23,95,76.456825
FOODS_3_090_CA_1_validation,2016-04-24,42,75.89242
FOODS_3_090_CA_2_validation,2016-03-28,50,37.355217
FOODS_3_090_CA_2_validation,2016-03-29,18,31.449846
FOODS_3_090_CA_2_validation,2016-03-30,30,30.858236
FOODS_3_090_CA_2_validation,2016-03-31,32,30.189934
FOODS_3_090_CA_2_validation,2016-04-01,53,37.76573
FOODS_3_090_CA_2_validation,2016-04-02,59,50.485603
FOODS_3_090_CA_2_validation,2016-04-03,53,48.96884
FOODS_3_090_CA_2_validation,2016-04-04,19,32.634163
FOODS_3_090_CA_2_validation,2016-04-05,21,34.41686
FOODS_3_090_CA_2_validation,2016-04-06,29,35.803684
FOODS_3_090_CA_2_validation,2016-04-07,41,33.65839
FOODS_3_090_CA_2_validation,2016-04-08,70,47.61794
FOODS_3_090_CA_2_validation,2016-04-09,82,57.95756
FOODS_3_090_CA_2_validation,2016-04-10,62,48.922974
FOODS_3_090_CA_2_validation,2016-04-11,27,30.709305
FOODS_3_090_CA_2_validation,2016-04-12,34,32.574738
FOODS_3_090_CA_2_validation,2016-04-13,37,36.420403
FOODS_3_090_CA_2_validation,2016-04-14,49,33.893185
FOODS_3_090_CA_2_validation,2016-04-15,70,44.242336
FOODS_3_090_CA_2_validation,2016-04-16,79,46.691933
FOODS_3_090_CA_2_validation,2016-04-17,62,40.179867
FOODS_3_090_CA_2_validation,2016-04-18,65,29.659245
FOODS_3_090_CA_2_validation,2016-04-19,29,30.283453
FOODS_3_090_CA_2_validation,2016-04-20,40,33.98035
FOODS_3_090_CA_2_validation,2016-04-21,24,31.116764
FOODS_3_090_CA_2_validation,2016-04-22,91,43.371243
FOODS_3_090_CA_2_validation,2016-04-23,73,60.845684
FOODS_3_090_CA_2_validation,2016-04-24,60,61.516487
FOODS_3_090_CA_3_validation,2016-03-28,61,91.824326
FOODS_3_090_CA_3_validation,2016-03-29,62,104.28128
FOODS_3_090_CA_3_validation,2016-03-30,71,104.50802
FOODS_3_090_CA_3_validation,2016-03-31,130,97.80934
FOODS_3_090_CA_3_validation,2016-04-01,156,118.35321
FOODS_3_090_CA_3_validation,2016-04-02,133,147.02702
FOODS_3_090_CA_3_validation,2016-04-03,114,131.7306
FOODS_3_090_CA_3_validation,2016-04-04,80,90.37639
FOODS_3_090_CA_3_validation,2016-04-05,75,96.82757
FOODS_3_090_CA_3_validation,2016-04-06,113,96.74292
FOODS_3_090_CA_3_validation,2016-04-07,81,102.268166
FOODS_3_090_CA_3_validation,2016-04-08,107,119.04526
FOODS_3_090_CA_3_validation,2016-04-09,160,154.50397
FOODS_3_090_CA_3_validation,2016-04-10,124,136.56787
FOODS_3_090_CA_3_validation,2016-04-11,107,88.871994
FOODS_3_090_CA_3_validation,2016-04-12,84,87.92995
FOODS_3_090_CA_3_validation,2016-04-13,88,83.08048
FOODS_3_090_CA_3_validation,2016-04-14,90,96.61636
FOODS_3_090_CA_3_validation,2016-04-15,129,113.38335
FOODS_3_090_CA_3_validation,2016-04-16,160,150.49803
FOODS_3_090_CA_3_validation,2016-04-17,204,128.90439
FOODS_3_090_CA_3_validation,2016-04-18,86,85.43079
FOODS_3_090_CA_3_validation,2016-04-19,100,92.600586
FOODS_3_090_CA_3_validation,2016-04-20,88,96.00836
FOODS_3_090_CA_3_validation,2016-04-21,77,84.33655
FOODS_3_090_CA_3_validation,2016-04-22,141,118.146996
FOODS_3_090_CA_3_validation,2016-04-23,139,157.44894
FOODS_3_090_CA_3_validation,2016-04-24,130,128.07007
FOODS_3_090_CA_4_validation,2016-03-28,19,26.477581
FOODS_3_090_CA_4_validation,2016-03-29,20,25.145329
FOODS_3_090_CA_4_validation,2016-03-30,18,21.824642
FOODS_3_090_CA_4_validation,2016-03-31,20,27.185278
FOODS_3_090_CA_4_validation,2016-04-01,52,31.61461
FOODS_3_090_CA_4_validation,2016-04-02,34,38.750862
FOODS_3_090_CA_4_validation,2016-04-03,30,36.78313
FOODS_3_090_CA_4_validation,2016-04-04,19,25.508492
FOODS_3_090_CA_4_validation,2016-04-05,16,23.769068
FOODS_3_090_CA_4_validation,2016-04-06,22,23.921186
FOODS_3_090_CA_4_validation,2016-04-07,31,22.78793
FOODS_3_090_CA_4_validation,2016-04-08,30,27.903366
FOODS_3_090_CA_4_validation,2016-04-09,32,39.098694
FOODS_3_090_CA_4_validation,2016-04-10,32,33.99516
FOODS_3_090_CA_4_validation,2016-04-11,23,23.684433
FOODS_3_090_CA_4_validation,2016-04-12,26,21.632856
FOODS_3_090_CA_4_validation,2016-04-13,17,22.024817
FOODS_3_090_CA_4_validation,2016-04-14,17,21.901167
FOODS_3_090_CA_4_validation,2016-04-15,48,28.72601
FOODS_3_090_CA_4_validation,2016-04-16,32,36.697876
FOODS_3_090_CA_4_validation,2016-04-17,36,33.07914
FOODS_3_090_CA_4_validation,2016-04-18,30,23.074291
FOODS_3_090_CA_4_validation,2016-04-19,19,21.145676
FOODS_3_090_CA_4_validation,2016-04-20,35,23.84871
FOODS_3_090_CA_4_validation,2016-04-21,31,27.237984
FOODS_3_090_CA_4_validation,2016-04-22,15,29.178959
FOODS_3_090_CA_4_validation,2016-04-23,24,43.855476
FOODS_3_090_CA_4_validation,2016-04-24,18,46.444035
FOODS_3_090_TX_1_validation,2016-03-28,36,42.5527
FOODS_3_090_TX_1_validation,2016-03-29,35,44.35017
FOODS_3_090_TX_1_validation,2016-03-30,43,40.89428
FOODS_3_090_TX_1_validation,2016-03-31,57,41.969707
FOODS_3_090_TX_1_validation,2016-04-01,44,53.116207
FOODS_3_090_TX_1_validation,2016-04-02,81,63.666412
FOODS_3_090_TX_1_validation,2016-04-03,67,67.59905
FOODS_3_090_TX_1_validation,2016-04-04,56,46.43551
FOODS_3_090_TX_1_validation,2016-04-05,50,41.21465
FOODS_3_090_TX_1_validation,2016-04-06,43,48.235172
FOODS_3_090_TX_1_validation,2016-04-07,42,42.779316
FOODS_3_090_TX_1_validation,2016-04-08,59,49.922802
FOODS_3_090_TX_1_validation,2016-04-09,64,71.850945
FOODS_3_090_TX_1_validation,2016-04-10,79,65.954605
FOODS_3_090_TX_1_validation,2016-04-11,55,47.59199
FOODS_3_090_TX_1_validation,2016-04-12,35,42.39973
FOODS_3_090_TX_1_validation,2016-04-13,35,42.744217
FOODS_3_090_TX_1_validation,2016-04-14,36,42.316242
FOODS_3_090_TX_1_validation,2016-04-15,60,50.654507
FOODS_3_090_TX_1_validation,2016-04-16,68,58.1973
FOODS_3_090_TX_1_validation,2016-04-17,69,57.409325
FOODS_3_090_TX_1_validation,2016-04-18,48,38.09858
FOODS_3_090_TX_1_validation,2016-04-19,34,40.849556
FOODS_3_090_TX_1_validation,2016-04-20,49,41.32836
FOODS_3_090_TX_1_validation,2016-04-21,39,42.785942
FOODS_3_090_TX_1_validation,2016-04-22,59,51.179596
FOODS_3_090_TX_1_validation,2016-04-23,45,63.705044
FOODS_3_090_TX_1_validation,2016-04-24,58,70.26584
FOODS_3_090_TX_2_validation,2016-03-28,48,52.908386
FOODS_3_090_TX_2_validation,2016-03-29,23,45.973656
FOODS_3_090_TX_2_validation,2016-03-30,45,49.060272
FOODS_3_090_TX_2_validation,2016-03-31,60,47.375286
FOODS_3_090_TX_2_validation,2016-04-01,48,57.331314
FOODS_3_090_TX_2_validation,2016-04-02,101,77.13043
FOODS_3_090_TX_2_validation,2016-04-03,107,69.50328
FOODS_3_090_TX_2_validation,2016-04-04,61,58.008205
FOODS_3_090_TX_2_validation,2016-04-05,50,46.042824
FOODS_3_090_TX_2_validation,2016-04-06,31,44.961876
FOODS_3_090_TX_2_validation,2016-04-07,49,52.04751
FOODS_3_090_TX_2_validation,2016-04-08,86,60.689663
FOODS_3_090_TX_2_validation,2016-04-09,102,76.53754
FOODS_3_090_TX_2_validation,2016-04-10,69,74.911804
FOODS_3_090_TX_2_validation,2016-04-11,53,53.074955
FOODS_3_090_TX_2_validation,2016-04-12,48,47.240532
FOODS_3_090_TX_2_validation,2016-04-13,34,52.505
FOODS_3_090_TX_2_validation,2016-04-14,40,44.12652
FOODS_3_090_TX_2_validation,2016-04-15,68,51.871223
FOODS_3_090_TX_2_validation,2016-04-16,124,77.15586
FOODS_3_090_TX_2_validation,2016-04-17,86,72.21592
FOODS_3_090_TX_2_validation,2016-04-18,43,46.964195
FOODS_3_090_TX_2_validation,2016-04-19,61,46.595947
FOODS_3_090_TX_2_validation,2016-04-20,46,45.275127
FOODS_3_090_TX_2_validation,2016-04-21,35,46.376423
FOODS_3_090_TX_2_validation,2016-04-22,54,60.159813
FOODS_3_090_TX_2_validation,2016-04-23,83,77.34398
FOODS_3_090_TX_2_validation,2016-04-24,73,66.649284
FOODS_3_090_TX_3_validation,2016-03-28,42,48.31534
FOODS_3_090_TX_3_validation,2016-03-29,10,42.475
FOODS_3_090_TX_3_validation,2016-03-30,50,49.871727
FOODS_3_090_TX_3_validation,2016-03-31,68,44.3546
FOODS_3_090_TX_3_validation,2016-04-01,59,55.605965
FOODS_3_090_TX_3_validation,2016-04-02,74,71.06134
FOODS_3_090_TX_3_validation,2016-04-03,74,68.6281
FOODS_3_090_TX_3_validation,2016-04-04,41,46.389038
FOODS_3_090_TX_3_validation,2016-04-05,45,51.68122
FOODS_3_090_TX_3_validation,2016-04-06,61,47.096497
FOODS_3_090_TX_3_validation,2016-04-07,45,51.983543
FOODS_3_090_TX_3_validation,2016-04-08,56,57.864418
FOODS_3_090_TX_3_validation,2016-04-09,97,74.52424
FOODS_3_090_TX_3_validation,2016-04-10,85,70.68273
FOODS_3_090_TX_3_validation,2016-04-11,74,56.34091
FOODS_3_090_TX_3_validation,2016-04-12,43,47.417233
FOODS_3_090_TX_3_validation,2016-04-13,48,53.917503
FOODS_3_090_TX_3_validation,2016-04-14,48,48.95241
FOODS_3_090_TX_3_validation,2016-04-15,84,54.06642
FOODS_3_090_TX_3_validation,2016-04-16,75,74.75535
FOODS_3_090_TX_3_validation,2016-04-17,83,70.73169
FOODS_3_090_TX_3_validation,2016-04-18,81,49.226147
FOODS_3_090_TX_3_validation,2016-04-19,46,46.77761
FOODS_3_090_TX_3_validation,2016-04-20,53,46.697018
FOODS_3_090_TX_3_validation,2016-04-21,43,46.301956
FOODS_3_090_TX_3_validation,2016-04-22,70,59.44505
FOODS_3_090_TX_3_validation,2016-04-23,102,74.49979
FOODS_3_090_TX_3_validation,2016-04-24,66,71.69901
FOODS_3_090_WI_3_validation,2016-03-28,7,59.688267
FOODS_3_090_WI_3_validation,2016-03-29,63,52.471333
FOODS_3_090_WI_3_validation,2016-03-30,70,55.20066
FOODS_3_090_WI_3_validation,2016-03-31,64,65.82361
FOODS_3_090_WI_3_validation,2016-04-01,101,96.530594
FOODS_3_090_WI_3_validation,2016-04-02,119,134.32033
FOODS_3_090_WI_3_validation,2016-04-03,110,103.73559
FOODS_3_090_WI_3_validation,2016-04-04,71,82.070496
FOODS_3_090_WI_3_validation,2016-04-05,46,61.51133
FOODS_3_090_WI_3_validation,2016-04-06,43,57.008327
FOODS_3_090_WI_3_validation,2016-04-07,43,58.33955
FOODS_3_090_WI_3_validation,2016-04-08,107,83.7558
FOODS_3_090_WI_3_validation,2016-04-09,131,110.05429
FOODS_3_090_WI_3_validation,2016-04-10,108,112.0574
FOODS_3_090_WI_3_validation,2016-04-11,50,85.67657
FOODS_3_090_WI_3_validation,2016-04-12,52,59.672573
FOODS_3_090_WI_3_validation,2016-04-13,52,51.078392
FOODS_3_090_WI_3_validation,2016-04-14,68,63.10702
FOODS_3_090_WI_3_validation,2016-04-15,102,85.21508
FOODS_3_090_WI_3_validation,2016-04-16,146,108.71672
FOODS_3_090_WI_3_validation,2016-04-17,112,89.80996
FOODS_3_090_WI_3_validation,2016-04-18,70,48.368477
FOODS_3_090_WI_3_validation,2016-04-19,61,44.289246
FOODS_3_090_WI_3_validation,2016-04-20,60,44.452606
FOODS_3_090_WI_3_validation,2016-04-21,70,49.527218
FOODS_3_090_WI_3_validation,2016-04-22,70,76.84062
FOODS_3_090_WI_3_validation,2016-04-23,171,108.76433
FOODS_3_090_WI_3_validation,2016-04-24,91,107.472244
FOODS_3_099_TX_2_validation,2016-03-28,13,18.782288
FOODS_3_099_TX_2_validation,2016-03-29,18,16.4934
FOODS_3_099_TX_2_validation,2016-03-30,8,19.359226
FOODS_3_099_TX_2_validation,2016-03-31,17,17.75367
FOODS_3_099_TX_2_validation,2016-04-01,9,19.904337
FOODS_3_099_TX_2_validation,2016-04-02,12,22.770151
FOODS_3_099_TX_2_validation,2016-04-03,25,25.084269
FOODS_3_099_TX_2_validation,2016-04-04,15,18.489704
FOODS_3_099_TX_2_validation,2016-04-05,10,18.305933
FOODS_3_099_TX_2_validation,2016-04-06,15,18.16648
FOODS_3_099_TX_2_validation,2016-04-07,10,18.406815
FOODS_3_099_TX_2_validation,2016-04-08,12,17.903988
FOODS_3_099_TX_2_validation,2016-04-09,23,24.14066
FOODS_3_099_TX_2_validation,2016-04-10,23,24.40823
FOODS_3_099_TX_2_validation,2016-04-11,15,22.257246
FOODS_3_099_TX_2_validation,2016-04-12,20,18.644217
FOODS_3_099_TX_2_validation,2016-04-13,10,19.42646
FOODS_3_099_TX_2_validation,2016-04-14,13,17.957209
FOODS_3_099_TX_2_validation,2016-04-15,10,20.425644
FOODS_3_099_TX_2_validation,2016-04-16,16,22.637175
FOODS_3_099_TX_2_validation,2016-04-17,21,23.401358
FOODS_3_099_TX_2_validation,2016-04-18,15,18.579802
FOODS_3_099_TX_2_validation,2016-04-19,14,16.666958
FOODS_3_099_TX_2_validation,2016-04-20,13,16.372753
FOODS_3_099_TX_2_validation,2016-04-21,9,16.8542
FOODS_3_099_TX_2_validation,2016-04-22,17,18.142603
FOODS_3_099_TX_2_validation,2016-04-23,19,21.857382
FOODS_3_099_TX_2_validation,2016-04-24,17,24.50202
FOODS_3_120_CA_1_validation,2016-03-28,34,28.315441
FOODS_3_120_CA_1_validation,2016-03-29,62,27.985176
FOODS_3_120_CA_1_validation,2016-03-30,21,27.17541
FOODS_3_120_CA_1_validation,2016-03-31,29,29.401413
FOODS_3_120_CA_1_validation,2016-04-01,44,33.67998
FOODS_3_120_CA_1_validation,2016-04-02,109,53.909283
FOODS_3_120_CA_1_validation,2016-04-03,126,54.829582
FOODS_3_120_CA_1_validation,2016-04-04,24,34.677593
FOODS_3_120_CA_1_validation,2016-04-05,0,31.703472
FOODS_3_120_CA_1_validation,2016-04-06,0,31.713573
FOODS_3_120_CA_1_validation,2016-04-07,0,31.199358
FOODS_3_120_CA_1_validation,2016-04-08,58,33.49319
FOODS_3_120_CA_1_validation,2016-04-09,55,51.13275
FOODS_3_120_CA_1_validation,2016-04-10,0,46.827915
FOODS_3_120_CA_1_validation,2016-04-11,2,27.965025
FOODS_3_120_CA_1_validation,2016-04-12,0,26.08129
FOODS_3_120_CA_1_validation,2016-04-13,0,24.374615
FOODS_3_120_CA_1_validation,2016-04-14,38,28.113573
FOODS_3_120_CA_1_validation,2016-04-15,60,28.336206
FOODS_3_120_CA_1_validation,2016-04-16,52,47.41993
FOODS_3_120_CA_1_validation,2016-04-17,56,50.459454
FOODS_3_120_CA_1_validation,2016-04-18,6,35.893707
FOODS_3_120_CA_1_validation,2016-04-19,43,27.899351
FOODS_3_120_CA_1_validation,2016-04-20,48,27.683447
FOODS_3_120_CA_1_validation,2016-04-21,47,29.996853
FOODS_3_120_CA_1_validation,2016-04-22,39,30.92523
FOODS_3_120_CA_1_validation,2016-04-23,59,53.983437
FOODS_3_120_CA_1_validation,2016-04-24,59,47.99116
FOODS_3_120_CA_3_validation,2016-03-28,46,46.606884
FOODS_3_120_CA_3_validation,2016-03-29,58,46.340553
FOODS_3_120_CA_3_validation,2016-03-30,56,42.48677
FOODS_3_120_CA_3_validation,2016-03-31,36,45.582764
FOODS_3_120_CA_3_validation,2016-04-01,56,39.83699
FOODS_3_120_CA_3_validation,2016-04-02,61,63.140198
FOODS_3_120_CA_3_validation,2016-04-03,59,57.411198
FOODS_3_120_CA_3_validation,2016-04-04,71,36.82216
FOODS_3_120_CA_3_validation,2016-04-05,73,32.9046
FOODS_3_120_CA_3_validation,2016-04-06,63,32.335686
FOODS_3_120_CA_3_validation,2016-04-07,43,35.128277
FOODS_3_120_CA_3_validation,2016-04-08,47,36.58619
FOODS_3_120_CA_3_validation,2016-04-09,61,53.311474
FOODS_3_120_CA_3_validation,2016-04-10,84,48.327244
FOODS_3_120_CA_3_validation,2016-04-11,57,34.56325
FOODS_3_120_CA_3_validation,2016-04-12,86,31.948961
FOODS_3_120_CA_3_validation,2016-04-13,89,36.1985
FOODS_3_120_CA_3_validation,2016-04-14,142,34.8644
FOODS_3_120_CA_3_validation,2016-04-15,46,38.548172
FOODS_3_120_CA_3_validation,2016-04-16,66,68.12992
FOODS_3_120_CA_3_validation,2016-04-17,72,64.863655
FOODS_3_120_CA_3_validation,2016-04-18,77,49.975403
FOODS_3_120_CA_3_validation,2016-04-19,71,49.62327
FOODS_3_120_CA_3_validation,2016-04-20,69,47.177364
FOODS_3_120_CA_3_validation,2016-04-21,66,47.12511
FOODS_3_120_CA_3_validation,2016-04-22,43,48.95343
FOODS_3_120_CA_3_validation,2016-04-23,81,64.34431
FOODS_3_120_CA_3_validation,2016-04-24,98,62.081303
FOODS_3_120_WI_3_validation,2016-03-28,2,25.938604
FOODS_3_120_WI_3_validation,2016-03-29,17,25.085428
FOODS_3_120_WI_3_validation,2016-03-30,19,27.575441
FOODS_3_120_WI_3_validation,2016-03-31,27,29.151213
FOODS_3_120_WI_3_validation,2016-04-01,18,30.53911
FOODS_3_120_WI_3_validation,2016-04-02,56,47.737217
FOODS_3_120_WI_3_validation,2016-04-03,51,46.454292
FOODS_3_120_WI_3_validation,2016-04-04,29,27.859165
FOODS_3_120_WI_3_validation,2016-04-05,44,27.35003
FOODS_3_120_WI_3_validation,2016-04-06,24,27.23196
FOODS_3_120_WI_3_validation,2016-04-07,27,26.333904
FOODS_3_120_WI_3_validation,2016-04-08,20,31.393661
FOODS_3_120_WI_3_validation,2016-04-09,44,46.28847
FOODS_3_120_WI_3_validation,2016-04-10,54,35.54385
FOODS_3_120_WI_3_validation,2016-04-11,54,32.91405
FOODS_3_120_WI_3_validation,2016-04-12,42,27.422565
FOODS_3_120_WI_3_validation,2016-04-13,20,21.785942
FOODS_3_120_WI_3_validation,2016-04-14,35,24.790792
FOODS_3_120_WI_3_validation,2016-04-15,38,25.046368
FOODS_3_120_WI_3_validation,2016-04-16,56,36.06634
FOODS_3_120_WI_3_validation,2016-04-17,30,37.073967
FOODS_3_120_WI_3_validation,2016-04-18,43,38.199978
FOODS_3_120_WI_3_validation,2016-04-19,25,24.213587
FOODS_3_120_WI_3_validation,2016-04-20,33,22.969734
FOODS_3_120_WI_3_validation,2016-04-21,22,22.719818
FOODS_3_120_WI_3_validation,2016-04-22,29,23.67403
FOODS_3_120_WI_3_validation,2016-04-23,39,35.955257
FOODS_3_120_WI_3_validation,2016-04-24,55,42.454914
FOODS_3_202_CA_3_validation,2016-03-28,19,23.653624
FOODS_3_202_CA_3_validation,2016-03-29,13,19.465302
FOODS_3_202_CA_3_validation,2016-03-30,19,19.391537
FOODS_3_202_CA_3_validation,2016-03-31,11,19.423475
FOODS_3_202_CA_3_validation,2016-04-01,15,20.854988
FOODS_3_202_CA_3_validation,2016-04-02,26,25.496552
FOODS_3_202_CA_3_validation,2016-04-03,39,25.056799
FOODS_3_202_CA_3_validation,2016-04-04,29,19.199236
FOODS_3_202_CA_3_validation,2016-04-05,19,17.46155
FOODS_3_202_CA_3_validation,2016-04-06,24,17.59736
FOODS_3_202_CA_3_validation,2016-04-07,28,18.124077
FOODS_3_202_CA_3_validation,2016-04-08,23,18.966627
FOODS_3_202_CA_3_validation,2016-04-09,34,25.125456
FOODS_3_202_CA_3_validation,2016-04-10,30,26.557716
FOODS_3_202_CA_3_validation,2016-04-11,19,17.860548
FOODS_3_202_CA_3_validation,2016-04-12,22,16.459553
FOODS_3_202_CA_3_validation,2016-04-13,16,16.667385
FOODS_3_202_CA_3_validation,2016-04-14,23,16.755646
FOODS_3_202_CA_3_validation,2016-04-15,29,17.43591
FOODS_3_202_CA_3_validation,2016-04-16,36,25.297058
FOODS_3_202_CA_3_validation,2016-04-17,58,27.44153
FOODS_3_202_CA_3_validation,2016-04-18,37,18.588224
FOODS_3_202_CA_3_validation,2016-04-19,18,16.921726
FOODS_3_202_CA_3_validation,2016-04-20,27,16.785439
FOODS_3_202_CA_3_validation,2016-04-21,24,16.35866
FOODS_3_202_CA_3_validation,2016-04-22,22,17.886314
FOODS_3_202_CA_3_validation,2016-04-23,37,24.361813
FOODS_3_202_CA_3_validation,2016-04-24,29,31.088255
FOODS_3_202_TX_1_validation,2016-03-28,17,18.462904
FOODS_3_202_TX_1_validation,2016-03-29,12,16.39053
FOODS_3_202_TX_1_validation,2016-03-30,18,15.610006
FOODS_3_202_TX_1_validation,2016-03-31,11,16.633694
FOODS_3_202_TX_1_validation,2016-04-01,16,18.695
FOODS_3_202_TX_1_validation,2016-04-02,34,26.32933
FOODS_3_202_TX_1_validation,2016-04-03,38,28.092815
FOODS_3_202_TX_1_validation,2016-04-04,14,17.95593
FOODS_3_202_TX_1_validation,2016-04-05,23,17.059109
FOODS_3_202_TX_1_validation,2016-04-06,17,16.671415
FOODS_3_202_TX_1_validation,2016-04-07,17,17.259094
FOODS_3_202_TX_1_validation,2016-04-08,21,17.286142
FOODS_3_202_TX_1_validation,2016-04-09,39,26.459318
FOODS_3_202_TX_1_validation,2016-04-10,42,26.50707
FOODS_3_202_TX_1_validation,2016-04-11,19,18.619251
FOODS_3_202_TX_1_validation,2016-04-12,25,17.51296
FOODS_3_202_TX_1_validation,2016-04-13,16,16.203484
FOODS_3_202_TX_1_validation,2016-04-14,18,15.3007765
FOODS_3_202_TX_1_validation,2016-04-15,30,18.381496
FOODS_3_202_TX_1_validation,2016-04-16,48,26.269125
FOODS_3_202_TX_1_validation,2016-04-17,56,27.20207
FOODS_3_202_TX_1_validation,2016-04-18,30,17.68428
FOODS_3_202_TX_1_validation,2016-04-19,29,15.454381
FOODS_3_202_TX_1_validation,2016-04-20,18,14.68457
FOODS_3_202_TX_1_validation,2016-04-21,18,15.279389
FOODS_3_202_TX_1_validation,2016-04-22,18,17.333971
FOODS_3_202_TX_1_validation,2016-04-23,37,25.686142
FOODS_3_202_TX_1_validation,2016-04-24,38,29.750357
FOODS_3_202_TX_2_validation,2016-03-28,13,16.709578
FOODS_3_202_TX_2_validation,2016-03-29,11,14.643909
FOODS_3_202_TX_2_validation,2016-03-30,8,14.109665
FOODS_3_202_TX_2_validation,2016-03-31,15,14.8004875
FOODS_3_202_TX_2_validation,2016-04-01,25,16.73601
FOODS_3_202_TX_2_validation,2016-04-02,29,23.975904
FOODS_3_202_TX_2_validation,2016-04-03,26,25.29617
FOODS_3_202_TX_2_validation,2016-04-04,14,16.270464
FOODS_3_202_TX_2_validation,2016-04-05,11,17.0404
FOODS_3_202_TX_2_validation,2016-04-06,12,15.929608
FOODS_3_202_TX_2_validation,2016-04-07,16,15.968519
FOODS_3_202_TX_2_validation,2016-04-08,25,15.887891
FOODS_3_202_TX_2_validation,2016-04-09,37,22.633211
FOODS_3_202_TX_2_validation,2016-04-10,29,24.405106
FOODS_3_202_TX_2_validation,2016-04-11,12,17.933098
FOODS_3_202_TX_2_validation,2016-04-12,13,15.602779
FOODS_3_202_TX_2_validation,2016-04-13,14,15.384946
FOODS_3_202_TX_2_validation,2016-04-14,12,14.293555
FOODS_3_202_TX_2_validation,2016-04-15,19,16.854643
FOODS_3_202_TX_2_validation,2016-04-16,36,22.335003
FOODS_3_202_TX_2_validation,2016-04-17,38,23.76611
FOODS_3_202_TX_2_validation,2016-04-18,14,15.945956
FOODS_3_202_TX_2_validation,2016-04-19,14,13.822212
FOODS_3_202_TX_2_validation,2016-04-20,13,13.797598
FOODS_3_202_TX_2_validation,2016-04-21,18,13.976681
FOODS_3_202_TX_2_validation,2016-04-22,18,14.554574
FOODS_3_202_TX_2_validation,2016-04-23,30,24.240696
FOODS_3_202_TX_2_validation,2016-04-24,13,26.466007
FOODS_3_202_TX_3_validation,2016-03-28,33,21.282265
FOODS_3_202_TX_3_validation,2016-03-29,35,18.987757
FOODS_3_202_TX_3_validation,2016-03-30,17,18.87047
FOODS_3_202_TX_3_validation,2016-03-31,14,19.069971
FOODS_3_202_TX_3_validation,2016-04-01,22,21.237629
FOODS_3_202_TX_3_validation,2016-04-02,30,29.294971
FOODS_3_202_TX_3_validation,2016-04-03,33,32.309723
FOODS_3_202_TX_3_validation,2016-04-04,23,22.662432
FOODS_3_202_TX_3_validation,2016-04-05,29,22.046242
FOODS_3_202_TX_3_validation,2016-04-06,28,20.11837
FOODS_3_202_TX_3_validation,2016-04-07,44,21.595995
FOODS_3_202_TX_3_validation,2016-04-08,24,21.645153
FOODS_3_202_TX_3_validation,2016-04-09,24,32.10585
FOODS_3_202_TX_3_validation,2016-04-10,38,32.69122
FOODS_3_202_TX_3_validation,2016-04-11,27,24.696873
FOODS_3_202_TX_3_validation,2016-04-12,24,22.280214
FOODS_3_202_TX_3_validation,2016-04-13,24,20.208223
FOODS_3_202_TX_3_validation,2016-04-14,29,19.430965
FOODS_3_202_TX_3_validation,2016-04-15,28,22.613817
FOODS_3_202_TX_3_validation,2016-04-16,28,29.685804
FOODS_3_202_TX_3_validation,2016-04-17,59,32.15546
FOODS_3_202_TX_3_validation,2016-04-18,36,22.418846
FOODS_3_202_TX_3_validation,2016-04-19,23,19.265425
FOODS_3_202_TX_3_validation,2016-04-20,23,18.796204
FOODS_3_202_TX_3_validation,2016-04-21,18,18.942493
FOODS_3_202_TX_3_validation,2016-04-22,23,20.628386
FOODS_3_202_TX_3_validation,2016-04-23,40,30.5774
FOODS_3_202_TX_3_validation,2016-04-24,59,35.56708
FOODS_3_226_WI_1_validation,2016-03-28,22,35.941147
FOODS_3_226_WI_1_validation,2016-03-29,25,33.562077
FOODS_3_226_WI_1_validation,2016-03-30,27,35.541016
FOODS_3_226_WI_1_validation,2016-03-31,40,35.358433
FOODS_3_226_WI_1_validation,2016-04-01,39,45.31923
FOODS_3_226_WI_1_validation,2016-04-02,39,51.78404
FOODS_3_226_WI_1_validation,2016-04-03,49,47.246475
FOODS_3_226_WI_1_validation,2016-04-04,29,36.6326
FOODS_3_226_WI_1_validation,2016-04-05,35,37.629303
FOODS_3_226_WI_1_validation,2016-04-06,22,36.68113
FOODS_3_226_WI_1_validation,2016-04-07,27,37.099003
FOODS_3_226_WI_1_validation,2016-04-08,31,43.175713
FOODS_3_226_WI_1_validation,2016-04-09,55,55.25292
FOODS_3_226_WI_1_validation,2016-04-10,52,47.32712
FOODS_3_226_WI_1_validation,2016-04-11,33,36.972412
FOODS_3_226_WI_1_validation,2016-04-12,26,36.018803
FOODS_3_226_WI_1_validation,2016-04-13,32,36.90639
FOODS_3_226_WI_1_validation,2016-04-14,40,38.257812
FOODS_3_226_WI_1_validation,2016-04-15,38,43.378544
FOODS_3_226_WI_1_validation,2016-04-16,56,50.793358
FOODS_3_226_WI_1_validation,2016-04-17,58,47.38011
FOODS_3_226_WI_1_validation,2016-04-18,42,36.894127
FOODS_3_226_WI_1_validation,2016-04-19,27,34.705048
FOODS_3_226_WI_1_validation,2016-04-20,34,33.477722
FOODS_3_226_WI_1_validation,2016-04-21,24,36.32428
FOODS_3_226_WI_1_validation,2016-04-22,41,46.875572
FOODS_3_226_WI_1_validation,2016-04-23,41,53.95287
FOODS_3_226_WI_1_validation,2016-04-24,38,46.5233
FOODS_3_226_WI_2_validation,2016-03-28,28,40.90468
FOODS_3_226_WI_2_validation,2016-03-29,34,41.35776
FOODS_3_226_WI_2_validation,2016-03-30,46,42.190483
FOODS_3_226_WI_2_validation,2016-03-31,30,43.018303
FOODS_3_226_WI_2_validation,2016-04-01,55,49.466022
FOODS_3_226_WI_2_validation,2016-04-02,45,54.849415
FOODS_3_226_WI_2_validation,2016-04-03,48,49.894928
FOODS_3_226_WI_2_validation,2016-04-04,33,39.301315
FOODS_3_226_WI_2_validation,2016-04-05,48,44.219845
FOODS_3_226_WI_2_validation,2016-04-06,43,44.82791
FOODS_3_226_WI_2_validation,2016-04-07,36,40.88155
FOODS_3_226_WI_2_validation,2016-04-08,53,53.95299
FOODS_3_226_WI_2_validation,2016-04-09,52,60.558685
FOODS_3_226_WI_2_validation,2016-04-10,47,52.479874
FOODS_3_226_WI_2_validation,2016-04-11,46,47.00272
FOODS_3_226_WI_2_validation,2016-04-12,38,47.72767
FOODS_3_226_WI_2_validation,2016-04-13,43,43.713474
FOODS_3_226_WI_2_validation,2016-04-14,58,47.09907
FOODS_3_226_WI_2_validation,2016-04-15,60,47.85823
FOODS_3_226_WI_2_validation,2016-04-16,56,50.62278
FOODS_3_226_WI_2_validation,2016-04-17,67,47.6303
FOODS_3_226_WI_2_validation,2016-04-18,40,39.541134
FOODS_3_226_WI_2_validation,2016-04-19,31,37.73697
FOODS_3_226_WI_2_validation,2016-04-20,40,37.013676
FOODS_3_226_WI_2_validation,2016-04-21,50,38.45897
FOODS_3_226_WI_2_validation,2016-04-22,48,45.48178
FOODS_3_226_WI_2_validation,2016-04-23,43,52.571644
FOODS_3_226_WI_2_validation,2016-04-24,38,49.065327
FOODS_3_226_WI_3_validation,2016-03-28,46,45.939938
FOODS_3_226_WI_3_validation,2016-03-29,50,43.721012
FOODS_3_226_WI_3_validation,2016-03-30,42,46.280926
FOODS_3_226_WI_3_validation,2016-03-31,50,47.60736
FOODS_3_226_WI_3_validation,2016-04-01,50,55.991825
FOODS_3_226_WI_3_validation,2016-04-02,56,66.886444
FOODS_3_226_WI_3_validation,2016-04-03,44,65.05045
FOODS_3_226_WI_3_validation,2016-04-04,35,48.187305
FOODS_3_226_WI_3_validation,2016-04-05,53,49.40237
FOODS_3_226_WI_3_validation,2016-04-06,36,52.6665
FOODS_3_226_WI_3_validation,2016-04-07,40,47.442787
FOODS_3_226_WI_3_validation,2016-04-08,39,59.162945
FOODS_3_226_WI_3_validation,2016-04-09,55,59.962025
FOODS_3_226_WI_3_validation,2016-04-10,45,55.631516
FOODS_3_226_WI_3_validation,2016-04-11,45,47.870716
FOODS_3_226_WI_3_validation,2016-04-12,45,47.091602
FOODS_3_226_WI_3_validation,2016-04-13,45,43.547245
FOODS_3_226_WI_3_validation,2016-04-14,53,49.49672
FOODS_3_226_WI_3_validation,2016-04-15,51,55.62082
FOODS_3_226_WI_3_validation,2016-04-16,59,62.941856
FOODS_3_226_WI_3_validation,2016-04-17,46,60.252045
FOODS_3_226_WI_3_validation,2016-04-18,49,44.77631
FOODS_3_226_WI_3_validation,2016-04-19,38,43.96708
FOODS_3_226_WI_3_validation,2016-04-20,37,42.617813
FOODS_3_226_WI_3_validation,2016-04-21,43,44.874535
FOODS_3_226_WI_3_validation,2016-04-22,55,57.509975
FOODS_3_226_WI_3_validation,2016-04-23,40,62.505096
FOODS_3_226_WI_3_validation,2016-04-24,38,58.54004
FOODS_3_234_CA_3_validation,2016-03-28,13,13.550415
FOODS_3_234_CA_3_validation,2016-03-29,4,13.592475
FOODS_3_234_CA_3_validation,2016-03-30,2,12.675573
FOODS_3_234_CA_3_validation,2016-03-31,7,11.860089
FOODS_3_234_CA_3_validation,2016-04-01,27,16.597279
FOODS_3_234_CA_3_validation,2016-04-02,8,19.664907
FOODS_3_234_CA_3_validation,2016-04-03,12,19.724792
FOODS_3_234_CA_3_validation,2016-04-04,10,18.585646
FOODS_3_234_CA_3_validation,2016-04-05,16,16.851475
FOODS_3_234_CA_3_validation,2016-04-06,8,17.085424
FOODS_3_234_CA_3_validation,2016-04-07,41,16.044254
FOODS_3_234_CA_3_validation,2016-04-08,19,17.936367
FOODS_3_234_CA_3_validation,2016-04-09,2,19.032583
FOODS_3_234_CA_3_validation,2016-04-10,0,19.34146
FOODS_3_234_CA_3_validation,2016-04-11,0,12.070559
FOODS_3_234_CA_3_validation,2016-04-12,0,11.232582
FOODS_3_234_CA_3_validation,2016-04-13,12,12.209477
FOODS_3_234_CA_3_validation,2016-04-14,65,10.9486065
FOODS_3_234_CA_3_validation,2016-04-15,8,12.341943
FOODS_3_234_CA_3_validation,2016-04-16,1,14.321023
FOODS_3_234_CA_3_validation,2016-04-17,34,14.409582
FOODS_3_234_CA_3_validation,2016-04-18,27,11.382813
FOODS_3_234_CA_3_validation,2016-04-19,2,12.22419
FOODS_3_234_CA_3_validation,2016-04-20,2,12.230059
FOODS_3_234_CA_3_validation,2016-04-21,0,10.877474
FOODS_3_234_CA_3_validation,2016-04-22,0,11.014336
FOODS_3_234_CA_3_validation,2016-04-23,0,13.963357
FOODS_3_234_CA_3_validation,2016-04-24,0,14.404484
FOODS_3_234_WI_2_validation,2016-03-28,0,14.628885
FOODS_3_234_WI_2_validation,2016-03-29,0,9.2688675
FOODS_3_234_WI_2_validation,2016-03-30,0,9.249599
FOODS_3_234_WI_2_validation,2016-03-31,4,11.6672735
FOODS_3_234_WI_2_validation,2016-04-01,0,11.906615
FOODS_3_234_WI_2_validation,2016-04-02,0,44.743282
FOODS_3_234_WI_2_validation,2016-04-03,0,45.325714
FOODS_3_234_WI_2_validation,2016-04-04,0,18.446732
FOODS_3_234_WI_2_validation,2016-04-05,0,39.14597
FOODS_3_234_WI_2_validation,2016-04-06,0,28.380419
FOODS_3_234_WI_2_validation,2016-04-07,0,13.099359
FOODS_3_234_WI_2_validation,2016-04-08,0,27.551537
FOODS_3_234_WI_2_validation,2016-04-09,0,35.53443
FOODS_3_234_WI_2_validation,2016-04-10,0,17.16607
FOODS_3_234_WI_2_validation,2016-04-11,0,22.523918
FOODS_3_234_WI_2_validation,2016-04-12,0,22.118488
FOODS_3_234_WI_2_validation,2016-04-13,1,12.388271
FOODS_3_234_WI_2_validation,2016-04-14,0,21.929663
FOODS_3_234_WI_2_validation,2016-04-15,0,21.660976
FOODS_3_234_WI_2_validation,2016-04-16,1,14.876543
FOODS_3_234_WI_2_validation,2016-04-17,0,15.593571
FOODS_3_234_WI_2_validation,2016-04-18,0,13.2687
FOODS_3_234_WI_2_validation,2016-04-19,57,13.400022
FOODS_3_234_WI_2_validation,2016-04-20,82,13.3807535
FOODS_3_234_WI_2_validation,2016-04-21,41,13.226638
FOODS_3_234_WI_2_validation,2016-04-22,32,13.827983
FOODS_3_234_WI_2_validation,2016-04-23,27,15.698582
FOODS_3_234_WI_2_validation,2016-04-24,12,14.68542
FOODS_3_234_WI_3_validation,2016-03-28,9,17.090166
FOODS_3_234_WI_3_validation,2016-03-29,17,16.701092
FOODS_3_234_WI_3_validation,2016-03-30,20,16.588999
FOODS_3_234_WI_3_validation,2016-03-31,16,13.525416
FOODS_3_234_WI_3_validation,2016-04-01,25,17.45232
FOODS_3_234_WI_3_validation,2016-04-02,42,33.30123
FOODS_3_234_WI_3_validation,2016-04-03,47,33.110737
FOODS_3_234_WI_3_validation,2016-04-04,2,16.906229
FOODS_3_234_WI_3_validation,2016-04-05,31,23.659237
FOODS_3_234_WI_3_validation,2016-04-06,39,22.628607
FOODS_3_234_WI_3_validation,2016-04-07,19,15.047463
FOODS_3_234_WI_3_validation,2016-04-08,35,19.665667
FOODS_3_234_WI_3_validation,2016-04-09,83,27.509857
FOODS_3_234_WI_3_validation,2016-04-10,48,16.291931
FOODS_3_234_WI_3_validation,2016-04-11,23,19.830029
FOODS_3_234_WI_3_validation,2016-04-12,53,26.769846
FOODS_3_234_WI_3_validation,2016-04-13,0,14.430741
FOODS_3_234_WI_3_validation,2016-04-14,17,22.884907
FOODS_3_234_WI_3_validation,2016-04-15,43,23.253242
FOODS_3_234_WI_3_validation,2016-04-16,7,19.95024
FOODS_3_234_WI_3_validation,2016-04-17,21,17.46603
FOODS_3_234_WI_3_validation,2016-04-18,17,14.81607
FOODS_3_234_WI_3_validation,2016-04-19,7,13.323547
FOODS_3_234_WI_3_validation,2016-04-20,2,13.560075
FOODS_3_234_WI_3_validation,2016-04-21,8,11.918266
FOODS_3_234_WI_3_validation,2016-04-22,14,13.206387
FOODS_3_234_WI_3_validation,2016-04-23,12,19.364763
FOODS_3_234_WI_3_validation,2016-04-24,8,16.652107
FOODS_3_252_CA_1_validation,2016-03-28,24,31.558214
FOODS_3_252_CA_1_validation,2016-03-29,28,27.890398
FOODS_3_252_CA_1_validation,2016-03-30,25,30.861746
FOODS_3_252_CA_1_validation,2016-03-31,26,31.050045
FOODS_3_252_CA_1_validation,2016-04-01,45,34.647697
FOODS_3_252_CA_1_validation,2016-04-02,68,49.67081
FOODS_3_252_CA_1_validation,2016-04-03,52,55.242516
FOODS_3_252_CA_1_validation,2016-04-04,33,34.62822
FOODS_3_252_CA_1_validation,2016-04-05,32,31.945951
FOODS_3_252_CA_1_validation,2016-04-06,34,30.604017
FOODS_3_252_CA_1_validation,2016-04-07,40,31.83199
FOODS_3_252_CA_1_validation,2016-04-08,45,39.94584
FOODS_3_252_CA_1_validation,2016-04-09,59,50.432636
FOODS_3_252_CA_1_validation,2016-04-10,37,46.202625
FOODS_3_252_CA_1_validation,2016-04-11,32,31.36716
FOODS_3_252_CA_1_validation,2016-04-12,18,26.56028
FOODS_3_252_CA_1_validation,2016-04-13,37,26.591412
FOODS_3_252_CA_1_validation,2016-04-14,27,26.860016
FOODS_3_252_CA_1_validation,2016-04-15,23,32.94267
FOODS_3_252_CA_1_validation,2016-04-16,57,46.58918
FOODS_3_252_CA_1_validation,2016-04-17,49,47.964794
FOODS_3_252_CA_1_validation,2016-04-18,21,29.264578
FOODS_3_252_CA_1_validation,2016-04-19,46,26.002918
FOODS_3_252_CA_1_validation,2016-04-20,24,29.505373
FOODS_3_252_CA_1_validation,2016-04-21,35,29.1246
FOODS_3_252_CA_1_validation,2016-04-22,33,38.073402
FOODS_3_252_CA_1_validation,2016-04-23,49,52.880684
FOODS_3_252_CA_1_validation,2016-04-24,52,48.79202
FOODS_3_252_CA_2_validation,2016-03-28,11,29.549955
FOODS_3_252_CA_2_validation,2016-03-29,35,30.250002
FOODS_3_252_CA_2_validation,2016-03-30,28,30.20955
FOODS_3_252_CA_2_validation,2016-03-31,37,32.077553
FOODS_3_252_CA_2_validation,2016-04-01,29,39.767433
FOODS_3_252_CA_2_validation,2016-04-02,56,46.530853
FOODS_3_252_CA_2_validation,2016-04-03,53,45.792015
FOODS_3_252_CA_2_validation,2016-04-04,34,32.161358
FOODS_3_252_CA_2_validation,2016-04-05,39,29.119846
FOODS_3_252_CA_2_validation,2016-04-06,40,31.738346
FOODS_3_252_CA_2_validation,2016-04-07,29,29.503391
FOODS_3_252_CA_2_validation,2016-04-08,26,34.42852
FOODS_3_252_CA_2_validation,2016-04-09,41,48.49935
FOODS_3_252_CA_2_validation,2016-04-10,48,43.282253
FOODS_3_252_CA_2_validation,2016-04-11,23,29.22034
FOODS_3_252_CA_2_validation,2016-04-12,16,29.687094
FOODS_3_252_CA_2_validation,2016-04-13,27,26.557035
FOODS_3_252_CA_2_validation,2016-04-14,8,27.678411
FOODS_3_252_CA_2_validation,2016-04-15,35,36.728516
FOODS_3_252_CA_2_validation,2016-04-16,59,38.349323
FOODS_3_252_CA_2_validation,2016-04-17,55,35.52443
FOODS_3_252_CA_2_validation,2016-04-18,43,25.049267
FOODS_3_252_CA_2_validation,2016-04-19,37,23.69317
FOODS_3_252_CA_2_validation,2016-04-20,23,24.238626
FOODS_3_252_CA_2_validation,2016-04-21,25,26.732777
FOODS_3_252_CA_2_validation,2016-04-22,27,30.158875
FOODS_3_252_CA_2_validation,2016-04-23,41,46.45021
FOODS_3_252_CA_2_validation,2016-04-24,38,42.867435
FOODS_3_252_CA_3_validation,2016-03-28,36,37.75989
FOODS_3_252_CA_3_validation,2016-03-29,43,35.01085
FOODS_3_252_CA_3_validation,2016-03-30,30,33.76159
FOODS_3_252_CA_3_validation,2016-03-31,24,36.64045
FOODS_3_252_CA_3_validation,2016-04-01,33,37.70865
FOODS_3_252_CA_3_validation,2016-04-02,47,47.984364
FOODS_3_252_CA_3_validation,2016-04-03,61,49.484894
FOODS_3_252_CA_3_validation,2016-04-04,42,37.74366
FOODS_3_252_CA_3_validation,2016-04-05,38,36.3609
FOODS_3_252_CA_3_validation,2016-04-06,60,33.294483
FOODS_3_252_CA_3_validation,2016-04-07,40,36.734352
FOODS_3_252_CA_3_validation,2016-04-08,46,37.28573
FOODS_3_252_CA_3_validation,2016-04-09,51,45.912613
FOODS_3_252_CA_3_validation,2016-04-10,52,46.056835
FOODS_3_252_CA_3_validation,2016-04-11,58,34.405506
FOODS_3_252_CA_3_validation,2016-04-12,35,29.474049
FOODS_3_252_CA_3_validation,2016-04-13,43,35.9819
FOODS_3_252_CA_3_validation,2016-04-14,30,36.138813
FOODS_3_252_CA_3_validation,2016-04-15,44,40.34582
FOODS_3_252_CA_3_validation,2016-04-16,65,51.61124
FOODS_3_252_CA_3_validation,2016-04-17,81,48.956703
FOODS_3_252_CA_3_validation,2016-04-18,59,36.697475
FOODS_3_252_CA_3_validation,2016-04-19,56,37.22942
FOODS_3_252_CA_3_validation,2016-04-20,29,36.848114
FOODS_3_252_CA_3_validation,2016-04-21,46,32.721558
FOODS_3_252_CA_3_validation,2016-04-22,35,43.512146
FOODS_3_252_CA_3_validation,2016-04-23,61,55.848335
FOODS_3_252_CA_3_validation,2016-04-24,39,55.7778
FOODS_3_252_TX_1_validation,2016-03-28,26,24.316198
FOODS_3_252_TX_1_validation,2016-03-29,9,21.957186
FOODS_3_252_TX_1_validation,2016-03-30,12,21.975554
FOODS_3_252_TX_1_validation,2016-03-31,34,25.08745
FOODS_3_252_TX_1_validation,2016-04-01,32,27.465364
FOODS_3_252_TX_1_validation,2016-04-02,36,37.43719
FOODS_3_252_TX_1_validation,2016-04-03,35,34.38041
FOODS_3_252_TX_1_validation,2016-04-04,28,23.764633
FOODS_3_252_TX_1_validation,2016-04-05,32,23.666601
FOODS_3_252_TX_1_validation,2016-04-06,30,23.666601
FOODS_3_252_TX_1_validation,2016-04-07,37,26.954372
FOODS_3_252_TX_1_validation,2016-04-08,27,33.09213
FOODS_3_252_TX_1_validation,2016-04-09,55,40.867077
FOODS_3_252_TX_1_validation,2016-04-10,38,40.13521
FOODS_3_252_TX_1_validation,2016-04-11,23,30.421198
FOODS_3_252_TX_1_validation,2016-04-12,23,29.393723
FOODS_3_252_TX_1_validation,2016-04-13,26,26.82963
FOODS_3_252_TX_1_validation,2016-04-14,26,29.725304
FOODS_3_252_TX_1_validation,2016-04-15,27,31.850899
FOODS_3_252_TX_1_validation,2016-04-16,31,39.79359
FOODS_3_252_TX_1_validation,2016-04-17,35,38.497486
FOODS_3_252_TX_1_validation,2016-04-18,17,28.850128
FOODS_3_252_TX_1_validation,2016-04-19,31,24.627794
FOODS_3_252_TX_1_validation,2016-04-20,36,26.263378
FOODS_3_252_TX_1_validation,2016-04-21,32,27.13821
FOODS_3_252_TX_1_validation,2016-04-22,17,32.346397
FOODS_3_252_TX_1_validation,2016-04-23,55,44.347
FOODS_3_252_TX_1_validation,2016-04-24,35,43.998726
FOODS_3_252_TX_2_validation,2016-03-28,45,54.908043
FOODS_3_252_TX_2_validation,2016-03-29,29,53.417953
FOODS_3_252_TX_2_validation,2016-03-30,30,49.177757
FOODS_3_252_TX_2_validation,2016-03-31,47,55.342686
FOODS_3_252_TX_2_validation,2016-04-01,52,58.428097
FOODS_3_252_TX_2_validation,2016-04-02,81,80.95939
FOODS_3_252_TX_2_validation,2016-04-03,77,78.9016
FOODS_3_252_TX_2_validation,2016-04-04,41,53.645004
FOODS_3_252_TX_2_validation,2016-04-05,53,49.06357
FOODS_3_252_TX_2_validation,2016-04-06,50,47.7053
FOODS_3_252_TX_2_validation,2016-04-07,57,49.578033
FOODS_3_252_TX_2_validation,2016-04-08,63,59.899887
FOODS_3_252_TX_2_validation,2016-04-09,50,78.09864
FOODS_3_252_TX_2_validation,2016-04-10,61,78.17028
FOODS_3_252_TX_2_validation,2016-04-11,45,53.34491
FOODS_3_252_TX_2_validation,2016-04-12,37,54.489147
FOODS_3_252_TX_2_validation,2016-04-13,31,49.679085
FOODS_3_252_TX_2_validation,2016-04-14,32,54.54478
FOODS_3_252_TX_2_validation,2016-04-15,56,61.16184
FOODS_3_252_TX_2_validation,2016-04-16,48,78.78818
FOODS_3_252_TX_2_validation,2016-04-17,63,75.36219
FOODS_3_252_TX_2_validation,2016-04-18,22,52.372135
FOODS_3_252_TX_2_validation,2016-04-19,32,47.67502
FOODS_3_252_TX_2_validation,2016-04-20,31,44.542137
FOODS_3_252_TX_2_validation,2016-04-21,39,48.37295
FOODS_3_252_TX_2_validation,2016-04-22,63,58.776306
FOODS_3_252_TX_2_validation,2016-04-23,91,80.92758
FOODS_3_252_TX_2_validation,2016-04-24,46,74.71545
FOODS_3_252_TX_3_validation,2016-03-28,24,39.466026
FOODS_3_252_TX_3_validation,2016-03-29,18,34.819912
FOODS_3_252_TX_3_validation,2016-03-30,16,34.80254
FOODS_3_252_TX_3_validation,2016-03-31,37,41.242737
FOODS_3_252_TX_3_validation,2016-04-01,29,42.06692
FOODS_3_252_TX_3_validation,2016-04-02,60,50.17582
FOODS_3_252_TX_3_validation,2016-04-03,30,53.184284
FOODS_3_252_TX_3_validation,2016-04-04,23,36.54436
FOODS_3_252_TX_3_validation,2016-04-05,25,34.621674
FOODS_3_252_TX_3_validation,2016-04-06,16,36.150974
FOODS_3_252_TX_3_validation,2016-04-07,36,37.178593
FOODS_3_252_TX_3_validation,2016-04-08,41,40.61553
FOODS_3_252_TX_3_validation,2016-04-09,45,50.429474
FOODS_3_252_TX_3_validation,2016-04-10,43,48.24449
FOODS_3_252_TX_3_validation,2016-04-11,38,40.58453
FOODS_3_252_TX_3_validation,2016-04-12,32,39.286777
FOODS_3_252_TX_3_validation,2016-04-13,36,39.280994
FOODS_3_252_TX_3_validation,2016-04-14,33,39.807102
FOODS_3_252_TX_3_validation,2016-04-15,37,45.921055
FOODS_3_252_TX_3_validation,2016-04-16,39,52.34526
FOODS_3_252_TX_3_validation,2016-04-17,28,46.39464
FOODS_3_252_TX_3_validation,2016-04-18,20,39.209164
FOODS_3_252_TX_3_validation,2016-04-19,43,36.227886
FOODS_3_252_TX_3_validation,2016-04-20,25,32.323547
FOODS_3_252_TX_3_validation,2016-04-21,21,34.230534
FOODS_3_252_TX_3_validation,2016-04-22,36,44.22876
FOODS_3_252_TX_3_validation,2016-04-23,64,48.105583
FOODS_3_252_TX_3_validation,2016-04-24,20,49.641815
FOODS_3_252_WI_3_validation,2016-03-28,18,16.214233
FOODS_3_252_WI_3_validation,2016-03-29,17,15.547612
FOODS_3_252_WI_3_validation,2016-03-30,10,16.165644
FOODS_3_252_WI_3_validation,2016-03-31,15,16.065777
FOODS_3_252_WI_3_validation,2016-04-01,13,19.921585
FOODS_3_252_WI_3_validation,2016-04-02,25,25.078695
FOODS_3_252_WI_3_validation,2016-04-03,31,30.350245
FOODS_3_252_WI_3_validation,2016-04-04,5,18.060287
FOODS_3_252_WI_3_validation,2016-04-05,14,18.42187
FOODS_3_252_WI_3_validation,2016-04-06,9,17.940058
FOODS_3_252_WI_3_validation,2016-04-07,9,16.855593
FOODS_3_252_WI_3_validation,2016-04-08,12,22.74655
FOODS_3_252_WI_3_validation,2016-04-09,27,27.018919
FOODS_3_252_WI_3_validation,2016-04-10,9,23.637608
FOODS_3_252_WI_3_validation,2016-04-11,23,18.81171
FOODS_3_252_WI_3_validation,2016-04-12,18,17.240808
FOODS_3_252_WI_3_validation,2016-04-13,11,16.513166
FOODS_3_252_WI_3_validation,2016-04-14,11,17.971813
FOODS_3_252_WI_3_validation,2016-04-15,26,21.085285
FOODS_3_252_WI_3_validation,2016-04-16,35,26.543036
FOODS_3_252_WI_3_validation,2016-04-17,39,22.114803
FOODS_3_252_WI_3_validation,2016-04-18,24,16.687344
FOODS_3_252_WI_3_validation,2016-04-19,10,15.54595
FOODS_3_252_WI_3_validation,2016-04-20,13,15.286526
FOODS_3_252_WI_3_validation,2016-04-21,23,15.80468
FOODS_3_252_WI_3_validation,2016-04-22,16,20.891026
FOODS_3_252_WI_3_validation,2016-04-23,28,23.484236
FOODS_3_252_WI_3_validation,2016-04-24,34,24.188377
FOODS_3_281_CA_3_validation,2016-03-28,24,13.181185
FOODS_3_281_CA_3_validation,2016-03-29,114,13.292981
FOODS_3_281_CA_3_validation,2016-03-30,6,12.672742
FOODS_3_281_CA_3_validation,2016-03-31,19,14.254442
FOODS_3_281_CA_3_validation,2016-04-01,33,14.531984
FOODS_3_281_CA_3_validation,2016-04-02,20,16.566664
FOODS_3_281_CA_3_validation,2016-04-03,18,17.824255
FOODS_3_281_CA_3_validation,2016-04-04,9,12.260348
FOODS_3_281_CA_3_validation,2016-04-05,15,12.143663
FOODS_3_281_CA_3_validation,2016-04-06,10,14.017386
FOODS_3_281_CA_3_validation,2016-04-07,16,12.433722
FOODS_3_281_CA_3_validation,2016-04-08,15,14.325299
FOODS_3_281_CA_3_validation,2016-04-09,19,15.565382
FOODS_3_281_CA_3_validation,2016-04-10,14,15.994491
FOODS_3_281_CA_3_validation,2016-04-11,10,12.741084
FOODS_3_281_CA_3_validation,2016-04-12,21,12.1527605
FOODS_3_281_CA_3_validation,2016-04-13,23,11.941615
FOODS_3_281_CA_3_validation,2016-04-14,12,13.033751
FOODS_3_281_CA_3_validation,2016-04-15,37,13.734732
FOODS_3_281_CA_3_validation,2016-04-16,9,19.521378
FOODS_3_281_CA_3_validation,2016-04-17,0,16.877619
FOODS_3_281_CA_3_validation,2016-04-18,1,12.832004
FOODS_3_281_CA_3_validation,2016-04-19,16,12.61834
FOODS_3_281_CA_3_validation,2016-04-20,12,12.24368
FOODS_3_281_CA_3_validation,2016-04-21,14,12.511199
FOODS_3_281_CA_3_validation,2016-04-22,12,15.219355
FOODS_3_281_CA_3_validation,2016-04-23,23,17.900333
FOODS_3_281_CA_3_validation,2016-04-24,15,20.980188
FOODS_3_282_CA_3_validation,2016-03-28,53,46.287025
FOODS_3_282_CA_3_validation,2016-03-29,45,43.458183
FOODS_3_282_CA_3_validation,2016-03-30,35,41.48546
FOODS_3_282_CA_3_validation,2016-03-31,22,37.045742
FOODS_3_282_CA_3_validation,2016-04-01,34,40.2043
FOODS_3_282_CA_3_validation,2016-04-02,63,55.445408
FOODS_3_282_CA_3_validation,2016-04-03,85,62.22823
FOODS_3_282_CA_3_validation,2016-04-04,55,49.833633
FOODS_3_282_CA_3_validation,2016-04-05,46,47.64787
FOODS_3_282_CA_3_validation,2016-04-06,35,44.147087
FOODS_3_282_CA_3_validation,2016-04-07,36,49.500614
FOODS_3_282_CA_3_validation,2016-04-08,32,50.66914
FOODS_3_282_CA_3_validation,2016-04-09,54,66.87893
FOODS_3_282_CA_3_validation,2016-04-10,85,70.30114
FOODS_3_282_CA_3_validation,2016-04-11,43,54.168304
FOODS_3_282_CA_3_validation,2016-04-12,31,50.13869
FOODS_3_282_CA_3_validation,2016-04-13,47,50.81821
FOODS_3_282_CA_3_validation,2016-04-14,33,47.49019
FOODS_3_282_CA_3_validation,2016-04-15,31,52.36959
FOODS_3_282_CA_3_validation,2016-04-16,47,68.84901
FOODS_3_282_CA_3_validation,2016-04-17,73,70.860176
FOODS_3_282_CA_3_validation,2016-04-18,39,56.279106
FOODS_3_282_CA_3_validation,2016-04-19,46,52.572216
FOODS_3_282_CA_3_validation,2016-04-20,26,47.886894
FOODS_3_282_CA_3_validation,2016-04-21,20,50.4058
FOODS_3_282_CA_3_validation,2016-04-22,11,49.041973
FOODS_3_282_CA_3_validation,2016-04-23,20,75.29512
FOODS_3_282_CA_3_validation,2016-04-24,38,74.37068
FOODS_3_288_CA_3_validation,2016-03-28,29,33.83636
FOODS_3_288_CA_3_validation,2016-03-29,21,28.640858
FOODS_3_288_CA_3_validation,2016-03-30,34,27.680456
FOODS_3_288_CA_3_validation,2016-03-31,33,30.725441
FOODS_3_288_CA_3_validation,2016-04-01,32,34.879765
FOODS_3_288_CA_3_validation,2016-04-02,38,44.478416
FOODS_3_288_CA_3_validation,2016-04-03,66,44.302288
FOODS_3_288_CA_3_validation,2016-04-04,31,36.553627
FOODS_3_288_CA_3_validation,2016-04-05,43,34.42906
FOODS_3_288_CA_3_validation,2016-04-06,28,34.95332
FOODS_3_288_CA_3_validation,2016-04-07,25,33.449192
FOODS_3_288_CA_3_validation,2016-04-08,31,36.622417
FOODS_3_288_CA_3_validation,2016-04-09,44,43.995495
FOODS_3_288_CA_3_validation,2016-04-10,59,42.435593
FOODS_3_288_CA_3_validation,2016-04-11,32,33.46373
FOODS_3_288_CA_3_validation,2016-04-12,18,29.983994
FOODS_3_288_CA_3_validation,2016-04-13,26,27.058685
FOODS_3_288_CA_3_validation,2016-04-14,26,26.799982
FOODS_3_288_CA_3_validation,2016-04-15,23,30.62243
FOODS_3_288_CA_3_validation,2016-04-16,48,40.88192
FOODS_3_288_CA_3_validation,2016-04-17,52,40.536644
FOODS_3_288_CA_3_validation,2016-04-18,37,33.788372
FOODS_3_288_CA_3_validation,2016-04-19,33,32.420567
FOODS_3_288_CA_3_validation,2016-04-20,14,31.485523
FOODS_3_288_CA_3_validation,2016-04-21,28,30.414572
FOODS_3_288_CA_3_validation,2016-04-22,21,37.067467
FOODS_3_288_CA_3_validation,2016-04-23,41,45.664566
FOODS_3_288_CA_3_validation,2016-04-24,64,45.397526
FOODS_3_318_CA_3_validation,2016-03-28,6,21.026539
FOODS_3_318_CA_3_validation,2016-03-29,10,24.23653
FOODS_3_318_CA_3_validation,2016-03-30,20,20.384089
FOODS_3_318_CA_3_validation,2016-03-31,26,20.70723
FOODS_3_318_CA_3_validation,2016-04-01,33,23.91493
FOODS_3_318_CA_3_validation,2016-04-02,41,34.961327
FOODS_3_318_CA_3_validation,2016-04-03,20,31.6261
FOODS_3_318_CA_3_validation,2016-04-04,30,23.880487
FOODS_3_318_CA_3_validation,2016-04-05,13,20.750198
FOODS_3_318_CA_3_validation,2016-04-06,24,20.19199
FOODS_3_318_CA_3_validation,2016-04-07,25,20.521849
FOODS_3_318_CA_3_validation,2016-04-08,11,21.67553
FOODS_3_318_CA_3_validation,2016-04-09,31,26.176502
FOODS_3_318_CA_3_validation,2016-04-10,26,25.509233
FOODS_3_318_CA_3_validation,2016-04-11,23,20.250448
FOODS_3_318_CA_3_validation,2016-04-12,12,19.661854
FOODS_3_318_CA_3_validation,2016-04-13,32,18.244463
FOODS_3_318_CA_3_validation,2016-04-14,32,18.27556
FOODS_3_318_CA_3_validation,2016-04-15,13,21.532536
FOODS_3_318_CA_3_validation,2016-04-16,18,30.75619
FOODS_3_318_CA_3_validation,2016-04-17,0,28.860422
FOODS_3_318_CA_3_validation,2016-04-18,37,21.857405
FOODS_3_318_CA_3_validation,2016-04-19,23,18.840322
FOODS_3_318_CA_3_validation,2016-04-20,16,17.90142
FOODS_3_318_CA_3_validation,2016-04-21,23,22.843086
FOODS_3_318_CA_3_validation,2016-04-22,25,24.80842
FOODS_3_318_CA_3_validation,2016-04-23,29,34.21746
FOODS_3_318_CA_3_validation,2016-04-24,28,35.656498
FOODS_3_318_WI_3_validation,2016-03-28,25,19.404749
FOODS_3_318_WI_3_validation,2016-03-29,11,18.006401
FOODS_3_318_WI_3_validation,2016-03-30,5,20.17784
FOODS_3_318_WI_3_validation,2016-03-31,14,22.189415
FOODS_3_318_WI_3_validation,2016-04-01,28,24.437525
FOODS_3_318_WI_3_validation,2016-04-02,25,36.00204
FOODS_3_318_WI_3_validation,2016-04-03,38,32.844383
FOODS_3_318_WI_3_validation,2016-04-04,22,20.439472
FOODS_3_318_WI_3_validation,2016-04-05,22,23.369736
FOODS_3_318_WI_3_validation,2016-04-06,16,22.575058
FOODS_3_318_WI_3_validation,2016-04-07,24,19.071964
FOODS_3_318_WI_3_validation,2016-04-08,14,28.161833
FOODS_3_318_WI_3_validation,2016-04-09,23,34.14681
FOODS_3_318_WI_3_validation,2016-04-10,26,30.79244
FOODS_3_318_WI_3_validation,2016-04-11,35,23.191748
FOODS_3_318_WI_3_validation,2016-04-12,22,28.477703
FOODS_3_318_WI_3_validation,2016-04-13,23,22.947554
FOODS_3_318_WI_3_validation,2016-04-14,18,26.012997
FOODS_3_318_WI_3_validation,2016-04-15,25,29.82841
FOODS_3_318_WI_3_validation,2016-04-16,48,35.866474
FOODS_3_318_WI_3_validation,2016-04-17,28,31.865114
FOODS_3_318_WI_3_validation,2016-04-18,18,23.417696
FOODS_3_318_WI_3_validation,2016-04-19,14,20.804342
FOODS_3_318_WI_3_validation,2016-04-20,10,20.009016
FOODS_3_318_WI_3_validation,2016-04-21,14,18.948597
FOODS_3_318_WI_3_validation,2016-04-22,33,23.669453
FOODS_3_318_WI_3_validation,2016-04-23,52,28.164852
FOODS_3_318_WI_3_validation,2016-04-24,14,29.78806
FOODS_3_319_CA_3_validation,2016-03-28,37,19.059399
FOODS_3_319_CA_3_validation,2016-03-29,19,16.501123
FOODS_3_319_CA_3_validation,2016-03-30,15,17.08226
FOODS_3_319_CA_3_validation,2016-03-31,0,17.651516
FOODS_3_319_CA_3_validation,2016-04-01,0,17.7499
FOODS_3_319_CA_3_validation,2016-04-02,0,13.090273
FOODS_3_319_CA_3_validation,2016-04-03,0,15.638375
FOODS_3_319_CA_3_validation,2016-04-04,0,13.7034855
FOODS_3_319_CA_3_validation,2016-04-05,0,11.01119
FOODS_3_319_CA_3_validation,2016-04-06,2,11.475743
FOODS_3_319_CA_3_validation,2016-04-07,0,10.997622
FOODS_3_319_CA_3_validation,2016-04-08,0,10.825258
FOODS_3_319_CA_3_validation,2016-04-09,0,15.363877
FOODS_3_319_CA_3_validation,2016-04-10,0,14.61094
FOODS_3_319_CA_3_validation,2016-04-11,0,8.826806
FOODS_3_319_CA_3_validation,2016-04-12,0,8.411478
FOODS_3_319_CA_3_validation,2016-04-13,0,7.9677973
FOODS_3_319_CA_3_validation,2016-04-14,0,8.569759
FOODS_3_319_CA_3_validation,2016-04-15,0,7.7511067
FOODS_3_319_CA_3_validation,2016-04-16,0,11.823648
FOODS_3_319_CA_3_validation,2016-04-17,0,11.322257
FOODS_3_319_CA_3_validation,2016-04-18,0,7.7826967
FOODS_3_319_CA_3_validation,2016-04-19,0,8.292076
FOODS_3_319_CA_3_validation,2016-04-20,0,7.7520456
FOODS_3_319_CA_3_validation,2016-04-21,0,7.576185
FOODS_3_319_CA_3_validation,2016-04-22,0,7.4775033
FOODS_3_319_CA_3_validation,2016-04-23,0,10.557939
FOODS_3_319_CA_3_validation,2016-04-24,0,10.701241
FOODS_3_376_WI_2_validation,2016-03-28,18,29.459785
FOODS_3_376_WI_2_validation,2016-03-29,23,23.540089
FOODS_3_376_WI_2_validation,2016-03-30,17,24.070475
FOODS_3_376_WI_2_validation,2016-03-31,39,24.449894
FOODS_3_376_WI_2_validation,2016-04-01,38,25.288103
FOODS_3_376_WI_2_validation,2016-04-02,42,34.95227
FOODS_3_376_WI_2_validation,2016-04-03,56,36.020336
FOODS_3_376_WI_2_validation,2016-04-04,22,23.02573
FOODS_3_376_WI_2_validation,2016-04-05,28,26.893145
FOODS_3_376_WI_2_validation,2016-04-06,49,30.499962
FOODS_3_376_WI_2_validation,2016-04-07,38,26.68935
FOODS_3_376_WI_2_validation,2016-04-08,44,31.860392
FOODS_3_376_WI_2_validation,2016-04-09,75,36.01919
FOODS_3_376_WI_2_validation,2016-04-10,36,36.714523
FOODS_3_376_WI_2_validation,2016-04-11,61,34.554256
FOODS_3_376_WI_2_validation,2016-04-12,38,33.96988
FOODS_3_376_WI_2_validation,2016-04-13,36,27.096537
FOODS_3_376_WI_2_validation,2016-04-14,74,33.461292
FOODS_3_376_WI_2_validation,2016-04-15,71,31.069242
FOODS_3_376_WI_2_validation,2016-04-16,46,31.929754
FOODS_3_376_WI_2_validation,2016-04-17,69,31.818783
FOODS_3_376_WI_2_validation,2016-04-18,5,23.62738
FOODS_3_376_WI_2_validation,2016-04-19,7,21.164984
FOODS_3_376_WI_2_validation,2016-04-20,24,19.803896
FOODS_3_376_WI_2_validation,2016-04-21,30,19.892422
FOODS_3_376_WI_2_validation,2016-04-22,26,19.651163
FOODS_3_376_WI_2_validation,2016-04-23,69,23.807814
FOODS_3_376_WI_2_validation,2016-04-24,70,28.824944
FOODS_3_377_TX_2_validation,2016-03-28,24,28.503653
FOODS_3_377_TX_2_validation,2016-03-29,22,29.212454
FOODS_3_377_TX_2_validation,2016-03-30,19,26.151236
FOODS_3_377_TX_2_validation,2016-03-31,16,30.847204
FOODS_3_377_TX_2_validation,2016-04-01,32,33.169353
FOODS_3_377_TX_2_validation,2016-04-02,34,40.74234
FOODS_3_377_TX_2_validation,2016-04-03,27,39.15712
FOODS_3_377_TX_2_validation,2016-04-04,30,29.8412
FOODS_3_377_TX_2_validation,2016-04-05,31,28.3243
FOODS_3_377_TX_2_validation,2016-04-06,13,29.264912
FOODS_3_377_TX_2_validation,2016-04-07,27,26.685776
FOODS_3_377_TX_2_validation,2016-04-08,32,28.78996
FOODS_3_377_TX_2_validation,2016-04-09,26,36.90507
FOODS_3_377_TX_2_validation,2016-04-10,30,36.189365
FOODS_3_377_TX_2_validation,2016-04-11,22,29.055685
FOODS_3_377_TX_2_validation,2016-04-12,27,26.076048
FOODS_3_377_TX_2_validation,2016-04-13,21,24.928923
FOODS_3_377_TX_2_validation,2016-04-14,22,24.182762
FOODS_3_377_TX_2_validation,2016-04-15,39,31.649832
FOODS_3_377_TX_2_validation,2016-04-16,36,33.99925
FOODS_3_377_TX_2_validation,2016-04-17,32,35.242504
FOODS_3_377_TX_2_validation,2016-04-18,18,26.770824
FOODS_3_377_TX_2_validation,2016-04-19,25,22.949766
FOODS_3_377_TX_2_validation,2016-04-20,28,24.352629
FOODS_3_377_TX_2_validation,2016-04-21,22,24.031012
FOODS_3_377_TX_2_validation,2016-04-22,28,30.001593
FOODS_3_377_TX_2_validation,2016-04-23,39,33.64996
FOODS_3_377_TX_2_validation,2016-04-24,28,32.72765
FOODS_3_377_TX_3_validation,2016-03-28,41,34.360756
FOODS_3_377_TX_3_validation,2016-03-29,27,34.63577
FOODS_3_377_TX_3_validation,2016-03-30,28,35.312626
FOODS_3_377_TX_3_validation,2016-03-31,38,38.48153
FOODS_3_377_TX_3_validation,2016-04-01,56,43.529617
FOODS_3_377_TX_3_validation,2016-04-02,44,48.14962
FOODS_3_377_TX_3_validation,2016-04-03,39,49.24511
FOODS_3_377_TX_3_validation,2016-04-04,44,42.403313
FOODS_3_377_TX_3_validation,2016-04-05,43,38.166267
FOODS_3_377_TX_3_validation,2016-04-06,33,36.915733
FOODS_3_377_TX_3_validation,2016-04-07,39,37.97337
FOODS_3_377_TX_3_validation,2016-04-08,44,41.609283
FOODS_3_377_TX_3_validation,2016-04-09,57,50.070385
FOODS_3_377_TX_3_validation,2016-04-10,40,47.099155
FOODS_3_377_TX_3_validation,2016-04-11,38,40.809826
FOODS_3_377_TX_3_validation,2016-04-12,56,39.166252
FOODS_3_377_TX_3_validation,2016-04-13,41,39.693573
FOODS_3_377_TX_3_validation,2016-04-14,42,39.38539
FOODS_3_377_TX_3_validation,2016-04-15,42,43.648403
FOODS_3_377_TX_3_validation,2016-04-16,45,50.80085
FOODS_3_377_TX_3_validation,2016-04-17,41,50.556583
FOODS_3_377_TX_3_validation,2016-04-18,23,39.212803
FOODS_3_377_TX_3_validation,2016-04-19,43,36.099552
FOODS_3_377_TX_3_validation,2016-04-20,39,37.957664
FOODS_3_377_TX_3_validation,2016-04-21,42,38.579933
FOODS_3_377_TX_3_validation,2016-04-22,52,46.33764
FOODS_3_377_TX_3_validation,2016-04-23,48,53.4537
FOODS_3_377_TX_3_validation,2016-04-24,50,47.539135
FOODS_3_412_WI_2_validation,2016-03-28,0,11.146507
FOODS_3_412_WI_2_validation,2016-03-29,0,11.579544
FOODS_3_412_WI_2_validation,2016-03-30,1,9.190874
FOODS_3_412_WI_2_validation,2016-03-31,0,10.4157715
FOODS_3_412_WI_2_validation,2016-04-01,0,12.313321
FOODS_3_412_WI_2_validation,2016-04-02,0,24.462048
FOODS_3_412_WI_2_validation,2016-04-03,0,21.347305
FOODS_3_412_WI_2_validation,2016-04-04,0,10.513981
FOODS_3_412_WI_2_validation,2016-04-05,0,18.917738
FOODS_3_412_WI_2_validation,2016-04-06,0,19.221907
FOODS_3_412_WI_2_validation,2016-04-07,0,10.620798
FOODS_3_412_WI_2_validation,2016-04-08,2,25.13072
FOODS_3_412_WI_2_validation,2016-04-09,0,23.877666
FOODS_3_412_WI_2_validation,2016-04-10,83,15.282157
FOODS_3_412_WI_2_validation,2016-04-11,90,23.303247
FOODS_3_412_WI_2_validation,2016-04-12,4,20.560585
FOODS_3_412_WI_2_validation,2016-04-13,0,12.744165
FOODS_3_412_WI_2_validation,2016-04-14,0,19.04424
FOODS_3_412_WI_2_validation,2016-04-15,0,16.768238
FOODS_3_412_WI_2_validation,2016-04-16,0,12.026472
FOODS_3_412_WI_2_validation,2016-04-17,85,8.9755745
FOODS_3_412_WI_2_validation,2016-04-18,25,11.69218
FOODS_3_412_WI_2_validation,2016-04-19,21,13.112312
FOODS_3_412_WI_2_validation,2016-04-20,12,14.071413
FOODS_3_412_WI_2_validation,2016-04-21,0,13.362954
FOODS_3_412_WI_2_validation,2016-04-22,9,13.560584
FOODS_3_412_WI_2_validation,2016-04-23,27,17.609539
FOODS_3_412_WI_2_validation,2016-04-24,35,14.155762
FOODS_3_462_WI_2_validation,2016-03-28,41,23.310099
FOODS_3_462_WI_2_validation,2016-03-29,26,22.397533
FOODS_3_462_WI_2_validation,2016-03-30,17,21.420555
FOODS_3_462_WI_2_validation,2016-03-31,21,21.540771
FOODS_3_462_WI_2_validation,2016-04-01,29,22.060884
FOODS_3_462_WI_2_validation,2016-04-02,37,34.728855
FOODS_3_462_WI_2_validation,2016-04-03,51,32.851234
FOODS_3_462_WI_2_validation,2016-04-04,20,21.322182
FOODS_3_462_WI_2_validation,2016-04-05,11,24.199091
FOODS_3_462_WI_2_validation,2016-04-06,27,28.852123
FOODS_3_462_WI_2_validation,2016-04-07,35,27.371117
FOODS_3_462_WI_2_validation,2016-04-08,40,28.025127
FOODS_3_462_WI_2_validation,2016-04-09,65,36.435585
FOODS_3_462_WI_2_validation,2016-04-10,39,29.304245
FOODS_3_462_WI_2_validation,2016-04-11,48,28.405525
FOODS_3_462_WI_2_validation,2016-04-12,19,32.910408
FOODS_3_462_WI_2_validation,2016-04-13,26,23.174238
FOODS_3_462_WI_2_validation,2016-04-14,33,27.801962
FOODS_3_462_WI_2_validation,2016-04-15,22,28.63302
FOODS_3_462_WI_2_validation,2016-04-16,42,28.800016
FOODS_3_462_WI_2_validation,2016-04-17,29,32.979343
FOODS_3_462_WI_2_validation,2016-04-18,4,26.369158
FOODS_3_462_WI_2_validation,2016-04-19,17,22.3466
FOODS_3_462_WI_2_validation,2016-04-20,7,22.556255
FOODS_3_462_WI_2_validation,2016-04-21,5,21.441547
FOODS_3_462_WI_2_validation,2016-04-22,14,19.759588
FOODS_3_462_WI_2_validation,2016-04-23,49,32.1257
FOODS_3_462_WI_2_validation,2016-04-24,45,31.219063
FOODS_3_501_CA_3_validation,2016-03-28,11,19.890162
FOODS_3_501_CA_3_validation,2016-03-29,13,17.16349
FOODS_3_501_CA_3_validation,2016-03-30,34,16.707914
FOODS_3_501_CA_3_validation,2016-03-31,15,15.609508
FOODS_3_501_CA_3_validation,2016-04-01,10,17.83049
FOODS_3_501_CA_3_validation,2016-04-02,9,20.471247
FOODS_3_501_CA_3_validation,2016-04-03,37,22.613731
FOODS_3_501_CA_3_validation,2016-04-04,12,19.173014
FOODS_3_501_CA_3_validation,2016-04-05,23,18.022324
FOODS_3_501_CA_3_validation,2016-04-06,17,19.066704
FOODS_3_501_CA_3_validation,2016-04-07,28,17.65731
FOODS_3_501_CA_3_validation,2016-04-08,17,17.252144
FOODS_3_501_CA_3_validation,2016-04-09,13,21.228828
FOODS_3_501_CA_3_validation,2016-04-10,18,22.441784
FOODS_3_501_CA_3_validation,2016-04-11,26,15.490267
FOODS_3_501_CA_3_validation,2016-04-12,13,15.102867
FOODS_3_501_CA_3_validation,2016-04-13,13,14.438591
FOODS_3_501_CA_3_validation,2016-04-14,14,14.71989
FOODS_3_501_CA_3_validation,2016-04-15,8,14.825531
FOODS_3_501_CA_3_validation,2016-04-16,17,18.578703
FOODS_3_501_CA_3_validation,2016-04-17,20,18.457779
FOODS_3_501_CA_3_validation,2016-04-18,17,15.85843
FOODS_3_501_CA_3_validation,2016-04-19,21,14.877164
FOODS_3_501_CA_3_validation,2016-04-20,8,15.040351
FOODS_3_501_CA_3_validation,2016-04-21,12,14.076842
FOODS_3_501_CA_3_validation,2016-04-22,8,15.955518
FOODS_3_501_CA_3_validation,2016-04-23,16,20.524597
FOODS_3_501_CA_3_validation,2016-04-24,23,20.612259
FOODS_3_541_CA_3_validation,2016-03-28,23,23.519377
FOODS_3_541_CA_3_validation,2016-03-29,21,23.17016
FOODS_3_541_CA_3_validation,2016-03-30,17,22.098755
FOODS_3_541_CA_3_validation,2016-03-31,0,23.754679
FOODS_3_541_CA_3_validation,2016-04-01,0,24.519691
FOODS_3_541_CA_3_validation,2016-04-02,0,29.110231
FOODS_3_541_CA_3_validation,2016-04-03,0,31.73259
FOODS_3_541_CA_3_validation,2016-04-04,0,23.549732
FOODS_3_541_CA_3_validation,2016-04-05,0,21.691864
FOODS_3_541_CA_3_validation,2016-04-06,0,21.937048
FOODS_3_541_CA_3_validation,2016-04-07,0,22.853947
FOODS_3_541_CA_3_validation,2016-04-08,0,21.006958
FOODS_3_541_CA_3_validation,2016-04-09,0,27.9623
FOODS_3_541_CA_3_validation,2016-04-10,0,27.341396
FOODS_3_541_CA_3_validation,2016-04-11,0,20.954733
FOODS_3_541_CA_3_validation,2016-04-12,0,18.743586
FOODS_3_541_CA_3_validation,2016-04-13,0,17.452766
FOODS_3_541_CA_3_validation,2016-04-14,0,18.880789
FOODS_3_541_CA_3_validation,2016-04-15,0,17.674286
FOODS_3_541_CA_3_validation,2016-04-16,0,24.58718
FOODS_3_541_CA_3_validation,2016-04-17,0,27.264973
FOODS_3_541_CA_3_validation,2016-04-18,0,20.57656
FOODS_3_541_CA_3_validation,2016-04-19,0,17.49667
FOODS_3_541_CA_3_validation,2016-04-20,0,17.72435
FOODS_3_541_CA_3_validation,2016-04-21,0,19.966082
FOODS_3_541_CA_3_validation,2016-04-22,0,18.888935
FOODS_3_541_CA_3_validation,2016-04-23,0,23.404228
FOODS_3_541_CA_3_validation,2016-04-24,0,29.04248
FOODS_3_547_WI_2_validation,2016-03-28,4,11.356208
FOODS_3_547_WI_2_validation,2016-03-29,1,10.344836
FOODS_3_547_WI_2_validation,2016-03-30,0,13.9054575
FOODS_3_547_WI_2_validation,2016-03-31,1,13.190226
FOODS_3_547_WI_2_validation,2016-04-01,0,14.460465
FOODS_3_547_WI_2_validation,2016-04-02,89,25.802084
FOODS_3_547_WI_2_validation,2016-04-03,66,24.988256
FOODS_3_547_WI_2_validation,2016-04-04,1,12.227235
FOODS_3_547_WI_2_validation,2016-04-05,0,25.936363
FOODS_3_547_WI_2_validation,2016-04-06,0,22.592371
FOODS_3_547_WI_2_validation,2016-04-07,0,12.376336
FOODS_3_547_WI_2_validation,2016-04-08,1,22.921211
FOODS_3_547_WI_2_validation,2016-04-09,3,31.029688
FOODS_3_547_WI_2_validation,2016-04-10,1,16.930952
FOODS_3_547_WI_2_validation,2016-04-11,0,29.445292
FOODS_3_547_WI_2_validation,2016-04-12,0,28.386051
FOODS_3_547_WI_2_validation,2016-04-13,1,17.039772
FOODS_3_547_WI_2_validation,2016-04-14,0,22.585426
FOODS_3_547_WI_2_validation,2016-04-15,0,21.203972
FOODS_3_547_WI_2_validation,2016-04-16,0,16.709757
FOODS_3_547_WI_2_validation,2016-04-17,0,14.811801
FOODS_3_547_WI_2_validation,2016-04-18,24,10.4343195
FOODS_3_547_WI_2_validation,2016-04-19,31,12.051579
FOODS_3_547_WI_2_validation,2016-04-20,18,12.475413
FOODS_3_547_WI_2_validation,2016-04-21,17,12.397203
FOODS_3_547_WI_2_validation,2016-04-22,21,12.415713
FOODS_3_547_WI_2_validation,2016-04-23,18,15.699708
FOODS_3_547_WI_2_validation,2016-04-24,22,16.839941
FOODS_3_555_CA_1_validation,2016-03-28,19,17.826427
FOODS_3_555_CA_1_validation,2016-03-29,19,16.0782
FOODS_3_555_CA_1_validation,2016-03-30,16,16.0782
FOODS_3_555_CA_1_validation,2016-03-31,12,16.83463
FOODS_3_555_CA_1_validation,2016-04-01,19,20.743282
FOODS_3_555_CA_1_validation,2016-04-02,30,25.645647
FOODS_3_555_CA_1_validation,2016-04-03,30,28.693085
FOODS_3_555_CA_1_validation,2016-04-04,16,18.937235
FOODS_3_555_CA_1_validation,2016-04-05,21,17.347183
FOODS_3_555_CA_1_validation,2016-04-06,17,16.863361
FOODS_3_555_CA_1_validation,2016-04-07,13,18.308632
FOODS_3_555_CA_1_validation,2016-04-08,14,19.919521
FOODS_3_555_CA_1_validation,2016-04-09,33,28.111732
FOODS_3_555_CA_1_validation,2016-04-10,26,24.895887
FOODS_3_555_CA_1_validation,2016-04-11,18,18.949205
FOODS_3_555_CA_1_validation,2016-04-12,14,16.334059
FOODS_3_555_CA_1_validation,2016-04-13,15,16.717154
FOODS_3_555_CA_1_validation,2016-04-14,12,16.791254
FOODS_3_555_CA_1_validation,2016-04-15,10,19.994995
FOODS_3_555_CA_1_validation,2016-04-16,32,23.889603
FOODS_3_555_CA_1_validation,2016-04-17,26,24.490337
FOODS_3_555_CA_1_validation,2016-04-18,13,17.466015
FOODS_3_555_CA_1_validation,2016-04-19,21,17.435724
FOODS_3_555_CA_1_validation,2016-04-20,15,16.84177
FOODS_3_555_CA_1_validation,2016-04-21,14,17.359926
FOODS_3_555_CA_1_validation,2016-04-22,14,20.997364
FOODS_3_555_CA_1_validation,2016-04-23,23,26.337065
FOODS_3_555_CA_1_validation,2016-04-24,24,25.558504
FOODS_3_555_CA_3_validation,2016-03-28,24,27.022453
FOODS_3_555_CA_3_validation,2016-03-29,9,26.2826
FOODS_3_555_CA_3_validation,2016-03-30,23,26.400997
FOODS_3_555_CA_3_validation,2016-03-31,25,27.698278
FOODS_3_555_CA_3_validation,2016-04-01,35,30.63068
FOODS_3_555_CA_3_validation,2016-04-02,44,39.186268
FOODS_3_555_CA_3_validation,2016-04-03,33,35.975086
FOODS_3_555_CA_3_validation,2016-04-04,25,28.109568
FOODS_3_555_CA_3_validation,2016-04-05,28,26.69518
FOODS_3_555_CA_3_validation,2016-04-06,35,26.753616
FOODS_3_555_CA_3_validation,2016-04-07,35,25.57769
FOODS_3_555_CA_3_validation,2016-04-08,32,28.567793
FOODS_3_555_CA_3_validation,2016-04-09,38,33.935116
FOODS_3_555_CA_3_validation,2016-04-10,40,34.348625
FOODS_3_555_CA_3_validation,2016-04-11,41,27.321558
FOODS_3_555_CA_3_validation,2016-04-12,23,23.958408
FOODS_3_555_CA_3_validation,2016-04-13,20,25.171326
FOODS_3_555_CA_3_validation,2016-04-14,14,24.81658
FOODS_3_555_CA_3_validation,2016-04-15,31,27.585085
FOODS_3_555_CA_3_validation,2016-04-16,46,36.814857
FOODS_3_555_CA_3_validation,2016-04-17,49,34.918518
FOODS_3_555_CA_3_validation,2016-04-18,31,26.315834
FOODS_3_555_CA_3_validation,2016-04-19,31,26.368578
FOODS_3_555_CA_3_validation,2016-04-20,27,24.721207
FOODS_3_555_CA_3_validation,2016-04-21,26,25.132517
FOODS_3_555_CA_3_validation,2016-04-22,30,33.91008
FOODS_3_555_CA_3_validation,2016-04-23,33,36.657703
FOODS_3_555_CA_3_validation,2016-04-24,36,39.460217
FOODS_3_555_TX_1_validation,2016-03-28,23,23.648268
FOODS_3_555_TX_1_validation,2016-03-29,13,20.490486
FOODS_3_555_TX_1_validation,2016-03-30,15,20.111792
FOODS_3_555_TX_1_validation,2016-03-31,35,24.321428
FOODS_3_555_TX_1_validation,2016-04-01,28,25.645288
FOODS_3_555_TX_1_validation,2016-04-02,44,30.49657
FOODS_3_555_TX_1_validation,2016-04-03,32,31.143759
FOODS_3_555_TX_1_validation,2016-04-04,23,23.665289
FOODS_3_555_TX_1_validation,2016-04-05,31,24.035091
FOODS_3_555_TX_1_validation,2016-04-06,30,22.722227
FOODS_3_555_TX_1_validation,2016-04-07,37,24.411705
FOODS_3_555_TX_1_validation,2016-04-08,38,26.691298
FOODS_3_555_TX_1_validation,2016-04-09,34,36.53645
FOODS_3_555_TX_1_validation,2016-04-10,34,35.06265
FOODS_3_555_TX_1_validation,2016-04-11,19,28.654108
FOODS_3_555_TX_1_validation,2016-04-12,26,24.409544
FOODS_3_555_TX_1_validation,2016-04-13,21,23.520235
FOODS_3_555_TX_1_validation,2016-04-14,25,25.577051
FOODS_3_555_TX_1_validation,2016-04-15,30,30.227352
FOODS_3_555_TX_1_validation,2016-04-16,19,32.575134
FOODS_3_555_TX_1_validation,2016-04-17,32,33.570274
FOODS_3_555_TX_1_validation,2016-04-18,32,23.135899
FOODS_3_555_TX_1_validation,2016-04-19,35,20.799059
FOODS_3_555_TX_1_validation,2016-04-20,26,25.966528
FOODS_3_555_TX_1_validation,2016-04-21,26,25.920795
FOODS_3_555_TX_1_validation,2016-04-22,30,29.53822
FOODS_3_555_TX_1_validation,2016-04-23,38,34.991726
FOODS_3_555_TX_1_validation,2016-04-24,28,38.322918
FOODS_3_555_TX_2_validation,2016-03-28,29,46.111286
FOODS_3_555_TX_2_validation,2016-03-29,33,41.83975
FOODS_3_555_TX_2_validation,2016-03-30,33,40.473316
FOODS_3_555_TX_2_validation,2016-03-31,47,41.630527
FOODS_3_555_TX_2_validation,2016-04-01,51,51.0153
FOODS_3_555_TX_2_validation,2016-04-02,70,64.09855
FOODS_3_555_TX_2_validation,2016-04-03,49,60.756573
FOODS_3_555_TX_2_validation,2016-04-04,44,44.88558
FOODS_3_555_TX_2_validation,2016-04-05,31,39.75237
FOODS_3_555_TX_2_validation,2016-04-06,33,42.423275
FOODS_3_555_TX_2_validation,2016-04-07,48,42.12368
FOODS_3_555_TX_2_validation,2016-04-08,54,47.885307
FOODS_3_555_TX_2_validation,2016-04-09,57,63.226166
FOODS_3_555_TX_2_validation,2016-04-10,57,62.750004
FOODS_3_555_TX_2_validation,2016-04-11,35,44.64084
FOODS_3_555_TX_2_validation,2016-04-12,32,43.384007
FOODS_3_555_TX_2_validation,2016-04-13,23,41.212574
FOODS_3_555_TX_2_validation,2016-04-14,41,39.706078
FOODS_3_555_TX_2_validation,2016-04-15,39,53.121613
FOODS_3_555_TX_2_validation,2016-04-16,57,61.456257
FOODS_3_555_TX_2_validation,2016-04-17,54,59.33928
FOODS_3_555_TX_2_validation,2016-04-18,35,41.9836
FOODS_3_555_TX_2_validation,2016-04-19,28,37.776302
FOODS_3_555_TX_2_validation,2016-04-20,33,39.867256
FOODS_3_555_TX_2_validation,2016-04-21,34,40.625393
FOODS_3_555_TX_2_validation,2016-04-22,41,48.532455
FOODS_3_555_TX_2_validation,2016-04-23,48,63.91195
FOODS_3_555_TX_2_validation,2016-04-24,39,64.060356
FOODS_3_555_TX_3_validation,2016-03-28,24,28.244144
FOODS_3_555_TX_3_validation,2016-03-29,24,24.737955
FOODS_3_555_TX_3_validation,2016-03-30,17,26.768618
FOODS_3_555_TX_3_validation,2016-03-31,27,28.159525
FOODS_3_555_TX_3_validation,2016-04-01,23,34.38425
FOODS_3_555_TX_3_validation,2016-04-02,33,36.75424
FOODS_3_555_TX_3_validation,2016-04-03,40,32.873367
FOODS_3_555_TX_3_validation,2016-04-04,30,26.114944
FOODS_3_555_TX_3_validation,2016-04-05,27,24.353657
FOODS_3_555_TX_3_validation,2016-04-06,24,24.470459
FOODS_3_555_TX_3_validation,2016-04-07,26,26.825974
FOODS_3_555_TX_3_validation,2016-04-08,35,26.273527
FOODS_3_555_TX_3_validation,2016-04-09,37,36.141224
FOODS_3_555_TX_3_validation,2016-04-10,38,35.83376
FOODS_3_555_TX_3_validation,2016-04-11,23,28.168879
FOODS_3_555_TX_3_validation,2016-04-12,23,26.421383
FOODS_3_555_TX_3_validation,2016-04-13,18,28.582745
FOODS_3_555_TX_3_validation,2016-04-14,30,24.54376
FOODS_3_555_TX_3_validation,2016-04-15,30,28.541595
FOODS_3_555_TX_3_validation,2016-04-16,27,32.084515
FOODS_3_555_TX_3_validation,2016-04-17,29,28.755571
FOODS_3_555_TX_3_validation,2016-04-18,4,22.596458
FOODS_3_555_TX_3_validation,2016-04-19,28,21.312914
FOODS_3_555_TX_3_validation,2016-04-20,29,20.932438
FOODS_3_555_TX_3_validation,2016-04-21,28,22.005117
FOODS_3_555_TX_3_validation,2016-04-22,40,28.092754
FOODS_3_555_TX_3_validation,2016-04-23,50,33.74634
FOODS_3_555_TX_3_validation,2016-04-24,17,36.393562
FOODS_3_555_WI_3_validation,2016-03-28,22,22.164833
FOODS_3_555_WI_3_validation,2016-03-29,24,22.22006
FOODS_3_555_WI_3_validation,2016-03-30,22,21.716366
FOODS_3_555_WI_3_validation,2016-03-31,13,22.319256
FOODS_3_555_WI_3_validation,2016-04-01,20,25.785877
FOODS_3_555_WI_3_validation,2016-04-02,47,33.1947
FOODS_3_555_WI_3_validation,2016-04-03,51,30.462212
FOODS_3_555_WI_3_validation,2016-04-04,18,28.028675
FOODS_3_555_WI_3_validation,2016-04-05,15,25.50003
FOODS_3_555_WI_3_validation,2016-04-06,20,23.568188
FOODS_3_555_WI_3_validation,2016-04-07,26,23.644604
FOODS_3_555_WI_3_validation,2016-04-08,18,27.613623
FOODS_3_555_WI_3_validation,2016-04-09,41,33.016033
FOODS_3_555_WI_3_validation,2016-04-10,28,32.80878
FOODS_3_555_WI_3_validation,2016-04-11,21,24.479078
FOODS_3_555_WI_3_validation,2016-04-12,17,23.679607
FOODS_3_555_WI_3_validation,2016-04-13,16,23.194283
FOODS_3_555_WI_3_validation,2016-04-14,28,24.35626
FOODS_3_555_WI_3_validation,2016-04-15,25,27.291992
FOODS_3_555_WI_3_validation,2016-04-16,43,34.14395
FOODS_3_555_WI_3_validation,2016-04-17,37,29.173286
FOODS_3_555_WI_3_validation,2016-04-18,41,22.369776
FOODS_3_555_WI_3_validation,2016-04-19,30,21.971836
FOODS_3_555_WI_3_validation,2016-04-20,23,20.32156
FOODS_3_555_WI_3_validation,2016-04-21,24,21.405762
FOODS_3_555_WI_3_validation,2016-04-22,26,28.614721
FOODS_3_555_WI_3_validation,2016-04-23,43,36.326557
FOODS_3_555_WI_3_validation,2016-04-24,25,33.361248
FOODS_3_586_CA_1_validation,2016-03-28,27,34.93145
FOODS_3_586_CA_1_validation,2016-03-29,32,31.148695
FOODS_3_586_CA_1_validation,2016-03-30,26,32.78715
FOODS_3_586_CA_1_validation,2016-03-31,28,33.52185
FOODS_3_586_CA_1_validation,2016-04-01,36,38.37879
FOODS_3_586_CA_1_validation,2016-04-02,65,49.280857
FOODS_3_586_CA_1_validation,2016-04-03,54,51.298542
FOODS_3_586_CA_1_validation,2016-04-04,30,38.0902
FOODS_3_586_CA_1_validation,2016-04-05,37,36.61855
FOODS_3_586_CA_1_validation,2016-04-06,27,35.5599
FOODS_3_586_CA_1_validation,2016-04-07,35,36.939114
FOODS_3_586_CA_1_validation,2016-04-08,41,36.764553
FOODS_3_586_CA_1_validation,2016-04-09,60,48.31764
FOODS_3_586_CA_1_validation,2016-04-10,48,47.277103
FOODS_3_586_CA_1_validation,2016-04-11,36,36.12053
FOODS_3_586_CA_1_validation,2016-04-12,29,30.854122
FOODS_3_586_CA_1_validation,2016-04-13,20,29.994648
FOODS_3_586_CA_1_validation,2016-04-14,43,33.217876
FOODS_3_586_CA_1_validation,2016-04-15,32,36.69495
FOODS_3_586_CA_1_validation,2016-04-16,37,47.5502
FOODS_3_586_CA_1_validation,2016-04-17,64,48.04828
FOODS_3_586_CA_1_validation,2016-04-18,30,33.626213
FOODS_3_586_CA_1_validation,2016-04-19,40,29.152752
FOODS_3_586_CA_1_validation,2016-04-20,31,31.862839
FOODS_3_586_CA_1_validation,2016-04-21,45,33.479797
FOODS_3_586_CA_1_validation,2016-04-22,28,39.79368
FOODS_3_586_CA_1_validation,2016-04-23,40,52.409454
FOODS_3_586_CA_1_validation,2016-04-24,54,54.14586
FOODS_3_586_CA_2_validation,2016-03-28,26,32.393116
FOODS_3_586_CA_2_validation,2016-03-29,27,32.828236
FOODS_3_586_CA_2_validation,2016-03-30,26,32.828236
FOODS_3_586_CA_2_validation,2016-03-31,28,32.69337
FOODS_3_586_CA_2_validation,2016-04-01,30,39.465572
FOODS_3_586_CA_2_validation,2016-04-02,49,48.014328
FOODS_3_586_CA_2_validation,2016-04-03,34,47.251053
FOODS_3_586_CA_2_validation,2016-04-04,26,34.14364
FOODS_3_586_CA_2_validation,2016-04-05,25,33.205795
FOODS_3_586_CA_2_validation,2016-04-06,27,34.79206
FOODS_3_586_CA_2_validation,2016-04-07,33,35.56227
FOODS_3_586_CA_2_validation,2016-04-08,36,38.90185
FOODS_3_586_CA_2_validation,2016-04-09,49,46.151
FOODS_3_586_CA_2_validation,2016-04-10,30,44.6668
FOODS_3_586_CA_2_validation,2016-04-11,38,34.731686
FOODS_3_586_CA_2_validation,2016-04-12,24,29.598877
FOODS_3_586_CA_2_validation,2016-04-13,29,31.977442
FOODS_3_586_CA_2_validation,2016-04-14,18,29.124296
FOODS_3_586_CA_2_validation,2016-04-15,24,34.120155
FOODS_3_586_CA_2_validation,2016-04-16,47,40.054485
FOODS_3_586_CA_2_validation,2016-04-17,39,36.164974
FOODS_3_586_CA_2_validation,2016-04-18,26,27.829103
FOODS_3_586_CA_2_validation,2016-04-19,45,28.16194
FOODS_3_586_CA_2_validation,2016-04-20,42,26.435492
FOODS_3_586_CA_2_validation,2016-04-21,30,31.640991
FOODS_3_586_CA_2_validation,2016-04-22,34,36.979153
FOODS_3_586_CA_2_validation,2016-04-23,39,48.678795
FOODS_3_586_CA_2_validation,2016-04-24,36,49.4601
FOODS_3_586_CA_3_validation,2016-03-28,60,61.706497
FOODS_3_586_CA_3_validation,2016-03-29,53,65.417496
FOODS_3_586_CA_3_validation,2016-03-30,44,58.361523
FOODS_3_586_CA_3_validation,2016-03-31,42,64.619286
FOODS_3_586_CA_3_validation,2016-04-01,62,61.50018
FOODS_3_586_CA_3_validation,2016-04-02,72,80.98804
FOODS_3_586_CA_3_validation,2016-04-03,73,82.09728
FOODS_3_586_CA_3_validation,2016-04-04,60,67.239334
FOODS_3_586_CA_3_validation,2016-04-05,70,63.15927
FOODS_3_586_CA_3_validation,2016-04-06,75,59.693832
FOODS_3_586_CA_3_validation,2016-04-07,69,57.212982
FOODS_3_586_CA_3_validation,2016-04-08,58,63.374363
FOODS_3_586_CA_3_validation,2016-04-09,84,81.19525
FOODS_3_586_CA_3_validation,2016-04-10,85,81.61211
FOODS_3_586_CA_3_validation,2016-04-11,76,57.97267
FOODS_3_586_CA_3_validation,2016-04-12,60,54.291977
FOODS_3_586_CA_3_validation,2016-04-13,52,52.671318
FOODS_3_586_CA_3_validation,2016-04-14,63,57.785736
FOODS_3_586_CA_3_validation,2016-04-15,57,58.22186
FOODS_3_586_CA_3_validation,2016-04-16,85,70.76503
FOODS_3_586_CA_3_validation,2016-04-17,91,76.6238
FOODS_3_586_CA_3_validation,2016-04-18,77,53.255455
FOODS_3_586_CA_3_validation,2016-04-19,75,56.34127
FOODS_3_586_CA_3_validation,2016-04-20,70,59.242725
FOODS_3_586_CA_3_validation,2016-04-21,48,60.63131
FOODS_3_586_CA_3_validation,2016-04-22,61,66.28258
FOODS_3_586_CA_3_validation,2016-04-23,74,81.72383
FOODS_3_586_CA_3_validation,2016-04-24,78,81.943985
FOODS_3_586_TX_1_validation,2016-03-28,54,44.979733
FOODS_3_586_TX_1_validation,2016-03-29,22,42.76267
FOODS_3_586_TX_1_validation,2016-03-30,38,44.231983
FOODS_3_586_TX_1_validation,2016-03-31,44,46.290016
FOODS_3_586_TX_1_validation,2016-04-01,40,47.593235
FOODS_3_586_TX_1_validation,2016-04-02,55,61.76909
FOODS_3_586_TX_1_validation,2016-04-03,74,61.132866
FOODS_3_586_TX_1_validation,2016-04-04,61,46.368053
FOODS_3_586_TX_1_validation,2016-04-05,65,44.22814
FOODS_3_586_TX_1_validation,2016-04-06,44,43.25258
FOODS_3_586_TX_1_validation,2016-04-07,74,45.57372
FOODS_3_586_TX_1_validation,2016-04-08,54,50.891277
FOODS_3_586_TX_1_validation,2016-04-09,52,61.159683
FOODS_3_586_TX_1_validation,2016-04-10,75,58.08499
FOODS_3_586_TX_1_validation,2016-04-11,38,45.103825
FOODS_3_586_TX_1_validation,2016-04-12,39,45.808685
FOODS_3_586_TX_1_validation,2016-04-13,47,43.37875
FOODS_3_586_TX_1_validation,2016-04-14,42,43.882824
FOODS_3_586_TX_1_validation,2016-04-15,53,50.05268
FOODS_3_586_TX_1_validation,2016-04-16,50,57.437977
FOODS_3_586_TX_1_validation,2016-04-17,68,52.6964
FOODS_3_586_TX_1_validation,2016-04-18,72,41.51456
FOODS_3_586_TX_1_validation,2016-04-19,81,41.313084
FOODS_3_586_TX_1_validation,2016-04-20,45,44.01271
FOODS_3_586_TX_1_validation,2016-04-21,59,42.69033
FOODS_3_586_TX_1_validation,2016-04-22,50,52.490974
FOODS_3_586_TX_1_validation,2016-04-23,56,62.29085
FOODS_3_586_TX_1_validation,2016-04-24,58,65.44343
FOODS_3_586_TX_2_validation,2016-03-28,59,77.13618
FOODS_3_586_TX_2_validation,2016-03-29,51,82.3582
FOODS_3_586_TX_2_validation,2016-03-30,61,74.67318
FOODS_3_586_TX_2_validation,2016-03-31,79,84.86861
FOODS_3_586_TX_2_validation,2016-04-01,77,98.21687
FOODS_3_586_TX_2_validation,2016-04-02,98,116.90021
FOODS_3_586_TX_2_validation,2016-04-03,107,118.38377
FOODS_3_586_TX_2_validation,2016-04-04,68,78.89011
FOODS_3_586_TX_2_validation,2016-04-05,74,79.85007
FOODS_3_586_TX_2_validation,2016-04-06,72,85.81764
FOODS_3_586_TX_2_validation,2016-04-07,87,89.31901
FOODS_3_586_TX_2_validation,2016-04-08,79,92.74526
FOODS_3_586_TX_2_validation,2016-04-09,100,119.37645
FOODS_3_586_TX_2_validation,2016-04-10,114,115.89506
FOODS_3_586_TX_2_validation,2016-04-11,66,90.99623
FOODS_3_586_TX_2_validation,2016-04-12,53,87.3618
FOODS_3_586_TX_2_validation,2016-04-13,62,79.60626
FOODS_3_586_TX_2_validation,2016-04-14,69,86.04626
FOODS_3_586_TX_2_validation,2016-04-15,80,99.719185
FOODS_3_586_TX_2_validation,2016-04-16,78,114.34803
FOODS_3_586_TX_2_validation,2016-04-17,102,113.3696
FOODS_3_586_TX_2_validation,2016-04-18,54,78.914345
FOODS_3_586_TX_2_validation,2016-04-19,67,73.770035
FOODS_3_586_TX_2_validation,2016-04-20,57,74.92342
FOODS_3_586_TX_2_validation,2016-04-21,59,73.89882
FOODS_3_586_TX_2_validation,2016-04-22,80,95.60752
FOODS_3_586_TX_2_validation,2016-04-23,100,117.282295
FOODS_3_586_TX_2_validation,2016-04-24,75,113.50232
FOODS_3_586_TX_3_validation,2016-03-28,45,68.779305
FOODS_3_586_TX_3_validation,2016-03-29,46,64.90054
FOODS_3_586_TX_3_validation,2016-03-30,45,60.22585
FOODS_3_586_TX_3_validation,2016-03-31,54,66.046646
FOODS_3_586_TX_3_validation,2016-04-01,61,73.17898
FOODS_3_586_TX_3_validation,2016-04-02,62,84.6785
FOODS_3_586_TX_3_validation,2016-04-03,72,80.502426
FOODS_3_586_TX_3_validation,2016-04-04,54,70.88763
FOODS_3_586_TX_3_validation,2016-04-05,77,61.400143
FOODS_3_586_TX_3_validation,2016-04-06,45,61.81102
FOODS_3_586_TX_3_validation,2016-04-07,51,65.52492
FOODS_3_586_TX_3_validation,2016-04-08,68,71.84545
FOODS_3_586_TX_3_validation,2016-04-09,77,83.18931
FOODS_3_586_TX_3_validation,2016-04-10,72,81.37838
FOODS_3_586_TX_3_validation,2016-04-11,58,71.127594
FOODS_3_586_TX_3_validation,2016-04-12,43,61.16162
FOODS_3_586_TX_3_validation,2016-04-13,67,67.33508
FOODS_3_586_TX_3_validation,2016-04-14,55,61.74897
FOODS_3_586_TX_3_validation,2016-04-15,56,66.95398
FOODS_3_586_TX_3_validation,2016-04-16,67,82.924904
FOODS_3_586_TX_3_validation,2016-04-17,69,81.40284
FOODS_3_586_TX_3_validation,2016-04-18,49,64.51245
FOODS_3_586_TX_3_validation,2016-04-19,55,57.227295
FOODS_3_586_TX_3_validation,2016-04-20,60,55.94669
FOODS_3_586_TX_3_validation,2016-04-21,55,58.181465
FOODS_3_586_TX_3_validation,2016-04-22,55,69.638405
FOODS_3_586_TX_3_validation,2016-04-23,66,82.32018
FOODS_3_586_TX_3_validation,2016-04-24,47,81.9282
FOODS_3_586_WI_3_validation,2016-03-28,29,27.950274
FOODS_3_586_WI_3_validation,2016-03-29,24,23.884151
FOODS_3_586_WI_3_validation,2016-03-30,27,26.197844
FOODS_3_586_WI_3_validation,2016-03-31,20,27.773504
FOODS_3_586_WI_3_validation,2016-04-01,37,31.775465
FOODS_3_586_WI_3_validation,2016-04-02,34,41.855827
FOODS_3_586_WI_3_validation,2016-04-03,37,41.09257
FOODS_3_586_WI_3_validation,2016-04-04,21,29.78184
FOODS_3_586_WI_3_validation,2016-04-05,15,33.787518
FOODS_3_586_WI_3_validation,2016-04-06,35,31.108116
FOODS_3_586_WI_3_validation,2016-04-07,33,29.570072
FOODS_3_586_WI_3_validation,2016-04-08,25,35.858833
FOODS_3_586_WI_3_validation,2016-04-09,35,42.118023
FOODS_3_586_WI_3_validation,2016-04-10,38,39.73474
FOODS_3_586_WI_3_validation,2016-04-11,32,31.727129
FOODS_3_586_WI_3_validation,2016-04-12,16,30.492682
FOODS_3_586_WI_3_validation,2016-04-13,27,29.474463
FOODS_3_586_WI_3_validation,2016-04-14,29,29.907217
FOODS_3_586_WI_3_validation,2016-04-15,37,36.402332
FOODS_3_586_WI_3_validation,2016-04-16,48,40.679962
FOODS_3_586_WI_3_validation,2016-04-17,40,40.803574
FOODS_3_586_WI_3_validation,2016-04-18,35,30.239395
FOODS_3_586_WI_3_validation,2016-04-19,22,27.372341
FOODS_3_586_WI_3_validation,2016-04-20,25,26.801432
FOODS_3_586_WI_3_validation,2016-04-21,31,26.910276
FOODS_3_586_WI_3_validation,2016-04-22,35,38.65108
FOODS_3_586_WI_3_validation,2016-04-23,47,43.711082
FOODS_3_586_WI_3_validation,2016-04-24,44,36.431183
FOODS_3_587_CA_1_validation,2016-03-28,38,24.755276
FOODS_3_587_CA_1_validation,2016-03-29,26,23.713844
FOODS_3_587_CA_1_validation,2016-03-30,25,22.090298
FOODS_3_587_CA_1_validation,2016-03-31,15,22.647982
FOODS_3_587_CA_1_validation,2016-04-01,15,24.063162
FOODS_3_587_CA_1_validation,2016-04-02,27,31.554983
FOODS_3_587_CA_1_validation,2016-04-03,29,37.82567
FOODS_3_587_CA_1_validation,2016-04-04,23,27.133732
FOODS_3_587_CA_1_validation,2016-04-05,21,25.104628
FOODS_3_587_CA_1_validation,2016-04-06,21,26.366047
FOODS_3_587_CA_1_validation,2016-04-07,16,24.227207
FOODS_3_587_CA_1_validation,2016-04-08,22,27.225092
FOODS_3_587_CA_1_validation,2016-04-09,24,34.378994
FOODS_3_587_CA_1_validation,2016-04-10,43,31.593605
FOODS_3_587_CA_1_validation,2016-04-11,33,26.980335
FOODS_3_587_CA_1_validation,2016-04-12,16,20.485476
FOODS_3_587_CA_1_validation,2016-04-13,23,24.652807
FOODS_3_587_CA_1_validation,2016-04-14,21,22.642351
FOODS_3_587_CA_1_validation,2016-04-15,20,24.596329
FOODS_3_587_CA_1_validation,2016-04-16,27,39.454014
FOODS_3_587_CA_1_validation,2016-04-17,36,40.123463
FOODS_3_587_CA_1_validation,2016-04-18,16,30.729477
FOODS_3_587_CA_1_validation,2016-04-19,10,26.324482
FOODS_3_587_CA_1_validation,2016-04-20,15,25.011768
FOODS_3_587_CA_1_validation,2016-04-21,10,26.570564
FOODS_3_587_CA_1_validation,2016-04-22,21,30.961493
FOODS_3_587_CA_1_validation,2016-04-23,24,36.20283
FOODS_3_587_CA_1_validation,2016-04-24,26,40.17961
FOODS_3_587_CA_3_validation,2016-03-28,27,34.566402
FOODS_3_587_CA_3_validation,2016-03-29,60,28.216627
FOODS_3_587_CA_3_validation,2016-03-30,28,30.920597
FOODS_3_587_CA_3_validation,2016-03-31,37,31.158318
FOODS_3_587_CA_3_validation,2016-04-01,24,33.321243
FOODS_3_587_CA_3_validation,2016-04-02,37,41.7844
FOODS_3_587_CA_3_validation,2016-04-03,48,46.71324
FOODS_3_587_CA_3_validation,2016-04-04,38,38.0065
FOODS_3_587_CA_3_validation,2016-04-05,34,36.334454
FOODS_3_587_CA_3_validation,2016-04-06,29,38.021126
FOODS_3_587_CA_3_validation,2016-04-07,35,34.90511
FOODS_3_587_CA_3_validation,2016-04-08,42,34.27191
FOODS_3_587_CA_3_validation,2016-04-09,46,40.232178
FOODS_3_587_CA_3_validation,2016-04-10,49,42.96266
FOODS_3_587_CA_3_validation,2016-04-11,38,34.711742
FOODS_3_587_CA_3_validation,2016-04-12,22,31.528429
FOODS_3_587_CA_3_validation,2016-04-13,41,27.78306
FOODS_3_587_CA_3_validation,2016-04-14,29,27.847752
FOODS_3_587_CA_3_validation,2016-04-15,33,29.11183
FOODS_3_587_CA_3_validation,2016-04-16,28,35.33716
FOODS_3_587_CA_3_validation,2016-04-17,60,37.489002
FOODS_3_587_CA_3_validation,2016-04-18,31,31.75391
FOODS_3_587_CA_3_validation,2016-04-19,25,30.24023
FOODS_3_587_CA_3_validation,2016-04-20,25,28.573229
FOODS_3_587_CA_3_validation,2016-04-21,23,26.647284
FOODS_3_587_CA_3_validation,2016-04-22,37,27.437653
FOODS_3_587_CA_3_validation,2016-04-23,28,35.82348
FOODS_3_587_CA_3_validation,2016-04-24,41,36.828743
FOODS_3_587_TX_1_validation,2016-03-28,22,30.568722
FOODS_3_587_TX_1_validation,2016-03-29,27,29.586569
FOODS_3_587_TX_1_validation,2016-03-30,24,27.271301
FOODS_3_587_TX_1_validation,2016-03-31,11,28.966738
FOODS_3_587_TX_1_validation,2016-04-01,12,31.504187
FOODS_3_587_TX_1_validation,2016-04-02,22,36.326675
FOODS_3_587_TX_1_validation,2016-04-03,21,44.25982
FOODS_3_587_TX_1_validation,2016-04-04,16,31.127466
FOODS_3_587_TX_1_validation,2016-04-05,19,31.267927
FOODS_3_587_TX_1_validation,2016-04-06,15,29.472973
FOODS_3_587_TX_1_validation,2016-04-07,22,28.872196
FOODS_3_587_TX_1_validation,2016-04-08,32,30.576998
FOODS_3_587_TX_1_validation,2016-04-09,32,38.799847
FOODS_3_587_TX_1_validation,2016-04-10,24,41.875977
FOODS_3_587_TX_1_validation,2016-04-11,29,33.735027
FOODS_3_587_TX_1_validation,2016-04-12,32,29.551498
FOODS_3_587_TX_1_validation,2016-04-13,29,32.729218
FOODS_3_587_TX_1_validation,2016-04-14,24,26.929583
FOODS_3_587_TX_1_validation,2016-04-15,38,29.979279
FOODS_3_587_TX_1_validation,2016-04-16,24,37.37363
FOODS_3_587_TX_1_validation,2016-04-17,16,37.763775
FOODS_3_587_TX_1_validation,2016-04-18,23,28.157526
FOODS_3_587_TX_1_validation,2016-04-19,28,30.22245
FOODS_3_587_TX_1_validation,2016-04-20,21,27.42921
FOODS_3_587_TX_1_validation,2016-04-21,17,27.275816
FOODS_3_587_TX_1_validation,2016-04-22,17,29.755955
FOODS_3_587_TX_1_validation,2016-04-23,32,38.203617
FOODS_3_587_TX_1_validation,2016-04-24,24,39.506435
FOODS_3_587_TX_2_validation,2016-03-28,27,29.593506
FOODS_3_587_TX_2_validation,2016-03-29,22,26.935734
FOODS_3_587_TX_2_validation,2016-03-30,21,27.087175
FOODS_3_587_TX_2_validation,2016-03-31,25,26.728695
FOODS_3_587_TX_2_validation,2016-04-01,21,29.705954
FOODS_3_587_TX_2_validation,2016-04-02,33,35.63676
FOODS_3_587_TX_2_validation,2016-04-03,34,39.60465
FOODS_3_587_TX_2_validation,2016-04-04,31,30.033096
FOODS_3_587_TX_2_validation,2016-04-05,14,28.819504
FOODS_3_587_TX_2_validation,2016-04-06,25,27.861734
FOODS_3_587_TX_2_validation,2016-04-07,35,28.44865
FOODS_3_587_TX_2_validation,2016-04-08,28,28.866774
FOODS_3_587_TX_2_validation,2016-04-09,32,35.829838
FOODS_3_587_TX_2_validation,2016-04-10,54,36.48495
FOODS_3_587_TX_2_validation,2016-04-11,32,32.726284
FOODS_3_587_TX_2_validation,2016-04-12,23,28.96933
FOODS_3_587_TX_2_validation,2016-04-13,22,28.729471
FOODS_3_587_TX_2_validation,2016-04-14,20,27.272978
FOODS_3_587_TX_2_validation,2016-04-15,27,29.965298
FOODS_3_587_TX_2_validation,2016-04-16,26,37.077274
FOODS_3_587_TX_2_validation,2016-04-17,36,39.89253
FOODS_3_587_TX_2_validation,2016-04-18,23,30.425066
FOODS_3_587_TX_2_validation,2016-04-19,30,29.100859
FOODS_3_587_TX_2_validation,2016-04-20,19,28.138712
FOODS_3_587_TX_2_validation,2016-04-21,19,25.310287
FOODS_3_587_TX_2_validation,2016-04-22,34,29.781889
FOODS_3_587_TX_2_validation,2016-04-23,38,38.273727
FOODS_3_587_TX_2_validation,2016-04-24,44,39.536423
FOODS_3_587_TX_3_validation,2016-03-28,12,37.542004
FOODS_3_587_TX_3_validation,2016-03-29,14,37.269318
FOODS_3_587_TX_3_validation,2016-03-30,13,39.92406
FOODS_3_587_TX_3_validation,2016-03-31,9,41.33383
FOODS_3_587_TX_3_validation,2016-04-01,26,39.05464
FOODS_3_587_TX_3_validation,2016-04-02,26,49.520885
FOODS_3_587_TX_3_validation,2016-04-03,31,53.510788
FOODS_3_587_TX_3_validation,2016-04-04,17,44.94659
FOODS_3_587_TX_3_validation,2016-04-05,21,41.057137
FOODS_3_587_TX_3_validation,2016-04-06,19,39.101017
FOODS_3_587_TX_3_validation,2016-04-07,18,42.20365
FOODS_3_587_TX_3_validation,2016-04-08,19,39.386612
FOODS_3_587_TX_3_validation,2016-04-09,21,48.844196
FOODS_3_587_TX_3_validation,2016-04-10,26,56.95275
FOODS_3_587_TX_3_validation,2016-04-11,25,42.395405
FOODS_3_587_TX_3_validation,2016-04-12,20,40.58285
FOODS_3_587_TX_3_validation,2016-04-13,28,40.76713
FOODS_3_587_TX_3_validation,2016-04-14,19,39.80139
FOODS_3_587_TX_3_validation,2016-04-15,27,39.238068
FOODS_3_587_TX_3_validation,2016-04-16,23,45.588894
FOODS_3_587_TX_3_validation,2016-04-17,25,50.541924
FOODS_3_587_TX_3_validation,2016-04-18,22,39.943314
FOODS_3_587_TX_3_validation,2016-04-19,15,36.386677
FOODS_3_587_TX_3_validation,2016-04-20,16,33.014874
FOODS_3_587_TX_3_validation,2016-04-21,14,30.514711
FOODS_3_587_TX_3_validation,2016-04-22,25,30.922684
FOODS_3_587_TX_3_validation,2016-04-23,18,36.61183
FOODS_3_587_TX_3_validation,2016-04-24,20,36.318207
FOODS_3_587_WI_3_validation,2016-03-28,32,21.526375
FOODS_3_587_WI_3_validation,2016-03-29,43,20.123056
FOODS_3_587_WI_3_validation,2016-03-30,37,19.40161
FOODS_3_587_WI_3_validation,2016-03-31,37,20.608255
FOODS_3_587_WI_3_validation,2016-04-01,39,21.232224
FOODS_3_587_WI_3_validation,2016-04-02,55,32.168842
FOODS_3_587_WI_3_validation,2016-04-03,71,29.557924
FOODS_3_587_WI_3_validation,2016-04-04,37,19.484694
FOODS_3_587_WI_3_validation,2016-04-05,44,18.815788
FOODS_3_587_WI_3_validation,2016-04-06,44,18.466139
FOODS_3_587_WI_3_validation,2016-04-07,27,15.912752
FOODS_3_587_WI_3_validation,2016-04-08,32,18.45379
FOODS_3_587_WI_3_validation,2016-04-09,45,26.066935
FOODS_3_587_WI_3_validation,2016-04-10,44,33.198547
FOODS_3_587_WI_3_validation,2016-04-11,50,24.056736
FOODS_3_587_WI_3_validation,2016-04-12,22,23.841805
FOODS_3_587_WI_3_validation,2016-04-13,21,26.961405
FOODS_3_587_WI_3_validation,2016-04-14,23,25.035664
FOODS_3_587_WI_3_validation,2016-04-15,26,29.386574
FOODS_3_587_WI_3_validation,2016-04-16,21,33.868687
FOODS_3_587_WI_3_validation,2016-04-17,38,34.4828
FOODS_3_587_WI_3_validation,2016-04-18,42,28.125837
FOODS_3_587_WI_3_validation,2016-04-19,15,27.438663
FOODS_3_587_WI_3_validation,2016-04-20,17,22.594639
FOODS_3_587_WI_3_validation,2016-04-21,14,20.860758
FOODS_3_587_WI_3_validation,2016-04-22,17,25.823038
FOODS_3_587_WI_3_validation,2016-04-23,30,30.71393
FOODS_3_587_WI_3_validation,2016-04-24,29,31.888475
FOODS_3_607_CA_3_validation,2016-03-28,12,16.655838
FOODS_3_607_CA_3_validation,2016-03-29,9,16.14613
FOODS_3_607_CA_3_validation,2016-03-30,12,15.290841
FOODS_3_607_CA_3_validation,2016-03-31,6,15.093249
FOODS_3_607_CA_3_validation,2016-04-01,16,16.80599
FOODS_3_607_CA_3_validation,2016-04-02,19,20.235514
FOODS_3_607_CA_3_validation,2016-04-03,27,21.948977
FOODS_3_607_CA_3_validation,2016-04-04,10,18.78284
FOODS_3_607_CA_3_validation,2016-04-05,20,19.198708
FOODS_3_607_CA_3_validation,2016-04-06,9,16.496738
FOODS_3_607_CA_3_validation,2016-04-07,11,16.456614
FOODS_3_607_CA_3_validation,2016-04-08,9,16.427927
FOODS_3_607_CA_3_validation,2016-04-09,17,20.150112
FOODS_3_607_CA_3_validation,2016-04-10,21,21.606785
FOODS_3_607_CA_3_validation,2016-04-11,12,16.015516
FOODS_3_607_CA_3_validation,2016-04-12,17,14.249969
FOODS_3_607_CA_3_validation,2016-04-13,9,14.902365
FOODS_3_607_CA_3_validation,2016-04-14,17,14.139307
FOODS_3_607_CA_3_validation,2016-04-15,9,14.326103
FOODS_3_607_CA_3_validation,2016-04-16,13,18.235762
FOODS_3_607_CA_3_validation,2016-04-17,27,25.82041
FOODS_3_607_CA_3_validation,2016-04-18,10,18.562479
FOODS_3_607_CA_3_validation,2016-04-19,5,15.497315
FOODS_3_607_CA_3_validation,2016-04-20,8,14.998234
FOODS_3_607_CA_3_validation,2016-04-21,9,15.416639
FOODS_3_607_CA_3_validation,2016-04-22,5,16.781773
FOODS_3_607_CA_3_validation,2016-04-23,9,26.12012
FOODS_3_607_CA_3_validation,2016-04-24,18,25.093542
FOODS_3_635_CA_3_validation,2016-03-28,32,24.496134
FOODS_3_635_CA_3_validation,2016-03-29,28,26.197947
FOODS_3_635_CA_3_validation,2016-03-30,51,27.930271
FOODS_3_635_CA_3_validation,2016-03-31,2,23.67036
FOODS_3_635_CA_3_validation,2016-04-01,0,26.000946
FOODS_3_635_CA_3_validation,2016-04-02,0,35.475716
FOODS_3_635_CA_3_validation,2016-04-03,0,38.17118
FOODS_3_635_CA_3_validation,2016-04-04,0,33.244637
FOODS_3_635_CA_3_validation,2016-04-05,0,25.930965
FOODS_3_635_CA_3_validation,2016-04-06,0,26.303984
FOODS_3_635_CA_3_validation,2016-04-07,0,26.451603
FOODS_3_635_CA_3_validation,2016-04-08,0,25.376205
FOODS_3_635_CA_3_validation,2016-04-09,0,36.751392
FOODS_3_635_CA_3_validation,2016-04-10,0,33.744987
FOODS_3_635_CA_3_validation,2016-04-11,0,28.320219
FOODS_3_635_CA_3_validation,2016-04-12,0,25.196133
FOODS_3_635_CA_3_validation,2016-04-13,0,24.34754
FOODS_3_635_CA_3_validation,2016-04-14,0,25.833004
FOODS_3_635_CA_3_validation,2016-04-15,0,25.045567
FOODS_3_635_CA_3_validation,2016-04-16,0,36.66463
FOODS_3_635_CA_3_validation,2016-04-17,0,39.89246
FOODS_3_635_CA_3_validation,2016-04-18,0,28.43467
FOODS_3_635_CA_3_validation,2016-04-19,0,25.84395
FOODS_3_635_CA_3_validation,2016-04-20,0,27.550688
FOODS_3_635_CA_3_validation,2016-04-21,0,25.255232
FOODS_3_635_CA_3_validation,2016-04-22,0,26.790056
FOODS_3_635_CA_3_validation,2016-04-23,0,9.775805
FOODS_3_635_CA_3_validation,2016-04-24,0,12.691677
FOODS_3_681_CA_3_validation,2016-03-28,14,41.78881
FOODS_3_681_CA_3_validation,2016-03-29,31,38.80447
FOODS_3_681_CA_3_validation,2016-03-30,14,34.757504
FOODS_3_681_CA_3_validation,2016-03-31,44,37.910576
FOODS_3_681_CA_3_validation,2016-04-01,46,39.675495
FOODS_3_681_CA_3_validation,2016-04-02,38,47.237106
FOODS_3_681_CA_3_validation,2016-04-03,14,46.550648
FOODS_3_681_CA_3_validation,2016-04-04,8,38.22486
FOODS_3_681_CA_3_validation,2016-04-05,37,35.034492
FOODS_3_681_CA_3_validation,2016-04-06,37,34.082188
FOODS_3_681_CA_3_validation,2016-04-07,39,39.06803
FOODS_3_681_CA_3_validation,2016-04-08,41,38.689278
FOODS_3_681_CA_3_validation,2016-04-09,63,44.857994
FOODS_3_681_CA_3_validation,2016-04-10,29,45.06842
FOODS_3_681_CA_3_validation,2016-04-11,21,34.99134
FOODS_3_681_CA_3_validation,2016-04-12,48,31.502062
FOODS_3_681_CA_3_validation,2016-04-13,32,33.78658
FOODS_3_681_CA_3_validation,2016-04-14,28,29.94123
FOODS_3_681_CA_3_validation,2016-04-15,47,35.821037
FOODS_3_681_CA_3_validation,2016-04-16,26,45.813995
FOODS_3_681_CA_3_validation,2016-04-17,51,40.92379
FOODS_3_681_CA_3_validation,2016-04-18,40,32.726482
FOODS_3_681_CA_3_validation,2016-04-19,31,29.638094
FOODS_3_681_CA_3_validation,2016-04-20,42,29.683603
FOODS_3_681_CA_3_validation,2016-04-21,24,30.956919
FOODS_3_681_CA_3_validation,2016-04-22,55,36.694798
FOODS_3_681_CA_3_validation,2016-04-23,52,42.115692
FOODS_3_681_CA_3_validation,2016-04-24,15,37.609318
FOODS_3_681_WI_3_validation,2016-03-28,1,36.861576
FOODS_3_681_WI_3_validation,2016-03-29,27,35.7933
FOODS_3_681_WI_3_validation,2016-03-30,32,35.828182
FOODS_3_681_WI_3_validation,2016-03-31,30,40.993385
FOODS_3_681_WI_3_validation,2016-04-01,70,46.05926
FOODS_3_681_WI_3_validation,2016-04-02,68,63.06683
FOODS_3_681_WI_3_validation,2016-04-03,87,61.190495
FOODS_3_681_WI_3_validation,2016-04-04,37,41.135162
FOODS_3_681_WI_3_validation,2016-04-05,35,43.602768
FOODS_3_681_WI_3_validation,2016-04-06,41,39.183628
FOODS_3_681_WI_3_validation,2016-04-07,32,36.625008
FOODS_3_681_WI_3_validation,2016-04-08,46,47.462227
FOODS_3_681_WI_3_validation,2016-04-09,66,58.07057
FOODS_3_681_WI_3_validation,2016-04-10,62,51.85237
FOODS_3_681_WI_3_validation,2016-04-11,35,46.36329
FOODS_3_681_WI_3_validation,2016-04-12,40,43.426918
FOODS_3_681_WI_3_validation,2016-04-13,21,36.62402
FOODS_3_681_WI_3_validation,2016-04-14,44,45.11173
FOODS_3_681_WI_3_validation,2016-04-15,56,52.98779
FOODS_3_681_WI_3_validation,2016-04-16,98,59.18366
FOODS_3_681_WI_3_validation,2016-04-17,64,55.197735
FOODS_3_681_WI_3_validation,2016-04-18,66,43.59409
FOODS_3_681_WI_3_validation,2016-04-19,34,37.912945
FOODS_3_681_WI_3_validation,2016-04-20,9,36.68705
FOODS_3_681_WI_3_validation,2016-04-21,38,41.591675
FOODS_3_681_WI_3_validation,2016-04-22,43,49.958633
FOODS_3_681_WI_3_validation,2016-04-23,83,60.7706
FOODS_3_681_WI_3_validation,2016-04-24,54,47.811764
FOODS_3_694_CA_3_validation,2016-03-28,18,17.13088
FOODS_3_694_CA_3_validation,2016-03-29,12,17.035353
FOODS_3_694_CA_3_validation,2016-03-30,18,17.260624
FOODS_3_694_CA_3_validation,2016-03-31,21,18.03714
FOODS_3_694_CA_3_validation,2016-04-01,18,19.86929
FOODS_3_694_CA_3_validation,2016-04-02,27,22.527681
FOODS_3_694_CA_3_validation,2016-04-03,25,22.63454
FOODS_3_694_CA_3_validation,2016-04-04,24,18.731308
FOODS_3_694_CA_3_validation,2016-04-05,18,17.318077
FOODS_3_694_CA_3_validation,2016-04-06,20,17.63503
FOODS_3_694_CA_3_validation,2016-04-07,31,16.816622
FOODS_3_694_CA_3_validation,2016-04-08,29,18.769293
FOODS_3_694_CA_3_validation,2016-04-09,23,22.22688
FOODS_3_694_CA_3_validation,2016-04-10,27,22.01988
FOODS_3_694_CA_3_validation,2016-04-11,15,17.176973
FOODS_3_694_CA_3_validation,2016-04-12,22,17.301676
FOODS_3_694_CA_3_validation,2016-04-13,9,17.035353
FOODS_3_694_CA_3_validation,2016-04-14,17,18.102337
FOODS_3_694_CA_3_validation,2016-04-15,8,19.634363
FOODS_3_694_CA_3_validation,2016-04-16,16,22.112297
FOODS_3_694_CA_3_validation,2016-04-17,20,22.946863
FOODS_3_694_CA_3_validation,2016-04-18,17,17.363604
FOODS_3_694_CA_3_validation,2016-04-19,20,17.687288
FOODS_3_694_CA_3_validation,2016-04-20,16,17.768654
FOODS_3_694_CA_3_validation,2016-04-21,19,17.66716
FOODS_3_694_CA_3_validation,2016-04-22,22,20.000328
FOODS_3_694_CA_3_validation,2016-04-23,24,22.282162
FOODS_3_694_CA_3_validation,2016-04-24,24,22.946863
FOODS_3_694_TX_1_validation,2016-03-28,13,17.936737
FOODS_3_694_TX_1_validation,2016-03-29,18,17.801767
FOODS_3_694_TX_1_validation,2016-03-30,17,16.785585
FOODS_3_694_TX_1_validation,2016-03-31,12,18.71891
FOODS_3_694_TX_1_validation,2016-04-01,24,22.399927
FOODS_3_694_TX_1_validation,2016-04-02,26,23.37782
FOODS_3_694_TX_1_validation,2016-04-03,26,23.274519
FOODS_3_694_TX_1_validation,2016-04-04,17,19.394981
FOODS_3_694_TX_1_validation,2016-04-05,18,17.585157
FOODS_3_694_TX_1_validation,2016-04-06,22,17.390661
FOODS_3_694_TX_1_validation,2016-04-07,21,18.941437
FOODS_3_694_TX_1_validation,2016-04-08,25,21.249947
FOODS_3_694_TX_1_validation,2016-04-09,31,25.352188
FOODS_3_694_TX_1_validation,2016-04-10,22,25.91105
FOODS_3_694_TX_1_validation,2016-04-11,18,21.127842
FOODS_3_694_TX_1_validation,2016-04-12,11,23.337719
FOODS_3_694_TX_1_validation,2016-04-13,11,20.382818
FOODS_3_694_TX_1_validation,2016-04-14,19,20.974031
FOODS_3_694_TX_1_validation,2016-04-15,16,23.984499
FOODS_3_694_TX_1_validation,2016-04-16,17,26.559532
FOODS_3_694_TX_1_validation,2016-04-17,25,26.261953
FOODS_3_694_TX_1_validation,2016-04-18,17,18.838894
FOODS_3_694_TX_1_validation,2016-04-19,21,17.237516
FOODS_3_694_TX_1_validation,2016-04-20,12,17.192919
FOODS_3_694_TX_1_validation,2016-04-21,16,18.182318
FOODS_3_694_TX_1_validation,2016-04-22,16,21.9535
FOODS_3_694_TX_1_validation,2016-04-23,22,26.233376
FOODS_3_694_TX_1_validation,2016-04-24,29,25.841871
FOODS_3_694_WI_1_validation,2016-03-28,12,18.167717
FOODS_3_694_WI_1_validation,2016-03-29,16,17.16056
FOODS_3_694_WI_1_validation,2016-03-30,18,18.124907
FOODS_3_694_WI_1_validation,2016-03-31,18,18.099794
FOODS_3_694_WI_1_validation,2016-04-01,31,22.886524
FOODS_3_694_WI_1_validation,2016-04-02,26,27.905466
FOODS_3_694_WI_1_validation,2016-04-03,28,24.723442
FOODS_3_694_WI_1_validation,2016-04-04,16,19.445887
FOODS_3_694_WI_1_validation,2016-04-05,16,19.652166
FOODS_3_694_WI_1_validation,2016-04-06,12,19.776976
FOODS_3_694_WI_1_validation,2016-04-07,16,20.095512
FOODS_3_694_WI_1_validation,2016-04-08,21,23.541552
FOODS_3_694_WI_1_validation,2016-04-09,24,29.61804
FOODS_3_694_WI_1_validation,2016-04-10,27,28.995253
FOODS_3_694_WI_1_validation,2016-04-11,21,21.123604
FOODS_3_694_WI_1_validation,2016-04-12,17,19.72241
FOODS_3_694_WI_1_validation,2016-04-13,16,18.061039
FOODS_3_694_WI_1_validation,2016-04-14,14,18.815928
FOODS_3_694_WI_1_validation,2016-04-15,21,21.297544
FOODS_3_694_WI_1_validation,2016-04-16,34,26.069878
FOODS_3_694_WI_1_validation,2016-04-17,32,24.618734
FOODS_3_694_WI_1_validation,2016-04-18,27,18.313942
FOODS_3_694_WI_1_validation,2016-04-19,14,17.500843
FOODS_3_694_WI_1_validation,2016-04-20,12,17.104492
FOODS_3_694_WI_1_validation,2016-04-21,14,17.622452
FOODS_3_694_WI_1_validation,2016-04-22,18,21.224964
FOODS_3_694_WI_1_validation,2016-04-23,28,27.81622
FOODS_3_694_WI_1_validation,2016-04-24,24,24.538496
FOODS_3_694_WI_2_validation,2016-03-28,30,32.932533
FOODS_3_694_WI_2_validation,2016-03-29,24,35.01561
FOODS_3_694_WI_2_validation,2016-03-30,37,35.01561
FOODS_3_694_WI_2_validation,2016-03-31,35,36.25955
FOODS_3_694_WI_2_validation,2016-04-01,52,40.055393
FOODS_3_694_WI_2_validation,2016-04-02,44,46.96685
FOODS_3_694_WI_2_validation,2016-04-03,41,47.63877
FOODS_3_694_WI_2_validation,2016-04-04,32,37.873142
FOODS_3_694_WI_2_validation,2016-04-05,33,40.576633
FOODS_3_694_WI_2_validation,2016-04-06,36,40.576633
FOODS_3_694_WI_2_validation,2016-04-07,37,36.329937
FOODS_3_694_WI_2_validation,2016-04-08,37,42.167404
FOODS_3_694_WI_2_validation,2016-04-09,43,49.03255
FOODS_3_694_WI_2_validation,2016-04-10,34,43.414387
FOODS_3_694_WI_2_validation,2016-04-11,45,40.526222
FOODS_3_694_WI_2_validation,2016-04-12,37,40.131756
FOODS_3_694_WI_2_validation,2016-04-13,27,35.258457
FOODS_3_694_WI_2_validation,2016-04-14,45,37.272717
FOODS_3_694_WI_2_validation,2016-04-15,41,44.11895
FOODS_3_694_WI_2_validation,2016-04-16,44,44.66939
FOODS_3_694_WI_2_validation,2016-04-17,52,43.929386
FOODS_3_694_WI_2_validation,2016-04-18,38,32.448566
FOODS_3_694_WI_2_validation,2016-04-19,31,34.700897
FOODS_3_694_WI_2_validation,2016-04-20,32,33.679646
FOODS_3_694_WI_2_validation,2016-04-21,32,34.102127
FOODS_3_694_WI_2_validation,2016-04-22,31,41.14639
FOODS_3_694_WI_2_validation,2016-04-23,33,47.294556
FOODS_3_694_WI_2_validation,2016-04-24,29,41.399986
FOODS_3_694_WI_3_validation,2016-03-28,36,38.22197
FOODS_3_694_WI_3_validation,2016-03-29,44,38.265976
FOODS_3_694_WI_3_validation,2016-03-30,39,39.96344
FOODS_3_694_WI_3_validation,2016-03-31,39,41.591507
FOODS_3_694_WI_3_validation,2016-04-01,46,50.815998
FOODS_3_694_WI_3_validation,2016-04-02,56,59.834366
FOODS_3_694_WI_3_validation,2016-04-03,54,51.322235
FOODS_3_694_WI_3_validation,2016-04-04,29,39.129585
FOODS_3_694_WI_3_validation,2016-04-05,43,45.169834
FOODS_3_694_WI_3_validation,2016-04-06,31,43.338474
FOODS_3_694_WI_3_validation,2016-04-07,34,41.580738
FOODS_3_694_WI_3_validation,2016-04-08,48,52.449722
FOODS_3_694_WI_3_validation,2016-04-09,61,56.859745
FOODS_3_694_WI_3_validation,2016-04-10,42,48.870426
FOODS_3_694_WI_3_validation,2016-04-11,41,42.15517
FOODS_3_694_WI_3_validation,2016-04-12,34,40.126793
FOODS_3_694_WI_3_validation,2016-04-13,37,37.555378
FOODS_3_694_WI_3_validation,2016-04-14,51,43.365192
FOODS_3_694_WI_3_validation,2016-04-15,65,46.372227
FOODS_3_694_WI_3_validation,2016-04-16,58,51.472267
FOODS_3_694_WI_3_validation,2016-04-17,59,49.18157
FOODS_3_694_WI_3_validation,2016-04-18,54,40.465385
FOODS_3_694_WI_3_validation,2016-04-19,42,38.972565
FOODS_3_694_WI_3_validation,2016-04-20,34,38.27069
FOODS_3_694_WI_3_validation,2016-04-21,34,36.728317
FOODS_3_694_WI_3_validation,2016-04-22,46,51.82212
FOODS_3_694_WI_3_validation,2016-04-23,46,56.809532
FOODS_3_694_WI_3_validation,2016-04-24,48,51.166008
FOODS_3_711_CA_3_validation,2016-03-28,13,11.639528
FOODS_3_711_CA_3_validation,2016-03-29,1,10.255875
FOODS_3_711_CA_3_validation,2016-03-30,7,14.486234
FOODS_3_711_CA_3_validation,2016-03-31,11,14.626449
FOODS_3_711_CA_3_validation,2016-04-01,33,17.584126
FOODS_3_711_CA_3_validation,2016-04-02,4,21.088617
FOODS_3_711_CA_3_validation,2016-04-03,1,21.957424
FOODS_3_711_CA_3_validation,2016-04-04,0,21.059225
FOODS_3_711_CA_3_validation,2016-04-05,0,17.404581
FOODS_3_711_CA_3_validation,2016-04-06,33,16.880178
FOODS_3_711_CA_3_validation,2016-04-07,26,16.331501
FOODS_3_711_CA_3_validation,2016-04-08,6,16.137314
FOODS_3_711_CA_3_validation,2016-04-09,6,18.673649
FOODS_3_711_CA_3_validation,2016-04-10,18,20.41887
FOODS_3_711_CA_3_validation,2016-04-11,21,11.193514
FOODS_3_711_CA_3_validation,2016-04-12,7,11.350949
FOODS_3_711_CA_3_validation,2016-04-13,0,11.331683
FOODS_3_711_CA_3_validation,2016-04-14,0,10.774434
FOODS_3_711_CA_3_validation,2016-04-15,15,10.740995
FOODS_3_711_CA_3_validation,2016-04-16,3,13.102971
FOODS_3_711_CA_3_validation,2016-04-17,15,13.504669
FOODS_3_711_CA_3_validation,2016-04-18,28,11.398705
FOODS_3_711_CA_3_validation,2016-04-19,2,11.350949
FOODS_3_711_CA_3_validation,2016-04-20,2,11.331683
FOODS_3_711_CA_3_validation,2016-04-21,0,10.941745
FOODS_3_711_CA_3_validation,2016-04-22,0,11.3121805
FOODS_3_711_CA_3_validation,2016-04-23,4,13.925893
FOODS_3_711_CA_3_validation,2016-04-24,6,13.716022
FOODS_3_711_WI_2_validation,2016-03-28,10,15.448213
FOODS_3_711_WI_2_validation,2016-03-29,57,12.537451
FOODS_3_711_WI_2_validation,2016-03-30,0,11.969699
FOODS_3_711_WI_2_validation,2016-03-31,0,11.826388
FOODS_3_711_WI_2_validation,2016-04-01,0,13.443123
FOODS_3_711_WI_2_validation,2016-04-02,0,24.076826
FOODS_3_711_WI_2_validation,2016-04-03,1,21.797781
FOODS_3_711_WI_2_validation,2016-04-04,0,12.953737
FOODS_3_711_WI_2_validation,2016-04-05,0,17.110851
FOODS_3_711_WI_2_validation,2016-04-06,0,17.48857
FOODS_3_711_WI_2_validation,2016-04-07,0,12.147265
FOODS_3_711_WI_2_validation,2016-04-08,1,19.852604
FOODS_3_711_WI_2_validation,2016-04-09,1,28.851963
FOODS_3_711_WI_2_validation,2016-04-10,0,14.448508
FOODS_3_711_WI_2_validation,2016-04-11,0,24.534206
FOODS_3_711_WI_2_validation,2016-04-12,0,22.633707
FOODS_3_711_WI_2_validation,2016-04-13,2,14.400586
FOODS_3_711_WI_2_validation,2016-04-14,0,19.938545
FOODS_3_711_WI_2_validation,2016-04-15,0,19.675137
FOODS_3_711_WI_2_validation,2016-04-16,0,14.604922
FOODS_3_711_WI_2_validation,2016-04-17,0,15.070534
FOODS_3_711_WI_2_validation,2016-04-18,47,13.94622
FOODS_3_711_WI_2_validation,2016-04-19,38,12.224866
FOODS_3_711_WI_2_validation,2016-04-20,8,12.579349
FOODS_3_711_WI_2_validation,2016-04-21,20,12.108609
FOODS_3_711_WI_2_validation,2016-04-22,26,11.555395
FOODS_3_711_WI_2_validation,2016-04-23,21,14.159142
FOODS_3_711_WI_2_validation,2016-04-24,18,15.055261
FOODS_3_714_CA_1_validation,2016-03-28,11,18.095594
FOODS_3_714_CA_1_validation,2016-03-29,4,15.434066
FOODS_3_714_CA_1_validation,2016-03-30,13,15.473484
FOODS_3_714_CA_1_validation,2016-03-31,19,16.86725
FOODS_3_714_CA_1_validation,2016-04-01,29,20.135939
FOODS_3_714_CA_1_validation,2016-04-02,40,25.326649
FOODS_3_714_CA_1_validation,2016-04-03,23,26.631592
FOODS_3_714_CA_1_validation,2016-04-04,25,17.86219
FOODS_3_714_CA_1_validation,2016-04-05,19,15.925475
FOODS_3_714_CA_1_validation,2016-04-06,15,16.558973
FOODS_3_714_CA_1_validation,2016-04-07,15,17.966444
FOODS_3_714_CA_1_validation,2016-04-08,18,20.135939
FOODS_3_714_CA_1_validation,2016-04-09,33,27.108036
FOODS_3_714_CA_1_validation,2016-04-10,25,23.842916
FOODS_3_714_CA_1_validation,2016-04-11,7,17.896076
FOODS_3_714_CA_1_validation,2016-04-12,5,15.358957
FOODS_3_714_CA_1_validation,2016-04-13,11,15.358957
FOODS_3_714_CA_1_validation,2016-04-14,9,15.715933
FOODS_3_714_CA_1_validation,2016-04-15,20,19.532768
FOODS_3_714_CA_1_validation,2016-04-16,37,29.758177
FOODS_3_714_CA_1_validation,2016-04-17,37,26.55806
FOODS_3_714_CA_1_validation,2016-04-18,15,17.629158
FOODS_3_714_CA_1_validation,2016-04-19,6,16.390846
FOODS_3_714_CA_1_validation,2016-04-20,10,16.368896
FOODS_3_714_CA_1_validation,2016-04-21,12,16.391468
FOODS_3_714_CA_1_validation,2016-04-22,18,22.134285
FOODS_3_714_CA_1_validation,2016-04-23,22,33.14333
FOODS_3_714_CA_1_validation,2016-04-24,27,29.928669
FOODS_3_714_CA_3_validation,2016-03-28,26,27.032898
FOODS_3_714_CA_3_validation,2016-03-29,28,25.371006
FOODS_3_714_CA_3_validation,2016-03-30,34,23.735203
FOODS_3_714_CA_3_validation,2016-03-31,25,24.97369
FOODS_3_714_CA_3_validation,2016-04-01,34,27.116959
FOODS_3_714_CA_3_validation,2016-04-02,39,37.44453
FOODS_3_714_CA_3_validation,2016-04-03,35,35.28813
FOODS_3_714_CA_3_validation,2016-04-04,29,26.180311
FOODS_3_714_CA_3_validation,2016-04-05,45,25.527922
FOODS_3_714_CA_3_validation,2016-04-06,41,25.779089
FOODS_3_714_CA_3_validation,2016-04-07,38,25.395435
FOODS_3_714_CA_3_validation,2016-04-08,30,29.62747
FOODS_3_714_CA_3_validation,2016-04-09,32,33.83465
FOODS_3_714_CA_3_validation,2016-04-10,13,30.934381
FOODS_3_714_CA_3_validation,2016-04-11,18,26.20674
FOODS_3_714_CA_3_validation,2016-04-12,24,23.224619
FOODS_3_714_CA_3_validation,2016-04-13,41,22.439777
FOODS_3_714_CA_3_validation,2016-04-14,29,26.695127
FOODS_3_714_CA_3_validation,2016-04-15,31,28.035757
FOODS_3_714_CA_3_validation,2016-04-16,35,36.87345
FOODS_3_714_CA_3_validation,2016-04-17,57,35.360455
FOODS_3_714_CA_3_validation,2016-04-18,24,27.151361
FOODS_3_714_CA_3_validation,2016-04-19,25,25.85903
FOODS_3_714_CA_3_validation,2016-04-20,33,24.958313
FOODS_3_714_CA_3_validation,2016-04-21,23,28.274035
FOODS_3_714_CA_3_validation,2016-04-22,20,29.438437
FOODS_3_714_CA_3_validation,2016-04-23,42,39.801514
FOODS_3_714_CA_3_validation,2016-04-24,40,34.475388
FOODS_3_714_TX_1_validation,2016-03-28,9,17.975067
FOODS_3_714_TX_1_validation,2016-03-29,15,16.090427
FOODS_3_714_TX_1_validation,2016-03-30,14,16.556385
FOODS_3_714_TX_1_validation,2016-03-31,12,17.741014
FOODS_3_714_TX_1_validation,2016-04-01,25,19.629274
FOODS_3_714_TX_1_validation,2016-04-02,21,25.208624
FOODS_3_714_TX_1_validation,2016-04-03,28,25.299585
FOODS_3_714_TX_1_validation,2016-04-04,14,17.203558
FOODS_3_714_TX_1_validation,2016-04-05,23,15.910539
FOODS_3_714_TX_1_validation,2016-04-06,16,15.910539
FOODS_3_714_TX_1_validation,2016-04-07,23,16.188267
FOODS_3_714_TX_1_validation,2016-04-08,24,19.75986
FOODS_3_714_TX_1_validation,2016-04-09,30,24.93278
FOODS_3_714_TX_1_validation,2016-04-10,34,23.414932
FOODS_3_714_TX_1_validation,2016-04-11,19,19.907297
FOODS_3_714_TX_1_validation,2016-04-12,19,18.963642
FOODS_3_714_TX_1_validation,2016-04-13,13,17.161556
FOODS_3_714_TX_1_validation,2016-04-14,21,18.371416
FOODS_3_714_TX_1_validation,2016-04-15,17,21.158634
FOODS_3_714_TX_1_validation,2016-04-16,31,24.56531
FOODS_3_714_TX_1_validation,2016-04-17,21,23.158264
FOODS_3_714_TX_1_validation,2016-04-18,14,17.499926
FOODS_3_714_TX_1_validation,2016-04-19,10,16.352385
FOODS_3_714_TX_1_validation,2016-04-20,20,16.57612
FOODS_3_714_TX_1_validation,2016-04-21,14,16.645031
FOODS_3_714_TX_1_validation,2016-04-22,21,19.918306
FOODS_3_714_TX_1_validation,2016-04-23,32,23.753727
FOODS_3_714_TX_1_validation,2016-04-24,20,24.051409
FOODS_3_714_TX_2_validation,2016-03-28,23,20.551071
FOODS_3_714_TX_2_validation,2016-03-29,23,18.713816
FOODS_3_714_TX_2_validation,2016-03-30,16,18.186625
FOODS_3_714_TX_2_validation,2016-03-31,22,22.646856
FOODS_3_714_TX_2_validation,2016-04-01,21,28.530529
FOODS_3_714_TX_2_validation,2016-04-02,34,32.43382
FOODS_3_714_TX_2_validation,2016-04-03,42,30.185928
FOODS_3_714_TX_2_validation,2016-04-04,18,24.24778
FOODS_3_714_TX_2_validation,2016-04-05,18,20.191355
FOODS_3_714_TX_2_validation,2016-04-06,15,20.656984
FOODS_3_714_TX_2_validation,2016-04-07,23,22.578152
FOODS_3_714_TX_2_validation,2016-04-08,28,25.961409
FOODS_3_714_TX_2_validation,2016-04-09,26,32.316063
FOODS_3_714_TX_2_validation,2016-04-10,22,32.150898
FOODS_3_714_TX_2_validation,2016-04-11,25,26.158873
FOODS_3_714_TX_2_validation,2016-04-12,13,22.29862
FOODS_3_714_TX_2_validation,2016-04-13,13,21.745834
FOODS_3_714_TX_2_validation,2016-04-14,18,22.173199
FOODS_3_714_TX_2_validation,2016-04-15,29,28.3655
FOODS_3_714_TX_2_validation,2016-04-16,17,32.378334
FOODS_3_714_TX_2_validation,2016-04-17,30,32.607933
FOODS_3_714_TX_2_validation,2016-04-18,13,23.57
FOODS_3_714_TX_2_validation,2016-04-19,21,22.59163
FOODS_3_714_TX_2_validation,2016-04-20,12,22.57947
FOODS_3_714_TX_2_validation,2016-04-21,32,22.878166
FOODS_3_714_TX_2_validation,2016-04-22,39,29.021523
FOODS_3_714_TX_2_validation,2016-04-23,20,35.416016
FOODS_3_714_TX_2_validation,2016-04-24,15,34.52535
FOODS_3_714_TX_3_validation,2016-03-28,8,22.15406
FOODS_3_714_TX_3_validation,2016-03-29,21,21.107416
FOODS_3_714_TX_3_validation,2016-03-30,24,20.602686
FOODS_3_714_TX_3_validation,2016-03-31,28,22.646154
FOODS_3_714_TX_3_validation,2016-04-01,22,24.37394
FOODS_3_714_TX_3_validation,2016-04-02,27,31.155977
FOODS_3_714_TX_3_validation,2016-04-03,29,29.874393
FOODS_3_714_TX_3_validation,2016-04-04,42,22.780155
FOODS_3_714_TX_3_validation,2016-04-05,33,21.209408
FOODS_3_714_TX_3_validation,2016-04-06,29,21.209408
FOODS_3_714_TX_3_validation,2016-04-07,24,22.349949
FOODS_3_714_TX_3_validation,2016-04-08,23,25.62542
FOODS_3_714_TX_3_validation,2016-04-09,28,33.740425
FOODS_3_714_TX_3_validation,2016-04-10,24,28.993212
FOODS_3_714_TX_3_validation,2016-04-11,11,26.404467
FOODS_3_714_TX_3_validation,2016-04-12,17,23.55141
FOODS_3_714_TX_3_validation,2016-04-13,23,25.332748
FOODS_3_714_TX_3_validation,2016-04-14,17,22.790203
FOODS_3_714_TX_3_validation,2016-04-15,29,28.51768
FOODS_3_714_TX_3_validation,2016-04-16,26,28.362581
FOODS_3_714_TX_3_validation,2016-04-17,27,31.515495
FOODS_3_714_TX_3_validation,2016-04-18,13,22.782589
FOODS_3_714_TX_3_validation,2016-04-19,19,21.127417
FOODS_3_714_TX_3_validation,2016-04-20,8,20.682741
FOODS_3_714_TX_3_validation,2016-04-21,15,20.341537
FOODS_3_714_TX_3_validation,2016-04-22,17,28.053139
FOODS_3_714_TX_3_validation,2016-04-23,30,31.574785
FOODS_3_714_TX_3_validation,2016-04-24,19,26.84907
FOODS_3_714_WI_3_validation,2016-03-28,11,18.856848
FOODS_3_714_WI_3_validation,2016-03-29,33,18.15556
FOODS_3_714_WI_3_validation,2016-03-30,13,18.15556
FOODS_3_714_WI_3_validation,2016-03-31,4,21.35869
FOODS_3_714_WI_3_validation,2016-04-01,32,26.322315
FOODS_3_714_WI_3_validation,2016-04-02,21,28.090788
FOODS_3_714_WI_3_validation,2016-04-03,13,25.102306
FOODS_3_714_WI_3_validation,2016-04-04,11,22.397245
FOODS_3_714_WI_3_validation,2016-04-05,21,24.724571
FOODS_3_714_WI_3_validation,2016-04-06,8,24.721977
FOODS_3_714_WI_3_validation,2016-04-07,9,23.07887
FOODS_3_714_WI_3_validation,2016-04-08,24,26.889114
FOODS_3_714_WI_3_validation,2016-04-09,22,33.336834
FOODS_3_714_WI_3_validation,2016-04-10,16,29.635052
FOODS_3_714_WI_3_validation,2016-04-11,19,23.60462
FOODS_3_714_WI_3_validation,2016-04-12,16,22.421654
FOODS_3_714_WI_3_validation,2016-04-13,13,20.210903
FOODS_3_714_WI_3_validation,2016-04-14,30,22.33557
FOODS_3_714_WI_3_validation,2016-04-15,31,23.606497
FOODS_3_714_WI_3_validation,2016-04-16,40,27.77103
FOODS_3_714_WI_3_validation,2016-04-17,10,24.59717
FOODS_3_714_WI_3_validation,2016-04-18,20,18.207163
FOODS_3_714_WI_3_validation,2016-04-19,18,18.113773
FOODS_3_714_WI_3_validation,2016-04-20,16,17.767693
FOODS_3_714_WI_3_validation,2016-04-21,25,19.835884
FOODS_3_714_WI_3_validation,2016-04-22,26,23.139029
FOODS_3_714_WI_3_validation,2016-04-23,36,27.688417
FOODS_3_714_WI_3_validation,2016-04-24,20,27.605917
FOODS_3_723_CA_3_validation,2016-03-28,14,26.244694
FOODS_3_723_CA_3_validation,2016-03-29,19,23.95346
FOODS_3_723_CA_3_validation,2016-03-30,14,23.309635
FOODS_3_723_CA_3_validation,2016-03-31,56,24.929169
FOODS_3_723_CA_3_validation,2016-04-01,31,31.545315
FOODS_3_723_CA_3_validation,2016-04-02,35,32.62891
FOODS_3_723_CA_3_validation,2016-04-03,19,33.624557
FOODS_3_723_CA_3_validation,2016-04-04,30,24.376802
FOODS_3_723_CA_3_validation,2016-04-05,22,23.867908
FOODS_3_723_CA_3_validation,2016-04-06,12,25.269463
FOODS_3_723_CA_3_validation,2016-04-07,30,26.820547
FOODS_3_723_CA_3_validation,2016-04-08,26,27.19609
FOODS_3_723_CA_3_validation,2016-04-09,34,32.806778
FOODS_3_723_CA_3_validation,2016-04-10,28,30.597427
FOODS_3_723_CA_3_validation,2016-04-11,17,23.078901
FOODS_3_723_CA_3_validation,2016-04-12,18,23.241833
FOODS_3_723_CA_3_validation,2016-04-13,22,22.473375
FOODS_3_723_CA_3_validation,2016-04-14,18,21.201517
FOODS_3_723_CA_3_validation,2016-04-15,28,25.504639
FOODS_3_723_CA_3_validation,2016-04-16,32,34.46824
FOODS_3_723_CA_3_validation,2016-04-17,42,28.485376
FOODS_3_723_CA_3_validation,2016-04-18,21,22.014864
FOODS_3_723_CA_3_validation,2016-04-19,18,20.071531
FOODS_3_723_CA_3_validation,2016-04-20,26,20.0113
FOODS_3_723_CA_3_validation,2016-04-21,12,21.672693
FOODS_3_723_CA_3_validation,2016-04-22,31,28.466852
FOODS_3_723_CA_3_validation,2016-04-23,48,36.267216
FOODS_3_723_CA_3_validation,2016-04-24,23,33.108498
FOODS_3_723_WI_3_validation,2016-03-28,30,26.380045
FOODS_3_723_WI_3_validation,2016-03-29,23,22.807129
FOODS_3_723_WI_3_validation,2016-03-30,17,23.3586
FOODS_3_723_WI_3_validation,2016-03-31,18,26.646082
FOODS_3_723_WI_3_validation,2016-04-01,39,34.327675
FOODS_3_723_WI_3_validation,2016-04-02,40,44.40711
FOODS_3_723_WI_3_validation,2016-04-03,30,36.008896
FOODS_3_723_WI_3_validation,2016-04-04,24,25.90327
FOODS_3_723_WI_3_validation,2016-04-05,20,25.966423
FOODS_3_723_WI_3_validation,2016-04-06,21,25.402813
FOODS_3_723_WI_3_validation,2016-04-07,20,24.66963
FOODS_3_723_WI_3_validation,2016-04-08,26,28.454605
FOODS_3_723_WI_3_validation,2016-04-09,43,34.672848
FOODS_3_723_WI_3_validation,2016-04-10,34,34.059715
FOODS_3_723_WI_3_validation,2016-04-11,23,25.157612
FOODS_3_723_WI_3_validation,2016-04-12,25,31.013624
FOODS_3_723_WI_3_validation,2016-04-13,19,22.87208
FOODS_3_723_WI_3_validation,2016-04-14,32,27.294283
FOODS_3_723_WI_3_validation,2016-04-15,30,31.556143
FOODS_3_723_WI_3_validation,2016-04-16,37,39.83452
FOODS_3_723_WI_3_validation,2016-04-17,38,35.99613
FOODS_3_723_WI_3_validation,2016-04-18,21,25.103022
FOODS_3_723_WI_3_validation,2016-04-19,15,23.066584
FOODS_3_723_WI_3_validation,2016-04-20,24,22.180822
FOODS_3_723_WI_3_validation,2016-04-21,16,22.194666
FOODS_3_723_WI_3_validation,2016-04-22,27,28.357338
FOODS_3_723_WI_3_validation,2016-04-23,42,39.686005
FOODS_3_723_WI_3_validation,2016-04-24,41,41.00027
FOODS_3_752_CA_3_validation,2016-03-28,15,11.288244
FOODS_3_752_CA_3_validation,2016-03-29,9,11.283643
FOODS_3_752_CA_3_validation,2016-03-30,12,11.264375
FOODS_3_752_CA_3_validation,2016-03-31,6,11.020418
FOODS_3_752_CA_3_validation,2016-04-01,7,15.999989
FOODS_3_752_CA_3_validation,2016-04-02,13,19.077229
FOODS_3_752_CA_3_validation,2016-04-03,14,19.90064
FOODS_3_752_CA_3_validation,2016-04-04,15,20.304897
FOODS_3_752_CA_3_validation,2016-04-05,4,17.571228
FOODS_3_752_CA_3_validation,2016-04-06,23,17.151999
FOODS_3_752_CA_3_validation,2016-04-07,10,16.78784
FOODS_3_752_CA_3_validation,2016-04-08,51,15.795999
FOODS_3_752_CA_3_validation,2016-04-09,7,19.76924
FOODS_3_752_CA_3_validation,2016-04-10,29,21.399534
FOODS_3_752_CA_3_validation,2016-04-11,9,12.083896
FOODS_3_752_CA_3_validation,2016-04-12,37,11.48327
FOODS_3_752_CA_3_validation,2016-04-13,1,12.182119
FOODS_3_752_CA_3_validation,2016-04-14,1,11.019789
FOODS_3_752_CA_3_validation,2016-04-15,21,11.462672
FOODS_3_752_CA_3_validation,2016-04-16,13,15.055604
FOODS_3_752_CA_3_validation,2016-04-17,26,15.245919
FOODS_3_752_CA_3_validation,2016-04-18,61,12.514786
FOODS_3_752_CA_3_validation,2016-04-19,6,11.037215
FOODS_3_752_CA_3_validation,2016-04-20,19,11.317179
FOODS_3_752_CA_3_validation,2016-04-21,10,10.418528
FOODS_3_752_CA_3_validation,2016-04-22,2,11.183836
FOODS_3_752_CA_3_validation,2016-04-23,1,15.354796
FOODS_3_752_CA_3_validation,2016-04-24,3,15.04122
FOODS_3_804_CA_3_validation,2016-03-28,18,16.242794
FOODS_3_804_CA_3_validation,2016-03-29,0,16.9909
FOODS_3_804_CA_3_validation,2016-03-30,13,17.36361
FOODS_3_804_CA_3_validation,2016-03-31,10,15.709464
FOODS_3_804_CA_3_validation,2016-04-01,14,17.516237
FOODS_3_804_CA_3_validation,2016-04-02,28,19.286945
FOODS_3_804_CA_3_validation,2016-04-03,15,21.88243
FOODS_3_804_CA_3_validation,2016-04-04,17,18.68103
FOODS_3_804_CA_3_validation,2016-04-05,14,19.755693
FOODS_3_804_CA_3_validation,2016-04-06,0,17.434587
FOODS_3_804_CA_3_validation,2016-04-07,0,17.340408
FOODS_3_804_CA_3_validation,2016-04-08,0,18.18557
FOODS_3_804_CA_3_validation,2016-04-09,0,20.641888
FOODS_3_804_CA_3_validation,2016-04-10,0,21.425758
FOODS_3_804_CA_3_validation,2016-04-11,0,15.163343
FOODS_3_804_CA_3_validation,2016-04-12,0,14.364287
FOODS_3_804_CA_3_validation,2016-04-13,0,14.368976
FOODS_3_804_CA_3_validation,2016-04-14,0,19.766088
FOODS_3_804_CA_3_validation,2016-04-15,16,15.152219
FOODS_3_804_CA_3_validation,2016-04-16,22,18.109962
FOODS_3_804_CA_3_validation,2016-04-17,1,19.280897
FOODS_3_804_CA_3_validation,2016-04-18,24,16.743195
FOODS_3_804_CA_3_validation,2016-04-19,16,14.433276
FOODS_3_804_CA_3_validation,2016-04-20,17,14.186947
FOODS_3_804_CA_3_validation,2016-04-21,17,14.327185
FOODS_3_804_CA_3_validation,2016-04-22,45,15.411541
FOODS_3_804_CA_3_validation,2016-04-23,0,18.97319
FOODS_3_804_CA_3_validation,2016-04-24,18,19.951157
FOODS_3_808_CA_1_validation,2016-03-28,16,11.360976
FOODS_3_808_CA_1_validation,2016-03-29,1,10.733915
FOODS_3_808_CA_1_validation,2016-03-30,3,11.630972
FOODS_3_808_CA_1_validation,2016-03-31,13,10.339996
FOODS_3_808_CA_1_validation,2016-04-01,6,10.729494
FOODS_3_808_CA_1_validation,2016-04-02,0,15.328248
FOODS_3_808_CA_1_validation,2016-04-03,0,17.65701
FOODS_3_808_CA_1_validation,2016-04-04,0,13.270686
FOODS_3_808_CA_1_validation,2016-04-05,0,11.206467
FOODS_3_808_CA_1_validation,2016-04-06,0,11.091021
FOODS_3_808_CA_1_validation,2016-04-07,0,10.620192
FOODS_3_808_CA_1_validation,2016-04-08,0,11.616323
FOODS_3_808_CA_1_validation,2016-04-09,0,16.957062
FOODS_3_808_CA_1_validation,2016-04-10,0,17.126793
FOODS_3_808_CA_1_validation,2016-04-11,0,12.387021
FOODS_3_808_CA_1_validation,2016-04-12,0,9.838545
FOODS_3_808_CA_1_validation,2016-04-13,0,9.819279
FOODS_3_808_CA_1_validation,2016-04-14,0,9.348449
FOODS_3_808_CA_1_validation,2016-04-15,0,11.438985
FOODS_3_808_CA_1_validation,2016-04-16,0,15.438249
FOODS_3_808_CA_1_validation,2016-04-17,0,15.536887
FOODS_3_808_CA_1_validation,2016-04-18,0,13.013513
FOODS_3_808_CA_1_validation,2016-04-19,0,15.668162
FOODS_3_808_CA_1_validation,2016-04-20,0,15.648896
FOODS_3_808_CA_1_validation,2016-04-21,0,15.178065
FOODS_3_808_CA_1_validation,2016-04-22,0,16.352278
FOODS_3_808_CA_1_validation,2016-04-23,0,15.471421
FOODS_3_808_CA_1_validation,2016-04-24,0,14.809764
FOODS_3_808_CA_3_validation,2016-03-28,37,36.979706
FOODS_3_808_CA_3_validation,2016-03-29,27,31.043413
FOODS_3_808_CA_3_validation,2016-03-30,41,28.723457
FOODS_3_808_CA_3_validation,2016-03-31,1,28.426065
FOODS_3_808_CA_3_validation,2016-04-01,0,30.194542
FOODS_3_808_CA_3_validation,2016-04-02,0,24.757095
FOODS_3_808_CA_3_validation,2016-04-03,0,22.995716
FOODS_3_808_CA_3_validation,2016-04-04,0,20.800348
FOODS_3_808_CA_3_validation,2016-04-05,0,19.692114
FOODS_3_808_CA_3_validation,2016-04-06,4,18.716537
FOODS_3_808_CA_3_validation,2016-04-07,0,20.230326
FOODS_3_808_CA_3_validation,2016-04-08,0,19.20116
FOODS_3_808_CA_3_validation,2016-04-09,0,25.087069
FOODS_3_808_CA_3_validation,2016-04-10,0,22.055084
FOODS_3_808_CA_3_validation,2016-04-11,0,5.889264
FOODS_3_808_CA_3_validation,2016-04-12,0,10.116251
FOODS_3_808_CA_3_validation,2016-04-13,0,10.600435
FOODS_3_808_CA_3_validation,2016-04-14,0,10.298067
FOODS_3_808_CA_3_validation,2016-04-15,0,11.087551
FOODS_3_808_CA_3_validation,2016-04-16,2,12.808163
FOODS_3_808_CA_3_validation,2016-04-17,0,9.957227
FOODS_3_808_CA_3_validation,2016-04-18,0,8.148284
FOODS_3_808_CA_3_validation,2016-04-19,0,6.1396494
FOODS_3_808_CA_3_validation,2016-04-20,0,10.855732
FOODS_3_808_CA_3_validation,2016-04-21,0,10.817699
FOODS_3_808_CA_3_validation,2016-04-22,0,11.936022
FOODS_3_808_CA_3_validation,2016-04-23,0,13.031923
FOODS_3_808_CA_3_validation,2016-04-24,0,11.1199
HOUSEHOLD_1_118_CA_3_validation,2016-03-28,16,19.623951
HOUSEHOLD_1_118_CA_3_validation,2016-03-29,14,18.012693
HOUSEHOLD_1_118_CA_3_validation,2016-03-30,39,17.627462
HOUSEHOLD_1_118_CA_3_validation,2016-03-31,17,18.679243
HOUSEHOLD_1_118_CA_3_validation,2016-04-01,19,17.892467
HOUSEHOLD_1_118_CA_3_validation,2016-04-02,27,23.7081
HOUSEHOLD_1_118_CA_3_validation,2016-04-03,30,25.60737
HOUSEHOLD_1_118_CA_3_validation,2016-04-04,35,21.87393
HOUSEHOLD_1_118_CA_3_validation,2016-04-05,25,20.502693
HOUSEHOLD_1_118_CA_3_validation,2016-04-06,21,19.078175
HOUSEHOLD_1_118_CA_3_validation,2016-04-07,41,18.02376
HOUSEHOLD_1_118_CA_3_validation,2016-04-08,8,20.598785
HOUSEHOLD_1_118_CA_3_validation,2016-04-09,24,23.71728
HOUSEHOLD_1_118_CA_3_validation,2016-04-10,24,26.1282
HOUSEHOLD_1_118_CA_3_validation,2016-04-11,16,20.9279
HOUSEHOLD_1_118_CA_3_validation,2016-04-12,20,18.90421
HOUSEHOLD_1_118_CA_3_validation,2016-04-13,9,18.325205
HOUSEHOLD_1_118_CA_3_validation,2016-04-14,11,17.52822
HOUSEHOLD_1_118_CA_3_validation,2016-04-15,21,17.900217
HOUSEHOLD_1_118_CA_3_validation,2016-04-16,20,24.52915
HOUSEHOLD_1_118_CA_3_validation,2016-04-17,38,24.802937
HOUSEHOLD_1_118_CA_3_validation,2016-04-18,13,18.534042
HOUSEHOLD_1_118_CA_3_validation,2016-04-19,22,17.736673
HOUSEHOLD_1_118_CA_3_validation,2016-04-20,19,17.748734
HOUSEHOLD_1_118_CA_3_validation,2016-04-21,52,16.71097
HOUSEHOLD_1_118_CA_3_validation,2016-04-22,14,17.732811
HOUSEHOLD_1_118_CA_3_validation,2016-04-23,25,24.584818
HOUSEHOLD_1_118_CA_3_validation,2016-04-24,31,23.713787
HOUSEHOLD_1_334_CA_3_validation,2016-03-28,7,16.148678
HOUSEHOLD_1_334_CA_3_validation,2016-03-29,23,14.431537
HOUSEHOLD_1_334_CA_3_validation,2016-03-30,4,17.200123
HOUSEHOLD_1_334_CA_3_validation,2016-03-31,43,14.386363
HOUSEHOLD_1_334_CA_3_validation,2016-04-01,24,14.94135
HOUSEHOLD_1_334_CA_3_validation,2016-04-02,31,20.716566
HOUSEHOLD_1_334_CA_3_validation,2016-04-03,28,21.158937
HOUSEHOLD_1_334_CA_3_validation,2016-04-04,15,15.809225
HOUSEHOLD_1_334_CA_3_validation,2016-04-05,21,15.626535
HOUSEHOLD_1_334_CA_3_validation,2016-04-06,19,14.551986
HOUSEHOLD_1_334_CA_3_validation,2016-04-07,12,15.158395
HOUSEHOLD_1_334_CA_3_validation,2016-04-08,18,15.44677
HOUSEHOLD_1_334_CA_3_validation,2016-04-09,17,19.17654
HOUSEHOLD_1_334_CA_3_validation,2016-04-10,42,21.80813
HOUSEHOLD_1_334_CA_3_validation,2016-04-11,22,15.70854
HOUSEHOLD_1_334_CA_3_validation,2016-04-12,25,17.01862
HOUSEHOLD_1_334_CA_3_validation,2016-04-13,27,14.846025
HOUSEHOLD_1_334_CA_3_validation,2016-04-14,25,15.253397
HOUSEHOLD_1_334_CA_3_validation,2016-04-15,14,15.236528
HOUSEHOLD_1_334_CA_3_validation,2016-04-16,37,20.644949
HOUSEHOLD_1_334_CA_3_validation,2016-04-17,29,20.67165
HOUSEHOLD_1_334_CA_3_validation,2016-04-18,19,17.792841
HOUSEHOLD_1_334_CA_3_validation,2016-04-19,27,15.578167
HOUSEHOLD_1_334_CA_3_validation,2016-04-20,19,15.430934
HOUSEHOLD_1_334_CA_3_validation,2016-04-21,20,15.769938
HOUSEHOLD_1_334_CA_3_validation,2016-04-22,21,15.194223
HOUSEHOLD_1_334_CA_3_validation,2016-04-23,27,22.500082
HOUSEHOLD_1_334_CA_3_validation,2016-04-24,29,22.236992
HOUSEHOLD_1_459_CA_3_validation,2016-03-28,32,17.935204
HOUSEHOLD_1_459_CA_3_validation,2016-03-29,13,16.08356
HOUSEHOLD_1_459_CA_3_validation,2016-03-30,16,17.530113
HOUSEHOLD_1_459_CA_3_validation,2016-03-31,30,16.21414
HOUSEHOLD_1_459_CA_3_validation,2016-04-01,23,15.449001
HOUSEHOLD_1_459_CA_3_validation,2016-04-02,32,21.207561
HOUSEHOLD_1_459_CA_3_validation,2016-04-03,34,22.609255
HOUSEHOLD_1_459_CA_3_validation,2016-04-04,21,16.445017
HOUSEHOLD_1_459_CA_3_validation,2016-04-05,23,16.152771
HOUSEHOLD_1_459_CA_3_validation,2016-04-06,18,15.673136
HOUSEHOLD_1_459_CA_3_validation,2016-04-07,36,14.6678095
HOUSEHOLD_1_459_CA_3_validation,2016-04-08,40,17.767532
HOUSEHOLD_1_459_CA_3_validation,2016-04-09,34,19.898886
HOUSEHOLD_1_459_CA_3_validation,2016-04-10,30,22.079615
HOUSEHOLD_1_459_CA_3_validation,2016-04-11,16,17.5682
HOUSEHOLD_1_459_CA_3_validation,2016-04-12,21,15.894634
HOUSEHOLD_1_459_CA_3_validation,2016-04-13,9,17.276896
HOUSEHOLD_1_459_CA_3_validation,2016-04-14,34,17.130154
HOUSEHOLD_1_459_CA_3_validation,2016-04-15,35,17.319607
HOUSEHOLD_1_459_CA_3_validation,2016-04-16,29,22.13816
HOUSEHOLD_1_459_CA_3_validation,2016-04-17,42,22.07778
HOUSEHOLD_1_459_CA_3_validation,2016-04-18,37,18.74948
HOUSEHOLD_1_459_CA_3_validation,2016-04-19,27,18.595644
HOUSEHOLD_1_459_CA_3_validation,2016-04-20,21,17.501528
HOUSEHOLD_1_459_CA_3_validation,2016-04-21,7,18.343573
HOUSEHOLD_1_459_CA_3_validation,2016-04-22,33,16.945288
HOUSEHOLD_1_459_CA_3_validation,2016-04-23,32,23.93097
HOUSEHOLD_1_459_CA_3_validation,2016-04-24,35,25.06338
